7fdb9c6ef7ab32962bf255c8ef6228e5		2026-07-01 03:29:05.760794	KhRG
790fd6e99af8ff98158324364b97e507		2026-07-01 05:25:22.208712	KhRG
08483d52ab4c3eab9b1dcee27a793d38		2026-07-01 10:01:45.610913	KhRG
08483d52ab4c3eab9b1dcee27a793d38		2026-07-01 10:01:52.867176	KhRG
08483d52ab4c3eab9b1dcee27a793d38		2026-07-01 10:02:13.166707	KhRG
08483d52ab4c3eab9b1dcee27a793d38		2026-07-01 10:02:30.259288	KhRG
08483d52ab4c3eab9b1dcee27a793d38		2026-07-01 10:02:54.244763	KhRG
08483d52ab4c3eab9b1dcee27a793d38		2026-07-01 10:03:25.995708	KhRG
08483d52ab4c3eab9b1dcee27a793d38		2026-07-01 10:04:03.981362	KhRG
08483d52ab4c3eab9b1dcee27a793d38		2026-07-01 10:05:17.213719	KhRG
08483d52ab4c3eab9b1dcee27a793d38		2026-07-01 10:05:40.317502	KhRG
08483d52ab4c3eab9b1dcee27a793d38		2026-07-01 10:09:39.091951	KhRG
08483d52ab4c3eab9b1dcee27a793d38		2026-07-01 12:09:40.532054	KhRG
08483d52ab4c3eab9b1dcee27a793d38		2026-07-01 12:10:08.000675	KhRG
08483d52ab4c3eab9b1dcee27a793d38		2026-07-01 12:11:28.107802	KhRG
08483d52ab4c3eab9b1dcee27a793d38		2026-07-01 12:11:48.008385	KhRG
08483d52ab4c3eab9b1dcee27a793d38		2026-07-01 12:12:31.974923	KhRG
08483d52ab4c3eab9b1dcee27a793d38		2026-07-01 12:12:53.537485	KhRG
08483d52ab4c3eab9b1dcee27a793d38		2026-07-01 12:14:25.597466	KhRG
1836887b3ce8f20381fcae53a53b7f00		2026-07-04 13:23:33.227794	KhRG
1836887b3ce8f20381fcae53a53b7f00		2026-07-04 13:24:23.907261	KhRG
1836887b3ce8f20381fcae53a53b7f00		2026-07-04 13:25:16.437808	KhRG
1836887b3ce8f20381fcae53a53b7f00		2026-07-04 13:25:22.680193	KhRG
1836887b3ce8f20381fcae53a53b7f00		2026-07-04 13:25:27.976522	KhRG
1836887b3ce8f20381fcae53a53b7f00		2026-07-04 13:29:19.831953	KhRG
1836887b3ce8f20381fcae53a53b7f00		2026-07-04 13:29:33.674541	KhRG
1836887b3ce8f20381fcae53a53b7f00		2026-07-04 13:30:06.543887	KhRG
1836887b3ce8f20381fcae53a53b7f00		2026-07-04 13:31:39.439953	KhRG
1836887b3ce8f20381fcae53a53b7f00		2026-07-04 13:31:47.750999	KhRG
1836887b3ce8f20381fcae53a53b7f00		2026-07-04 13:32:03.615490	KhRG
1836887b3ce8f20381fcae53a53b7f00		2026-07-04 13:33:25.716676	KhRG
1836887b3ce8f20381fcae53a53b7f00		2026-07-04 13:33:45.006328	KhRG
1836887b3ce8f20381fcae53a53b7f00		2026-07-04 13:34:48.539860	KhRG
1836887b3ce8f20381fcae53a53b7f00		2026-07-04 13:35:55.436447	KhRG
1836887b3ce8f20381fcae53a53b7f00		2026-07-04 13:37:34.389229	KhRG
1836887b3ce8f20381fcae53a53b7f00		2026-07-04 13:37:54.862614	KhRG
1836887b3ce8f20381fcae53a53b7f00		2026-07-04 13:41:32.215524	KhRG
1836887b3ce8f20381fcae53a53b7f00		2026-07-04 13:41:53.865107	KhRG
c48ada6e208b953956e05d3a719f1dd4		2026-07-01 05:26:03.058732	KhRG
c48ada6e208b953956e05d3a719f1dd4		2026-07-01 05:26:23.219196	KhRG
790fd6e99af8ff98158324364b97e507		2026-07-01 05:28:55.205429	KhRG
790fd6e99af8ff98158324364b97e507		2026-07-01 05:30:47.961202	KhRG
c48ada6e208b953956e05d3a719f1dd4		2026-07-01 05:31:14.718247	KhRG
c48ada6e208b953956e05d3a719f1dd4		2026-07-01 05:31:30.411461	KhRG
c48ada6e208b953956e05d3a719f1dd4		2026-07-01 05:31:52.989015	KhRG
790fd6e99af8ff98158324364b97e507		2026-07-01 05:31:55.575067	KhRG
c48ada6e208b953956e05d3a719f1dd4		2026-07-01 05:32:43.596643	KhRG
c48ada6e208b953956e05d3a719f1dd4		2026-07-01 05:35:55.696674	KhRG
c48ada6e208b953956e05d3a719f1dd4		2026-07-01 05:36:43.579927	KhRG
9a567c68a8de380a1070510117bf1102		2026-07-01 05:44:05.121471	KhRG
d33d5bbc1e01ccd276c5442af3300152		2026-07-01 05:48:45.501652	KhRG
c48ada6e208b953956e05d3a719f1dd4		2026-07-01 06:31:12.029367	KhRG
c48ada6e208b953956e05d3a719f1dd4		2026-07-01 06:45:39.278692	KhRG
c48ada6e208b953956e05d3a719f1dd4		2026-07-01 06:48:08.729073	KhRG
e12f75635bd262dad1059e9bb1881fdf		2026-07-01 07:00:36.114601	KhRG
e12f75635bd262dad1059e9bb1881fdf		2026-07-01 07:02:45.743486	KhRG
e12f75635bd262dad1059e9bb1881fdf		2026-07-01 07:05:32.786774	KhRG
e12f75635bd262dad1059e9bb1881fdf		2026-07-01 07:07:17.785741	KhRG
e12f75635bd262dad1059e9bb1881fdf		2026-07-01 07:09:10.457713	KhRG
e12f75635bd262dad1059e9bb1881fdf		2026-07-01 07:11:57.374185	KhRG
ac77a81548ac57d675c2569d72bc9593		2026-07-01 07:24:05.172472	KhRG
2b4c6bb1d8eb0e145f5850f6eb98f989		2026-07-01 08:03:09.897219	KhRG
2b4c6bb1d8eb0e145f5850f6eb98f989		2026-07-01 08:08:53.997418	KhRG
c48ada6e208b953956e05d3a719f1dd4		2026-07-01 08:12:52.095436	KhRG
c48ada6e208b953956e05d3a719f1dd4		2026-07-01 08:13:33.070710	KhRG
c48ada6e208b953956e05d3a719f1dd4		2026-07-01 08:14:11.461147	KhRG
c48ada6e208b953956e05d3a719f1dd4		2026-07-01 08:23:29.386436	KhRG
c48ada6e208b953956e05d3a719f1dd4		2026-07-01 08:24:56.135336	KhRG
c48ada6e208b953956e05d3a719f1dd4		2026-07-01 08:26:39.059658	KhRG
c48ada6e208b953956e05d3a719f1dd4		2026-07-01 08:30:16.468541	KhRG
c48ada6e208b953956e05d3a719f1dd4		2026-07-01 08:38:36.700609	KhRG
c48ada6e208b953956e05d3a719f1dd4		2026-07-01 08:43:14.820695	KhRG
c48ada6e208b953956e05d3a719f1dd4		2026-07-01 08:47:51.413344	KhRG
c48ada6e208b953956e05d3a719f1dd4		2026-07-01 08:51:00.523792	KhRG
08483d52ab4c3eab9b1dcee27a793d38		2026-07-01 09:40:17.926519	KhRG
08483d52ab4c3eab9b1dcee27a793d38		2026-07-01 09:41:50.048848	KhRG
08483d52ab4c3eab9b1dcee27a793d38		2026-07-01 09:42:34.100944	KhRG
08483d52ab4c3eab9b1dcee27a793d38		2026-07-01 09:42:45.930463	KhRG
08483d52ab4c3eab9b1dcee27a793d38		2026-07-01 09:44:47.007189	KhRG
08483d52ab4c3eab9b1dcee27a793d38		2026-07-01 09:45:04.519756	KhRG
08483d52ab4c3eab9b1dcee27a793d38		2026-07-01 09:45:15.298844	KhRG
08483d52ab4c3eab9b1dcee27a793d38		2026-07-01 09:57:18.391872	KhRG
08483d52ab4c3eab9b1dcee27a793d38		2026-07-01 09:59:38.134426	KhRG
08483d52ab4c3eab9b1dcee27a793d38		2026-07-01 10:00:08.577078	KhRG
33ae8890b2aa28be4e76c8fd7242e4ac		2026-07-01 10:45:08.991652	KhRG
33ae8890b2aa28be4e76c8fd7242e4ac		2026-07-01 10:46:30.895323	KhRG
33ae8890b2aa28be4e76c8fd7242e4ac		2026-07-01 10:46:57.924931	KhRG
33ae8890b2aa28be4e76c8fd7242e4ac		2026-07-01 10:49:19.655188	KhRG
33ae8890b2aa28be4e76c8fd7242e4ac		2026-07-01 10:49:52.593861	KhRG
33ae8890b2aa28be4e76c8fd7242e4ac		2026-07-01 10:52:12.620749	KhRG
33ae8890b2aa28be4e76c8fd7242e4ac		2026-07-01 10:53:27.821188	KhRG
33ae8890b2aa28be4e76c8fd7242e4ac		2026-07-01 10:54:15.412817	KhRG
33ae8890b2aa28be4e76c8fd7242e4ac		2026-07-01 10:54:29.834454	KhRG
bbd717bce069b1027bc055e2134fb6d3		2026-07-01 10:54:38.892241	KhRG
33ae8890b2aa28be4e76c8fd7242e4ac		2026-07-01 10:55:16.540798	KhRG
bbd717bce069b1027bc055e2134fb6d3		2026-07-01 10:55:21.556194	KhRG
33ae8890b2aa28be4e76c8fd7242e4ac		2026-07-01 10:55:24.176535	KhRG
df2e95a95de6e6d150f871a72a7cdff0		2026-07-01 10:55:58.209854	KhRG
df2e95a95de6e6d150f871a72a7cdff0		2026-07-01 10:56:24.993364	KhRG
33ae8890b2aa28be4e76c8fd7242e4ac		2026-07-01 10:56:31.578813	KhRG
33ae8890b2aa28be4e76c8fd7242e4ac		2026-07-01 10:56:52.864348	KhRG
33ae8890b2aa28be4e76c8fd7242e4ac		2026-07-01 10:58:12.067127	KhRG
1836887b3ce8f20381fcae53a53b7f00		2026-07-04 13:42:32.662309	KhRG
33ae8890b2aa28be4e76c8fd7242e4ac		2026-07-01 10:58:58.364969	KhRG
bbd717bce069b1027bc055e2134fb6d3		2026-07-01 10:59:33.171845	KhRG
bbd717bce069b1027bc055e2134fb6d3		2026-07-01 11:00:07.215088	KhRG
33ae8890b2aa28be4e76c8fd7242e4ac		2026-07-01 11:00:30.316893	KhRG
bbd717bce069b1027bc055e2134fb6d3		2026-07-01 11:00:40.252475	KhRG
df2e95a95de6e6d150f871a72a7cdff0		2026-07-01 11:01:45.835670	KhRG
bbd717bce069b1027bc055e2134fb6d3		2026-07-01 11:01:50.987863	KhRG
bbd717bce069b1027bc055e2134fb6d3		2026-07-01 11:02:59.973727	KhRG
bbd717bce069b1027bc055e2134fb6d3		2026-07-01 11:05:17.469088	KhRG
33ae8890b2aa28be4e76c8fd7242e4ac		2026-07-01 11:06:03.052354	KhRG
33ae8890b2aa28be4e76c8fd7242e4ac		2026-07-01 11:07:19.242934	KhRG
bbd717bce069b1027bc055e2134fb6d3		2026-07-01 11:07:32.842792	KhRG
bbd717bce069b1027bc055e2134fb6d3		2026-07-01 11:07:40.757827	KhRG
bbd717bce069b1027bc055e2134fb6d3		2026-07-01 11:08:20.742260	KhRG
33ae8890b2aa28be4e76c8fd7242e4ac		2026-07-01 11:08:52.651149	KhRG
bbd717bce069b1027bc055e2134fb6d3		2026-07-01 11:09:24.278218	KhRG
33ae8890b2aa28be4e76c8fd7242e4ac		2026-07-01 11:09:41.669068	KhRG
bbd717bce069b1027bc055e2134fb6d3		2026-07-01 11:09:43.681620	KhRG
bbd717bce069b1027bc055e2134fb6d3		2026-07-01 11:11:12.021516	KhRG
33ae8890b2aa28be4e76c8fd7242e4ac		2026-07-01 11:11:28.034016	KhRG
bbd717bce069b1027bc055e2134fb6d3		2026-07-01 11:11:31.974173	KhRG
bbd717bce069b1027bc055e2134fb6d3		2026-07-01 11:11:44.301866	KhRG
bbd717bce069b1027bc055e2134fb6d3		2026-07-01 11:12:02.827867	KhRG
bbd717bce069b1027bc055e2134fb6d3		2026-07-01 11:12:17.213404	KhRG
33ae8890b2aa28be4e76c8fd7242e4ac		2026-07-01 11:12:52.063614	KhRG
e12f75635bd262dad1059e9bb1881fdf		2026-07-01 12:28:42.965948	KhRG
33ae8890b2aa28be4e76c8fd7242e4ac		2026-07-01 11:14:24.928871	KhRG
bbd717bce069b1027bc055e2134fb6d3		2026-07-01 11:19:39.978024	KhRG
bbd717bce069b1027bc055e2134fb6d3		2026-07-01 11:20:11.025461	KhRG
bbd717bce069b1027bc055e2134fb6d3		2026-07-01 11:22:43.068528	KhRG
bbd717bce069b1027bc055e2134fb6d3		2026-07-01 11:23:06.550551	KhRG
bbd717bce069b1027bc055e2134fb6d3		2026-07-01 11:23:20.100838	KhRG
33ae8890b2aa28be4e76c8fd7242e4ac		2026-07-01 11:24:12.441523	KhRG
33ae8890b2aa28be4e76c8fd7242e4ac		2026-07-01 11:27:41.113317	KhRG
bbd717bce069b1027bc055e2134fb6d3		2026-07-01 11:29:13.024926	KhRG
bbd717bce069b1027bc055e2134fb6d3		2026-07-01 11:31:36.660105	KhRG
33ae8890b2aa28be4e76c8fd7242e4ac		2026-07-01 11:33:51.394130	KhRG
bbd717bce069b1027bc055e2134fb6d3		2026-07-01 11:35:16.602206	KhRG
33ae8890b2aa28be4e76c8fd7242e4ac		2026-07-01 11:35:56.824343	KhRG
33ae8890b2aa28be4e76c8fd7242e4ac		2026-07-01 11:37:06.354052	KhRG
33ae8890b2aa28be4e76c8fd7242e4ac		2026-07-01 11:38:22.493803	KhRG
33ae8890b2aa28be4e76c8fd7242e4ac		2026-07-01 11:39:15.916669	KhRG
33ae8890b2aa28be4e76c8fd7242e4ac		2026-07-01 11:40:19.126391	KhRG
6a5509f1e24c15da9daf8d458e3c954b		2026-07-01 11:44:25.588381	KhRG
ed0a0fec589664862c75c49979adf63d		2026-07-01 11:51:20.980137	KhRG
08483d52ab4c3eab9b1dcee27a793d38		2026-07-01 11:54:39.590400	KhRG
08483d52ab4c3eab9b1dcee27a793d38		2026-07-01 11:59:52.100134	KhRG
08483d52ab4c3eab9b1dcee27a793d38		2026-07-01 12:00:27.955137	KhRG
08483d52ab4c3eab9b1dcee27a793d38		2026-07-01 12:02:53.312422	KhRG
08483d52ab4c3eab9b1dcee27a793d38		2026-07-01 12:09:03.314997	KhRG
08483d52ab4c3eab9b1dcee27a793d38		2026-07-01 12:09:17.633114	KhRG
e12f75635bd262dad1059e9bb1881fdf		2026-07-01 12:30:23.332224	KhRG
e12f75635bd262dad1059e9bb1881fdf		2026-07-01 12:32:47.911458	KhRG
ed0a0fec589664862c75c49979adf63d		2026-07-01 13:47:16.529499	KhRG
ed0a0fec589664862c75c49979adf63d		2026-07-01 13:47:31.033981	KhRG
0132c74a30b8b30891549b1f07fbac5e		2026-07-01 14:14:13.048011	KhRG
0132c74a30b8b30891549b1f07fbac5e		2026-07-01 14:25:47.165497	KhRG
0132c74a30b8b30891549b1f07fbac5e		2026-07-01 14:31:06.971748	KhRG
0132c74a30b8b30891549b1f07fbac5e		2026-07-01 14:31:56.683781	KhRG
0132c74a30b8b30891549b1f07fbac5e		2026-07-01 14:33:13.688485	KhRG
0132c74a30b8b30891549b1f07fbac5e		2026-07-01 15:04:32.579555	KhRG
0132c74a30b8b30891549b1f07fbac5e		2026-07-01 15:17:03.641581	KhRG
9a567c68a8de380a1070510117bf1102		2026-07-01 15:27:44.968365	KhRG
9a567c68a8de380a1070510117bf1102		2026-07-01 15:29:09.220704	KhRG
9a567c68a8de380a1070510117bf1102		2026-07-01 15:29:43.602210	KhRG
9a567c68a8de380a1070510117bf1102		2026-07-01 15:33:22.877955	KhRG
9a567c68a8de380a1070510117bf1102		2026-07-01 15:33:38.701866	KhRG
9a567c68a8de380a1070510117bf1102		2026-07-01 15:34:25.178403	KhRG
9a567c68a8de380a1070510117bf1102		2026-07-01 15:35:18.892614	KhRG
9a567c68a8de380a1070510117bf1102		2026-07-01 15:35:59.859994	KhRG
9a567c68a8de380a1070510117bf1102		2026-07-01 15:37:26.569224	KhRG
9a567c68a8de380a1070510117bf1102		2026-07-01 15:38:53.944285	KhRG
9a567c68a8de380a1070510117bf1102		2026-07-01 15:39:34.755178	KhRG
9a567c68a8de380a1070510117bf1102		2026-07-01 15:39:59.977068	KhRG
9a567c68a8de380a1070510117bf1102		2026-07-01 15:43:01.282594	KhRG
9a567c68a8de380a1070510117bf1102		2026-07-01 15:43:20.659997	KhRG
9a567c68a8de380a1070510117bf1102		2026-07-01 15:43:29.077604	KhRG
9a567c68a8de380a1070510117bf1102		2026-07-01 15:44:38.241256	KhRG
9a567c68a8de380a1070510117bf1102		2026-07-01 15:45:02.470391	KhRG
9a567c68a8de380a1070510117bf1102		2026-07-01 15:45:29.462626	KhRG
9a567c68a8de380a1070510117bf1102		2026-07-01 15:47:15.101945	KhRG
9a567c68a8de380a1070510117bf1102		2026-07-01 15:49:22.098214	KhRG
9a567c68a8de380a1070510117bf1102		2026-07-01 15:49:42.630734	KhRG
25738616b4fa27b5a880479ab8d053bb		2026-07-01 16:45:28.967621	KhRG
25738616b4fa27b5a880479ab8d053bb		2026-07-01 16:48:51.228972	KhRG
25738616b4fa27b5a880479ab8d053bb		2026-07-01 16:52:00.512447	KhRG
2b4c6bb1d8eb0e145f5850f6eb98f989		2026-07-01 16:53:46.681085	KhRG
25738616b4fa27b5a880479ab8d053bb		2026-07-01 16:54:04.903365	KhRG
25738616b4fa27b5a880479ab8d053bb		2026-07-01 16:54:41.257380	KhRG
25738616b4fa27b5a880479ab8d053bb		2026-07-01 16:56:29.693785	KhRG
25738616b4fa27b5a880479ab8d053bb		2026-07-01 16:58:14.395844	KhRG
25738616b4fa27b5a880479ab8d053bb		2026-07-01 17:00:17.598242	KhRG
f066f20f4f9e599efee97450117a5f6c		2026-07-02 05:38:23.998397	KhRG
1fe19d44644ceee3b8eb127945c95618		2026-07-01 17:40:46.343347	KhRG
1fe19d44644ceee3b8eb127945c95618		2026-07-01 17:41:33.158637	KhRG
1fe19d44644ceee3b8eb127945c95618		2026-07-01 17:41:53.728027	KhRG
1fe19d44644ceee3b8eb127945c95618		2026-07-01 17:42:09.043234	KhRG
1fe19d44644ceee3b8eb127945c95618		2026-07-01 17:45:38.776138	KhRG
625c735c10d61b74cc20943d2a6cb3cc		2026-07-01 19:05:49.385114	KhRG
625c735c10d61b74cc20943d2a6cb3cc		2026-07-01 19:06:14.792653	KhRG
625c735c10d61b74cc20943d2a6cb3cc		2026-07-01 19:06:39.528845	KhRG
625c735c10d61b74cc20943d2a6cb3cc		2026-07-01 19:07:17.773623	KhRG
625c735c10d61b74cc20943d2a6cb3cc		2026-07-01 19:08:19.518628	KhRG
625c735c10d61b74cc20943d2a6cb3cc		2026-07-01 19:08:43.292486	KhRG
625c735c10d61b74cc20943d2a6cb3cc		2026-07-01 19:08:59.222817	KhRG
625c735c10d61b74cc20943d2a6cb3cc		2026-07-01 19:09:44.450339	KhRG
625c735c10d61b74cc20943d2a6cb3cc		2026-07-01 19:09:56.473505	KhRG
4a4089d6bad071cc3ab3664ef20a5ece		2026-07-01 19:13:54.717143	KhRG
4a4089d6bad071cc3ab3664ef20a5ece		2026-07-01 19:14:46.549122	KhRG
4a4089d6bad071cc3ab3664ef20a5ece		2026-07-01 19:18:14.629643	KhRG
9d80f0b22a129420db8bc6084a5275ba		2026-07-02 05:43:53.991501	KhRG
33ae8890b2aa28be4e76c8fd7242e4ac		2026-07-01 19:49:42.618167	KhRG
33ae8890b2aa28be4e76c8fd7242e4ac		2026-07-01 19:50:37.463159	KhRG
33ae8890b2aa28be4e76c8fd7242e4ac		2026-07-01 19:51:35.600331	KhRG
33ae8890b2aa28be4e76c8fd7242e4ac		2026-07-01 19:51:51.848660	KhRG
4a4089d6bad071cc3ab3664ef20a5ece		2026-07-01 20:06:02.784891	KhRG
4a4089d6bad071cc3ab3664ef20a5ece		2026-07-01 20:07:04.244045	KhRG
4a4089d6bad071cc3ab3664ef20a5ece		2026-07-01 20:07:59.417960	KhRG
4a4089d6bad071cc3ab3664ef20a5ece		2026-07-01 20:15:39.355164	KhRG
4a4089d6bad071cc3ab3664ef20a5ece		2026-07-01 20:35:25.494225	KhRG
4a4089d6bad071cc3ab3664ef20a5ece		2026-07-01 20:36:24.607846	KhRG
4a4089d6bad071cc3ab3664ef20a5ece		2026-07-01 20:37:34.167839	KhRG
4a4089d6bad071cc3ab3664ef20a5ece		2026-07-01 20:40:05.799374	KhRG
4a4089d6bad071cc3ab3664ef20a5ece		2026-07-01 20:42:13.491423	KhRG
25738616b4fa27b5a880479ab8d053bb		2026-07-01 20:49:36.122895	KhRG
25738616b4fa27b5a880479ab8d053bb		2026-07-01 20:53:06.468453	KhRG
25738616b4fa27b5a880479ab8d053bb		2026-07-01 20:56:21.193335	KhRG
25738616b4fa27b5a880479ab8d053bb		2026-07-01 20:56:48.335682	KhRG
25738616b4fa27b5a880479ab8d053bb		2026-07-01 20:58:17.643652	KhRG
f066f20f4f9e599efee97450117a5f6c		2026-07-02 02:26:45.237484	KhRG
f066f20f4f9e599efee97450117a5f6c		2026-07-02 02:28:33.235582	KhRG
f066f20f4f9e599efee97450117a5f6c		2026-07-02 02:30:21.557820	KhRG
f066f20f4f9e599efee97450117a5f6c		2026-07-02 02:30:32.224772	KhRG
f066f20f4f9e599efee97450117a5f6c		2026-07-02 02:54:27.227173	KhRG
f066f20f4f9e599efee97450117a5f6c		2026-07-02 02:55:39.359618	KhRG
0132c74a30b8b30891549b1f07fbac5e		2026-07-02 04:00:09.993195	KhRG
f066f20f4f9e599efee97450117a5f6c		2026-07-02 04:25:04.017832	KhRG
f066f20f4f9e599efee97450117a5f6c		2026-07-02 04:30:16.566293	KhRG
f066f20f4f9e599efee97450117a5f6c		2026-07-02 04:31:03.222297	KhRG
f066f20f4f9e599efee97450117a5f6c		2026-07-02 04:37:32.257202	KhRG
f066f20f4f9e599efee97450117a5f6c		2026-07-02 04:43:24.863016	KhRG
f066f20f4f9e599efee97450117a5f6c		2026-07-02 04:46:17.803472	KhRG
f066f20f4f9e599efee97450117a5f6c		2026-07-02 04:48:13.573186	KhRG
f066f20f4f9e599efee97450117a5f6c		2026-07-02 04:50:54.754347	KhRG
f066f20f4f9e599efee97450117a5f6c		2026-07-02 04:55:41.653109	KhRG
f066f20f4f9e599efee97450117a5f6c		2026-07-02 05:00:58.581039	KhRG
f066f20f4f9e599efee97450117a5f6c		2026-07-02 05:05:28.185464	KhRG
f066f20f4f9e599efee97450117a5f6c		2026-07-02 05:06:28.268534	KhRG
f066f20f4f9e599efee97450117a5f6c		2026-07-02 05:07:18.156712	KhRG
f066f20f4f9e599efee97450117a5f6c		2026-07-02 05:07:53.391666	KhRG
f066f20f4f9e599efee97450117a5f6c		2026-07-02 05:11:48.929216	KhRG
f066f20f4f9e599efee97450117a5f6c		2026-07-02 05:18:36.796882	KhRG
f066f20f4f9e599efee97450117a5f6c		2026-07-02 05:19:44.412215	KhRG
f066f20f4f9e599efee97450117a5f6c		2026-07-02 05:20:21.991005	KhRG
f066f20f4f9e599efee97450117a5f6c		2026-07-02 05:21:07.039118	KhRG
f066f20f4f9e599efee97450117a5f6c		2026-07-02 05:24:31.144342	KhRG
f066f20f4f9e599efee97450117a5f6c		2026-07-02 05:25:25.488241	KhRG
f066f20f4f9e599efee97450117a5f6c		2026-07-02 05:25:37.716125	KhRG
f066f20f4f9e599efee97450117a5f6c		2026-07-02 05:25:54.138462	KhRG
f066f20f4f9e599efee97450117a5f6c		2026-07-02 05:27:17.883546	KhRG
f066f20f4f9e599efee97450117a5f6c		2026-07-02 05:29:03.000088	KhRG
f066f20f4f9e599efee97450117a5f6c		2026-07-02 05:29:45.728816	KhRG
f066f20f4f9e599efee97450117a5f6c		2026-07-02 05:32:44.966934	KhRG
f066f20f4f9e599efee97450117a5f6c		2026-07-02 05:32:57.192208	KhRG
ac77a81548ac57d675c2569d72bc9593		2026-07-02 06:43:48.217522	KhRG
7a0c8900d3734f5029e1abc5ae63fee9		2026-07-02 08:09:05.073040	KhRG
ac77a81548ac57d675c2569d72bc9593		2026-07-02 08:56:52.491035	KhRG
6f29bd2f58e41d4a19efba16768f50fb		2026-07-02 11:22:41.612871	KhRG
6f29bd2f58e41d4a19efba16768f50fb		2026-07-02 11:22:59.104338	KhRG
6f29bd2f58e41d4a19efba16768f50fb		2026-07-02 11:24:30.021448	KhRG
6f29bd2f58e41d4a19efba16768f50fb		2026-07-02 11:25:50.564275	KhRG
6f29bd2f58e41d4a19efba16768f50fb		2026-07-02 11:26:10.181498	KhRG
6f29bd2f58e41d4a19efba16768f50fb		2026-07-02 11:27:07.491370	KhRG
6f29bd2f58e41d4a19efba16768f50fb		2026-07-02 11:27:38.411112	KhRG
6f29bd2f58e41d4a19efba16768f50fb		2026-07-02 11:40:38.975954	KhRG
6f29bd2f58e41d4a19efba16768f50fb		2026-07-02 11:41:37.789453	KhRG
6f29bd2f58e41d4a19efba16768f50fb		2026-07-02 11:42:20.136600	KhRG
6f29bd2f58e41d4a19efba16768f50fb		2026-07-02 11:42:20.149643	KhRG
6f29bd2f58e41d4a19efba16768f50fb		2026-07-02 11:44:09.366975	KhRG
6f29bd2f58e41d4a19efba16768f50fb		2026-07-02 11:53:55.671923	KhRG
6f29bd2f58e41d4a19efba16768f50fb		2026-07-02 12:04:02.682319	KhRG
ed0a0fec589664862c75c49979adf63d		2026-07-02 12:17:21.168432	KhRG
ed0a0fec589664862c75c49979adf63d		2026-07-02 13:22:30.756763	KhRG
ed0a0fec589664862c75c49979adf63d		2026-07-02 14:08:12.960352	KhRG
ed0a0fec589664862c75c49979adf63d		2026-07-02 15:01:36.954493	KhRG
9a567c68a8de380a1070510117bf1102		2026-07-02 16:03:15.185146	KhRG
ed0a0fec589664862c75c49979adf63d		2026-07-02 16:03:36.974963	KhRG
55e2dac6fc96180fdda350594aa1b896		2026-07-02 16:12:56.236485	KhRG
55e2dac6fc96180fdda350594aa1b896		2026-07-02 16:14:18.761762	KhRG
55e2dac6fc96180fdda350594aa1b896		2026-07-02 16:24:39.230392	KhRG
55e2dac6fc96180fdda350594aa1b896		2026-07-02 16:25:02.791774	KhRG
55e2dac6fc96180fdda350594aa1b896		2026-07-02 16:26:28.488541	KhRG
55e2dac6fc96180fdda350594aa1b896		2026-07-02 16:26:46.611092	KhRG
55e2dac6fc96180fdda350594aa1b896		2026-07-02 16:49:28.820840	KhRG
55e2dac6fc96180fdda350594aa1b896		2026-07-02 16:50:11.043325	KhRG
55e2dac6fc96180fdda350594aa1b896		2026-07-02 16:51:45.778801	KhRG
55e2dac6fc96180fdda350594aa1b896		2026-07-02 16:52:07.020930	KhRG
55e2dac6fc96180fdda350594aa1b896		2026-07-02 16:52:20.655137	KhRG
55e2dac6fc96180fdda350594aa1b896		2026-07-02 16:52:38.131041	KhRG
55e2dac6fc96180fdda350594aa1b896		2026-07-02 17:02:24.731553	KhRG
55e2dac6fc96180fdda350594aa1b896		2026-07-02 17:04:10.061328	KhRG
1836887b3ce8f20381fcae53a53b7f00		2026-07-02 17:07:41.676932	KhRG
55e2dac6fc96180fdda350594aa1b896		2026-07-02 17:10:35.771820	KhRG
55e2dac6fc96180fdda350594aa1b896		2026-07-02 17:12:05.714953	KhRG
1836887b3ce8f20381fcae53a53b7f00		2026-07-02 17:12:28.229997	KhRG
1836887b3ce8f20381fcae53a53b7f00		2026-07-02 17:12:50.202212	KhRG
1836887b3ce8f20381fcae53a53b7f00		2026-07-02 17:13:04.649764	KhRG
55e2dac6fc96180fdda350594aa1b896		2026-07-02 17:13:11.134492	KhRG
1836887b3ce8f20381fcae53a53b7f00		2026-07-02 17:13:58.188916	KhRG
1836887b3ce8f20381fcae53a53b7f00		2026-07-02 17:14:12.713871	KhRG
1836887b3ce8f20381fcae53a53b7f00		2026-07-02 17:15:45.471270	KhRG
1836887b3ce8f20381fcae53a53b7f00		2026-07-02 17:17:16.486791	KhRG
55e2dac6fc96180fdda350594aa1b896		2026-07-02 17:17:47.878601	KhRG
1836887b3ce8f20381fcae53a53b7f00		2026-07-02 17:18:18.286443	KhRG
55e2dac6fc96180fdda350594aa1b896		2026-07-02 17:19:07.016092	KhRG
55e2dac6fc96180fdda350594aa1b896		2026-07-02 17:19:23.928870	KhRG
55e2dac6fc96180fdda350594aa1b896		2026-07-02 17:19:35.927446	KhRG
55e2dac6fc96180fdda350594aa1b896		2026-07-02 17:20:05.440016	KhRG
55e2dac6fc96180fdda350594aa1b896		2026-07-02 17:20:22.249806	KhRG
55e2dac6fc96180fdda350594aa1b896		2026-07-02 17:22:12.607113	KhRG
55e2dac6fc96180fdda350594aa1b896		2026-07-02 17:22:59.088399	KhRG
55e2dac6fc96180fdda350594aa1b896		2026-07-02 17:24:19.297470	KhRG
55e2dac6fc96180fdda350594aa1b896		2026-07-02 17:36:53.197806	KhRG
55e2dac6fc96180fdda350594aa1b896		2026-07-02 17:37:12.320775	KhRG
55e2dac6fc96180fdda350594aa1b896		2026-07-02 17:37:49.783836	KhRG
55e2dac6fc96180fdda350594aa1b896		2026-07-02 17:38:04.277102	KhRG
55e2dac6fc96180fdda350594aa1b896		2026-07-02 17:39:22.451196	KhRG
55e2dac6fc96180fdda350594aa1b896		2026-07-02 17:39:36.569232	KhRG
55e2dac6fc96180fdda350594aa1b896		2026-07-02 17:43:51.651784	KhRG
55e2dac6fc96180fdda350594aa1b896		2026-07-02 17:44:39.864631	KhRG
55e2dac6fc96180fdda350594aa1b896		2026-07-02 17:44:54.236206	KhRG
55e2dac6fc96180fdda350594aa1b896		2026-07-02 17:45:53.138077	KhRG
55e2dac6fc96180fdda350594aa1b896		2026-07-02 17:46:09.750937	KhRG
55e2dac6fc96180fdda350594aa1b896		2026-07-02 17:46:24.960776	KhRG
a3fa5971d7d8477d3e40d3bc5766e676		2026-07-02 17:51:54.796218	KhRG
55e2dac6fc96180fdda350594aa1b896		2026-07-02 17:56:01.551635	KhRG
55e2dac6fc96180fdda350594aa1b896		2026-07-02 18:03:49.771907	KhRG
55e2dac6fc96180fdda350594aa1b896		2026-07-02 18:05:01.836158	KhRG
55e2dac6fc96180fdda350594aa1b896		2026-07-02 18:05:38.964490	KhRG
55e2dac6fc96180fdda350594aa1b896		2026-07-02 18:12:26.472643	KhRG
55e2dac6fc96180fdda350594aa1b896		2026-07-02 18:13:40.332875	KhRG
55e2dac6fc96180fdda350594aa1b896		2026-07-02 18:28:05.818371	KhRG
55e2dac6fc96180fdda350594aa1b896		2026-07-02 18:28:29.151968	KhRG
55e2dac6fc96180fdda350594aa1b896		2026-07-02 18:30:03.375015	KhRG
55e2dac6fc96180fdda350594aa1b896		2026-07-02 18:31:19.466935	KhRG
55e2dac6fc96180fdda350594aa1b896		2026-07-02 18:31:58.849858	KhRG
55e2dac6fc96180fdda350594aa1b896		2026-07-02 18:34:51.359164	KhRG
6b29fbfc3224aa8f9b8407ef065c61c0		2026-07-03 12:20:56.348545	KhRG
55e2dac6fc96180fdda350594aa1b896		2026-07-02 18:35:44.263997	KhRG
55e2dac6fc96180fdda350594aa1b896		2026-07-02 18:36:17.827336	KhRG
55e2dac6fc96180fdda350594aa1b896		2026-07-02 18:39:30.594841	KhRG
55e2dac6fc96180fdda350594aa1b896		2026-07-02 18:42:55.687915	KhRG
55e2dac6fc96180fdda350594aa1b896		2026-07-02 18:57:56.322298	KhRG
ed0a0fec589664862c75c49979adf63d		2026-07-02 19:34:27.416856	KhRG
6b29fbfc3224aa8f9b8407ef065c61c0		2026-07-03 01:20:03.735370	KhRG
6b29fbfc3224aa8f9b8407ef065c61c0		2026-07-03 01:20:23.793303	KhRG
6b29fbfc3224aa8f9b8407ef065c61c0		2026-07-03 01:22:09.366342	KhRG
6b29fbfc3224aa8f9b8407ef065c61c0		2026-07-03 01:22:21.977337	KhRG
6b29fbfc3224aa8f9b8407ef065c61c0		2026-07-03 01:24:34.861929	KhRG
6b29fbfc3224aa8f9b8407ef065c61c0		2026-07-03 01:24:55.149646	KhRG
6b29fbfc3224aa8f9b8407ef065c61c0		2026-07-03 01:25:14.583635	KhRG
6b29fbfc3224aa8f9b8407ef065c61c0		2026-07-03 01:25:29.422847	KhRG
6b29fbfc3224aa8f9b8407ef065c61c0		2026-07-03 01:26:42.111138	KhRG
6b29fbfc3224aa8f9b8407ef065c61c0		2026-07-03 01:28:17.995309	KhRG
6b29fbfc3224aa8f9b8407ef065c61c0		2026-07-03 01:28:51.335609	KhRG
6b29fbfc3224aa8f9b8407ef065c61c0		2026-07-03 01:29:22.763756	KhRG
6b29fbfc3224aa8f9b8407ef065c61c0		2026-07-03 01:29:53.792009	KhRG
6b29fbfc3224aa8f9b8407ef065c61c0		2026-07-03 01:30:02.706356	KhRG
6b29fbfc3224aa8f9b8407ef065c61c0		2026-07-03 01:31:09.615943	KhRG
6b29fbfc3224aa8f9b8407ef065c61c0		2026-07-03 01:33:17.989600	KhRG
6b29fbfc3224aa8f9b8407ef065c61c0		2026-07-03 01:36:46.729755	KhRG
6b29fbfc3224aa8f9b8407ef065c61c0		2026-07-03 01:40:25.196110	KhRG
6b29fbfc3224aa8f9b8407ef065c61c0		2026-07-03 01:43:11.850179	KhRG
6b29fbfc3224aa8f9b8407ef065c61c0		2026-07-03 01:43:31.222922	KhRG
6b29fbfc3224aa8f9b8407ef065c61c0		2026-07-03 01:44:42.829741	KhRG
6b29fbfc3224aa8f9b8407ef065c61c0		2026-07-03 01:45:28.127678	KhRG
6b29fbfc3224aa8f9b8407ef065c61c0		2026-07-03 01:45:49.514523	KhRG
6b29fbfc3224aa8f9b8407ef065c61c0		2026-07-03 01:46:45.735856	KhRG
6b29fbfc3224aa8f9b8407ef065c61c0		2026-07-03 01:47:00.374419	KhRG
6b29fbfc3224aa8f9b8407ef065c61c0		2026-07-03 01:47:17.748653	KhRG
6b29fbfc3224aa8f9b8407ef065c61c0		2026-07-03 01:47:29.817661	KhRG
6b29fbfc3224aa8f9b8407ef065c61c0		2026-07-03 01:50:41.477889	KhRG
6b29fbfc3224aa8f9b8407ef065c61c0		2026-07-03 01:51:10.468848	KhRG
6b29fbfc3224aa8f9b8407ef065c61c0		2026-07-03 01:51:24.031430	KhRG
6b29fbfc3224aa8f9b8407ef065c61c0		2026-07-03 01:51:48.589144	KhRG
6b29fbfc3224aa8f9b8407ef065c61c0		2026-07-03 01:54:38.878272	KhRG
6b29fbfc3224aa8f9b8407ef065c61c0		2026-07-03 02:03:24.502444	KhRG
6b29fbfc3224aa8f9b8407ef065c61c0		2026-07-03 02:03:53.639682	KhRG
6b29fbfc3224aa8f9b8407ef065c61c0		2026-07-03 02:04:00.551445	KhRG
6b29fbfc3224aa8f9b8407ef065c61c0		2026-07-03 02:04:18.790760	KhRG
6b29fbfc3224aa8f9b8407ef065c61c0		2026-07-03 02:04:58.828256	KhRG
6b29fbfc3224aa8f9b8407ef065c61c0		2026-07-03 02:05:16.978341	KhRG
6b29fbfc3224aa8f9b8407ef065c61c0		2026-07-03 02:06:45.833090	KhRG
6b29fbfc3224aa8f9b8407ef065c61c0		2026-07-03 02:07:26.844914	KhRG
6b29fbfc3224aa8f9b8407ef065c61c0		2026-07-03 02:09:01.380426	KhRG
6b29fbfc3224aa8f9b8407ef065c61c0		2026-07-03 02:09:29.959702	KhRG
6b29fbfc3224aa8f9b8407ef065c61c0		2026-07-03 02:09:45.301894	KhRG
6b29fbfc3224aa8f9b8407ef065c61c0		2026-07-03 02:10:12.183223	KhRG
6b29fbfc3224aa8f9b8407ef065c61c0		2026-07-03 02:10:26.534821	KhRG
6b29fbfc3224aa8f9b8407ef065c61c0		2026-07-03 02:10:43.344087	KhRG
6b29fbfc3224aa8f9b8407ef065c61c0		2026-07-03 02:11:04.461500	KhRG
6b29fbfc3224aa8f9b8407ef065c61c0		2026-07-03 02:11:16.588119	KhRG
6b29fbfc3224aa8f9b8407ef065c61c0		2026-07-03 02:11:31.905488	KhRG
6b29fbfc3224aa8f9b8407ef065c61c0		2026-07-03 02:12:04.846312	KhRG
6b29fbfc3224aa8f9b8407ef065c61c0		2026-07-03 02:13:43.122207	KhRG
6b29fbfc3224aa8f9b8407ef065c61c0		2026-07-03 02:13:55.003664	KhRG
6b29fbfc3224aa8f9b8407ef065c61c0		2026-07-03 02:18:31.346457	KhRG
6b29fbfc3224aa8f9b8407ef065c61c0		2026-07-03 02:19:53.563295	KhRG
6b29fbfc3224aa8f9b8407ef065c61c0		2026-07-03 02:20:14.752558	KhRG
6b29fbfc3224aa8f9b8407ef065c61c0		2026-07-03 02:20:35.644116	KhRG
6b29fbfc3224aa8f9b8407ef065c61c0		2026-07-03 02:21:00.262767	KhRG
6b29fbfc3224aa8f9b8407ef065c61c0		2026-07-03 02:23:37.301611	KhRG
6b29fbfc3224aa8f9b8407ef065c61c0		2026-07-03 02:24:16.606103	KhRG
6b29fbfc3224aa8f9b8407ef065c61c0		2026-07-03 02:25:32.474902	KhRG
6b29fbfc3224aa8f9b8407ef065c61c0		2026-07-03 02:25:48.237244	KhRG
6b29fbfc3224aa8f9b8407ef065c61c0		2026-07-03 02:26:11.859089	KhRG
6b29fbfc3224aa8f9b8407ef065c61c0		2026-07-03 02:26:40.960907	KhRG
6b29fbfc3224aa8f9b8407ef065c61c0		2026-07-03 02:26:51.623904	KhRG
6b29fbfc3224aa8f9b8407ef065c61c0		2026-07-03 02:28:20.200845	KhRG
6b29fbfc3224aa8f9b8407ef065c61c0		2026-07-03 02:29:41.772366	KhRG
6b29fbfc3224aa8f9b8407ef065c61c0		2026-07-03 02:29:55.688987	KhRG
6b29fbfc3224aa8f9b8407ef065c61c0		2026-07-03 02:30:07.276978	KhRG
6b29fbfc3224aa8f9b8407ef065c61c0		2026-07-03 02:30:58.263240	KhRG
89899f3204b25010b2509e4df7f2783d		2026-07-03 03:46:44.445968	KhRG
89899f3204b25010b2509e4df7f2783d		2026-07-03 03:47:07.267234	KhRG
89899f3204b25010b2509e4df7f2783d		2026-07-03 03:48:11.729554	KhRG
89899f3204b25010b2509e4df7f2783d		2026-07-03 03:49:21.076521	KhRG
89899f3204b25010b2509e4df7f2783d		2026-07-03 03:50:43.704921	KhRG
89899f3204b25010b2509e4df7f2783d		2026-07-03 03:53:48.754250	KhRG
89899f3204b25010b2509e4df7f2783d		2026-07-03 03:54:20.323909	KhRG
89899f3204b25010b2509e4df7f2783d		2026-07-03 03:55:02.417506	KhRG
89899f3204b25010b2509e4df7f2783d		2026-07-03 03:55:48.013881	KhRG
6b29fbfc3224aa8f9b8407ef065c61c0		2026-07-03 12:21:20.234490	KhRG
89899f3204b25010b2509e4df7f2783d		2026-07-03 03:56:09.546731	KhRG
89899f3204b25010b2509e4df7f2783d		2026-07-03 03:56:55.843794	KhRG
89899f3204b25010b2509e4df7f2783d		2026-07-03 03:57:38.388615	KhRG
89899f3204b25010b2509e4df7f2783d		2026-07-03 03:58:41.361635	KhRG
89899f3204b25010b2509e4df7f2783d		2026-07-03 03:59:24.068895	KhRG
89899f3204b25010b2509e4df7f2783d		2026-07-03 03:59:40.711915	KhRG
89899f3204b25010b2509e4df7f2783d		2026-07-03 06:35:39.848102	KhRG
89899f3204b25010b2509e4df7f2783d		2026-07-03 06:57:50.386874	KhRG
89899f3204b25010b2509e4df7f2783d		2026-07-03 06:58:29.839670	KhRG
89899f3204b25010b2509e4df7f2783d		2026-07-03 06:58:44.769630	KhRG
ed0a0fec589664862c75c49979adf63d		2026-07-03 08:50:44.360462	KhRG
a01633d7055910a7fbe469b97c6d5779		2026-07-03 10:19:53.428105	KhRG
a01633d7055910a7fbe469b97c6d5779		2026-07-03 10:21:44.706219	KhRG
a01633d7055910a7fbe469b97c6d5779		2026-07-03 10:28:15.207261	KhRG
a01633d7055910a7fbe469b97c6d5779		2026-07-03 10:32:17.067517	KhRG
a01633d7055910a7fbe469b97c6d5779		2026-07-03 10:33:40.106559	KhRG
a01633d7055910a7fbe469b97c6d5779		2026-07-03 10:35:58.684540	KhRG
a01633d7055910a7fbe469b97c6d5779		2026-07-03 10:38:43.301330	KhRG
a01633d7055910a7fbe469b97c6d5779		2026-07-03 10:39:18.415255	KhRG
a01633d7055910a7fbe469b97c6d5779		2026-07-03 12:14:58.533801	KhRG
a01633d7055910a7fbe469b97c6d5779		2026-07-03 12:22:42.194203	KhRG
6b29fbfc3224aa8f9b8407ef065c61c0		2026-07-03 12:23:33.186832	KhRG
6b29fbfc3224aa8f9b8407ef065c61c0		2026-07-03 12:23:50.472517	KhRG
6b29fbfc3224aa8f9b8407ef065c61c0		2026-07-03 12:26:10.385080	KhRG
6b29fbfc3224aa8f9b8407ef065c61c0		2026-07-03 12:27:03.034338	KhRG
6b29fbfc3224aa8f9b8407ef065c61c0		2026-07-03 12:27:27.612896	KhRG
6b29fbfc3224aa8f9b8407ef065c61c0		2026-07-03 12:28:13.251827	KhRG
6b29fbfc3224aa8f9b8407ef065c61c0		2026-07-03 12:29:06.023933	KhRG
6b29fbfc3224aa8f9b8407ef065c61c0		2026-07-03 12:30:08.891617	KhRG
6b29fbfc3224aa8f9b8407ef065c61c0		2026-07-03 12:30:26.930778	KhRG
6b29fbfc3224aa8f9b8407ef065c61c0		2026-07-03 12:32:01.340003	KhRG
6b29fbfc3224aa8f9b8407ef065c61c0		2026-07-03 12:32:17.995404	KhRG
6b29fbfc3224aa8f9b8407ef065c61c0		2026-07-03 12:32:41.850594	KhRG
6b29fbfc3224aa8f9b8407ef065c61c0		2026-07-03 12:32:58.796886	KhRG
6b29fbfc3224aa8f9b8407ef065c61c0		2026-07-03 12:33:09.497913	KhRG
6b29fbfc3224aa8f9b8407ef065c61c0		2026-07-03 12:33:21.316895	KhRG
6b29fbfc3224aa8f9b8407ef065c61c0		2026-07-03 12:33:31.749543	KhRG
6b29fbfc3224aa8f9b8407ef065c61c0		2026-07-03 12:33:42.972190	KhRG
6b29fbfc3224aa8f9b8407ef065c61c0		2026-07-03 12:35:41.806618	KhRG
6b29fbfc3224aa8f9b8407ef065c61c0		2026-07-03 12:37:07.820299	KhRG
6b29fbfc3224aa8f9b8407ef065c61c0		2026-07-03 12:37:59.522511	KhRG
6b29fbfc3224aa8f9b8407ef065c61c0		2026-07-03 12:38:37.730420	KhRG
6b29fbfc3224aa8f9b8407ef065c61c0		2026-07-03 12:38:50.954846	KhRG
6b29fbfc3224aa8f9b8407ef065c61c0		2026-07-03 12:39:10.825707	KhRG
6b29fbfc3224aa8f9b8407ef065c61c0		2026-07-03 12:39:45.354039	KhRG
6b29fbfc3224aa8f9b8407ef065c61c0		2026-07-03 12:39:57.779953	KhRG
6b29fbfc3224aa8f9b8407ef065c61c0		2026-07-03 12:40:26.646627	KhRG
6b29fbfc3224aa8f9b8407ef065c61c0		2026-07-03 12:44:05.632832	KhRG
6b29fbfc3224aa8f9b8407ef065c61c0		2026-07-03 12:44:19.419902	KhRG
6b29fbfc3224aa8f9b8407ef065c61c0		2026-07-03 12:45:14.445752	KhRG
6b29fbfc3224aa8f9b8407ef065c61c0		2026-07-03 12:45:19.718742	KhRG
6b29fbfc3224aa8f9b8407ef065c61c0		2026-07-03 12:45:33.141904	KhRG
6b29fbfc3224aa8f9b8407ef065c61c0		2026-07-03 12:46:20.376241	KhRG
6b29fbfc3224aa8f9b8407ef065c61c0		2026-07-03 12:46:31.058504	KhRG
6b29fbfc3224aa8f9b8407ef065c61c0		2026-07-03 12:47:01.721963	KhRG
1836887b3ce8f20381fcae53a53b7f00		2026-07-04 13:21:58.428411	KhRG
6b29fbfc3224aa8f9b8407ef065c61c0		2026-07-03 12:52:17.716189	KhRG
6b29fbfc3224aa8f9b8407ef065c61c0		2026-07-03 12:52:30.487530	KhRG
6b29fbfc3224aa8f9b8407ef065c61c0		2026-07-03 12:56:24.093282	KhRG
6b29fbfc3224aa8f9b8407ef065c61c0		2026-07-03 12:56:36.430510	KhRG
6b29fbfc3224aa8f9b8407ef065c61c0		2026-07-03 13:03:44.548401	KhRG
6b29fbfc3224aa8f9b8407ef065c61c0		2026-07-03 13:04:10.380878	KhRG
6b29fbfc3224aa8f9b8407ef065c61c0		2026-07-03 13:04:26.798447	KhRG
55e2dac6fc96180fdda350594aa1b896		2026-07-03 13:57:21.948500	KhRG
55e2dac6fc96180fdda350594aa1b896		2026-07-03 13:57:39.141048	KhRG
55e2dac6fc96180fdda350594aa1b896		2026-07-03 13:58:50.780433	KhRG
55e2dac6fc96180fdda350594aa1b896		2026-07-03 13:59:25.434893	KhRG
55e2dac6fc96180fdda350594aa1b896		2026-07-03 13:59:34.485195	KhRG
55e2dac6fc96180fdda350594aa1b896		2026-07-03 13:59:57.551751	KhRG
55e2dac6fc96180fdda350594aa1b896		2026-07-03 14:00:23.687229	KhRG
55e2dac6fc96180fdda350594aa1b896		2026-07-03 14:01:31.172091	KhRG
55e2dac6fc96180fdda350594aa1b896		2026-07-03 14:04:44.027200	KhRG
55e2dac6fc96180fdda350594aa1b896		2026-07-03 14:05:52.100776	KhRG
55e2dac6fc96180fdda350594aa1b896		2026-07-03 14:06:47.361179	KhRG
55e2dac6fc96180fdda350594aa1b896		2026-07-03 14:08:18.885071	KhRG
55e2dac6fc96180fdda350594aa1b896		2026-07-03 14:12:26.792472	KhRG
55e2dac6fc96180fdda350594aa1b896		2026-07-03 14:15:38.155365	KhRG
55e2dac6fc96180fdda350594aa1b896		2026-07-03 14:17:24.797469	KhRG
55e2dac6fc96180fdda350594aa1b896		2026-07-03 14:40:53.963941	KhRG
55e2dac6fc96180fdda350594aa1b896		2026-07-03 15:10:28.497106	KhRG
55e2dac6fc96180fdda350594aa1b896		2026-07-03 15:11:56.925423	KhRG
55e2dac6fc96180fdda350594aa1b896		2026-07-03 15:18:13.028926	KhRG
55e2dac6fc96180fdda350594aa1b896		2026-07-03 15:18:31.270689	KhRG
55e2dac6fc96180fdda350594aa1b896		2026-07-03 15:18:51.947091	KhRG
55e2dac6fc96180fdda350594aa1b896		2026-07-03 15:19:13.101987	KhRG
6b29fbfc3224aa8f9b8407ef065c61c0		2026-07-03 15:20:34.881270	KhRG
6b29fbfc3224aa8f9b8407ef065c61c0		2026-07-03 15:20:59.378013	KhRG
6b29fbfc3224aa8f9b8407ef065c61c0		2026-07-03 15:27:07.069926	KhRG
6b29fbfc3224aa8f9b8407ef065c61c0		2026-07-03 15:27:17.566695	KhRG
55e2dac6fc96180fdda350594aa1b896		2026-07-03 15:41:25.984146	KhRG
55e2dac6fc96180fdda350594aa1b896		2026-07-03 15:44:22.448831	KhRG
55e2dac6fc96180fdda350594aa1b896		2026-07-03 15:45:35.007053	KhRG
55e2dac6fc96180fdda350594aa1b896		2026-07-03 15:46:44.207365	KhRG
55e2dac6fc96180fdda350594aa1b896		2026-07-03 15:47:09.511148	KhRG
55e2dac6fc96180fdda350594aa1b896		2026-07-03 15:47:24.697996	KhRG
55e2dac6fc96180fdda350594aa1b896		2026-07-03 15:47:42.981423	KhRG
55e2dac6fc96180fdda350594aa1b896		2026-07-03 15:49:01.664149	KhRG
55e2dac6fc96180fdda350594aa1b896		2026-07-03 15:53:06.051674	KhRG
55e2dac6fc96180fdda350594aa1b896		2026-07-03 15:57:08.767006	KhRG
55e2dac6fc96180fdda350594aa1b896		2026-07-03 15:58:06.750734	KhRG
55e2dac6fc96180fdda350594aa1b896		2026-07-03 15:58:36.814119	KhRG
55e2dac6fc96180fdda350594aa1b896		2026-07-03 15:59:20.809933	KhRG
55e2dac6fc96180fdda350594aa1b896		2026-07-03 16:00:03.228485	KhRG
55e2dac6fc96180fdda350594aa1b896		2026-07-03 16:02:33.140000	KhRG
55e2dac6fc96180fdda350594aa1b896		2026-07-03 16:04:24.617087	KhRG
55e2dac6fc96180fdda350594aa1b896		2026-07-03 16:06:15.073735	KhRG
55e2dac6fc96180fdda350594aa1b896		2026-07-03 16:08:17.787488	KhRG
55e2dac6fc96180fdda350594aa1b896		2026-07-03 16:09:56.574761	KhRG
6b29fbfc3224aa8f9b8407ef065c61c0		2026-07-03 23:28:03.988489	KhRG
6b29fbfc3224aa8f9b8407ef065c61c0		2026-07-03 23:28:23.483768	KhRG
6b29fbfc3224aa8f9b8407ef065c61c0		2026-07-03 23:40:03.142415	KhRG
6b29fbfc3224aa8f9b8407ef065c61c0		2026-07-03 23:42:03.953806	KhRG
6b29fbfc3224aa8f9b8407ef065c61c0		2026-07-03 23:42:37.585608	KhRG
6b29fbfc3224aa8f9b8407ef065c61c0		2026-07-03 23:45:21.201621	KhRG
6b29fbfc3224aa8f9b8407ef065c61c0		2026-07-03 23:45:49.922428	KhRG
1836887b3ce8f20381fcae53a53b7f00		2026-07-04 13:23:07.485911	KhRG
6b29fbfc3224aa8f9b8407ef065c61c0		2026-07-03 23:46:00.004726	KhRG
6b29fbfc3224aa8f9b8407ef065c61c0		2026-07-03 23:47:03.980287	KhRG
6b29fbfc3224aa8f9b8407ef065c61c0		2026-07-03 23:47:26.100982	KhRG
6b29fbfc3224aa8f9b8407ef065c61c0		2026-07-03 23:47:45.769982	KhRG
6b29fbfc3224aa8f9b8407ef065c61c0		2026-07-03 23:53:23.299468	KhRG
6b29fbfc3224aa8f9b8407ef065c61c0		2026-07-03 23:53:32.035076	KhRG
6b29fbfc3224aa8f9b8407ef065c61c0		2026-07-03 23:57:12.287149	KhRG
6b29fbfc3224aa8f9b8407ef065c61c0		2026-07-03 23:57:47.658534	KhRG
6b29fbfc3224aa8f9b8407ef065c61c0		2026-07-04 00:01:07.770965	KhRG
6b29fbfc3224aa8f9b8407ef065c61c0		2026-07-04 00:01:52.405689	KhRG
6b29fbfc3224aa8f9b8407ef065c61c0		2026-07-04 00:02:06.922526	KhRG
6b29fbfc3224aa8f9b8407ef065c61c0		2026-07-04 00:02:14.437529	KhRG
6b29fbfc3224aa8f9b8407ef065c61c0		2026-07-04 00:02:37.060062	KhRG
6b29fbfc3224aa8f9b8407ef065c61c0		2026-07-04 00:02:47.075467	KhRG
6b29fbfc3224aa8f9b8407ef065c61c0		2026-07-04 00:03:07.458203	KhRG
6b29fbfc3224aa8f9b8407ef065c61c0		2026-07-04 00:03:30.921569	KhRG
6b29fbfc3224aa8f9b8407ef065c61c0		2026-07-04 00:04:36.733592	KhRG
6b29fbfc3224aa8f9b8407ef065c61c0		2026-07-04 00:05:08.383624	KhRG
6b29fbfc3224aa8f9b8407ef065c61c0		2026-07-04 00:31:23.239410	KhRG
6b29fbfc3224aa8f9b8407ef065c61c0		2026-07-04 00:31:44.453569	KhRG
6b29fbfc3224aa8f9b8407ef065c61c0		2026-07-04 00:33:30.782414	KhRG
2d5874f114f8caca6114f7077629f5ce		2026-07-04 07:10:40.330049	KhRG
2d5874f114f8caca6114f7077629f5ce		2026-07-04 07:11:10.445061	KhRG
2d5874f114f8caca6114f7077629f5ce		2026-07-04 07:15:35.965823	KhRG
2d5874f114f8caca6114f7077629f5ce		2026-07-04 07:15:55.267221	KhRG
2d5874f114f8caca6114f7077629f5ce		2026-07-04 07:16:22.459184	KhRG
2d5874f114f8caca6114f7077629f5ce		2026-07-04 07:16:32.906208	KhRG
2d5874f114f8caca6114f7077629f5ce		2026-07-04 07:28:34.274304	KhRG
2d5874f114f8caca6114f7077629f5ce		2026-07-04 07:28:54.533043	KhRG
2d5874f114f8caca6114f7077629f5ce		2026-07-04 07:29:07.278919	KhRG
2d5874f114f8caca6114f7077629f5ce		2026-07-04 07:30:50.679429	KhRG
2d5874f114f8caca6114f7077629f5ce		2026-07-04 07:31:14.826954	KhRG
2d5874f114f8caca6114f7077629f5ce		2026-07-04 07:31:49.925307	KhRG
2d5874f114f8caca6114f7077629f5ce		2026-07-04 07:33:27.158372	KhRG
2d5874f114f8caca6114f7077629f5ce		2026-07-04 07:33:56.026202	KhRG
2d5874f114f8caca6114f7077629f5ce		2026-07-04 07:35:13.266183	KhRG
2d5874f114f8caca6114f7077629f5ce		2026-07-04 07:35:29.871347	KhRG
2d5874f114f8caca6114f7077629f5ce		2026-07-04 07:36:06.719030	KhRG
2d5874f114f8caca6114f7077629f5ce		2026-07-04 07:36:28.681440	KhRG
2d5874f114f8caca6114f7077629f5ce		2026-07-04 07:45:13.578914	KhRG
2d5874f114f8caca6114f7077629f5ce		2026-07-04 07:46:02.791723	KhRG
2d5874f114f8caca6114f7077629f5ce		2026-07-04 07:46:15.983683	KhRG
2d5874f114f8caca6114f7077629f5ce		2026-07-04 07:47:15.893668	KhRG
2d5874f114f8caca6114f7077629f5ce		2026-07-04 07:47:36.794495	KhRG
2d5874f114f8caca6114f7077629f5ce		2026-07-04 09:07:00.242300	KhRG
2d5874f114f8caca6114f7077629f5ce		2026-07-04 09:07:15.714851	KhRG
2d5874f114f8caca6114f7077629f5ce		2026-07-04 09:07:30.593486	KhRG
2d5874f114f8caca6114f7077629f5ce		2026-07-04 09:11:25.968202	KhRG
2d5874f114f8caca6114f7077629f5ce		2026-07-04 09:11:55.151733	KhRG
2d5874f114f8caca6114f7077629f5ce		2026-07-04 09:12:04.462640	KhRG
2d5874f114f8caca6114f7077629f5ce		2026-07-04 09:12:12.859694	KhRG
2d5874f114f8caca6114f7077629f5ce		2026-07-04 09:23:21.137750	KhRG
2d5874f114f8caca6114f7077629f5ce		2026-07-04 09:34:13.732474	KhRG
2d5874f114f8caca6114f7077629f5ce		2026-07-04 09:36:40.665540	KhRG
2d5874f114f8caca6114f7077629f5ce		2026-07-04 09:36:56.872816	KhRG
2d5874f114f8caca6114f7077629f5ce		2026-07-04 10:10:04.521633	KhRG
2d5874f114f8caca6114f7077629f5ce		2026-07-04 10:10:24.803238	KhRG
2d5874f114f8caca6114f7077629f5ce		2026-07-04 10:10:38.487447	KhRG
2d5874f114f8caca6114f7077629f5ce		2026-07-04 10:11:08.970966	KhRG
2d5874f114f8caca6114f7077629f5ce		2026-07-04 10:18:19.202551	KhRG
2d5874f114f8caca6114f7077629f5ce		2026-07-04 10:18:50.841808	KhRG
2d5874f114f8caca6114f7077629f5ce		2026-07-04 10:19:27.393321	KhRG
2d5874f114f8caca6114f7077629f5ce		2026-07-04 10:20:13.607863	KhRG
2d5874f114f8caca6114f7077629f5ce		2026-07-04 10:21:18.952390	KhRG
2d5874f114f8caca6114f7077629f5ce		2026-07-04 10:23:56.399673	KhRG
2d5874f114f8caca6114f7077629f5ce		2026-07-04 10:30:06.262170	KhRG
2d5874f114f8caca6114f7077629f5ce		2026-07-04 10:32:33.645144	KhRG
2d5874f114f8caca6114f7077629f5ce		2026-07-04 10:32:48.623817	KhRG
2d5874f114f8caca6114f7077629f5ce		2026-07-04 10:33:42.225495	KhRG
2d5874f114f8caca6114f7077629f5ce		2026-07-04 10:33:58.213124	KhRG
2d5874f114f8caca6114f7077629f5ce		2026-07-04 10:35:38.944812	KhRG
2d5874f114f8caca6114f7077629f5ce		2026-07-04 10:36:21.601803	KhRG
2d5874f114f8caca6114f7077629f5ce		2026-07-04 10:36:51.565920	KhRG
2d5874f114f8caca6114f7077629f5ce		2026-07-04 10:37:19.396515	KhRG
1836887b3ce8f20381fcae53a53b7f00		2026-07-04 13:12:36.523698	KhRG
1836887b3ce8f20381fcae53a53b7f00		2026-07-04 13:19:15.531538	KhRG
1836887b3ce8f20381fcae53a53b7f00		2026-07-04 13:19:27.109718	KhRG
1836887b3ce8f20381fcae53a53b7f00		2026-07-04 13:20:05.815647	KhRG
1836887b3ce8f20381fcae53a53b7f00		2026-07-04 13:20:12.781508	KhRG
1836887b3ce8f20381fcae53a53b7f00		2026-07-04 13:43:35.240210	KhRG
1836887b3ce8f20381fcae53a53b7f00		2026-07-04 13:43:51.446890	KhRG
1836887b3ce8f20381fcae53a53b7f00		2026-07-04 13:44:15.267119	KhRG
1836887b3ce8f20381fcae53a53b7f00		2026-07-04 13:45:03.032055	KhRG
1836887b3ce8f20381fcae53a53b7f00		2026-07-04 13:46:46.114935	KhRG
1836887b3ce8f20381fcae53a53b7f00		2026-07-04 13:47:27.020319	KhRG
1836887b3ce8f20381fcae53a53b7f00		2026-07-04 13:48:38.807896	KhRG
1836887b3ce8f20381fcae53a53b7f00		2026-07-04 13:53:48.615438	KhRG
1836887b3ce8f20381fcae53a53b7f00		2026-07-04 13:53:48.619830	KhRG
1836887b3ce8f20381fcae53a53b7f00		2026-07-04 13:56:33.634198	KhRG
1836887b3ce8f20381fcae53a53b7f00		2026-07-04 13:59:51.891331	KhRG
1836887b3ce8f20381fcae53a53b7f00		2026-07-04 14:00:03.425564	KhRG
1836887b3ce8f20381fcae53a53b7f00		2026-07-04 14:01:24.060901	KhRG
1836887b3ce8f20381fcae53a53b7f00		2026-07-04 14:01:40.049921	KhRG
1836887b3ce8f20381fcae53a53b7f00		2026-07-04 14:02:27.363335	KhRG
1836887b3ce8f20381fcae53a53b7f00		2026-07-04 14:04:15.271613	KhRG
a8f760f5e469e4a4f35974f0bbf75f3a		2026-07-04 16:25:48.467873	KhRG
a8f760f5e469e4a4f35974f0bbf75f3a		2026-07-04 16:27:20.534183	KhRG
a8f760f5e469e4a4f35974f0bbf75f3a		2026-07-04 16:34:11.080159	KhRG
1836887b3ce8f20381fcae53a53b7f00		2026-07-04 19:44:35.257766	KhRG
1836887b3ce8f20381fcae53a53b7f00		2026-07-04 19:44:54.764137	KhRG
1836887b3ce8f20381fcae53a53b7f00		2026-07-04 19:49:49.229397	KhRG
1836887b3ce8f20381fcae53a53b7f00		2026-07-04 19:50:20.761576	KhRG
1836887b3ce8f20381fcae53a53b7f00		2026-07-04 19:50:46.179820	KhRG
1836887b3ce8f20381fcae53a53b7f00		2026-07-04 19:51:05.295664	KhRG
6a5509f1e24c15da9daf8d458e3c954b		2026-07-04 20:33:24.215787	KhRG
6a5509f1e24c15da9daf8d458e3c954b		2026-07-04 20:34:34.357131	KhRG
25fe4939651dffca818cbc036be9ded7		2026-07-05 07:39:23.003775	KhRG
25fe4939651dffca818cbc036be9ded7		2026-07-05 07:43:49.384930	KhRG
25fe4939651dffca818cbc036be9ded7		2026-07-05 07:45:08.035583	KhRG
25fe4939651dffca818cbc036be9ded7		2026-07-05 07:47:48.224233	KhRG
25fe4939651dffca818cbc036be9ded7		2026-07-05 07:52:27.919111	KhRG
25fe4939651dffca818cbc036be9ded7		2026-07-05 07:53:46.403147	KhRG
25fe4939651dffca818cbc036be9ded7		2026-07-05 07:55:21.232806	KhRG
25fe4939651dffca818cbc036be9ded7		2026-07-05 07:55:38.070025	KhRG
25fe4939651dffca818cbc036be9ded7		2026-07-05 07:55:55.989793	KhRG
0132c74a30b8b30891549b1f07fbac5e		2026-07-05 07:57:10.638282	KhRG
25fe4939651dffca818cbc036be9ded7		2026-07-05 07:59:01.508830	KhRG
25fe4939651dffca818cbc036be9ded7		2026-07-05 08:00:06.277096	KhRG
25fe4939651dffca818cbc036be9ded7		2026-07-05 08:01:11.960429	KhRG
25fe4939651dffca818cbc036be9ded7		2026-07-05 08:02:51.683877	KhRG
c40a0a056f4f439de7f11df24d8690b9		2026-07-05 10:48:40.629105	KhRG
6a5509f1e24c15da9daf8d458e3c954b		2026-07-05 11:36:34.941491	KhRG
6a5509f1e24c15da9daf8d458e3c954b		2026-07-05 11:36:47.282977	KhRG
6a5509f1e24c15da9daf8d458e3c954b		2026-07-05 11:37:09.838554	KhRG
6a5509f1e24c15da9daf8d458e3c954b		2026-07-05 11:37:27.538131	KhRG
b06e2f9b2f52aa47a56ebb333ef85eee		2026-07-05 12:35:53.237501	KhRG
b06e2f9b2f52aa47a56ebb333ef85eee		2026-07-05 12:36:19.254064	KhRG
b06e2f9b2f52aa47a56ebb333ef85eee		2026-07-05 12:42:52.359388	KhRG
09d3bf2d8b3986c0308515723aef8d61		2026-07-05 22:47:37.064350	KhRG
b06e2f9b2f52aa47a56ebb333ef85eee		2026-07-05 13:10:29.957144	KhRG
b06e2f9b2f52aa47a56ebb333ef85eee		2026-07-05 13:11:07.364207	KhRG
b06e2f9b2f52aa47a56ebb333ef85eee		2026-07-05 13:11:46.301290	KhRG
b06e2f9b2f52aa47a56ebb333ef85eee		2026-07-05 13:11:53.450090	KhRG
b06e2f9b2f52aa47a56ebb333ef85eee		2026-07-05 13:12:12.327283	KhRG
b06e2f9b2f52aa47a56ebb333ef85eee		2026-07-05 13:12:28.807916	KhRG
b06e2f9b2f52aa47a56ebb333ef85eee		2026-07-05 13:14:22.424653	KhRG
b06e2f9b2f52aa47a56ebb333ef85eee		2026-07-05 13:15:10.727992	KhRG
b06e2f9b2f52aa47a56ebb333ef85eee		2026-07-05 13:15:56.585174	KhRG
b6fb68a3ee5b7eaa77e0298656c4669b		2026-07-05 13:18:43.145398	KhRG
b6fb68a3ee5b7eaa77e0298656c4669b		2026-07-05 13:21:35.877412	KhRG
b06e2f9b2f52aa47a56ebb333ef85eee		2026-07-05 13:29:17.830761	KhRG
b06e2f9b2f52aa47a56ebb333ef85eee		2026-07-05 13:29:50.553380	KhRG
b06e2f9b2f52aa47a56ebb333ef85eee		2026-07-05 13:41:24.100863	KhRG
b06e2f9b2f52aa47a56ebb333ef85eee		2026-07-05 13:41:46.581245	KhRG
b06e2f9b2f52aa47a56ebb333ef85eee		2026-07-05 13:41:59.443379	KhRG
b06e2f9b2f52aa47a56ebb333ef85eee		2026-07-05 13:42:30.411347	KhRG
b06e2f9b2f52aa47a56ebb333ef85eee		2026-07-05 13:47:38.050858	KhRG
b06e2f9b2f52aa47a56ebb333ef85eee		2026-07-05 13:48:06.502958	KhRG
b06e2f9b2f52aa47a56ebb333ef85eee		2026-07-05 13:50:14.246981	KhRG
b06e2f9b2f52aa47a56ebb333ef85eee		2026-07-05 13:50:27.146492	KhRG
b06e2f9b2f52aa47a56ebb333ef85eee		2026-07-05 13:50:52.012546	KhRG
b06e2f9b2f52aa47a56ebb333ef85eee		2026-07-05 13:51:21.758779	KhRG
b06e2f9b2f52aa47a56ebb333ef85eee		2026-07-05 13:51:50.560227	KhRG
b06e2f9b2f52aa47a56ebb333ef85eee		2026-07-05 13:53:12.938501	KhRG
b06e2f9b2f52aa47a56ebb333ef85eee		2026-07-05 14:00:11.888648	KhRG
25fe4939651dffca818cbc036be9ded7		2026-07-05 14:00:47.028185	KhRG
b06e2f9b2f52aa47a56ebb333ef85eee		2026-07-05 14:01:42.532388	KhRG
25fe4939651dffca818cbc036be9ded7		2026-07-05 14:01:51.002475	KhRG
b06e2f9b2f52aa47a56ebb333ef85eee		2026-07-05 14:03:49.502686	KhRG
b06e2f9b2f52aa47a56ebb333ef85eee		2026-07-05 14:04:46.504907	KhRG
b06e2f9b2f52aa47a56ebb333ef85eee		2026-07-05 14:11:34.146768	KhRG
b06e2f9b2f52aa47a56ebb333ef85eee		2026-07-05 14:11:46.687338	KhRG
b06e2f9b2f52aa47a56ebb333ef85eee		2026-07-05 14:12:27.178948	KhRG
b06e2f9b2f52aa47a56ebb333ef85eee		2026-07-05 14:36:51.929399	KhRG
b06e2f9b2f52aa47a56ebb333ef85eee		2026-07-05 14:37:59.223393	KhRG
b06e2f9b2f52aa47a56ebb333ef85eee		2026-07-05 14:38:34.440186	KhRG
b06e2f9b2f52aa47a56ebb333ef85eee		2026-07-05 14:39:14.620426	KhRG
b06e2f9b2f52aa47a56ebb333ef85eee		2026-07-05 14:39:37.246135	KhRG
b06e2f9b2f52aa47a56ebb333ef85eee		2026-07-05 15:16:15.724407	KhRG
6b29fbfc3224aa8f9b8407ef065c61c0		2026-07-05 15:17:27.757555	KhRG
b06e2f9b2f52aa47a56ebb333ef85eee		2026-07-05 15:18:19.006863	KhRG
b06e2f9b2f52aa47a56ebb333ef85eee		2026-07-05 15:18:28.875141	KhRG
b06e2f9b2f52aa47a56ebb333ef85eee		2026-07-05 15:25:02.675376	KhRG
6b29fbfc3224aa8f9b8407ef065c61c0		2026-07-05 15:28:33.630894	KhRG
b06e2f9b2f52aa47a56ebb333ef85eee		2026-07-05 15:29:10.448658	KhRG
b06e2f9b2f52aa47a56ebb333ef85eee		2026-07-05 15:29:32.021060	KhRG
b06e2f9b2f52aa47a56ebb333ef85eee		2026-07-05 15:46:38.188252	KhRG
b06e2f9b2f52aa47a56ebb333ef85eee		2026-07-05 15:47:36.204280	KhRG
b06e2f9b2f52aa47a56ebb333ef85eee		2026-07-05 15:47:59.138579	KhRG
b06e2f9b2f52aa47a56ebb333ef85eee		2026-07-05 15:48:26.523739	KhRG
b06e2f9b2f52aa47a56ebb333ef85eee		2026-07-05 15:49:24.529102	KhRG
b06e2f9b2f52aa47a56ebb333ef85eee		2026-07-05 15:50:05.590796	KhRG
b06e2f9b2f52aa47a56ebb333ef85eee		2026-07-05 15:50:39.635678	KhRG
b06e2f9b2f52aa47a56ebb333ef85eee		2026-07-05 15:51:39.275981	KhRG
b06e2f9b2f52aa47a56ebb333ef85eee		2026-07-05 15:54:37.648226	KhRG
b06e2f9b2f52aa47a56ebb333ef85eee		2026-07-05 15:55:55.167618	KhRG
09d3bf2d8b3986c0308515723aef8d61		2026-07-05 22:48:17.370519	KhRG
b06e2f9b2f52aa47a56ebb333ef85eee		2026-07-05 16:02:30.396865	KhRG
b06e2f9b2f52aa47a56ebb333ef85eee		2026-07-05 16:02:39.837876	KhRG
b06e2f9b2f52aa47a56ebb333ef85eee		2026-07-05 16:02:55.011400	KhRG
b06e2f9b2f52aa47a56ebb333ef85eee		2026-07-05 16:05:19.591492	KhRG
b06e2f9b2f52aa47a56ebb333ef85eee		2026-07-05 16:08:13.681850	KhRG
b06e2f9b2f52aa47a56ebb333ef85eee		2026-07-05 16:10:20.017022	KhRG
f393491c94ab06c117368fb3c77cb933		2026-07-05 16:33:34.609063	KhRG
a0adda3e5c9bbd7e32fb10bb49a0f82b		2026-07-05 16:58:00.995014	KhRG
a0adda3e5c9bbd7e32fb10bb49a0f82b		2026-07-05 16:58:25.424519	KhRG
a0adda3e5c9bbd7e32fb10bb49a0f82b		2026-07-05 16:58:45.633697	KhRG
6b29fbfc3224aa8f9b8407ef065c61c0		2026-07-05 17:02:12.340697	KhRG
f393491c94ab06c117368fb3c77cb933		2026-07-05 17:02:27.649347	KhRG
6b29fbfc3224aa8f9b8407ef065c61c0		2026-07-05 17:02:32.599307	KhRG
a0adda3e5c9bbd7e32fb10bb49a0f82b		2026-07-05 17:02:51.926894	KhRG
6b29fbfc3224aa8f9b8407ef065c61c0		2026-07-05 17:03:12.607692	KhRG
f393491c94ab06c117368fb3c77cb933		2026-07-05 17:05:16.982916	KhRG
09d3bf2d8b3986c0308515723aef8d61		2026-07-05 22:16:31.641020	KhRG
09d3bf2d8b3986c0308515723aef8d61		2026-07-05 22:17:30.070244	KhRG
09d3bf2d8b3986c0308515723aef8d61		2026-07-05 22:18:15.712076	KhRG
09d3bf2d8b3986c0308515723aef8d61		2026-07-05 22:18:52.035468	KhRG
09d3bf2d8b3986c0308515723aef8d61		2026-07-05 22:19:39.494805	KhRG
09d3bf2d8b3986c0308515723aef8d61		2026-07-05 22:20:19.410628	KhRG
09d3bf2d8b3986c0308515723aef8d61		2026-07-05 22:20:48.535515	KhRG
09d3bf2d8b3986c0308515723aef8d61		2026-07-05 22:21:47.674523	KhRG
09d3bf2d8b3986c0308515723aef8d61		2026-07-05 22:46:33.374319	KhRG
09d3bf2d8b3986c0308515723aef8d61		2026-07-05 22:49:05.182092	KhRG
09d3bf2d8b3986c0308515723aef8d61		2026-07-05 22:49:54.062008	KhRG
09d3bf2d8b3986c0308515723aef8d61		2026-07-05 22:50:58.938824	KhRG
09d3bf2d8b3986c0308515723aef8d61		2026-07-05 22:52:05.270098	KhRG
6b29fbfc3224aa8f9b8407ef065c61c0		2026-07-05 23:32:47.204266	KhRG
6b29fbfc3224aa8f9b8407ef065c61c0		2026-07-05 23:33:07.996380	KhRG
6b29fbfc3224aa8f9b8407ef065c61c0		2026-07-05 23:33:31.737056	KhRG
6b29fbfc3224aa8f9b8407ef065c61c0		2026-07-05 23:35:09.367547	KhRG
6b29fbfc3224aa8f9b8407ef065c61c0		2026-07-05 23:37:45.578197	KhRG
6b29fbfc3224aa8f9b8407ef065c61c0		2026-07-05 23:38:10.339488	KhRG
6b29fbfc3224aa8f9b8407ef065c61c0		2026-07-05 23:44:21.120455	KhRG
6b29fbfc3224aa8f9b8407ef065c61c0		2026-07-05 23:44:46.450428	KhRG
6b29fbfc3224aa8f9b8407ef065c61c0		2026-07-05 23:44:55.532408	KhRG
6b29fbfc3224aa8f9b8407ef065c61c0		2026-07-05 23:46:11.126375	KhRG
6b29fbfc3224aa8f9b8407ef065c61c0		2026-07-05 23:46:32.211104	KhRG
6b29fbfc3224aa8f9b8407ef065c61c0		2026-07-05 23:46:40.269368	KhRG
6b29fbfc3224aa8f9b8407ef065c61c0		2026-07-05 23:46:53.386999	KhRG
6b29fbfc3224aa8f9b8407ef065c61c0		2026-07-05 23:46:59.414890	KhRG
6b29fbfc3224aa8f9b8407ef065c61c0		2026-07-05 23:47:04.329423	KhRG
6b29fbfc3224aa8f9b8407ef065c61c0		2026-07-05 23:47:48.044086	KhRG
6b29fbfc3224aa8f9b8407ef065c61c0		2026-07-05 23:48:03.111628	KhRG
6b29fbfc3224aa8f9b8407ef065c61c0		2026-07-05 23:48:47.284469	KhRG
6b29fbfc3224aa8f9b8407ef065c61c0		2026-07-05 23:49:48.377931	KhRG
6b29fbfc3224aa8f9b8407ef065c61c0		2026-07-05 23:54:28.649219	KhRG
6b29fbfc3224aa8f9b8407ef065c61c0		2026-07-05 23:55:11.374108	KhRG
6b29fbfc3224aa8f9b8407ef065c61c0		2026-07-05 23:56:45.701986	KhRG
6b29fbfc3224aa8f9b8407ef065c61c0		2026-07-05 23:57:17.091100	KhRG
6b29fbfc3224aa8f9b8407ef065c61c0		2026-07-05 23:57:39.251437	KhRG
6b29fbfc3224aa8f9b8407ef065c61c0		2026-07-05 23:58:20.061547	KhRG
6b29fbfc3224aa8f9b8407ef065c61c0		2026-07-06 00:28:50.707412	KhRG
6b29fbfc3224aa8f9b8407ef065c61c0		2026-07-06 00:29:21.181986	KhRG
6b29fbfc3224aa8f9b8407ef065c61c0		2026-07-06 00:30:03.322176	KhRG
6b29fbfc3224aa8f9b8407ef065c61c0		2026-07-06 00:30:44.497002	KhRG
6b29fbfc3224aa8f9b8407ef065c61c0		2026-07-06 00:30:55.400352	KhRG
6b29fbfc3224aa8f9b8407ef065c61c0		2026-07-06 00:32:11.024555	KhRG
6b29fbfc3224aa8f9b8407ef065c61c0		2026-07-06 00:32:26.223965	KhRG
6b29fbfc3224aa8f9b8407ef065c61c0		2026-07-06 00:32:41.386165	KhRG
6b29fbfc3224aa8f9b8407ef065c61c0		2026-07-06 00:32:46.123351	KhRG
6b29fbfc3224aa8f9b8407ef065c61c0		2026-07-06 00:33:29.273352	KhRG
6b29fbfc3224aa8f9b8407ef065c61c0		2026-07-06 00:33:42.307862	KhRG
6b29fbfc3224aa8f9b8407ef065c61c0		2026-07-06 00:33:55.631489	KhRG
6b29fbfc3224aa8f9b8407ef065c61c0		2026-07-06 00:49:16.547794	KhRG
6b29fbfc3224aa8f9b8407ef065c61c0		2026-07-06 00:49:51.281188	KhRG
6b29fbfc3224aa8f9b8407ef065c61c0		2026-07-06 00:50:06.467269	KhRG
6b29fbfc3224aa8f9b8407ef065c61c0		2026-07-06 00:50:19.597393	KhRG
6b29fbfc3224aa8f9b8407ef065c61c0		2026-07-06 00:51:06.926840	KhRG
6b29fbfc3224aa8f9b8407ef065c61c0		2026-07-06 00:52:03.757646	KhRG
6b29fbfc3224aa8f9b8407ef065c61c0		2026-07-06 00:53:03.466223	KhRG
6b29fbfc3224aa8f9b8407ef065c61c0		2026-07-06 00:53:25.957820	KhRG
6b29fbfc3224aa8f9b8407ef065c61c0		2026-07-06 00:54:14.928522	KhRG
6b29fbfc3224aa8f9b8407ef065c61c0		2026-07-06 00:54:41.423822	KhRG
6b29fbfc3224aa8f9b8407ef065c61c0		2026-07-06 00:54:50.122308	KhRG
6b29fbfc3224aa8f9b8407ef065c61c0		2026-07-06 00:55:17.863643	KhRG
6b29fbfc3224aa8f9b8407ef065c61c0		2026-07-06 00:56:04.098244	KhRG
6b29fbfc3224aa8f9b8407ef065c61c0		2026-07-06 00:57:10.837494	KhRG
6b29fbfc3224aa8f9b8407ef065c61c0		2026-07-06 00:57:45.105948	KhRG
6b29fbfc3224aa8f9b8407ef065c61c0		2026-07-06 00:58:06.308162	KhRG
6b29fbfc3224aa8f9b8407ef065c61c0		2026-07-06 00:58:33.361000	KhRG
6b29fbfc3224aa8f9b8407ef065c61c0		2026-07-06 00:59:34.334519	KhRG
6b29fbfc3224aa8f9b8407ef065c61c0		2026-07-06 01:03:54.805825	KhRG
6b29fbfc3224aa8f9b8407ef065c61c0		2026-07-06 01:06:51.976201	KhRG
6b29fbfc3224aa8f9b8407ef065c61c0		2026-07-06 01:07:28.977566	KhRG
6b29fbfc3224aa8f9b8407ef065c61c0		2026-07-06 01:07:50.774141	KhRG
6b29fbfc3224aa8f9b8407ef065c61c0		2026-07-06 01:08:06.924593	KhRG
6b29fbfc3224aa8f9b8407ef065c61c0		2026-07-06 01:08:18.905821	KhRG
6b29fbfc3224aa8f9b8407ef065c61c0		2026-07-06 01:08:29.748268	KhRG
6b29fbfc3224aa8f9b8407ef065c61c0		2026-07-06 01:09:00.056446	KhRG
6b29fbfc3224aa8f9b8407ef065c61c0		2026-07-06 01:09:16.952033	KhRG
6b29fbfc3224aa8f9b8407ef065c61c0		2026-07-06 01:09:29.286110	KhRG
6b29fbfc3224aa8f9b8407ef065c61c0		2026-07-06 01:09:45.525389	KhRG
6b29fbfc3224aa8f9b8407ef065c61c0		2026-07-06 01:13:07.716166	KhRG
6b29fbfc3224aa8f9b8407ef065c61c0		2026-07-06 01:13:35.919912	KhRG
6b29fbfc3224aa8f9b8407ef065c61c0		2026-07-06 01:13:45.892858	KhRG
6b29fbfc3224aa8f9b8407ef065c61c0		2026-07-06 01:22:12.533708	KhRG
6b29fbfc3224aa8f9b8407ef065c61c0		2026-07-06 01:22:47.303500	KhRG
6b29fbfc3224aa8f9b8407ef065c61c0		2026-07-06 01:23:49.776373	KhRG
6b29fbfc3224aa8f9b8407ef065c61c0		2026-07-06 01:24:03.358676	KhRG
352853dd99c35d82caad413151f2aaae		2026-07-06 08:12:44.566297	KhRG
352853dd99c35d82caad413151f2aaae		2026-07-06 08:13:57.321545	KhRG
352853dd99c35d82caad413151f2aaae		2026-07-06 08:14:26.800603	KhRG
5b9dcd718f6e1686aca2fea7eacd9a88		2026-07-06 08:59:50.013490	KhRG
5b9dcd718f6e1686aca2fea7eacd9a88		2026-07-06 09:02:59.101516	KhRG
5b9dcd718f6e1686aca2fea7eacd9a88		2026-07-06 09:03:11.965309	KhRG
352853dd99c35d82caad413151f2aaae		2026-07-06 09:22:08.439531	KhRG
352853dd99c35d82caad413151f2aaae		2026-07-06 09:23:09.390025	KhRG
352853dd99c35d82caad413151f2aaae		2026-07-06 09:23:47.365169	KhRG
352853dd99c35d82caad413151f2aaae		2026-07-06 09:25:34.277273	KhRG
352853dd99c35d82caad413151f2aaae		2026-07-06 09:25:37.213125	KhRG
352853dd99c35d82caad413151f2aaae		2026-07-06 09:25:37.371232	KhRG
352853dd99c35d82caad413151f2aaae		2026-07-06 09:25:37.543686	KhRG
352853dd99c35d82caad413151f2aaae		2026-07-06 09:54:02.084490	KhRG
efabd73427558c38182f22daacafb18a		2026-07-06 10:02:18.119617	KhRG
2d5874f114f8caca6114f7077629f5ce		2026-07-06 10:09:15.349105	KhRG
a17f842178378a120124ed904274644d		2026-07-06 10:15:24.350389	KhRG
a17f842178378a120124ed904274644d		2026-07-06 10:16:11.751243	KhRG
2d5874f114f8caca6114f7077629f5ce		2026-07-06 10:16:37.403741	KhRG
2d5874f114f8caca6114f7077629f5ce		2026-07-06 10:17:05.223988	KhRG
a17f842178378a120124ed904274644d		2026-07-06 10:18:22.767529	KhRG
2d5874f114f8caca6114f7077629f5ce		2026-07-06 10:18:52.382980	KhRG
a17f842178378a120124ed904274644d		2026-07-06 10:18:54.879549	KhRG
2d5874f114f8caca6114f7077629f5ce		2026-07-06 10:19:07.637759	KhRG
2d5874f114f8caca6114f7077629f5ce		2026-07-06 10:19:28.500302	KhRG
a17f842178378a120124ed904274644d		2026-07-06 10:19:48.897411	KhRG
2d5874f114f8caca6114f7077629f5ce		2026-07-06 10:20:03.980563	KhRG
a17f842178378a120124ed904274644d		2026-07-06 10:20:10.235764	KhRG
2d5874f114f8caca6114f7077629f5ce		2026-07-06 10:20:31.011637	KhRG
2d5874f114f8caca6114f7077629f5ce		2026-07-06 10:20:55.086962	KhRG
a17f842178378a120124ed904274644d		2026-07-06 10:20:57.117338	KhRG
a17f842178378a120124ed904274644d		2026-07-06 10:21:15.073735	KhRG
a17f842178378a120124ed904274644d		2026-07-06 10:21:42.404852	KhRG
352853dd99c35d82caad413151f2aaae		2026-07-06 10:25:13.473858	KhRG
352853dd99c35d82caad413151f2aaae		2026-07-06 10:25:13.694455	KhRG
352853dd99c35d82caad413151f2aaae		2026-07-06 10:25:23.725863	KhRG
352853dd99c35d82caad413151f2aaae		2026-07-06 10:25:34.524069	KhRG
2d5874f114f8caca6114f7077629f5ce		2026-07-06 10:26:17.354994	KhRG
2d5874f114f8caca6114f7077629f5ce		2026-07-06 10:26:25.786494	KhRG
352853dd99c35d82caad413151f2aaae		2026-07-06 10:26:30.688410	KhRG
2d5874f114f8caca6114f7077629f5ce		2026-07-06 10:26:52.766008	KhRG
2d5874f114f8caca6114f7077629f5ce		2026-07-06 10:29:20.682011	KhRG
2d5874f114f8caca6114f7077629f5ce		2026-07-06 10:29:35.287587	KhRG
2d5874f114f8caca6114f7077629f5ce		2026-07-06 10:29:53.524051	KhRG
2d5874f114f8caca6114f7077629f5ce		2026-07-06 10:30:22.128835	KhRG
2d5874f114f8caca6114f7077629f5ce		2026-07-06 10:30:35.460052	KhRG
2d5874f114f8caca6114f7077629f5ce		2026-07-06 10:31:59.208886	KhRG
2d5874f114f8caca6114f7077629f5ce		2026-07-06 10:38:23.830836	KhRG
2d5874f114f8caca6114f7077629f5ce		2026-07-06 10:38:49.311733	KhRG
a17f842178378a120124ed904274644d		2026-07-06 10:39:55.546426	KhRG
2d5874f114f8caca6114f7077629f5ce		2026-07-06 10:40:18.551786	KhRG
2d5874f114f8caca6114f7077629f5ce		2026-07-06 10:40:29.540808	KhRG
2d5874f114f8caca6114f7077629f5ce		2026-07-06 10:41:02.055868	KhRG
2d5874f114f8caca6114f7077629f5ce		2026-07-06 10:41:38.557581	KhRG
a17f842178378a120124ed904274644d		2026-07-06 10:42:29.078114	KhRG
a17f842178378a120124ed904274644d		2026-07-06 10:42:52.425592	KhRG
a17f842178378a120124ed904274644d		2026-07-06 10:43:18.105408	KhRG
a17f842178378a120124ed904274644d		2026-07-06 10:44:40.532848	KhRG
a17f842178378a120124ed904274644d		2026-07-06 10:45:36.625406	KhRG
a17f842178378a120124ed904274644d		2026-07-06 10:46:05.013805	KhRG
352853dd99c35d82caad413151f2aaae		2026-07-06 10:49:40.511609	KhRG
a17f842178378a120124ed904274644d		2026-07-06 10:51:32.096951	KhRG
a17f842178378a120124ed904274644d		2026-07-06 10:52:10.454200	KhRG
a17f842178378a120124ed904274644d		2026-07-06 10:52:30.340933	KhRG
2d5874f114f8caca6114f7077629f5ce		2026-07-06 10:53:11.682614	KhRG
2d5874f114f8caca6114f7077629f5ce		2026-07-06 10:53:41.570170	KhRG
2d5874f114f8caca6114f7077629f5ce		2026-07-06 10:54:21.758648	KhRG
2d5874f114f8caca6114f7077629f5ce		2026-07-06 10:54:36.661496	KhRG
2d5874f114f8caca6114f7077629f5ce		2026-07-06 10:55:11.476894	KhRG
2d5874f114f8caca6114f7077629f5ce		2026-07-06 10:55:27.073270	KhRG
2d5874f114f8caca6114f7077629f5ce		2026-07-06 10:55:47.156299	KhRG
a17f842178378a120124ed904274644d		2026-07-06 10:56:30.424284	KhRG
2d5874f114f8caca6114f7077629f5ce		2026-07-06 11:04:05.977202	KhRG
2d5874f114f8caca6114f7077629f5ce		2026-07-06 11:09:11.571984	KhRG
2d5874f114f8caca6114f7077629f5ce		2026-07-06 11:16:31.693136	KhRG
0339eb07281c5c9bbe52cab7a9f8ff17		2026-07-06 12:13:43.956378	KhRG
7aa8bb374b52ed1582bb8d998494ce3c		2026-07-06 12:56:49.449991	KhRG
7aa8bb374b52ed1582bb8d998494ce3c		2026-07-06 12:57:41.106964	KhRG
efabd73427558c38182f22daacafb18a		2026-07-06 13:06:20.378085	KhRG
11f2236a9783c209517c697f17b34363		2026-07-06 18:49:01.303081	KhRG
f63a8b7f5d58d5c27b857c1880f8eb39		2026-07-06 18:51:26.814052	KhRG
ed0a0fec589664862c75c49979adf63d		2026-07-06 19:32:50.838049	KhRG
f066f20f4f9e599efee97450117a5f6c		2026-07-07 02:49:44.533829	KhRG
f63a8b7f5d58d5c27b857c1880f8eb39		2026-07-06 19:37:23.030265	KhRG
f63a8b7f5d58d5c27b857c1880f8eb39		2026-07-06 19:39:13.711215	KhRG
f63a8b7f5d58d5c27b857c1880f8eb39		2026-07-06 19:41:36.049398	KhRG
ed0a0fec589664862c75c49979adf63d		2026-07-06 19:41:56.492059	KhRG
f63a8b7f5d58d5c27b857c1880f8eb39		2026-07-06 19:43:03.615361	KhRG
f63a8b7f5d58d5c27b857c1880f8eb39		2026-07-06 19:45:02.741955	KhRG
ed0a0fec589664862c75c49979adf63d		2026-07-06 19:46:37.158969	KhRG
f63a8b7f5d58d5c27b857c1880f8eb39		2026-07-06 20:13:35.855850	KhRG
f63a8b7f5d58d5c27b857c1880f8eb39		2026-07-06 20:14:18.815850	KhRG
f63a8b7f5d58d5c27b857c1880f8eb39		2026-07-06 20:27:47.894484	KhRG
f63a8b7f5d58d5c27b857c1880f8eb39		2026-07-06 20:29:00.410591	KhRG
f63a8b7f5d58d5c27b857c1880f8eb39		2026-07-06 20:29:36.671590	KhRG
f63a8b7f5d58d5c27b857c1880f8eb39		2026-07-06 20:31:06.781132	KhRG
f63a8b7f5d58d5c27b857c1880f8eb39		2026-07-06 20:33:26.921037	KhRG
f63a8b7f5d58d5c27b857c1880f8eb39		2026-07-06 20:36:10.057865	KhRG
f63a8b7f5d58d5c27b857c1880f8eb39		2026-07-06 20:38:21.694186	KhRG
f63a8b7f5d58d5c27b857c1880f8eb39		2026-07-06 20:39:42.752269	KhRG
f63a8b7f5d58d5c27b857c1880f8eb39		2026-07-06 21:00:04.021076	KhRG
63b72a2cbc1ceb7d485e95c6ee255151		2026-07-07 02:04:33.797416	KhRG
f066f20f4f9e599efee97450117a5f6c		2026-07-07 02:48:52.599607	KhRG
f066f20f4f9e599efee97450117a5f6c		2026-07-07 02:49:30.513324	KhRG
f066f20f4f9e599efee97450117a5f6c		2026-07-07 02:52:08.247052	KhRG
f066f20f4f9e599efee97450117a5f6c		2026-07-07 02:57:41.600259	KhRG
f066f20f4f9e599efee97450117a5f6c		2026-07-07 03:00:10.760802	KhRG
f066f20f4f9e599efee97450117a5f6c		2026-07-07 03:10:34.885146	KhRG
f066f20f4f9e599efee97450117a5f6c		2026-07-07 03:12:15.092567	KhRG
f066f20f4f9e599efee97450117a5f6c		2026-07-07 03:15:07.659349	KhRG
f066f20f4f9e599efee97450117a5f6c		2026-07-07 03:15:34.089905	KhRG
f066f20f4f9e599efee97450117a5f6c		2026-07-07 03:26:46.310191	KhRG
f066f20f4f9e599efee97450117a5f6c		2026-07-07 03:27:08.429153	KhRG
f066f20f4f9e599efee97450117a5f6c		2026-07-07 03:31:46.591764	KhRG
f066f20f4f9e599efee97450117a5f6c		2026-07-07 03:44:02.376127	KhRG
f066f20f4f9e599efee97450117a5f6c		2026-07-07 03:44:25.116663	KhRG
f066f20f4f9e599efee97450117a5f6c		2026-07-07 03:44:40.959311	KhRG
f066f20f4f9e599efee97450117a5f6c		2026-07-07 04:05:06.395745	KhRG
f066f20f4f9e599efee97450117a5f6c		2026-07-07 04:14:56.245752	KhRG
f066f20f4f9e599efee97450117a5f6c		2026-07-07 04:16:09.399182	KhRG
f066f20f4f9e599efee97450117a5f6c		2026-07-07 04:18:06.117960	KhRG
f066f20f4f9e599efee97450117a5f6c		2026-07-07 04:18:33.926331	KhRG
3182edb9fbad168c2e14bdb071f55c7b		2026-07-07 05:28:29.816051	KhRG
3182edb9fbad168c2e14bdb071f55c7b		2026-07-07 05:41:53.423624	KhRG
3182edb9fbad168c2e14bdb071f55c7b		2026-07-07 05:50:19.644662	KhRG
3182edb9fbad168c2e14bdb071f55c7b		2026-07-07 05:53:04.664367	KhRG
3182edb9fbad168c2e14bdb071f55c7b		2026-07-07 05:53:56.206491	KhRG
3182edb9fbad168c2e14bdb071f55c7b		2026-07-07 05:59:54.186193	KhRG
3182edb9fbad168c2e14bdb071f55c7b		2026-07-07 06:16:35.792838	KhRG
3182edb9fbad168c2e14bdb071f55c7b		2026-07-07 06:17:14.799464	KhRG
c6194547c8c7fb43c1cd88fd32463c1d		2026-07-07 06:49:14.535791	KhRG
c6194547c8c7fb43c1cd88fd32463c1d		2026-07-07 06:50:11.715269	KhRG
3182edb9fbad168c2e14bdb071f55c7b		2026-07-07 06:50:26.071717	KhRG
ed0a0fec589664862c75c49979adf63d		2026-07-07 06:50:46.154767	KhRG
c6194547c8c7fb43c1cd88fd32463c1d		2026-07-07 06:50:47.421668	KhRG
3182edb9fbad168c2e14bdb071f55c7b		2026-07-07 07:03:15.446476	KhRG
3182edb9fbad168c2e14bdb071f55c7b		2026-07-07 07:03:43.714640	KhRG
c6194547c8c7fb43c1cd88fd32463c1d		2026-07-07 07:13:14.832191	KhRG
3182edb9fbad168c2e14bdb071f55c7b		2026-07-07 07:13:41.330614	KhRG
3182edb9fbad168c2e14bdb071f55c7b		2026-07-07 07:14:01.518658	KhRG
c6194547c8c7fb43c1cd88fd32463c1d		2026-07-07 07:14:23.859383	KhRG
c6194547c8c7fb43c1cd88fd32463c1d		2026-07-07 07:14:39.080856	KhRG
c6194547c8c7fb43c1cd88fd32463c1d		2026-07-07 07:15:24.979752	KhRG
c6194547c8c7fb43c1cd88fd32463c1d		2026-07-07 07:15:38.080851	KhRG
3182edb9fbad168c2e14bdb071f55c7b		2026-07-07 07:16:15.122679	KhRG
3182edb9fbad168c2e14bdb071f55c7b		2026-07-07 07:16:47.089526	KhRG
c6194547c8c7fb43c1cd88fd32463c1d		2026-07-07 07:16:47.643522	KhRG
c6194547c8c7fb43c1cd88fd32463c1d		2026-07-07 07:17:56.326044	KhRG
3182edb9fbad168c2e14bdb071f55c7b		2026-07-07 07:27:12.562213	KhRG
c6194547c8c7fb43c1cd88fd32463c1d		2026-07-07 07:34:09.129461	KhRG
ed0a0fec589664862c75c49979adf63d		2026-07-07 07:42:59.290942	KhRG
a7ee89d7d144d57b8c04f5e1596201b8		2026-07-07 07:49:43.717767	KhRG
3182edb9fbad168c2e14bdb071f55c7b		2026-07-07 07:51:06.458082	KhRG
2b1df6a8e0d0799ebdd0c27e4d82045b		2026-07-07 07:56:02.781051	KhRG
3182edb9fbad168c2e14bdb071f55c7b		2026-07-07 08:16:41.756755	KhRG
ed0a0fec589664862c75c49979adf63d		2026-07-07 08:41:36.607529	KhRG
3182edb9fbad168c2e14bdb071f55c7b		2026-07-07 08:46:08.906741	KhRG
7a0c8900d3734f5029e1abc5ae63fee9		2026-07-07 09:17:26.003157	KhRG
7a0c8900d3734f5029e1abc5ae63fee9		2026-07-07 09:17:57.558124	KhRG
ed0a0fec589664862c75c49979adf63d		2026-07-07 09:25:41.413632	KhRG
efabd73427558c38182f22daacafb18a		2026-07-07 09:36:27.592336	KhRG
6a5509f1e24c15da9daf8d458e3c954b		2026-07-07 10:16:16.915194	KhRG
6a5509f1e24c15da9daf8d458e3c954b		2026-07-07 10:17:23.398150	KhRG
3182edb9fbad168c2e14bdb071f55c7b		2026-07-07 10:28:03.211334	KhRG
3182edb9fbad168c2e14bdb071f55c7b		2026-07-07 10:28:21.327815	KhRG
3182edb9fbad168c2e14bdb071f55c7b		2026-07-07 10:33:16.093631	KhRG
3182edb9fbad168c2e14bdb071f55c7b		2026-07-07 10:35:46.057708	KhRG
3182edb9fbad168c2e14bdb071f55c7b		2026-07-07 10:36:13.831158	KhRG
c74e2456c4be530cd04221ad6cff76f8		2026-07-07 10:36:50.808616	KhRG
6a5509f1e24c15da9daf8d458e3c954b		2026-07-07 10:37:28.966134	KhRG
c74e2456c4be530cd04221ad6cff76f8		2026-07-07 10:37:31.085931	KhRG
c74e2456c4be530cd04221ad6cff76f8		2026-07-07 10:38:46.832825	KhRG
c74e2456c4be530cd04221ad6cff76f8		2026-07-07 10:39:22.001179	KhRG
5d250312e7c12bf3ba65b3c0319c0608		2026-07-09 06:44:59.851184	KhRG
3182edb9fbad168c2e14bdb071f55c7b		2026-07-07 10:42:00.326810	KhRG
3182edb9fbad168c2e14bdb071f55c7b		2026-07-07 10:44:03.486967	KhRG
3182edb9fbad168c2e14bdb071f55c7b		2026-07-07 10:45:14.244596	KhRG
3182edb9fbad168c2e14bdb071f55c7b		2026-07-07 10:48:07.138745	KhRG
f6dd51ea987f3f36a55aea639ea5ff22		2026-07-07 11:03:47.644626	KhRG
3182edb9fbad168c2e14bdb071f55c7b		2026-07-07 11:19:31.741646	KhRG
3182edb9fbad168c2e14bdb071f55c7b		2026-07-07 11:23:36.230674	KhRG
3182edb9fbad168c2e14bdb071f55c7b		2026-07-07 11:25:01.768200	KhRG
3182edb9fbad168c2e14bdb071f55c7b		2026-07-07 12:19:06.991273	KhRG
3182edb9fbad168c2e14bdb071f55c7b		2026-07-07 12:20:29.724162	KhRG
3182edb9fbad168c2e14bdb071f55c7b		2026-07-07 12:20:52.090683	KhRG
3182edb9fbad168c2e14bdb071f55c7b		2026-07-07 12:21:28.947339	KhRG
3182edb9fbad168c2e14bdb071f55c7b		2026-07-07 12:22:11.480865	KhRG
3182edb9fbad168c2e14bdb071f55c7b		2026-07-07 12:35:13.480163	KhRG
2b1df6a8e0d0799ebdd0c27e4d82045b		2026-07-07 12:35:51.010195	KhRG
2b1df6a8e0d0799ebdd0c27e4d82045b		2026-07-07 12:36:20.911226	KhRG
2b1df6a8e0d0799ebdd0c27e4d82045b		2026-07-07 12:37:01.383940	KhRG
2b1df6a8e0d0799ebdd0c27e4d82045b		2026-07-07 12:38:00.645795	KhRG
2b1df6a8e0d0799ebdd0c27e4d82045b		2026-07-07 12:38:31.337196	KhRG
2b1df6a8e0d0799ebdd0c27e4d82045b		2026-07-07 12:38:43.922128	KhRG
9a567c68a8de380a1070510117bf1102		2026-07-07 12:45:17.987326	KhRG
9a567c68a8de380a1070510117bf1102		2026-07-07 12:46:07.209225	KhRG
3182edb9fbad168c2e14bdb071f55c7b		2026-07-07 12:46:13.732995	KhRG
9a567c68a8de380a1070510117bf1102		2026-07-07 12:46:20.045627	KhRG
3182edb9fbad168c2e14bdb071f55c7b		2026-07-07 12:50:43.961100	KhRG
9a567c68a8de380a1070510117bf1102		2026-07-07 13:10:51.057668	KhRG
9a567c68a8de380a1070510117bf1102		2026-07-07 13:11:11.346520	KhRG
9a567c68a8de380a1070510117bf1102		2026-07-07 13:11:37.141247	KhRG
b06e2f9b2f52aa47a56ebb333ef85eee		2026-07-07 13:29:38.014480	KhRG
b06e2f9b2f52aa47a56ebb333ef85eee		2026-07-07 13:30:27.630125	KhRG
b06e2f9b2f52aa47a56ebb333ef85eee		2026-07-07 13:30:59.009201	KhRG
b06e2f9b2f52aa47a56ebb333ef85eee		2026-07-07 13:32:16.963527	KhRG
b06e2f9b2f52aa47a56ebb333ef85eee		2026-07-07 13:32:39.879442	KhRG
b06e2f9b2f52aa47a56ebb333ef85eee		2026-07-07 13:33:41.038919	KhRG
b06e2f9b2f52aa47a56ebb333ef85eee		2026-07-07 13:33:53.602946	KhRG
b06e2f9b2f52aa47a56ebb333ef85eee		2026-07-07 13:35:48.297746	KhRG
b06e2f9b2f52aa47a56ebb333ef85eee		2026-07-07 13:36:16.099601	KhRG
b06e2f9b2f52aa47a56ebb333ef85eee		2026-07-07 13:38:26.200009	KhRG
b06e2f9b2f52aa47a56ebb333ef85eee		2026-07-07 13:39:28.714038	KhRG
b06e2f9b2f52aa47a56ebb333ef85eee		2026-07-07 13:40:16.096782	KhRG
b06e2f9b2f52aa47a56ebb333ef85eee		2026-07-07 13:40:35.054073	KhRG
99a607f040762d5b8ff8c7f2712b7a45		2026-07-07 13:42:50.495530	KhRG
99a607f040762d5b8ff8c7f2712b7a45		2026-07-07 13:43:15.872211	KhRG
99a607f040762d5b8ff8c7f2712b7a45		2026-07-07 13:45:21.454989	KhRG
99a607f040762d5b8ff8c7f2712b7a45		2026-07-07 13:45:48.646755	KhRG
b06e2f9b2f52aa47a56ebb333ef85eee		2026-07-07 13:45:50.481545	KhRG
99a607f040762d5b8ff8c7f2712b7a45		2026-07-07 13:46:25.317120	KhRG
99a607f040762d5b8ff8c7f2712b7a45		2026-07-07 13:46:59.314418	KhRG
b06e2f9b2f52aa47a56ebb333ef85eee		2026-07-07 13:47:15.054446	KhRG
b06e2f9b2f52aa47a56ebb333ef85eee		2026-07-07 13:53:19.249542	KhRG
b06e2f9b2f52aa47a56ebb333ef85eee		2026-07-07 13:53:38.512860	KhRG
b06e2f9b2f52aa47a56ebb333ef85eee		2026-07-07 13:55:28.257371	KhRG
b06e2f9b2f52aa47a56ebb333ef85eee		2026-07-07 13:55:38.530169	KhRG
b06e2f9b2f52aa47a56ebb333ef85eee		2026-07-07 13:56:52.318322	KhRG
b06e2f9b2f52aa47a56ebb333ef85eee		2026-07-07 13:57:18.328697	KhRG
b06e2f9b2f52aa47a56ebb333ef85eee		2026-07-07 13:57:47.351575	KhRG
99a607f040762d5b8ff8c7f2712b7a45		2026-07-07 13:58:14.470084	KhRG
b06e2f9b2f52aa47a56ebb333ef85eee		2026-07-07 13:58:27.343535	KhRG
99a607f040762d5b8ff8c7f2712b7a45		2026-07-07 14:00:19.771541	KhRG
b06e2f9b2f52aa47a56ebb333ef85eee		2026-07-07 14:00:40.976377	KhRG
b06e2f9b2f52aa47a56ebb333ef85eee		2026-07-07 14:01:04.872520	KhRG
b06e2f9b2f52aa47a56ebb333ef85eee		2026-07-07 14:01:13.632178	KhRG
b06e2f9b2f52aa47a56ebb333ef85eee		2026-07-07 14:02:20.267998	KhRG
9a567c68a8de380a1070510117bf1102		2026-07-07 14:08:19.481873	KhRG
9a567c68a8de380a1070510117bf1102		2026-07-07 14:08:51.760726	KhRG
9a567c68a8de380a1070510117bf1102		2026-07-07 14:13:41.464800	KhRG
99a607f040762d5b8ff8c7f2712b7a45		2026-07-07 14:16:54.182833	KhRG
99a607f040762d5b8ff8c7f2712b7a45		2026-07-07 14:18:12.993414	KhRG
99a607f040762d5b8ff8c7f2712b7a45		2026-07-07 14:18:44.435078	KhRG
99a607f040762d5b8ff8c7f2712b7a45		2026-07-07 14:19:03.708833	KhRG
99a607f040762d5b8ff8c7f2712b7a45		2026-07-07 14:20:06.346706	KhRG
99a607f040762d5b8ff8c7f2712b7a45		2026-07-07 14:20:48.015922	KhRG
99a607f040762d5b8ff8c7f2712b7a45		2026-07-07 14:22:25.518959	KhRG
99a607f040762d5b8ff8c7f2712b7a45		2026-07-07 14:22:52.556635	KhRG
99a607f040762d5b8ff8c7f2712b7a45		2026-07-07 14:23:07.769093	KhRG
99a607f040762d5b8ff8c7f2712b7a45		2026-07-07 14:23:56.607163	KhRG
99a607f040762d5b8ff8c7f2712b7a45		2026-07-07 14:24:12.738835	KhRG
99a607f040762d5b8ff8c7f2712b7a45		2026-07-07 14:25:19.371467	KhRG
99a607f040762d5b8ff8c7f2712b7a45		2026-07-07 14:27:00.700987	KhRG
3d159b2200851883d27c206a73cc2f05		2026-07-07 14:32:46.764119	KhRG
5d250312e7c12bf3ba65b3c0319c0608		2026-07-09 07:04:49.931684	KhRG
3d159b2200851883d27c206a73cc2f05		2026-07-07 14:35:19.845590	KhRG
3d159b2200851883d27c206a73cc2f05		2026-07-07 14:37:50.212820	KhRG
3d159b2200851883d27c206a73cc2f05		2026-07-07 14:39:17.828919	KhRG
9a567c68a8de380a1070510117bf1102		2026-07-07 14:40:22.339258	KhRG
99a607f040762d5b8ff8c7f2712b7a45		2026-07-07 14:40:45.908001	KhRG
9a567c68a8de380a1070510117bf1102		2026-07-07 14:40:46.505117	KhRG
99a607f040762d5b8ff8c7f2712b7a45		2026-07-07 14:40:59.969947	KhRG
99a607f040762d5b8ff8c7f2712b7a45		2026-07-07 14:41:50.569741	KhRG
99a607f040762d5b8ff8c7f2712b7a45		2026-07-07 14:42:03.633058	KhRG
99a607f040762d5b8ff8c7f2712b7a45		2026-07-07 14:42:21.222224	KhRG
3d159b2200851883d27c206a73cc2f05		2026-07-07 14:42:24.786364	KhRG
9a567c68a8de380a1070510117bf1102		2026-07-07 14:42:39.359903	KhRG
9a567c68a8de380a1070510117bf1102		2026-07-07 14:42:56.120387	KhRG
9a567c68a8de380a1070510117bf1102		2026-07-07 14:43:12.632912	KhRG
99a607f040762d5b8ff8c7f2712b7a45		2026-07-07 14:43:35.303091	KhRG
99a607f040762d5b8ff8c7f2712b7a45		2026-07-07 14:43:51.707906	KhRG
99a607f040762d5b8ff8c7f2712b7a45		2026-07-07 14:44:01.236370	KhRG
3d159b2200851883d27c206a73cc2f05		2026-07-07 14:44:07.047188	KhRG
99a607f040762d5b8ff8c7f2712b7a45		2026-07-07 14:44:33.745638	KhRG
99a607f040762d5b8ff8c7f2712b7a45		2026-07-07 14:45:13.181810	KhRG
9a567c68a8de380a1070510117bf1102		2026-07-07 14:45:15.276648	KhRG
3d159b2200851883d27c206a73cc2f05		2026-07-07 14:46:05.965607	KhRG
99a607f040762d5b8ff8c7f2712b7a45		2026-07-07 14:47:05.325161	KhRG
3d159b2200851883d27c206a73cc2f05		2026-07-07 14:47:54.546488	KhRG
99a607f040762d5b8ff8c7f2712b7a45		2026-07-07 14:48:35.335606	KhRG
3d159b2200851883d27c206a73cc2f05		2026-07-07 14:49:56.958469	KhRG
b06e2f9b2f52aa47a56ebb333ef85eee		2026-07-07 14:55:02.005186	KhRG
b06e2f9b2f52aa47a56ebb333ef85eee		2026-07-07 14:55:36.123951	KhRG
b06e2f9b2f52aa47a56ebb333ef85eee		2026-07-07 14:55:51.778473	KhRG
b06e2f9b2f52aa47a56ebb333ef85eee		2026-07-07 14:56:20.935418	KhRG
b06e2f9b2f52aa47a56ebb333ef85eee		2026-07-07 14:57:24.169592	KhRG
99a607f040762d5b8ff8c7f2712b7a45		2026-07-07 14:57:36.863332	KhRG
99a607f040762d5b8ff8c7f2712b7a45		2026-07-07 14:58:04.344277	KhRG
b06e2f9b2f52aa47a56ebb333ef85eee		2026-07-07 14:58:19.465467	KhRG
99a607f040762d5b8ff8c7f2712b7a45		2026-07-07 14:58:28.033190	KhRG
b06e2f9b2f52aa47a56ebb333ef85eee		2026-07-07 14:58:33.315166	KhRG
b06e2f9b2f52aa47a56ebb333ef85eee		2026-07-07 14:58:41.908429	KhRG
b06e2f9b2f52aa47a56ebb333ef85eee		2026-07-07 14:59:29.971984	KhRG
b06e2f9b2f52aa47a56ebb333ef85eee		2026-07-07 14:59:40.597262	KhRG
ba6d1a93f80371b95237c0fddc9f2a41		2026-07-12 14:27:24.567286	KhRG
3d159b2200851883d27c206a73cc2f05		2026-07-07 15:02:49.411336	KhRG
b06e2f9b2f52aa47a56ebb333ef85eee		2026-07-07 15:03:24.855891	KhRG
3d159b2200851883d27c206a73cc2f05		2026-07-07 15:11:22.762475	KhRG
7aa8bb374b52ed1582bb8d998494ce3c		2026-07-07 15:17:21.292765	KhRG
3d159b2200851883d27c206a73cc2f05		2026-07-07 15:19:42.135217	KhRG
3d159b2200851883d27c206a73cc2f05		2026-07-07 15:25:32.837364	KhRG
b06e2f9b2f52aa47a56ebb333ef85eee		2026-07-07 15:25:34.222753	KhRG
3d159b2200851883d27c206a73cc2f05		2026-07-07 15:26:24.271432	KhRG
b06e2f9b2f52aa47a56ebb333ef85eee		2026-07-07 15:31:33.545254	KhRG
b06e2f9b2f52aa47a56ebb333ef85eee		2026-07-07 15:32:34.719358	KhRG
b06e2f9b2f52aa47a56ebb333ef85eee		2026-07-07 15:32:45.409651	KhRG
b06e2f9b2f52aa47a56ebb333ef85eee		2026-07-07 15:33:17.521851	KhRG
b06e2f9b2f52aa47a56ebb333ef85eee		2026-07-07 15:33:46.729191	KhRG
ed0a0fec589664862c75c49979adf63d		2026-07-07 15:34:42.131681	KhRG
b06e2f9b2f52aa47a56ebb333ef85eee		2026-07-07 15:35:17.467628	KhRG
ed0a0fec589664862c75c49979adf63d		2026-07-07 15:48:34.153034	KhRG
ed0a0fec589664862c75c49979adf63d		2026-07-07 16:00:27.237847	KhRG
f0ae9d1c89f8bf921460ef8fe1dae815		2026-07-07 16:30:14.832112	KhRG
98f559517f3022737d320980be768b07		2026-07-07 16:55:26.249953	KhRG
98f559517f3022737d320980be768b07		2026-07-07 16:58:47.464094	KhRG
98f559517f3022737d320980be768b07		2026-07-07 16:58:49.585742	KhRG
98f559517f3022737d320980be768b07		2026-07-07 16:59:15.304190	KhRG
98f559517f3022737d320980be768b07		2026-07-07 17:00:26.853555	KhRG
98f559517f3022737d320980be768b07		2026-07-07 17:00:45.745512	KhRG
98f559517f3022737d320980be768b07		2026-07-07 17:01:12.653568	KhRG
98f559517f3022737d320980be768b07		2026-07-07 17:02:05.796360	KhRG
98f559517f3022737d320980be768b07		2026-07-07 17:06:15.428361	KhRG
98f559517f3022737d320980be768b07		2026-07-07 17:06:49.773139	KhRG
98f559517f3022737d320980be768b07		2026-07-07 17:08:36.938323	KhRG
98f559517f3022737d320980be768b07		2026-07-07 17:10:46.919678	KhRG
98f559517f3022737d320980be768b07		2026-07-07 17:11:01.189867	KhRG
98f559517f3022737d320980be768b07		2026-07-07 17:11:45.224132	KhRG
98f559517f3022737d320980be768b07		2026-07-07 17:12:38.376779	KhRG
98f559517f3022737d320980be768b07		2026-07-07 17:12:49.892197	KhRG
98f559517f3022737d320980be768b07		2026-07-07 17:16:47.801521	KhRG
98f559517f3022737d320980be768b07		2026-07-07 17:17:01.299711	KhRG
98f559517f3022737d320980be768b07		2026-07-07 17:17:27.023290	KhRG
98f559517f3022737d320980be768b07		2026-07-07 17:19:08.129835	KhRG
98f559517f3022737d320980be768b07		2026-07-07 17:19:24.813899	KhRG
98f559517f3022737d320980be768b07		2026-07-07 17:19:45.436253	KhRG
ba6d1a93f80371b95237c0fddc9f2a41		2026-07-12 14:30:44.229375	KhRG
98f559517f3022737d320980be768b07		2026-07-07 17:20:17.969076	KhRG
98f559517f3022737d320980be768b07		2026-07-07 17:20:25.637114	KhRG
98f559517f3022737d320980be768b07		2026-07-07 17:22:43.142674	KhRG
98f559517f3022737d320980be768b07		2026-07-07 17:22:51.103346	KhRG
98f559517f3022737d320980be768b07		2026-07-07 17:32:51.314060	KhRG
98f559517f3022737d320980be768b07		2026-07-07 17:33:06.618610	KhRG
98f559517f3022737d320980be768b07		2026-07-07 17:34:40.939009	KhRG
98f559517f3022737d320980be768b07		2026-07-07 17:34:50.384841	KhRG
98f559517f3022737d320980be768b07		2026-07-07 17:38:05.412098	KhRG
98f559517f3022737d320980be768b07		2026-07-07 17:42:40.786022	KhRG
98f559517f3022737d320980be768b07		2026-07-07 17:46:44.133491	KhRG
98f559517f3022737d320980be768b07		2026-07-07 17:47:35.283336	KhRG
98f559517f3022737d320980be768b07		2026-07-07 17:50:20.546985	KhRG
98f559517f3022737d320980be768b07		2026-07-07 17:53:19.294284	KhRG
98f559517f3022737d320980be768b07		2026-07-07 17:56:42.120980	KhRG
98f559517f3022737d320980be768b07		2026-07-07 17:57:00.289224	KhRG
98f559517f3022737d320980be768b07		2026-07-07 17:58:11.033378	KhRG
98f559517f3022737d320980be768b07		2026-07-07 17:58:16.225243	KhRG
98f559517f3022737d320980be768b07		2026-07-07 17:58:35.729355	KhRG
98f559517f3022737d320980be768b07		2026-07-07 17:59:02.266957	KhRG
ba6d1a93f80371b95237c0fddc9f2a41		2026-07-12 14:33:41.711097	KhRG
98f559517f3022737d320980be768b07		2026-07-07 18:00:17.205295	KhRG
98f559517f3022737d320980be768b07		2026-07-07 18:00:46.135325	KhRG
98f559517f3022737d320980be768b07		2026-07-07 18:02:09.761658	KhRG
98f559517f3022737d320980be768b07		2026-07-07 18:15:10.029980	KhRG
98f559517f3022737d320980be768b07		2026-07-07 18:16:01.080753	KhRG
98f559517f3022737d320980be768b07		2026-07-07 18:17:27.781818	KhRG
98f559517f3022737d320980be768b07		2026-07-07 18:18:57.367139	KhRG
98f559517f3022737d320980be768b07		2026-07-07 18:19:02.708854	KhRG
52fb3dfcaceed7483d57f43f5c036db0		2026-07-07 18:23:32.931107	KhRG
98f559517f3022737d320980be768b07		2026-07-07 18:27:01.090096	KhRG
98f559517f3022737d320980be768b07		2026-07-07 18:27:23.159711	KhRG
98f559517f3022737d320980be768b07		2026-07-07 18:28:18.287945	KhRG
98f559517f3022737d320980be768b07		2026-07-07 19:20:44.282232	KhRG
98f559517f3022737d320980be768b07		2026-07-07 19:21:31.689353	KhRG
98f559517f3022737d320980be768b07		2026-07-07 19:21:39.795532	KhRG
98f559517f3022737d320980be768b07		2026-07-07 19:21:48.145878	KhRG
98f559517f3022737d320980be768b07		2026-07-07 19:23:42.393487	KhRG
98f559517f3022737d320980be768b07		2026-07-07 19:25:43.291821	KhRG
98f559517f3022737d320980be768b07		2026-07-07 19:36:27.472920	KhRG
98f559517f3022737d320980be768b07		2026-07-07 19:37:15.499635	KhRG
ba6d1a93f80371b95237c0fddc9f2a41		2026-07-12 14:37:18.426817	KhRG
98f559517f3022737d320980be768b07		2026-07-07 19:37:44.186001	KhRG
98f559517f3022737d320980be768b07		2026-07-07 19:37:55.784927	KhRG
98f559517f3022737d320980be768b07		2026-07-07 19:39:11.328462	KhRG
98f559517f3022737d320980be768b07		2026-07-07 19:40:31.519574	KhRG
98f559517f3022737d320980be768b07		2026-07-07 19:42:57.717187	KhRG
98f559517f3022737d320980be768b07		2026-07-07 19:44:14.712880	KhRG
98f559517f3022737d320980be768b07		2026-07-07 19:44:54.808112	KhRG
98f559517f3022737d320980be768b07		2026-07-07 19:45:19.291336	KhRG
98f559517f3022737d320980be768b07		2026-07-07 19:47:57.265290	KhRG
98f559517f3022737d320980be768b07		2026-07-07 19:48:46.062931	KhRG
98f559517f3022737d320980be768b07		2026-07-07 19:48:58.690922	KhRG
98f559517f3022737d320980be768b07		2026-07-07 19:50:24.940091	KhRG
98f559517f3022737d320980be768b07		2026-07-07 19:50:34.547450	KhRG
98f559517f3022737d320980be768b07		2026-07-07 19:50:40.351190	KhRG
98f559517f3022737d320980be768b07		2026-07-07 19:51:38.659933	KhRG
98f559517f3022737d320980be768b07		2026-07-07 19:51:49.792800	KhRG
98f559517f3022737d320980be768b07		2026-07-07 19:52:19.920933	KhRG
98f559517f3022737d320980be768b07		2026-07-07 19:52:27.351017	KhRG
98f559517f3022737d320980be768b07		2026-07-07 19:52:44.016331	KhRG
11f2236a9783c209517c697f17b34363		2026-07-07 20:05:40.574634	KhRG
ba6d1a93f80371b95237c0fddc9f2a41		2026-07-12 14:40:54.051875	KhRG
11f2236a9783c209517c697f17b34363		2026-07-07 20:08:18.149935	KhRG
0132c74a30b8b30891549b1f07fbac5e		2026-07-08 03:58:10.621570	KhRG
3182edb9fbad168c2e14bdb071f55c7b		2026-07-08 05:04:17.324164	KhRG
3182edb9fbad168c2e14bdb071f55c7b		2026-07-08 05:15:03.241900	KhRG
3182edb9fbad168c2e14bdb071f55c7b		2026-07-08 05:18:35.921581	KhRG
3182edb9fbad168c2e14bdb071f55c7b		2026-07-08 05:31:28.568322	KhRG
3182edb9fbad168c2e14bdb071f55c7b		2026-07-08 05:33:56.538617	KhRG
3182edb9fbad168c2e14bdb071f55c7b		2026-07-08 05:40:28.286582	KhRG
ba6d1a93f80371b95237c0fddc9f2a41		2026-07-08 06:47:39.448861	KhRG
ba6d1a93f80371b95237c0fddc9f2a41		2026-07-08 06:51:52.160365	KhRG
3984c0985383b8af3d4af02cc7fee9ae		2026-07-08 06:52:56.018465	KhRG
ba6d1a93f80371b95237c0fddc9f2a41		2026-07-08 06:53:53.170554	KhRG
ba6d1a93f80371b95237c0fddc9f2a41		2026-07-08 07:02:50.208286	KhRG
ba6d1a93f80371b95237c0fddc9f2a41		2026-07-08 07:08:14.884283	KhRG
ba6d1a93f80371b95237c0fddc9f2a41		2026-07-08 07:09:39.261402	KhRG
ba6d1a93f80371b95237c0fddc9f2a41		2026-07-08 07:11:25.244847	KhRG
ba6d1a93f80371b95237c0fddc9f2a41		2026-07-08 07:12:33.980771	KhRG
3182edb9fbad168c2e14bdb071f55c7b		2026-07-08 07:26:14.962721	KhRG
3182edb9fbad168c2e14bdb071f55c7b		2026-07-08 07:28:02.253310	KhRG
3182edb9fbad168c2e14bdb071f55c7b		2026-07-08 07:28:20.178375	KhRG
ba6d1a93f80371b95237c0fddc9f2a41		2026-07-13 05:22:38.229264	KhRG
3182edb9fbad168c2e14bdb071f55c7b		2026-07-08 07:34:46.954283	KhRG
3182edb9fbad168c2e14bdb071f55c7b		2026-07-08 07:36:10.980141	KhRG
3182edb9fbad168c2e14bdb071f55c7b		2026-07-08 07:41:08.603956	KhRG
7a0c8900d3734f5029e1abc5ae63fee9		2026-07-08 07:45:22.199627	KhRG
7a0c8900d3734f5029e1abc5ae63fee9		2026-07-08 07:46:58.460250	KhRG
7a0c8900d3734f5029e1abc5ae63fee9		2026-07-08 07:47:51.913665	KhRG
959cd0e377bbac6cbea617db69236767		2026-07-08 08:17:10.310079	KhRG
3182edb9fbad168c2e14bdb071f55c7b		2026-07-08 08:33:49.320148	KhRG
3182edb9fbad168c2e14bdb071f55c7b		2026-07-08 08:37:55.280873	KhRG
3182edb9fbad168c2e14bdb071f55c7b		2026-07-08 08:39:30.664331	KhRG
ba6d1a93f80371b95237c0fddc9f2a41		2026-07-08 08:43:11.647482	KhRG
ba6d1a93f80371b95237c0fddc9f2a41		2026-07-08 08:45:24.466160	KhRG
876909d55b52d9ef1945a3252e0d18cb		2026-07-08 09:44:02.799221	KhRG
876909d55b52d9ef1945a3252e0d18cb		2026-07-08 09:48:03.736332	KhRG
876909d55b52d9ef1945a3252e0d18cb		2026-07-08 09:51:28.431858	KhRG
3182edb9fbad168c2e14bdb071f55c7b		2026-07-08 09:56:14.985814	KhRG
3182edb9fbad168c2e14bdb071f55c7b		2026-07-08 09:56:30.779143	KhRG
3182edb9fbad168c2e14bdb071f55c7b		2026-07-08 09:57:59.742790	KhRG
3182edb9fbad168c2e14bdb071f55c7b		2026-07-08 09:59:21.216389	KhRG
3182edb9fbad168c2e14bdb071f55c7b		2026-07-08 09:59:43.582614	KhRG
3182edb9fbad168c2e14bdb071f55c7b		2026-07-08 10:00:02.176805	KhRG
82daee5f25cf14553dfe348b67ebb5ae		2026-07-13 19:51:32.604197	KhRG
3182edb9fbad168c2e14bdb071f55c7b		2026-07-08 10:00:50.668788	KhRG
3182edb9fbad168c2e14bdb071f55c7b		2026-07-08 10:03:33.166550	KhRG
876909d55b52d9ef1945a3252e0d18cb		2026-07-08 10:04:47.898761	KhRG
876909d55b52d9ef1945a3252e0d18cb		2026-07-08 10:15:14.386806	KhRG
ed0a0fec589664862c75c49979adf63d		2026-07-08 10:21:56.642292	KhRG
876909d55b52d9ef1945a3252e0d18cb		2026-07-08 10:21:58.781329	KhRG
876909d55b52d9ef1945a3252e0d18cb		2026-07-08 10:27:32.839327	KhRG
ed0a0fec589664862c75c49979adf63d		2026-07-08 10:40:10.347806	KhRG
ed0a0fec589664862c75c49979adf63d		2026-07-08 10:47:05.385553	KhRG
7a0c8900d3734f5029e1abc5ae63fee9		2026-07-08 10:50:59.855817	KhRG
7a0c8900d3734f5029e1abc5ae63fee9		2026-07-08 11:13:09.528125	KhRG
3182edb9fbad168c2e14bdb071f55c7b		2026-07-08 11:27:45.575837	KhRG
3182edb9fbad168c2e14bdb071f55c7b		2026-07-08 11:28:08.119415	KhRG
3182edb9fbad168c2e14bdb071f55c7b		2026-07-08 11:44:23.078183	KhRG
3182edb9fbad168c2e14bdb071f55c7b		2026-07-08 11:46:31.509408	KhRG
60803563674ce8ab4a5e595d2b8be61f		2026-07-08 11:48:57.166175	KhRG
60803563674ce8ab4a5e595d2b8be61f		2026-07-08 11:49:13.340799	KhRG
60803563674ce8ab4a5e595d2b8be61f		2026-07-08 11:49:22.606583	KhRG
3182edb9fbad168c2e14bdb071f55c7b		2026-07-08 11:50:16.353853	KhRG
60803563674ce8ab4a5e595d2b8be61f		2026-07-08 11:57:15.707371	KhRG
60803563674ce8ab4a5e595d2b8be61f		2026-07-08 12:03:34.572992	KhRG
efabd73427558c38182f22daacafb18a		2026-07-13 20:31:52.149027	KhRG
60803563674ce8ab4a5e595d2b8be61f		2026-07-08 12:05:09.600429	KhRG
60803563674ce8ab4a5e595d2b8be61f		2026-07-08 12:08:24.489742	KhRG
9a567c68a8de380a1070510117bf1102		2026-07-08 12:11:37.065234	KhRG
9a567c68a8de380a1070510117bf1102		2026-07-08 12:12:09.945632	KhRG
9a567c68a8de380a1070510117bf1102		2026-07-08 12:13:57.175042	KhRG
ba6d1a93f80371b95237c0fddc9f2a41		2026-07-08 12:14:01.946725	KhRG
9a567c68a8de380a1070510117bf1102		2026-07-08 12:14:22.080849	KhRG
9a567c68a8de380a1070510117bf1102		2026-07-08 12:14:31.167271	KhRG
3182edb9fbad168c2e14bdb071f55c7b		2026-07-08 12:15:00.940035	KhRG
9a567c68a8de380a1070510117bf1102		2026-07-08 12:15:06.429688	KhRG
9a567c68a8de380a1070510117bf1102		2026-07-08 12:15:38.186692	KhRG
3182edb9fbad168c2e14bdb071f55c7b		2026-07-08 12:16:04.994721	KhRG
60803563674ce8ab4a5e595d2b8be61f		2026-07-08 12:16:48.439526	KhRG
60803563674ce8ab4a5e595d2b8be61f		2026-07-08 12:17:16.067935	KhRG
3182edb9fbad168c2e14bdb071f55c7b		2026-07-08 12:17:46.392652	KhRG
3182edb9fbad168c2e14bdb071f55c7b		2026-07-08 12:22:21.884049	KhRG
3182edb9fbad168c2e14bdb071f55c7b		2026-07-08 12:29:29.382675	KhRG
3182edb9fbad168c2e14bdb071f55c7b		2026-07-08 12:29:56.813570	KhRG
3182edb9fbad168c2e14bdb071f55c7b		2026-07-08 12:30:11.719675	KhRG
efabd73427558c38182f22daacafb18a		2026-07-13 20:32:30.626997	KhRG
3182edb9fbad168c2e14bdb071f55c7b		2026-07-08 12:31:11.850277	KhRG
3182edb9fbad168c2e14bdb071f55c7b		2026-07-08 12:32:05.618077	KhRG
3182edb9fbad168c2e14bdb071f55c7b		2026-07-08 12:32:33.290770	KhRG
3182edb9fbad168c2e14bdb071f55c7b		2026-07-08 12:32:38.598447	KhRG
3182edb9fbad168c2e14bdb071f55c7b		2026-07-08 12:33:18.804409	KhRG
3182edb9fbad168c2e14bdb071f55c7b		2026-07-08 12:33:38.730341	KhRG
3182edb9fbad168c2e14bdb071f55c7b		2026-07-08 12:35:21.317655	KhRG
d51d7cf5d7eb03f98ede1a38e616e75b		2026-07-08 12:36:26.303431	KhRG
d51d7cf5d7eb03f98ede1a38e616e75b		2026-07-08 12:36:43.455181	KhRG
d51d7cf5d7eb03f98ede1a38e616e75b		2026-07-08 12:37:01.528604	KhRG
d51d7cf5d7eb03f98ede1a38e616e75b		2026-07-08 12:37:17.638712	KhRG
ba6d1a93f80371b95237c0fddc9f2a41		2026-07-08 12:42:53.096155	KhRG
d51d7cf5d7eb03f98ede1a38e616e75b		2026-07-08 12:44:38.261052	KhRG
ba6d1a93f80371b95237c0fddc9f2a41		2026-07-08 12:45:03.362028	KhRG
ba6d1a93f80371b95237c0fddc9f2a41		2026-07-08 12:46:16.402876	KhRG
d51d7cf5d7eb03f98ede1a38e616e75b		2026-07-08 12:47:32.044735	KhRG
d51d7cf5d7eb03f98ede1a38e616e75b		2026-07-08 12:48:40.435590	KhRG
d51d7cf5d7eb03f98ede1a38e616e75b		2026-07-08 12:48:54.860094	KhRG
d51d7cf5d7eb03f98ede1a38e616e75b		2026-07-08 12:50:20.048759	KhRG
ba6d1a93f80371b95237c0fddc9f2a41		2026-07-08 12:50:46.637124	KhRG
d51d7cf5d7eb03f98ede1a38e616e75b		2026-07-08 12:52:11.248971	KhRG
ba6d1a93f80371b95237c0fddc9f2a41		2026-07-08 12:53:06.789460	KhRG
ba6d1a93f80371b95237c0fddc9f2a41		2026-07-08 12:59:19.618722	KhRG
d51d7cf5d7eb03f98ede1a38e616e75b		2026-07-08 12:59:29.678186	KhRG
ba6d1a93f80371b95237c0fddc9f2a41		2026-07-08 13:02:49.455621	KhRG
d51d7cf5d7eb03f98ede1a38e616e75b		2026-07-08 13:03:27.443788	KhRG
ba6d1a93f80371b95237c0fddc9f2a41		2026-07-08 13:04:03.390566	KhRG
ba6d1a93f80371b95237c0fddc9f2a41		2026-07-08 13:05:36.471463	KhRG
ba6d1a93f80371b95237c0fddc9f2a41		2026-07-08 13:08:00.103040	KhRG
d51d7cf5d7eb03f98ede1a38e616e75b		2026-07-08 13:09:42.118757	KhRG
ba6d1a93f80371b95237c0fddc9f2a41		2026-07-08 13:10:24.409624	KhRG
d51d7cf5d7eb03f98ede1a38e616e75b		2026-07-08 13:12:00.316680	KhRG
d51d7cf5d7eb03f98ede1a38e616e75b		2026-07-08 13:12:35.755689	KhRG
d51d7cf5d7eb03f98ede1a38e616e75b		2026-07-08 13:14:40.738769	KhRG
ba6d1a93f80371b95237c0fddc9f2a41		2026-07-08 13:16:20.035172	KhRG
ba6d1a93f80371b95237c0fddc9f2a41		2026-07-08 13:20:44.852769	KhRG
d51d7cf5d7eb03f98ede1a38e616e75b		2026-07-08 13:23:15.329462	KhRG
d51d7cf5d7eb03f98ede1a38e616e75b		2026-07-08 13:23:50.798756	KhRG
ba6d1a93f80371b95237c0fddc9f2a41		2026-07-08 13:25:27.227258	KhRG
efabd73427558c38182f22daacafb18a		2026-07-13 20:32:50.074977	KhRG
ba6d1a93f80371b95237c0fddc9f2a41		2026-07-08 13:25:45.537558	KhRG
ba6d1a93f80371b95237c0fddc9f2a41		2026-07-08 13:28:01.656767	KhRG
ba6d1a93f80371b95237c0fddc9f2a41		2026-07-08 13:32:39.367291	KhRG
d34184fc3e191e5f81a628adea342456		2026-07-08 13:41:04.191640	KhRG
ba6d1a93f80371b95237c0fddc9f2a41		2026-07-08 13:45:09.690152	KhRG
ba6d1a93f80371b95237c0fddc9f2a41		2026-07-08 13:47:30.022020	KhRG
ba6d1a93f80371b95237c0fddc9f2a41		2026-07-08 13:54:24.081705	KhRG
ba6d1a93f80371b95237c0fddc9f2a41		2026-07-08 13:56:58.223238	KhRG
ba6d1a93f80371b95237c0fddc9f2a41		2026-07-08 14:04:57.821353	KhRG
ba6d1a93f80371b95237c0fddc9f2a41		2026-07-08 14:44:19.687644	KhRG
ba6d1a93f80371b95237c0fddc9f2a41		2026-07-08 14:48:34.078045	KhRG
ba6d1a93f80371b95237c0fddc9f2a41		2026-07-08 14:52:53.493154	KhRG
ba6d1a93f80371b95237c0fddc9f2a41		2026-07-08 15:12:49.469993	KhRG
9c55f9b53bf3a18ff35500e0658886f5		2026-07-08 15:14:35.899503	KhRG
9c55f9b53bf3a18ff35500e0658886f5		2026-07-08 15:15:16.221597	KhRG
9c55f9b53bf3a18ff35500e0658886f5		2026-07-08 15:16:05.653721	KhRG
ba6d1a93f80371b95237c0fddc9f2a41		2026-07-08 15:20:43.865232	KhRG
ba6d1a93f80371b95237c0fddc9f2a41		2026-07-08 15:37:25.111492	KhRG
7aa8bb374b52ed1582bb8d998494ce3c		2026-07-08 16:14:21.852311	KhRG
d51d7cf5d7eb03f98ede1a38e616e75b		2026-07-08 16:15:09.298198	KhRG
d51d7cf5d7eb03f98ede1a38e616e75b		2026-07-08 16:16:29.051266	KhRG
d51d7cf5d7eb03f98ede1a38e616e75b		2026-07-08 16:18:01.890275	KhRG
9a567c68a8de380a1070510117bf1102		2026-07-08 16:24:16.952151	KhRG
9a567c68a8de380a1070510117bf1102		2026-07-08 16:25:49.121182	KhRG
d51d7cf5d7eb03f98ede1a38e616e75b		2026-07-08 16:29:39.602822	KhRG
d51d7cf5d7eb03f98ede1a38e616e75b		2026-07-08 16:32:56.664514	KhRG
d51d7cf5d7eb03f98ede1a38e616e75b		2026-07-08 16:36:22.403156	KhRG
d51d7cf5d7eb03f98ede1a38e616e75b		2026-07-08 16:37:05.904131	KhRG
d51d7cf5d7eb03f98ede1a38e616e75b		2026-07-08 16:38:22.471054	KhRG
a0adda3e5c9bbd7e32fb10bb49a0f82b		2026-07-08 16:40:35.793569	KhRG
ba6d1a93f80371b95237c0fddc9f2a41		2026-07-08 17:23:01.234940	KhRG
ed0a0fec589664862c75c49979adf63d		2026-07-08 17:27:31.837112	KhRG
ba6d1a93f80371b95237c0fddc9f2a41		2026-07-08 17:30:27.150587	KhRG
ba6d1a93f80371b95237c0fddc9f2a41		2026-07-08 17:35:09.699589	KhRG
ed0a0fec589664862c75c49979adf63d		2026-07-08 19:22:34.821737	KhRG
5d250312e7c12bf3ba65b3c0319c0608		2026-07-08 21:51:15.160368	KhRG
5d250312e7c12bf3ba65b3c0319c0608		2026-07-08 22:24:04.303104	KhRG
5d250312e7c12bf3ba65b3c0319c0608		2026-07-08 22:27:03.524308	KhRG
6b29fbfc3224aa8f9b8407ef065c61c0		2026-07-09 01:49:16.317579	KhRG
6b29fbfc3224aa8f9b8407ef065c61c0		2026-07-09 01:50:03.627140	KhRG
6b29fbfc3224aa8f9b8407ef065c61c0		2026-07-09 01:50:23.229807	KhRG
6b29fbfc3224aa8f9b8407ef065c61c0		2026-07-09 01:51:00.831186	KhRG
6b29fbfc3224aa8f9b8407ef065c61c0		2026-07-09 01:51:15.857404	KhRG
6b29fbfc3224aa8f9b8407ef065c61c0		2026-07-09 01:51:28.395099	KhRG
6b29fbfc3224aa8f9b8407ef065c61c0		2026-07-09 02:08:31.633910	KhRG
efabd73427558c38182f22daacafb18a		2026-07-13 20:33:02.323380	KhRG
6b29fbfc3224aa8f9b8407ef065c61c0		2026-07-09 02:08:49.521391	KhRG
6b29fbfc3224aa8f9b8407ef065c61c0		2026-07-09 02:12:02.599768	KhRG
6b29fbfc3224aa8f9b8407ef065c61c0		2026-07-09 02:12:39.739437	KhRG
6b29fbfc3224aa8f9b8407ef065c61c0		2026-07-09 02:13:15.834411	KhRG
6b29fbfc3224aa8f9b8407ef065c61c0		2026-07-09 02:57:15.880235	KhRG
6b29fbfc3224aa8f9b8407ef065c61c0		2026-07-09 02:58:18.100393	KhRG
e7098d6e66ac25501b28e7609f08ae39		2026-07-09 02:59:39.192543	KhRG
6b29fbfc3224aa8f9b8407ef065c61c0		2026-07-09 03:01:08.093323	KhRG
6b29fbfc3224aa8f9b8407ef065c61c0		2026-07-09 03:01:34.903042	KhRG
6b29fbfc3224aa8f9b8407ef065c61c0		2026-07-09 03:02:05.528856	KhRG
6b29fbfc3224aa8f9b8407ef065c61c0		2026-07-09 03:02:50.696464	KhRG
6b29fbfc3224aa8f9b8407ef065c61c0		2026-07-09 03:03:08.238918	KhRG
6b29fbfc3224aa8f9b8407ef065c61c0		2026-07-09 03:07:11.430188	KhRG
f066f20f4f9e599efee97450117a5f6c		2026-07-09 03:17:50.089753	KhRG
9d80f0b22a129420db8bc6084a5275ba		2026-07-09 05:15:01.606931	KhRG
9d80f0b22a129420db8bc6084a5275ba		2026-07-09 05:17:00.825688	KhRG
9d80f0b22a129420db8bc6084a5275ba		2026-07-09 05:19:03.321792	KhRG
9d80f0b22a129420db8bc6084a5275ba		2026-07-09 05:19:20.816006	KhRG
9d80f0b22a129420db8bc6084a5275ba		2026-07-09 05:20:57.153967	KhRG
9d80f0b22a129420db8bc6084a5275ba		2026-07-09 05:21:07.786717	KhRG
9d80f0b22a129420db8bc6084a5275ba		2026-07-09 05:22:16.304102	KhRG
9d80f0b22a129420db8bc6084a5275ba		2026-07-09 05:22:31.507280	KhRG
9d80f0b22a129420db8bc6084a5275ba		2026-07-09 05:22:47.018549	KhRG
9d80f0b22a129420db8bc6084a5275ba		2026-07-09 05:24:52.432721	KhRG
9d80f0b22a129420db8bc6084a5275ba		2026-07-09 05:26:49.878036	KhRG
9d80f0b22a129420db8bc6084a5275ba		2026-07-09 05:27:15.370734	KhRG
9d80f0b22a129420db8bc6084a5275ba		2026-07-09 05:29:30.402326	KhRG
9d80f0b22a129420db8bc6084a5275ba		2026-07-09 05:31:53.165452	KhRG
9d80f0b22a129420db8bc6084a5275ba		2026-07-09 05:32:07.714553	KhRG
9d80f0b22a129420db8bc6084a5275ba		2026-07-09 05:32:48.196423	KhRG
9d80f0b22a129420db8bc6084a5275ba		2026-07-09 05:33:11.688718	KhRG
9d80f0b22a129420db8bc6084a5275ba		2026-07-09 05:35:28.245224	KhRG
9d80f0b22a129420db8bc6084a5275ba		2026-07-09 05:35:44.095149	KhRG
9d80f0b22a129420db8bc6084a5275ba		2026-07-09 05:40:38.217596	KhRG
9d80f0b22a129420db8bc6084a5275ba		2026-07-09 05:40:48.521006	KhRG
9d80f0b22a129420db8bc6084a5275ba		2026-07-09 05:41:02.662597	KhRG
9d80f0b22a129420db8bc6084a5275ba		2026-07-09 05:43:46.001488	KhRG
6e1dce534392858b6f7f917e7c159ab4		2026-07-09 06:34:41.055469	KhRG
6e1dce534392858b6f7f917e7c159ab4		2026-07-09 06:35:48.181069	KhRG
6e1dce534392858b6f7f917e7c159ab4		2026-07-09 06:36:56.582537	KhRG
6e1dce534392858b6f7f917e7c159ab4		2026-07-09 06:38:05.665922	KhRG
5d250312e7c12bf3ba65b3c0319c0608		2026-07-09 06:43:50.320766	KhRG
e12f75635bd262dad1059e9bb1881fdf		2026-07-09 07:04:53.110266	KhRG
5d250312e7c12bf3ba65b3c0319c0608		2026-07-09 07:05:20.934611	KhRG
5d250312e7c12bf3ba65b3c0319c0608		2026-07-09 07:06:35.016205	KhRG
3182edb9fbad168c2e14bdb071f55c7b		2026-07-09 07:07:30.781855	KhRG
e12f75635bd262dad1059e9bb1881fdf		2026-07-09 07:07:34.244142	KhRG
e12f75635bd262dad1059e9bb1881fdf		2026-07-09 07:09:15.173468	KhRG
e12f75635bd262dad1059e9bb1881fdf		2026-07-09 07:10:40.374824	KhRG
5d250312e7c12bf3ba65b3c0319c0608		2026-07-09 07:11:40.902659	KhRG
3182edb9fbad168c2e14bdb071f55c7b		2026-07-09 07:12:27.433384	KhRG
3182edb9fbad168c2e14bdb071f55c7b		2026-07-09 07:16:04.708690	KhRG
5d250312e7c12bf3ba65b3c0319c0608		2026-07-09 07:19:53.578312	KhRG
5d250312e7c12bf3ba65b3c0319c0608		2026-07-09 07:21:32.352673	KhRG
5d250312e7c12bf3ba65b3c0319c0608		2026-07-09 07:22:30.295885	KhRG
3182edb9fbad168c2e14bdb071f55c7b		2026-07-09 07:34:46.833503	KhRG
3182edb9fbad168c2e14bdb071f55c7b		2026-07-09 07:35:05.775441	KhRG
3182edb9fbad168c2e14bdb071f55c7b		2026-07-09 07:35:27.920494	KhRG
3182edb9fbad168c2e14bdb071f55c7b		2026-07-09 07:36:40.744237	KhRG
3182edb9fbad168c2e14bdb071f55c7b		2026-07-09 07:38:03.144477	KhRG
5d250312e7c12bf3ba65b3c0319c0608		2026-07-09 07:42:14.344789	KhRG
5d250312e7c12bf3ba65b3c0319c0608		2026-07-09 07:47:58.948892	KhRG
5d250312e7c12bf3ba65b3c0319c0608		2026-07-09 07:49:07.544875	KhRG
5d250312e7c12bf3ba65b3c0319c0608		2026-07-09 07:49:36.555883	KhRG
94ecff662315a41bf2477a2f8eb5089d		2026-07-09 07:55:02.149508	KhRG
94ecff662315a41bf2477a2f8eb5089d		2026-07-09 07:59:01.996203	KhRG
efabd73427558c38182f22daacafb18a		2026-07-13 20:53:05.364962	KhRG
3182edb9fbad168c2e14bdb071f55c7b		2026-07-09 08:00:51.406592	KhRG
3182edb9fbad168c2e14bdb071f55c7b		2026-07-09 08:09:01.566458	KhRG
3182edb9fbad168c2e14bdb071f55c7b		2026-07-09 08:11:41.458729	KhRG
3182edb9fbad168c2e14bdb071f55c7b		2026-07-09 08:12:01.674129	KhRG
3182edb9fbad168c2e14bdb071f55c7b		2026-07-09 08:17:07.442146	KhRG
3182edb9fbad168c2e14bdb071f55c7b		2026-07-09 08:49:01.581555	KhRG
3182edb9fbad168c2e14bdb071f55c7b		2026-07-09 08:49:24.703880	KhRG
3182edb9fbad168c2e14bdb071f55c7b		2026-07-09 08:49:35.660732	KhRG
3182edb9fbad168c2e14bdb071f55c7b		2026-07-09 08:50:34.721862	KhRG
3182edb9fbad168c2e14bdb071f55c7b		2026-07-09 08:54:23.249905	KhRG
3182edb9fbad168c2e14bdb071f55c7b		2026-07-09 08:55:12.635508	KhRG
efabd73427558c38182f22daacafb18a		2026-07-09 10:22:54.526784	KhRG
9fd8f28fb67acd46667b2bfd8d251320		2026-07-09 10:49:42.212588	KhRG
3182edb9fbad168c2e14bdb071f55c7b		2026-07-09 10:52:04.750736	KhRG
5c0f924430a5f8cafc7155228f846952		2026-07-09 10:53:31.027739	KhRG
5c0f924430a5f8cafc7155228f846952		2026-07-09 10:53:42.463004	KhRG
9d80f0b22a129420db8bc6084a5275ba		2026-07-09 10:54:47.588037	KhRG
9d80f0b22a129420db8bc6084a5275ba		2026-07-09 10:55:17.988984	KhRG
9d80f0b22a129420db8bc6084a5275ba		2026-07-09 10:55:41.736949	KhRG
9d80f0b22a129420db8bc6084a5275ba		2026-07-09 10:56:05.048365	KhRG
5c0f924430a5f8cafc7155228f846952		2026-07-09 10:57:42.432550	KhRG
5c0f924430a5f8cafc7155228f846952		2026-07-09 10:59:16.694086	KhRG
5c0f924430a5f8cafc7155228f846952		2026-07-09 10:59:51.512063	KhRG
5c0f924430a5f8cafc7155228f846952		2026-07-09 11:00:02.748445	KhRG
3182edb9fbad168c2e14bdb071f55c7b		2026-07-09 11:00:48.327770	KhRG
5c0f924430a5f8cafc7155228f846952		2026-07-09 11:01:04.095917	KhRG
5c0f924430a5f8cafc7155228f846952		2026-07-09 11:01:23.995662	KhRG
9d80f0b22a129420db8bc6084a5275ba		2026-07-09 11:04:28.975958	KhRG
3182edb9fbad168c2e14bdb071f55c7b		2026-07-09 11:06:57.224306	KhRG
3182edb9fbad168c2e14bdb071f55c7b		2026-07-09 11:09:15.204642	KhRG
3182edb9fbad168c2e14bdb071f55c7b		2026-07-09 11:11:41.961028	KhRG
5c0f924430a5f8cafc7155228f846952		2026-07-09 11:11:54.612428	KhRG
5c0f924430a5f8cafc7155228f846952		2026-07-09 11:12:23.142797	KhRG
5c0f924430a5f8cafc7155228f846952		2026-07-09 11:12:38.793592	KhRG
5c0f924430a5f8cafc7155228f846952		2026-07-09 11:12:53.571155	KhRG
5c0f924430a5f8cafc7155228f846952		2026-07-09 11:13:11.288081	KhRG
5c0f924430a5f8cafc7155228f846952		2026-07-09 11:13:20.619003	KhRG
5c0f924430a5f8cafc7155228f846952		2026-07-09 11:13:35.347697	KhRG
5c0f924430a5f8cafc7155228f846952		2026-07-09 11:16:38.093612	KhRG
3182edb9fbad168c2e14bdb071f55c7b		2026-07-09 11:28:36.390070	KhRG
3182edb9fbad168c2e14bdb071f55c7b		2026-07-09 11:29:50.650471	KhRG
b6fb68a3ee5b7eaa77e0298656c4669b		2026-07-09 11:32:19.751883	KhRG
3182edb9fbad168c2e14bdb071f55c7b		2026-07-09 11:38:39.695840	KhRG
3182edb9fbad168c2e14bdb071f55c7b		2026-07-09 11:39:11.197501	KhRG
3182edb9fbad168c2e14bdb071f55c7b		2026-07-09 11:39:45.583998	KhRG
3182edb9fbad168c2e14bdb071f55c7b		2026-07-09 11:42:01.602349	KhRG
3182edb9fbad168c2e14bdb071f55c7b		2026-07-09 11:42:22.178287	KhRG
3182edb9fbad168c2e14bdb071f55c7b		2026-07-09 11:50:21.233352	KhRG
3182edb9fbad168c2e14bdb071f55c7b		2026-07-09 11:50:49.726849	KhRG
3182edb9fbad168c2e14bdb071f55c7b		2026-07-09 11:51:06.552004	KhRG
3182edb9fbad168c2e14bdb071f55c7b		2026-07-09 11:51:33.337068	KhRG
3182edb9fbad168c2e14bdb071f55c7b		2026-07-09 11:52:07.235339	KhRG
9fd8f28fb67acd46667b2bfd8d251320		2026-07-09 12:11:29.643188	KhRG
3182edb9fbad168c2e14bdb071f55c7b		2026-07-09 12:19:40.511431	KhRG
3182edb9fbad168c2e14bdb071f55c7b		2026-07-09 12:20:00.443148	KhRG
3182edb9fbad168c2e14bdb071f55c7b		2026-07-09 12:30:00.770035	KhRG
3182edb9fbad168c2e14bdb071f55c7b		2026-07-09 12:30:45.934521	KhRG
3182edb9fbad168c2e14bdb071f55c7b		2026-07-09 12:34:14.555824	KhRG
3182edb9fbad168c2e14bdb071f55c7b		2026-07-09 12:34:33.872777	KhRG
3182edb9fbad168c2e14bdb071f55c7b		2026-07-09 12:47:50.103806	KhRG
3182edb9fbad168c2e14bdb071f55c7b		2026-07-09 12:48:05.918114	KhRG
3182edb9fbad168c2e14bdb071f55c7b		2026-07-09 12:49:53.396375	KhRG
ed0a0fec589664862c75c49979adf63d		2026-07-09 14:18:36.162967	KhRG
ed0a0fec589664862c75c49979adf63d		2026-07-09 14:47:32.830054	KhRG
3e2ad549b15d324e273b81aef2baabe9		2026-07-09 14:49:25.805493	KhRG
3e2ad549b15d324e273b81aef2baabe9		2026-07-09 15:00:14.432120	KhRG
3e2ad549b15d324e273b81aef2baabe9		2026-07-09 15:01:41.223138	KhRG
3e2ad549b15d324e273b81aef2baabe9		2026-07-09 15:02:09.771530	KhRG
3e2ad549b15d324e273b81aef2baabe9		2026-07-09 15:03:19.947654	KhRG
11f2236a9783c209517c697f17b34363		2026-07-09 15:03:33.254515	KhRG
3e2ad549b15d324e273b81aef2baabe9		2026-07-09 15:04:20.783357	KhRG
3e2ad549b15d324e273b81aef2baabe9		2026-07-09 15:04:44.226336	KhRG
3e2ad549b15d324e273b81aef2baabe9		2026-07-09 15:05:25.364236	KhRG
3e2ad549b15d324e273b81aef2baabe9		2026-07-09 15:09:15.505997	KhRG
3e2ad549b15d324e273b81aef2baabe9		2026-07-09 15:09:40.752444	KhRG
3e2ad549b15d324e273b81aef2baabe9		2026-07-09 15:09:56.880323	KhRG
3e2ad549b15d324e273b81aef2baabe9		2026-07-09 15:10:15.260561	KhRG
3e2ad549b15d324e273b81aef2baabe9		2026-07-09 15:13:06.858508	KhRG
3e2ad549b15d324e273b81aef2baabe9		2026-07-09 15:13:24.846233	KhRG
b164ad30a6c3770c5c6b96b01256a10f		2026-07-09 21:16:04.501903	KhRG
3e2ad549b15d324e273b81aef2baabe9		2026-07-09 15:57:39.338259	KhRG
3e2ad549b15d324e273b81aef2baabe9		2026-07-09 15:58:19.836984	KhRG
3e2ad549b15d324e273b81aef2baabe9		2026-07-09 15:58:56.598127	KhRG
3e2ad549b15d324e273b81aef2baabe9		2026-07-09 16:11:07.132177	KhRG
3e2ad549b15d324e273b81aef2baabe9		2026-07-09 16:19:21.861748	KhRG
3e2ad549b15d324e273b81aef2baabe9		2026-07-09 16:19:51.796059	KhRG
3e2ad549b15d324e273b81aef2baabe9		2026-07-09 16:21:52.952466	KhRG
3e2ad549b15d324e273b81aef2baabe9		2026-07-09 16:22:18.751803	KhRG
3e2ad549b15d324e273b81aef2baabe9		2026-07-09 16:22:29.547977	KhRG
3e2ad549b15d324e273b81aef2baabe9		2026-07-09 16:25:15.331500	KhRG
3e2ad549b15d324e273b81aef2baabe9		2026-07-09 16:25:28.095585	KhRG
3e2ad549b15d324e273b81aef2baabe9		2026-07-09 16:46:51.871103	KhRG
3e2ad549b15d324e273b81aef2baabe9		2026-07-09 16:47:05.429654	KhRG
ed0a0fec589664862c75c49979adf63d		2026-07-09 16:50:06.589460	KhRG
3e2ad549b15d324e273b81aef2baabe9		2026-07-09 16:53:04.158755	KhRG
3e2ad549b15d324e273b81aef2baabe9		2026-07-09 16:53:15.953359	KhRG
3e2ad549b15d324e273b81aef2baabe9		2026-07-09 16:54:02.039987	KhRG
3e2ad549b15d324e273b81aef2baabe9		2026-07-09 17:28:56.421639	KhRG
6b29fbfc3224aa8f9b8407ef065c61c0		2026-07-11 01:15:39.416413	KhRG
3e2ad549b15d324e273b81aef2baabe9		2026-07-09 17:29:14.983566	KhRG
3e2ad549b15d324e273b81aef2baabe9		2026-07-09 17:32:12.265046	KhRG
ed0a0fec589664862c75c49979adf63d		2026-07-09 17:32:38.832210	KhRG
3e2ad549b15d324e273b81aef2baabe9		2026-07-09 17:35:02.368135	KhRG
3e2ad549b15d324e273b81aef2baabe9		2026-07-09 17:35:18.691363	KhRG
3e2ad549b15d324e273b81aef2baabe9		2026-07-09 17:35:31.787343	KhRG
3e2ad549b15d324e273b81aef2baabe9		2026-07-09 17:35:40.464773	KhRG
3e2ad549b15d324e273b81aef2baabe9		2026-07-09 17:37:44.628857	KhRG
3e2ad549b15d324e273b81aef2baabe9		2026-07-09 17:38:54.292903	KhRG
3e2ad549b15d324e273b81aef2baabe9		2026-07-09 17:39:17.791019	KhRG
3e2ad549b15d324e273b81aef2baabe9		2026-07-09 17:44:01.542777	KhRG
3e2ad549b15d324e273b81aef2baabe9		2026-07-09 17:44:22.521597	KhRG
3e2ad549b15d324e273b81aef2baabe9		2026-07-09 17:44:54.284383	KhRG
3e2ad549b15d324e273b81aef2baabe9		2026-07-09 17:45:48.980807	KhRG
3e2ad549b15d324e273b81aef2baabe9		2026-07-09 17:46:30.557482	KhRG
3e2ad549b15d324e273b81aef2baabe9		2026-07-09 17:47:15.359093	KhRG
3e2ad549b15d324e273b81aef2baabe9		2026-07-09 17:47:27.635541	KhRG
781c7b3880979b2c169dc2de5ffbfd6f		2026-07-09 17:56:07.576770	KhRG
6b29fbfc3224aa8f9b8407ef065c61c0		2026-07-11 01:15:50.567889	KhRG
3e2ad549b15d324e273b81aef2baabe9		2026-07-09 18:24:30.806998	KhRG
3e2ad549b15d324e273b81aef2baabe9		2026-07-09 18:25:59.628191	KhRG
3e2ad549b15d324e273b81aef2baabe9		2026-07-09 18:28:58.107131	KhRG
3e2ad549b15d324e273b81aef2baabe9		2026-07-09 18:32:42.328514	KhRG
b164ad30a6c3770c5c6b96b01256a10f		2026-07-09 19:47:43.434501	KhRG
b164ad30a6c3770c5c6b96b01256a10f		2026-07-09 19:48:51.521242	KhRG
b164ad30a6c3770c5c6b96b01256a10f		2026-07-09 19:49:25.369180	KhRG
b164ad30a6c3770c5c6b96b01256a10f		2026-07-09 19:49:52.892011	KhRG
b164ad30a6c3770c5c6b96b01256a10f		2026-07-09 19:52:27.033298	KhRG
b164ad30a6c3770c5c6b96b01256a10f		2026-07-09 19:52:53.070534	KhRG
b164ad30a6c3770c5c6b96b01256a10f		2026-07-09 19:59:04.404085	KhRG
b164ad30a6c3770c5c6b96b01256a10f		2026-07-09 20:06:23.718502	KhRG
b164ad30a6c3770c5c6b96b01256a10f		2026-07-09 20:06:40.582722	KhRG
b164ad30a6c3770c5c6b96b01256a10f		2026-07-09 20:10:16.097573	KhRG
b164ad30a6c3770c5c6b96b01256a10f		2026-07-09 20:10:49.290488	KhRG
b164ad30a6c3770c5c6b96b01256a10f		2026-07-09 20:12:14.079624	KhRG
b164ad30a6c3770c5c6b96b01256a10f		2026-07-09 21:09:35.524452	KhRG
b164ad30a6c3770c5c6b96b01256a10f		2026-07-09 21:14:59.202667	KhRG
b164ad30a6c3770c5c6b96b01256a10f		2026-07-09 21:15:41.872373	KhRG
6b29fbfc3224aa8f9b8407ef065c61c0		2026-07-11 01:16:45.157063	KhRG
b164ad30a6c3770c5c6b96b01256a10f		2026-07-09 21:17:38.458169	KhRG
b164ad30a6c3770c5c6b96b01256a10f		2026-07-09 21:19:50.076990	KhRG
b164ad30a6c3770c5c6b96b01256a10f		2026-07-09 21:33:00.348444	KhRG
b164ad30a6c3770c5c6b96b01256a10f		2026-07-09 21:33:59.873982	KhRG
b164ad30a6c3770c5c6b96b01256a10f		2026-07-09 21:48:37.026935	KhRG
b164ad30a6c3770c5c6b96b01256a10f		2026-07-09 21:49:05.622693	KhRG
b164ad30a6c3770c5c6b96b01256a10f		2026-07-09 21:49:24.249565	KhRG
b164ad30a6c3770c5c6b96b01256a10f		2026-07-09 21:49:39.912036	KhRG
b164ad30a6c3770c5c6b96b01256a10f		2026-07-09 21:49:51.231039	KhRG
b164ad30a6c3770c5c6b96b01256a10f		2026-07-09 21:58:05.076164	KhRG
b164ad30a6c3770c5c6b96b01256a10f		2026-07-09 21:58:20.676280	KhRG
b164ad30a6c3770c5c6b96b01256a10f		2026-07-09 22:00:09.070844	KhRG
b164ad30a6c3770c5c6b96b01256a10f		2026-07-09 22:04:16.082494	KhRG
b164ad30a6c3770c5c6b96b01256a10f		2026-07-09 22:05:02.213696	KhRG
b164ad30a6c3770c5c6b96b01256a10f		2026-07-09 22:05:38.577977	KhRG
b164ad30a6c3770c5c6b96b01256a10f		2026-07-09 22:05:58.923595	KhRG
b164ad30a6c3770c5c6b96b01256a10f		2026-07-09 22:10:27.444600	KhRG
b164ad30a6c3770c5c6b96b01256a10f		2026-07-09 22:12:19.480245	KhRG
b164ad30a6c3770c5c6b96b01256a10f		2026-07-09 22:22:28.233045	KhRG
6b29fbfc3224aa8f9b8407ef065c61c0		2026-07-11 01:17:37.576241	KhRG
b164ad30a6c3770c5c6b96b01256a10f		2026-07-09 22:26:07.345155	KhRG
b164ad30a6c3770c5c6b96b01256a10f		2026-07-09 22:26:27.061714	KhRG
b164ad30a6c3770c5c6b96b01256a10f		2026-07-09 22:28:55.666888	KhRG
b164ad30a6c3770c5c6b96b01256a10f		2026-07-09 22:29:10.289157	KhRG
b164ad30a6c3770c5c6b96b01256a10f		2026-07-09 22:30:13.060883	KhRG
b164ad30a6c3770c5c6b96b01256a10f		2026-07-09 22:30:29.146478	KhRG
b164ad30a6c3770c5c6b96b01256a10f		2026-07-09 22:31:05.189788	KhRG
b164ad30a6c3770c5c6b96b01256a10f		2026-07-09 22:32:17.709797	KhRG
b164ad30a6c3770c5c6b96b01256a10f		2026-07-09 22:35:27.423116	KhRG
b164ad30a6c3770c5c6b96b01256a10f		2026-07-09 22:36:12.690966	KhRG
b164ad30a6c3770c5c6b96b01256a10f		2026-07-09 22:36:20.385485	KhRG
b164ad30a6c3770c5c6b96b01256a10f		2026-07-09 22:37:45.263851	KhRG
b164ad30a6c3770c5c6b96b01256a10f		2026-07-09 22:38:54.382689	KhRG
b164ad30a6c3770c5c6b96b01256a10f		2026-07-09 23:01:40.388271	KhRG
b164ad30a6c3770c5c6b96b01256a10f		2026-07-09 23:08:53.573309	KhRG
b164ad30a6c3770c5c6b96b01256a10f		2026-07-09 23:19:42.903932	KhRG
b164ad30a6c3770c5c6b96b01256a10f		2026-07-09 23:28:39.620988	KhRG
b164ad30a6c3770c5c6b96b01256a10f		2026-07-09 23:29:54.614230	KhRG
b164ad30a6c3770c5c6b96b01256a10f		2026-07-09 23:31:25.495051	KhRG
6b29fbfc3224aa8f9b8407ef065c61c0		2026-07-11 01:25:09.922500	KhRG
b164ad30a6c3770c5c6b96b01256a10f		2026-07-09 23:31:58.677926	KhRG
b164ad30a6c3770c5c6b96b01256a10f		2026-07-09 23:32:12.286475	KhRG
b164ad30a6c3770c5c6b96b01256a10f		2026-07-09 23:40:59.165507	KhRG
b164ad30a6c3770c5c6b96b01256a10f		2026-07-09 23:41:18.863576	KhRG
b164ad30a6c3770c5c6b96b01256a10f		2026-07-09 23:43:55.070769	KhRG
b164ad30a6c3770c5c6b96b01256a10f		2026-07-09 23:44:14.911776	KhRG
b164ad30a6c3770c5c6b96b01256a10f		2026-07-09 23:44:51.379990	KhRG
b164ad30a6c3770c5c6b96b01256a10f		2026-07-09 23:45:13.965222	KhRG
b164ad30a6c3770c5c6b96b01256a10f		2026-07-09 23:45:34.681752	KhRG
b164ad30a6c3770c5c6b96b01256a10f		2026-07-09 23:50:19.978233	KhRG
b164ad30a6c3770c5c6b96b01256a10f		2026-07-09 23:50:37.881591	KhRG
b164ad30a6c3770c5c6b96b01256a10f		2026-07-09 23:50:57.275535	KhRG
b164ad30a6c3770c5c6b96b01256a10f		2026-07-09 23:53:41.395504	KhRG
b164ad30a6c3770c5c6b96b01256a10f		2026-07-09 23:55:57.613538	KhRG
b164ad30a6c3770c5c6b96b01256a10f		2026-07-10 00:01:34.059179	KhRG
b164ad30a6c3770c5c6b96b01256a10f		2026-07-10 00:01:59.848144	KhRG
b164ad30a6c3770c5c6b96b01256a10f		2026-07-10 00:03:24.153132	KhRG
b164ad30a6c3770c5c6b96b01256a10f		2026-07-10 00:03:48.526985	KhRG
b164ad30a6c3770c5c6b96b01256a10f		2026-07-10 00:07:07.619149	KhRG
ba6d1a93f80371b95237c0fddc9f2a41		2026-07-11 13:38:19.173548	KhRG
b164ad30a6c3770c5c6b96b01256a10f		2026-07-10 00:07:15.935998	KhRG
b164ad30a6c3770c5c6b96b01256a10f		2026-07-10 00:07:40.611204	KhRG
b164ad30a6c3770c5c6b96b01256a10f		2026-07-10 00:07:48.227993	KhRG
b164ad30a6c3770c5c6b96b01256a10f		2026-07-10 00:08:30.320212	KhRG
3182edb9fbad168c2e14bdb071f55c7b		2026-07-10 05:03:06.544474	KhRG
3182edb9fbad168c2e14bdb071f55c7b		2026-07-10 05:03:39.617364	KhRG
3182edb9fbad168c2e14bdb071f55c7b		2026-07-10 05:04:50.352736	KhRG
3182edb9fbad168c2e14bdb071f55c7b		2026-07-10 05:05:39.043597	KhRG
3182edb9fbad168c2e14bdb071f55c7b		2026-07-10 05:17:59.154904	KhRG
3182edb9fbad168c2e14bdb071f55c7b		2026-07-10 05:19:04.040949	KhRG
3182edb9fbad168c2e14bdb071f55c7b		2026-07-10 05:19:27.491911	KhRG
3182edb9fbad168c2e14bdb071f55c7b		2026-07-10 05:19:43.652332	KhRG
3182edb9fbad168c2e14bdb071f55c7b		2026-07-10 05:20:02.485624	KhRG
3182edb9fbad168c2e14bdb071f55c7b		2026-07-10 05:26:38.457209	KhRG
3182edb9fbad168c2e14bdb071f55c7b		2026-07-10 05:26:52.806675	KhRG
3182edb9fbad168c2e14bdb071f55c7b		2026-07-10 05:27:28.373639	KhRG
3182edb9fbad168c2e14bdb071f55c7b		2026-07-10 05:28:14.150139	KhRG
3182edb9fbad168c2e14bdb071f55c7b		2026-07-10 05:30:13.285514	KhRG
3e2ad549b15d324e273b81aef2baabe9		2026-07-10 06:57:27.832231	KhRG
3e2ad549b15d324e273b81aef2baabe9		2026-07-10 07:00:03.896482	KhRG
3e2ad549b15d324e273b81aef2baabe9		2026-07-10 07:00:15.929056	KhRG
3e2ad549b15d324e273b81aef2baabe9		2026-07-10 07:41:50.810746	KhRG
3e2ad549b15d324e273b81aef2baabe9		2026-07-10 07:43:59.642575	KhRG
3e2ad549b15d324e273b81aef2baabe9		2026-07-10 07:44:53.224778	KhRG
3e2ad549b15d324e273b81aef2baabe9		2026-07-10 07:45:23.267898	KhRG
3e2ad549b15d324e273b81aef2baabe9		2026-07-10 07:46:22.060281	KhRG
75f8c00e2580ca6cc40ee4f31727409b		2026-07-10 10:01:49.828200	KhRG
75f8c00e2580ca6cc40ee4f31727409b		2026-07-10 10:02:10.958797	KhRG
75f8c00e2580ca6cc40ee4f31727409b		2026-07-10 10:02:59.222873	KhRG
75f8c00e2580ca6cc40ee4f31727409b		2026-07-10 10:04:34.011754	KhRG
75f8c00e2580ca6cc40ee4f31727409b		2026-07-10 10:05:13.264183	KhRG
75f8c00e2580ca6cc40ee4f31727409b		2026-07-10 10:09:16.928739	KhRG
75f8c00e2580ca6cc40ee4f31727409b		2026-07-10 10:09:36.574848	KhRG
ac77a81548ac57d675c2569d72bc9593		2026-07-10 10:13:17.058709	KhRG
ac77a81548ac57d675c2569d72bc9593		2026-07-10 10:14:48.741374	KhRG
3182edb9fbad168c2e14bdb071f55c7b		2026-07-10 10:41:25.234784	KhRG
3182edb9fbad168c2e14bdb071f55c7b		2026-07-10 10:42:12.864205	KhRG
3182edb9fbad168c2e14bdb071f55c7b		2026-07-10 10:42:27.809132	KhRG
ba6d1a93f80371b95237c0fddc9f2a41		2026-07-11 13:40:26.906723	KhRG
3182edb9fbad168c2e14bdb071f55c7b		2026-07-10 10:45:09.169700	KhRG
3182edb9fbad168c2e14bdb071f55c7b		2026-07-10 10:51:17.449731	KhRG
3182edb9fbad168c2e14bdb071f55c7b		2026-07-10 10:51:51.550401	KhRG
3182edb9fbad168c2e14bdb071f55c7b		2026-07-10 10:55:57.340011	KhRG
3182edb9fbad168c2e14bdb071f55c7b		2026-07-10 11:00:16.538865	KhRG
3182edb9fbad168c2e14bdb071f55c7b		2026-07-10 11:02:24.956969	KhRG
3182edb9fbad168c2e14bdb071f55c7b		2026-07-10 11:04:05.838850	KhRG
3182edb9fbad168c2e14bdb071f55c7b		2026-07-10 11:07:51.882690	KhRG
3182edb9fbad168c2e14bdb071f55c7b		2026-07-10 11:08:09.949044	KhRG
3182edb9fbad168c2e14bdb071f55c7b		2026-07-10 11:11:50.891536	KhRG
3e2ad549b15d324e273b81aef2baabe9		2026-07-10 11:29:33.293004	KhRG
3e2ad549b15d324e273b81aef2baabe9		2026-07-10 11:32:05.589977	KhRG
3182edb9fbad168c2e14bdb071f55c7b		2026-07-10 11:34:21.437593	KhRG
3182edb9fbad168c2e14bdb071f55c7b		2026-07-10 11:38:26.106987	KhRG
3182edb9fbad168c2e14bdb071f55c7b		2026-07-10 11:38:36.848779	KhRG
3182edb9fbad168c2e14bdb071f55c7b		2026-07-10 11:40:49.786886	KhRG
3e2ad549b15d324e273b81aef2baabe9		2026-07-10 11:42:13.379613	KhRG
3e2ad549b15d324e273b81aef2baabe9		2026-07-10 11:43:03.577052	KhRG
3182edb9fbad168c2e14bdb071f55c7b		2026-07-10 11:43:05.121974	KhRG
3e2ad549b15d324e273b81aef2baabe9		2026-07-10 11:43:35.320692	KhRG
3e2ad549b15d324e273b81aef2baabe9		2026-07-10 11:43:45.282985	KhRG
3e2ad549b15d324e273b81aef2baabe9		2026-07-10 11:44:38.110428	KhRG
3182edb9fbad168c2e14bdb071f55c7b		2026-07-10 11:45:15.147872	KhRG
3e2ad549b15d324e273b81aef2baabe9		2026-07-10 11:45:18.086705	KhRG
3182edb9fbad168c2e14bdb071f55c7b		2026-07-10 12:23:00.568277	KhRG
3182edb9fbad168c2e14bdb071f55c7b		2026-07-10 12:23:23.133685	KhRG
3182edb9fbad168c2e14bdb071f55c7b		2026-07-10 12:25:06.777626	KhRG
3182edb9fbad168c2e14bdb071f55c7b		2026-07-10 12:25:48.215101	KhRG
3182edb9fbad168c2e14bdb071f55c7b		2026-07-10 12:26:03.110363	KhRG
fb93144fd3ee11cc144b800105cda197		2026-07-10 12:46:30.867230	KhRG
fb93144fd3ee11cc144b800105cda197		2026-07-10 12:47:26.394352	KhRG
fb93144fd3ee11cc144b800105cda197		2026-07-10 12:51:18.874225	KhRG
6b29fbfc3224aa8f9b8407ef065c61c0		2026-07-10 12:55:20.795444	KhRG
fb93144fd3ee11cc144b800105cda197		2026-07-10 13:05:32.076817	KhRG
fb93144fd3ee11cc144b800105cda197		2026-07-10 13:05:52.437386	KhRG
fb93144fd3ee11cc144b800105cda197		2026-07-10 13:06:16.161413	KhRG
fb93144fd3ee11cc144b800105cda197		2026-07-10 13:07:44.346261	KhRG
fb93144fd3ee11cc144b800105cda197		2026-07-10 13:08:15.078561	KhRG
fb93144fd3ee11cc144b800105cda197		2026-07-10 13:14:19.760137	KhRG
fb93144fd3ee11cc144b800105cda197		2026-07-10 13:15:41.651474	KhRG
fb93144fd3ee11cc144b800105cda197		2026-07-10 13:16:16.050519	KhRG
fb93144fd3ee11cc144b800105cda197		2026-07-10 13:20:31.024833	KhRG
3e2ad549b15d324e273b81aef2baabe9		2026-07-10 14:03:34.132857	KhRG
3e2ad549b15d324e273b81aef2baabe9		2026-07-10 14:04:08.116061	KhRG
3e2ad549b15d324e273b81aef2baabe9		2026-07-10 14:04:21.096530	KhRG
ba6d1a93f80371b95237c0fddc9f2a41		2026-07-11 15:13:52.246259	KhRG
3e2ad549b15d324e273b81aef2baabe9		2026-07-10 14:08:18.704475	KhRG
3e2ad549b15d324e273b81aef2baabe9		2026-07-10 14:08:49.111406	KhRG
3e2ad549b15d324e273b81aef2baabe9		2026-07-10 14:09:02.177229	KhRG
3e2ad549b15d324e273b81aef2baabe9		2026-07-10 14:15:46.177002	KhRG
3e2ad549b15d324e273b81aef2baabe9		2026-07-10 14:16:01.365724	KhRG
3e2ad549b15d324e273b81aef2baabe9		2026-07-10 14:21:29.682059	KhRG
08483d52ab4c3eab9b1dcee27a793d38		2026-07-10 14:35:21.114149	KhRG
08483d52ab4c3eab9b1dcee27a793d38		2026-07-10 14:35:35.279548	KhRG
08483d52ab4c3eab9b1dcee27a793d38		2026-07-10 14:35:53.854678	KhRG
08483d52ab4c3eab9b1dcee27a793d38		2026-07-10 14:36:19.182532	KhRG
08483d52ab4c3eab9b1dcee27a793d38		2026-07-10 14:36:41.749942	KhRG
08483d52ab4c3eab9b1dcee27a793d38		2026-07-10 14:36:56.002708	KhRG
ed0a0fec589664862c75c49979adf63d		2026-07-10 14:47:54.596365	KhRG
3e2ad549b15d324e273b81aef2baabe9		2026-07-10 14:49:14.839000	KhRG
ed0a0fec589664862c75c49979adf63d		2026-07-10 15:03:50.944058	KhRG
3e2ad549b15d324e273b81aef2baabe9		2026-07-10 15:05:30.543074	KhRG
3e2ad549b15d324e273b81aef2baabe9		2026-07-10 15:05:42.765025	KhRG
ed0a0fec589664862c75c49979adf63d		2026-07-10 15:10:28.009481	KhRG
3e2ad549b15d324e273b81aef2baabe9		2026-07-10 15:28:56.803011	KhRG
3e2ad549b15d324e273b81aef2baabe9		2026-07-10 15:31:37.901220	KhRG
3e2ad549b15d324e273b81aef2baabe9		2026-07-10 15:32:03.224977	KhRG
ba6d1a93f80371b95237c0fddc9f2a41		2026-07-11 15:15:32.767604	KhRG
3e2ad549b15d324e273b81aef2baabe9		2026-07-10 15:32:16.285553	KhRG
3e2ad549b15d324e273b81aef2baabe9		2026-07-10 15:38:43.974459	KhRG
3e2ad549b15d324e273b81aef2baabe9		2026-07-10 15:39:19.129608	KhRG
3e2ad549b15d324e273b81aef2baabe9		2026-07-10 15:39:43.463515	KhRG
3e2ad549b15d324e273b81aef2baabe9		2026-07-10 15:40:59.313504	KhRG
3e2ad549b15d324e273b81aef2baabe9		2026-07-10 15:42:43.031410	KhRG
3e2ad549b15d324e273b81aef2baabe9		2026-07-10 15:43:40.325098	KhRG
3e2ad549b15d324e273b81aef2baabe9		2026-07-10 15:43:59.898265	KhRG
3e2ad549b15d324e273b81aef2baabe9		2026-07-10 15:44:05.265249	KhRG
3e2ad549b15d324e273b81aef2baabe9		2026-07-10 15:44:16.356116	KhRG
3e2ad549b15d324e273b81aef2baabe9		2026-07-10 15:46:05.232110	KhRG
3e2ad549b15d324e273b81aef2baabe9		2026-07-10 15:46:41.688561	KhRG
3e2ad549b15d324e273b81aef2baabe9		2026-07-10 16:26:31.363849	KhRG
3e2ad549b15d324e273b81aef2baabe9		2026-07-10 16:27:04.580533	KhRG
3e2ad549b15d324e273b81aef2baabe9		2026-07-10 16:27:17.713951	KhRG
3e2ad549b15d324e273b81aef2baabe9		2026-07-10 16:31:44.511943	KhRG
3e2ad549b15d324e273b81aef2baabe9		2026-07-10 16:33:39.642556	KhRG
3e2ad549b15d324e273b81aef2baabe9		2026-07-10 16:40:16.627421	KhRG
1a905cd87547fa010839752934d82fef		2026-07-12 10:12:14.567639	KhRG
3e2ad549b15d324e273b81aef2baabe9		2026-07-10 16:40:34.265216	KhRG
3e2ad549b15d324e273b81aef2baabe9		2026-07-10 16:41:16.549377	KhRG
3e2ad549b15d324e273b81aef2baabe9		2026-07-10 16:44:03.268078	KhRG
6b29fbfc3224aa8f9b8407ef065c61c0		2026-07-10 16:44:11.420635	KhRG
6b29fbfc3224aa8f9b8407ef065c61c0		2026-07-10 16:44:42.119585	KhRG
3e2ad549b15d324e273b81aef2baabe9		2026-07-10 16:44:46.923750	KhRG
6b29fbfc3224aa8f9b8407ef065c61c0		2026-07-10 16:45:21.914190	KhRG
6b29fbfc3224aa8f9b8407ef065c61c0		2026-07-10 16:48:43.519252	KhRG
6b29fbfc3224aa8f9b8407ef065c61c0		2026-07-10 16:49:08.806751	KhRG
6b29fbfc3224aa8f9b8407ef065c61c0		2026-07-10 16:49:56.258609	KhRG
6b29fbfc3224aa8f9b8407ef065c61c0		2026-07-10 16:50:09.692206	KhRG
6b29fbfc3224aa8f9b8407ef065c61c0		2026-07-10 16:53:30.417820	KhRG
6b29fbfc3224aa8f9b8407ef065c61c0		2026-07-10 16:55:13.227273	KhRG
6b29fbfc3224aa8f9b8407ef065c61c0		2026-07-10 16:56:06.432442	KhRG
6b29fbfc3224aa8f9b8407ef065c61c0		2026-07-10 16:56:16.306312	KhRG
6b29fbfc3224aa8f9b8407ef065c61c0		2026-07-10 16:56:32.457139	KhRG
6b29fbfc3224aa8f9b8407ef065c61c0		2026-07-10 16:57:14.522516	KhRG
6b29fbfc3224aa8f9b8407ef065c61c0		2026-07-10 16:57:44.195834	KhRG
6b29fbfc3224aa8f9b8407ef065c61c0		2026-07-10 17:01:07.914320	KhRG
b06e2f9b2f52aa47a56ebb333ef85eee		2026-07-10 17:42:50.918019	KhRG
78fa2c425aeb6799926074b9ac1fdb33		2026-07-10 17:47:09.576795	KhRG
78fa2c425aeb6799926074b9ac1fdb33		2026-07-10 17:47:48.564733	KhRG
ba6d1a93f80371b95237c0fddc9f2a41		2026-07-10 18:40:21.261398	KhRG
3e2ad549b15d324e273b81aef2baabe9		2026-07-10 19:12:55.296292	KhRG
3e2ad549b15d324e273b81aef2baabe9		2026-07-10 19:13:08.251838	KhRG
08483d52ab4c3eab9b1dcee27a793d38		2026-07-10 19:17:18.434664	KhRG
ba6d1a93f80371b95237c0fddc9f2a41		2026-07-10 19:18:10.287496	KhRG
3e2ad549b15d324e273b81aef2baabe9		2026-07-10 19:18:25.800530	KhRG
1a905cd87547fa010839752934d82fef		2026-07-12 10:15:19.724442	KhRG
3e2ad549b15d324e273b81aef2baabe9		2026-07-10 19:18:44.934054	KhRG
3e2ad549b15d324e273b81aef2baabe9		2026-07-10 19:19:00.707566	KhRG
ba6d1a93f80371b95237c0fddc9f2a41		2026-07-10 19:19:01.191635	KhRG
3e2ad549b15d324e273b81aef2baabe9		2026-07-10 19:19:18.807964	KhRG
3e2ad549b15d324e273b81aef2baabe9		2026-07-10 19:22:19.139114	KhRG
3e2ad549b15d324e273b81aef2baabe9		2026-07-10 19:26:39.925048	KhRG
ba6d1a93f80371b95237c0fddc9f2a41		2026-07-10 19:37:15.034650	KhRG
3e2ad549b15d324e273b81aef2baabe9		2026-07-10 19:48:30.874407	KhRG
ba6d1a93f80371b95237c0fddc9f2a41		2026-07-10 19:51:12.507900	KhRG
3e2ad549b15d324e273b81aef2baabe9		2026-07-10 20:39:13.924784	KhRG
6b29fbfc3224aa8f9b8407ef065c61c0		2026-07-11 00:01:40.479448	KhRG
6b29fbfc3224aa8f9b8407ef065c61c0		2026-07-11 00:02:19.231176	KhRG
6b29fbfc3224aa8f9b8407ef065c61c0		2026-07-11 00:02:35.008639	KhRG
6b29fbfc3224aa8f9b8407ef065c61c0		2026-07-11 00:02:49.662369	KhRG
6b29fbfc3224aa8f9b8407ef065c61c0		2026-07-11 00:03:56.636323	KhRG
6b29fbfc3224aa8f9b8407ef065c61c0		2026-07-11 00:04:16.245756	KhRG
6b29fbfc3224aa8f9b8407ef065c61c0		2026-07-11 00:07:13.556340	KhRG
6b29fbfc3224aa8f9b8407ef065c61c0		2026-07-11 00:07:48.374362	KhRG
6b29fbfc3224aa8f9b8407ef065c61c0		2026-07-11 00:08:55.486267	KhRG
6b29fbfc3224aa8f9b8407ef065c61c0		2026-07-11 00:11:46.102648	KhRG
6b29fbfc3224aa8f9b8407ef065c61c0		2026-07-11 00:11:59.035391	KhRG
6b29fbfc3224aa8f9b8407ef065c61c0		2026-07-11 00:12:43.257365	KhRG
6b29fbfc3224aa8f9b8407ef065c61c0		2026-07-11 00:12:55.732544	KhRG
6b29fbfc3224aa8f9b8407ef065c61c0		2026-07-11 00:13:50.440656	KhRG
6b29fbfc3224aa8f9b8407ef065c61c0		2026-07-11 00:14:42.550417	KhRG
6b29fbfc3224aa8f9b8407ef065c61c0		2026-07-11 00:14:55.741710	KhRG
6b29fbfc3224aa8f9b8407ef065c61c0		2026-07-11 00:16:25.543217	KhRG
6b29fbfc3224aa8f9b8407ef065c61c0		2026-07-11 00:17:18.330105	KhRG
6b29fbfc3224aa8f9b8407ef065c61c0		2026-07-11 00:19:26.101369	KhRG
6b29fbfc3224aa8f9b8407ef065c61c0		2026-07-11 00:23:15.799965	KhRG
6b29fbfc3224aa8f9b8407ef065c61c0		2026-07-11 01:35:26.910852	KhRG
6b29fbfc3224aa8f9b8407ef065c61c0		2026-07-11 01:35:54.075405	KhRG
6b29fbfc3224aa8f9b8407ef065c61c0		2026-07-11 01:36:19.208338	KhRG
6b29fbfc3224aa8f9b8407ef065c61c0		2026-07-11 01:36:36.733067	KhRG
6b29fbfc3224aa8f9b8407ef065c61c0		2026-07-11 01:37:15.989490	KhRG
6b29fbfc3224aa8f9b8407ef065c61c0		2026-07-11 01:39:36.909187	KhRG
6b29fbfc3224aa8f9b8407ef065c61c0		2026-07-11 01:40:01.714825	KhRG
6b29fbfc3224aa8f9b8407ef065c61c0		2026-07-11 01:40:17.677226	KhRG
6b29fbfc3224aa8f9b8407ef065c61c0		2026-07-11 01:40:44.432924	KhRG
6b29fbfc3224aa8f9b8407ef065c61c0		2026-07-11 01:42:20.898603	KhRG
6b29fbfc3224aa8f9b8407ef065c61c0		2026-07-11 01:42:38.732717	KhRG
6b29fbfc3224aa8f9b8407ef065c61c0		2026-07-11 01:50:09.926893	KhRG
6b29fbfc3224aa8f9b8407ef065c61c0		2026-07-11 01:52:05.837987	KhRG
6b29fbfc3224aa8f9b8407ef065c61c0		2026-07-11 01:52:22.552290	KhRG
6b29fbfc3224aa8f9b8407ef065c61c0		2026-07-11 01:52:50.622592	KhRG
6b29fbfc3224aa8f9b8407ef065c61c0		2026-07-11 01:55:07.554843	KhRG
6b29fbfc3224aa8f9b8407ef065c61c0		2026-07-11 01:55:30.919889	KhRG
6b29fbfc3224aa8f9b8407ef065c61c0		2026-07-11 01:56:59.969433	KhRG
6b29fbfc3224aa8f9b8407ef065c61c0		2026-07-11 02:03:03.643809	KhRG
6b29fbfc3224aa8f9b8407ef065c61c0		2026-07-11 02:03:20.715679	KhRG
6b29fbfc3224aa8f9b8407ef065c61c0		2026-07-11 02:03:57.047948	KhRG
6b29fbfc3224aa8f9b8407ef065c61c0		2026-07-11 02:04:17.876825	KhRG
6b29fbfc3224aa8f9b8407ef065c61c0		2026-07-11 02:04:32.948072	KhRG
6b29fbfc3224aa8f9b8407ef065c61c0		2026-07-11 02:05:28.973681	KhRG
6b29fbfc3224aa8f9b8407ef065c61c0		2026-07-11 02:05:57.798828	KhRG
6b29fbfc3224aa8f9b8407ef065c61c0		2026-07-11 02:06:24.852820	KhRG
6b29fbfc3224aa8f9b8407ef065c61c0		2026-07-11 02:06:32.228343	KhRG
6b29fbfc3224aa8f9b8407ef065c61c0		2026-07-11 02:06:50.099606	KhRG
6b29fbfc3224aa8f9b8407ef065c61c0		2026-07-11 02:07:13.321495	KhRG
6b29fbfc3224aa8f9b8407ef065c61c0		2026-07-11 02:07:33.256282	KhRG
6b29fbfc3224aa8f9b8407ef065c61c0		2026-07-11 02:07:41.970670	KhRG
6b29fbfc3224aa8f9b8407ef065c61c0		2026-07-11 02:07:52.326363	KhRG
6b29fbfc3224aa8f9b8407ef065c61c0		2026-07-11 02:08:55.810801	KhRG
6b29fbfc3224aa8f9b8407ef065c61c0		2026-07-11 02:09:19.947459	KhRG
6b29fbfc3224aa8f9b8407ef065c61c0		2026-07-11 02:09:31.501671	KhRG
6b29fbfc3224aa8f9b8407ef065c61c0		2026-07-11 02:09:49.939741	KhRG
6b29fbfc3224aa8f9b8407ef065c61c0		2026-07-11 02:13:49.419381	KhRG
6b29fbfc3224aa8f9b8407ef065c61c0		2026-07-11 02:14:26.229860	KhRG
6b29fbfc3224aa8f9b8407ef065c61c0		2026-07-11 02:14:51.718746	KhRG
6b29fbfc3224aa8f9b8407ef065c61c0		2026-07-11 02:15:10.549456	KhRG
6b29fbfc3224aa8f9b8407ef065c61c0		2026-07-11 02:15:49.580141	KhRG
6b29fbfc3224aa8f9b8407ef065c61c0		2026-07-11 02:16:01.868231	KhRG
6b29fbfc3224aa8f9b8407ef065c61c0		2026-07-11 02:16:16.196937	KhRG
6b29fbfc3224aa8f9b8407ef065c61c0		2026-07-11 02:16:34.139514	KhRG
6b29fbfc3224aa8f9b8407ef065c61c0		2026-07-11 02:17:49.186568	KhRG
6b29fbfc3224aa8f9b8407ef065c61c0		2026-07-11 02:18:01.224547	KhRG
6b29fbfc3224aa8f9b8407ef065c61c0		2026-07-11 02:19:13.103115	KhRG
6b29fbfc3224aa8f9b8407ef065c61c0		2026-07-11 02:19:22.814334	KhRG
6b29fbfc3224aa8f9b8407ef065c61c0		2026-07-11 02:19:32.960739	KhRG
6b29fbfc3224aa8f9b8407ef065c61c0		2026-07-11 02:19:55.742547	KhRG
6b29fbfc3224aa8f9b8407ef065c61c0		2026-07-11 02:20:04.658114	KhRG
6b29fbfc3224aa8f9b8407ef065c61c0		2026-07-11 02:20:34.174533	KhRG
6b29fbfc3224aa8f9b8407ef065c61c0		2026-07-11 02:20:44.364171	KhRG
6b29fbfc3224aa8f9b8407ef065c61c0		2026-07-11 02:21:39.553654	KhRG
6b29fbfc3224aa8f9b8407ef065c61c0		2026-07-11 03:14:28.522323	KhRG
6b29fbfc3224aa8f9b8407ef065c61c0		2026-07-11 03:21:50.809440	KhRG
6b29fbfc3224aa8f9b8407ef065c61c0		2026-07-11 03:23:03.333525	KhRG
6b29fbfc3224aa8f9b8407ef065c61c0		2026-07-11 03:23:37.333859	KhRG
6b29fbfc3224aa8f9b8407ef065c61c0		2026-07-11 03:24:58.190204	KhRG
6b29fbfc3224aa8f9b8407ef065c61c0		2026-07-11 03:30:29.597845	KhRG
6b29fbfc3224aa8f9b8407ef065c61c0		2026-07-11 03:31:46.008986	KhRG
6b29fbfc3224aa8f9b8407ef065c61c0		2026-07-11 03:35:13.178210	KhRG
6b29fbfc3224aa8f9b8407ef065c61c0		2026-07-11 03:35:28.496205	KhRG
6b29fbfc3224aa8f9b8407ef065c61c0		2026-07-11 03:35:43.118493	KhRG
6b29fbfc3224aa8f9b8407ef065c61c0		2026-07-11 03:37:12.265519	KhRG
6b29fbfc3224aa8f9b8407ef065c61c0		2026-07-11 03:39:31.689596	KhRG
6b29fbfc3224aa8f9b8407ef065c61c0		2026-07-11 04:12:51.901158	KhRG
6b29fbfc3224aa8f9b8407ef065c61c0		2026-07-11 04:13:21.474879	KhRG
6b29fbfc3224aa8f9b8407ef065c61c0		2026-07-11 04:13:33.389115	KhRG
6b29fbfc3224aa8f9b8407ef065c61c0		2026-07-11 04:15:20.242126	KhRG
6b29fbfc3224aa8f9b8407ef065c61c0		2026-07-11 04:17:53.199506	KhRG
6b29fbfc3224aa8f9b8407ef065c61c0		2026-07-11 04:22:27.764990	KhRG
6b29fbfc3224aa8f9b8407ef065c61c0		2026-07-11 04:22:39.447311	KhRG
6b29fbfc3224aa8f9b8407ef065c61c0		2026-07-11 04:23:11.743967	KhRG
6b29fbfc3224aa8f9b8407ef065c61c0		2026-07-11 04:27:05.775945	KhRG
6b29fbfc3224aa8f9b8407ef065c61c0		2026-07-11 04:27:36.199534	KhRG
6b29fbfc3224aa8f9b8407ef065c61c0		2026-07-11 04:27:45.809753	KhRG
6b29fbfc3224aa8f9b8407ef065c61c0		2026-07-11 04:28:14.133048	KhRG
6b29fbfc3224aa8f9b8407ef065c61c0		2026-07-11 04:28:19.176523	KhRG
6b29fbfc3224aa8f9b8407ef065c61c0		2026-07-11 04:28:31.169664	KhRG
6b29fbfc3224aa8f9b8407ef065c61c0		2026-07-11 04:30:04.670921	KhRG
6b29fbfc3224aa8f9b8407ef065c61c0		2026-07-11 04:30:33.257049	KhRG
6b29fbfc3224aa8f9b8407ef065c61c0		2026-07-11 04:30:44.812063	KhRG
6b29fbfc3224aa8f9b8407ef065c61c0		2026-07-11 04:32:06.403952	KhRG
6b29fbfc3224aa8f9b8407ef065c61c0		2026-07-11 04:32:21.078637	KhRG
6b29fbfc3224aa8f9b8407ef065c61c0		2026-07-11 04:32:33.014769	KhRG
6b29fbfc3224aa8f9b8407ef065c61c0		2026-07-11 04:40:04.202605	KhRG
6b29fbfc3224aa8f9b8407ef065c61c0		2026-07-11 04:40:32.958645	KhRG
6b29fbfc3224aa8f9b8407ef065c61c0		2026-07-11 04:40:42.027841	KhRG
6b29fbfc3224aa8f9b8407ef065c61c0		2026-07-11 04:44:23.345134	KhRG
6b29fbfc3224aa8f9b8407ef065c61c0		2026-07-11 04:45:49.072066	KhRG
6b29fbfc3224aa8f9b8407ef065c61c0		2026-07-11 04:46:20.005303	KhRG
6b29fbfc3224aa8f9b8407ef065c61c0		2026-07-11 04:47:08.372012	KhRG
6b29fbfc3224aa8f9b8407ef065c61c0		2026-07-11 04:47:34.129159	KhRG
6b29fbfc3224aa8f9b8407ef065c61c0		2026-07-11 04:48:00.726642	KhRG
6b29fbfc3224aa8f9b8407ef065c61c0		2026-07-11 04:48:45.469569	KhRG
6b29fbfc3224aa8f9b8407ef065c61c0		2026-07-11 04:49:20.938623	KhRG
6b29fbfc3224aa8f9b8407ef065c61c0		2026-07-11 04:49:46.529070	KhRG
6b29fbfc3224aa8f9b8407ef065c61c0		2026-07-11 04:50:45.142795	KhRG
b06e2f9b2f52aa47a56ebb333ef85eee		2026-07-11 05:55:16.009202	KhRG
b06e2f9b2f52aa47a56ebb333ef85eee		2026-07-11 06:12:14.249206	KhRG
b06e2f9b2f52aa47a56ebb333ef85eee		2026-07-11 06:12:28.797126	KhRG
b06e2f9b2f52aa47a56ebb333ef85eee		2026-07-11 06:13:13.942306	KhRG
b06e2f9b2f52aa47a56ebb333ef85eee		2026-07-11 06:13:50.924546	KhRG
b06e2f9b2f52aa47a56ebb333ef85eee		2026-07-11 06:23:14.343278	KhRG
b06e2f9b2f52aa47a56ebb333ef85eee		2026-07-11 06:24:21.403805	KhRG
b06e2f9b2f52aa47a56ebb333ef85eee		2026-07-11 06:26:10.646552	KhRG
b06e2f9b2f52aa47a56ebb333ef85eee		2026-07-11 06:26:55.051441	KhRG
b06e2f9b2f52aa47a56ebb333ef85eee		2026-07-11 06:27:11.745538	KhRG
b06e2f9b2f52aa47a56ebb333ef85eee		2026-07-11 06:28:26.893988	KhRG
b06e2f9b2f52aa47a56ebb333ef85eee		2026-07-11 06:28:51.817303	KhRG
b06e2f9b2f52aa47a56ebb333ef85eee		2026-07-11 06:29:12.696122	KhRG
b06e2f9b2f52aa47a56ebb333ef85eee		2026-07-11 06:30:36.126069	KhRG
b06e2f9b2f52aa47a56ebb333ef85eee		2026-07-11 06:31:25.562004	KhRG
b06e2f9b2f52aa47a56ebb333ef85eee		2026-07-11 06:32:05.904323	KhRG
b06e2f9b2f52aa47a56ebb333ef85eee		2026-07-11 06:32:40.512840	KhRG
3e2ad549b15d324e273b81aef2baabe9		2026-07-11 09:01:30.206468	KhRG
3e2ad549b15d324e273b81aef2baabe9		2026-07-11 09:02:03.254434	KhRG
ed0a0fec589664862c75c49979adf63d		2026-07-11 09:03:08.572034	KhRG
3e2ad549b15d324e273b81aef2baabe9		2026-07-11 09:11:54.913980	KhRG
3e2ad549b15d324e273b81aef2baabe9		2026-07-11 09:13:10.517666	KhRG
3e2ad549b15d324e273b81aef2baabe9		2026-07-11 09:18:50.476563	KhRG
3e2ad549b15d324e273b81aef2baabe9		2026-07-11 09:19:07.897548	KhRG
ed0a0fec589664862c75c49979adf63d		2026-07-11 09:41:04.854257	KhRG
fc6e7b05aea934cd9e71024ced7c83bf		2026-07-11 10:11:15.912347	KhRG
2194afa616757365545abb57e7dfa702		2026-07-11 10:29:18.306132	KhRG
ba6d1a93f80371b95237c0fddc9f2a41		2026-07-11 10:49:43.649320	KhRG
ba6d1a93f80371b95237c0fddc9f2a41		2026-07-11 10:51:53.886752	KhRG
ba6d1a93f80371b95237c0fddc9f2a41		2026-07-11 10:53:27.225756	KhRG
ba6d1a93f80371b95237c0fddc9f2a41		2026-07-11 10:54:50.347827	KhRG
ba6d1a93f80371b95237c0fddc9f2a41		2026-07-11 11:34:09.365356	KhRG
ba6d1a93f80371b95237c0fddc9f2a41		2026-07-11 11:37:07.268913	KhRG
ba6d1a93f80371b95237c0fddc9f2a41		2026-07-11 11:44:20.400635	KhRG
ba6d1a93f80371b95237c0fddc9f2a41		2026-07-11 11:50:07.510048	KhRG
ba6d1a93f80371b95237c0fddc9f2a41		2026-07-11 11:50:48.088301	KhRG
ba6d1a93f80371b95237c0fddc9f2a41		2026-07-11 12:01:36.809368	KhRG
ba6d1a93f80371b95237c0fddc9f2a41		2026-07-11 12:11:08.406302	KhRG
ba6d1a93f80371b95237c0fddc9f2a41		2026-07-11 12:14:46.939446	KhRG
ba6d1a93f80371b95237c0fddc9f2a41		2026-07-11 13:32:32.818017	KhRG
ba6d1a93f80371b95237c0fddc9f2a41		2026-07-11 13:36:04.989578	KhRG
6b29fbfc3224aa8f9b8407ef065c61c0		2026-07-11 13:41:24.083132	KhRG
6b29fbfc3224aa8f9b8407ef065c61c0		2026-07-11 13:41:37.763921	KhRG
6b29fbfc3224aa8f9b8407ef065c61c0		2026-07-11 13:42:09.433055	KhRG
ba6d1a93f80371b95237c0fddc9f2a41		2026-07-11 13:42:09.643222	KhRG
ba6d1a93f80371b95237c0fddc9f2a41		2026-07-11 13:44:35.651323	KhRG
ba6d1a93f80371b95237c0fddc9f2a41		2026-07-11 13:44:54.233762	KhRG
ba6d1a93f80371b95237c0fddc9f2a41		2026-07-11 13:50:46.698865	KhRG
ba6d1a93f80371b95237c0fddc9f2a41		2026-07-11 13:51:38.283220	KhRG
ba6d1a93f80371b95237c0fddc9f2a41		2026-07-11 13:52:43.599779	KhRG
ba6d1a93f80371b95237c0fddc9f2a41		2026-07-11 13:53:15.427715	KhRG
6b29fbfc3224aa8f9b8407ef065c61c0		2026-07-11 13:53:59.545192	KhRG
ba6d1a93f80371b95237c0fddc9f2a41		2026-07-11 13:54:32.107667	KhRG
6b29fbfc3224aa8f9b8407ef065c61c0		2026-07-11 13:55:12.876685	KhRG
6b29fbfc3224aa8f9b8407ef065c61c0		2026-07-11 13:55:45.357565	KhRG
6b29fbfc3224aa8f9b8407ef065c61c0		2026-07-11 13:56:04.276564	KhRG
6b29fbfc3224aa8f9b8407ef065c61c0		2026-07-11 13:59:59.839599	KhRG
ba6d1a93f80371b95237c0fddc9f2a41		2026-07-11 14:08:17.737770	KhRG
ba6d1a93f80371b95237c0fddc9f2a41		2026-07-11 14:09:52.112907	KhRG
6b29fbfc3224aa8f9b8407ef065c61c0		2026-07-11 14:11:16.608473	KhRG
ba6d1a93f80371b95237c0fddc9f2a41		2026-07-11 14:15:41.862683	KhRG
ba6d1a93f80371b95237c0fddc9f2a41		2026-07-11 14:28:49.179735	KhRG
ba6d1a93f80371b95237c0fddc9f2a41		2026-07-11 14:30:36.030820	KhRG
ba6d1a93f80371b95237c0fddc9f2a41		2026-07-11 14:34:20.390994	KhRG
ba6d1a93f80371b95237c0fddc9f2a41		2026-07-11 14:41:01.691387	KhRG
ba6d1a93f80371b95237c0fddc9f2a41		2026-07-11 14:55:08.308904	KhRG
ba6d1a93f80371b95237c0fddc9f2a41		2026-07-11 15:04:39.438808	KhRG
ba6d1a93f80371b95237c0fddc9f2a41		2026-07-11 15:06:08.573663	KhRG
ba6d1a93f80371b95237c0fddc9f2a41		2026-07-11 15:08:58.451817	KhRG
ba6d1a93f80371b95237c0fddc9f2a41		2026-07-11 15:11:39.545121	KhRG
ed0a0fec589664862c75c49979adf63d		2026-07-11 15:16:30.456630	KhRG
ba6d1a93f80371b95237c0fddc9f2a41		2026-07-11 15:18:42.536712	KhRG
ba6d1a93f80371b95237c0fddc9f2a41		2026-07-11 15:20:27.101882	KhRG
ba6d1a93f80371b95237c0fddc9f2a41		2026-07-11 15:25:07.846142	KhRG
b164ad30a6c3770c5c6b96b01256a10f		2026-07-11 15:51:24.618447	KhRG
b164ad30a6c3770c5c6b96b01256a10f		2026-07-11 15:58:29.270239	KhRG
b164ad30a6c3770c5c6b96b01256a10f		2026-07-11 15:59:09.008394	KhRG
b164ad30a6c3770c5c6b96b01256a10f		2026-07-11 16:01:14.213253	KhRG
b164ad30a6c3770c5c6b96b01256a10f		2026-07-11 16:01:53.584943	KhRG
b164ad30a6c3770c5c6b96b01256a10f		2026-07-11 16:07:40.293000	KhRG
b164ad30a6c3770c5c6b96b01256a10f		2026-07-11 16:07:59.303347	KhRG
20ba4542a73e7d02e07ce18abdb90c25		2026-07-11 16:08:48.597316	KhRG
20ba4542a73e7d02e07ce18abdb90c25		2026-07-11 16:12:20.710119	KhRG
b164ad30a6c3770c5c6b96b01256a10f		2026-07-11 16:14:57.232341	KhRG
b164ad30a6c3770c5c6b96b01256a10f		2026-07-11 16:15:45.872875	KhRG
b164ad30a6c3770c5c6b96b01256a10f		2026-07-11 16:15:51.022926	KhRG
b164ad30a6c3770c5c6b96b01256a10f		2026-07-11 16:16:33.046032	KhRG
b164ad30a6c3770c5c6b96b01256a10f		2026-07-11 16:17:34.731467	KhRG
b164ad30a6c3770c5c6b96b01256a10f		2026-07-11 16:18:34.867972	KhRG
b164ad30a6c3770c5c6b96b01256a10f		2026-07-11 16:19:39.454522	KhRG
b164ad30a6c3770c5c6b96b01256a10f		2026-07-11 16:26:38.903866	KhRG
b164ad30a6c3770c5c6b96b01256a10f		2026-07-11 16:29:09.602944	KhRG
ed0a0fec589664862c75c49979adf63d		2026-07-11 16:29:23.420296	KhRG
b164ad30a6c3770c5c6b96b01256a10f		2026-07-11 16:34:48.658583	KhRG
b164ad30a6c3770c5c6b96b01256a10f		2026-07-11 16:35:10.738983	KhRG
b164ad30a6c3770c5c6b96b01256a10f		2026-07-11 16:35:26.485474	KhRG
20ba4542a73e7d02e07ce18abdb90c25		2026-07-11 16:35:50.281005	KhRG
b164ad30a6c3770c5c6b96b01256a10f		2026-07-11 16:38:05.498867	KhRG
b164ad30a6c3770c5c6b96b01256a10f		2026-07-11 16:38:15.496998	KhRG
b164ad30a6c3770c5c6b96b01256a10f		2026-07-11 16:38:58.556647	KhRG
b164ad30a6c3770c5c6b96b01256a10f		2026-07-11 16:39:53.463405	KhRG
20ba4542a73e7d02e07ce18abdb90c25		2026-07-11 16:40:13.154068	KhRG
b164ad30a6c3770c5c6b96b01256a10f		2026-07-11 16:40:18.920719	KhRG
20ba4542a73e7d02e07ce18abdb90c25		2026-07-11 16:40:48.055904	KhRG
20ba4542a73e7d02e07ce18abdb90c25		2026-07-11 16:41:34.876324	KhRG
b164ad30a6c3770c5c6b96b01256a10f		2026-07-11 16:42:17.323589	KhRG
b164ad30a6c3770c5c6b96b01256a10f		2026-07-11 16:47:14.471773	KhRG
b164ad30a6c3770c5c6b96b01256a10f		2026-07-11 16:47:24.119076	KhRG
b164ad30a6c3770c5c6b96b01256a10f		2026-07-11 16:49:25.775004	KhRG
ed0a0fec589664862c75c49979adf63d		2026-07-11 16:49:33.413989	KhRG
1a905cd87547fa010839752934d82fef		2026-07-12 10:17:51.781477	KhRG
b164ad30a6c3770c5c6b96b01256a10f		2026-07-11 16:50:54.253348	KhRG
b164ad30a6c3770c5c6b96b01256a10f		2026-07-11 16:51:28.885673	KhRG
b164ad30a6c3770c5c6b96b01256a10f		2026-07-11 16:51:41.499519	KhRG
20ba4542a73e7d02e07ce18abdb90c25		2026-07-11 16:54:57.882776	KhRG
20ba4542a73e7d02e07ce18abdb90c25		2026-07-11 16:55:38.206779	KhRG
20ba4542a73e7d02e07ce18abdb90c25		2026-07-11 16:56:20.283301	KhRG
20ba4542a73e7d02e07ce18abdb90c25		2026-07-11 16:56:41.157864	KhRG
b164ad30a6c3770c5c6b96b01256a10f		2026-07-11 16:58:26.648893	KhRG
b164ad30a6c3770c5c6b96b01256a10f		2026-07-11 16:58:50.356416	KhRG
20ba4542a73e7d02e07ce18abdb90c25		2026-07-11 17:01:42.415635	KhRG
20ba4542a73e7d02e07ce18abdb90c25		2026-07-11 17:02:09.573065	KhRG
b164ad30a6c3770c5c6b96b01256a10f		2026-07-11 17:05:00.285395	KhRG
20ba4542a73e7d02e07ce18abdb90c25		2026-07-11 17:06:22.590824	KhRG
7ac81d2a097b2a50163f8c408580e062		2026-07-11 17:06:41.987733	KhRG
b164ad30a6c3770c5c6b96b01256a10f		2026-07-11 17:06:42.451407	KhRG
20ba4542a73e7d02e07ce18abdb90c25		2026-07-11 17:07:13.049286	KhRG
20ba4542a73e7d02e07ce18abdb90c25		2026-07-11 17:07:40.731600	KhRG
b164ad30a6c3770c5c6b96b01256a10f		2026-07-11 17:10:11.046361	KhRG
b164ad30a6c3770c5c6b96b01256a10f		2026-07-11 17:10:33.472873	KhRG
1a905cd87547fa010839752934d82fef		2026-07-12 10:18:39.184418	KhRG
b164ad30a6c3770c5c6b96b01256a10f		2026-07-11 17:11:01.771599	KhRG
b164ad30a6c3770c5c6b96b01256a10f		2026-07-11 17:11:56.343626	KhRG
20ba4542a73e7d02e07ce18abdb90c25		2026-07-11 17:12:20.764757	KhRG
b164ad30a6c3770c5c6b96b01256a10f		2026-07-11 17:13:18.557280	KhRG
b164ad30a6c3770c5c6b96b01256a10f		2026-07-11 17:13:24.867314	KhRG
b164ad30a6c3770c5c6b96b01256a10f		2026-07-11 17:14:15.722084	KhRG
b164ad30a6c3770c5c6b96b01256a10f		2026-07-11 17:14:34.767187	KhRG
7ac81d2a097b2a50163f8c408580e062		2026-07-11 17:15:51.961715	KhRG
b164ad30a6c3770c5c6b96b01256a10f		2026-07-11 17:16:24.700022	KhRG
b164ad30a6c3770c5c6b96b01256a10f		2026-07-11 17:16:49.934555	KhRG
b164ad30a6c3770c5c6b96b01256a10f		2026-07-11 17:17:32.395308	KhRG
b164ad30a6c3770c5c6b96b01256a10f		2026-07-11 17:19:01.208059	KhRG
b164ad30a6c3770c5c6b96b01256a10f		2026-07-11 17:23:40.657348	KhRG
20ba4542a73e7d02e07ce18abdb90c25		2026-07-11 17:30:57.231996	KhRG
20ba4542a73e7d02e07ce18abdb90c25		2026-07-11 17:31:32.916662	KhRG
20ba4542a73e7d02e07ce18abdb90c25		2026-07-11 17:34:33.304819	KhRG
b164ad30a6c3770c5c6b96b01256a10f		2026-07-11 17:47:43.080028	KhRG
b164ad30a6c3770c5c6b96b01256a10f		2026-07-11 17:56:51.219564	KhRG
b164ad30a6c3770c5c6b96b01256a10f		2026-07-11 17:57:13.346399	KhRG
d51d7cf5d7eb03f98ede1a38e616e75b		2026-07-12 13:34:03.494920	KhRG
b164ad30a6c3770c5c6b96b01256a10f		2026-07-11 18:01:46.600853	KhRG
b164ad30a6c3770c5c6b96b01256a10f		2026-07-11 18:02:45.122105	KhRG
b164ad30a6c3770c5c6b96b01256a10f		2026-07-11 18:03:05.170878	KhRG
b164ad30a6c3770c5c6b96b01256a10f		2026-07-11 18:03:33.897865	KhRG
b164ad30a6c3770c5c6b96b01256a10f		2026-07-11 18:03:45.041298	KhRG
b164ad30a6c3770c5c6b96b01256a10f		2026-07-11 18:05:54.658868	KhRG
b164ad30a6c3770c5c6b96b01256a10f		2026-07-11 18:06:29.221277	KhRG
d51d7cf5d7eb03f98ede1a38e616e75b		2026-07-11 18:09:38.071637	KhRG
d51d7cf5d7eb03f98ede1a38e616e75b		2026-07-11 18:10:19.911302	KhRG
d51d7cf5d7eb03f98ede1a38e616e75b		2026-07-11 18:11:06.449775	KhRG
d51d7cf5d7eb03f98ede1a38e616e75b		2026-07-11 18:11:56.237570	KhRG
d51d7cf5d7eb03f98ede1a38e616e75b		2026-07-11 18:12:32.650873	KhRG
d51d7cf5d7eb03f98ede1a38e616e75b		2026-07-11 18:12:54.891352	KhRG
d51d7cf5d7eb03f98ede1a38e616e75b		2026-07-11 18:13:23.609106	KhRG
d51d7cf5d7eb03f98ede1a38e616e75b		2026-07-11 18:13:37.569582	KhRG
b164ad30a6c3770c5c6b96b01256a10f		2026-07-11 18:16:05.534838	KhRG
b164ad30a6c3770c5c6b96b01256a10f		2026-07-11 18:16:38.516548	KhRG
b164ad30a6c3770c5c6b96b01256a10f		2026-07-11 18:17:15.608543	KhRG
d51d7cf5d7eb03f98ede1a38e616e75b		2026-07-11 18:19:59.970603	KhRG
d51d7cf5d7eb03f98ede1a38e616e75b		2026-07-11 18:20:52.179983	KhRG
b164ad30a6c3770c5c6b96b01256a10f		2026-07-11 18:26:02.434601	KhRG
b164ad30a6c3770c5c6b96b01256a10f		2026-07-11 18:26:57.610756	KhRG
b164ad30a6c3770c5c6b96b01256a10f		2026-07-11 18:27:13.915418	KhRG
d51d7cf5d7eb03f98ede1a38e616e75b		2026-07-11 20:06:11.804741	KhRG
d51d7cf5d7eb03f98ede1a38e616e75b		2026-07-12 13:34:55.892120	KhRG
d51d7cf5d7eb03f98ede1a38e616e75b		2026-07-11 20:07:08.563875	KhRG
d51d7cf5d7eb03f98ede1a38e616e75b		2026-07-11 20:11:09.298461	KhRG
d51d7cf5d7eb03f98ede1a38e616e75b		2026-07-11 20:20:42.569748	KhRG
d51d7cf5d7eb03f98ede1a38e616e75b		2026-07-11 20:21:16.069239	KhRG
d51d7cf5d7eb03f98ede1a38e616e75b		2026-07-11 20:22:02.835950	KhRG
d51d7cf5d7eb03f98ede1a38e616e75b		2026-07-11 20:24:19.417574	KhRG
d51d7cf5d7eb03f98ede1a38e616e75b		2026-07-11 20:26:34.430094	KhRG
d51d7cf5d7eb03f98ede1a38e616e75b		2026-07-11 20:27:21.912794	KhRG
d51d7cf5d7eb03f98ede1a38e616e75b		2026-07-11 20:27:56.301339	KhRG
3d159b2200851883d27c206a73cc2f05		2026-07-12 05:42:09.187494	KhRG
3d159b2200851883d27c206a73cc2f05		2026-07-12 06:30:06.765390	KhRG
3d159b2200851883d27c206a73cc2f05		2026-07-12 06:33:36.785646	KhRG
3e2ad549b15d324e273b81aef2baabe9		2026-07-12 07:05:27.321453	KhRG
3e2ad549b15d324e273b81aef2baabe9		2026-07-12 07:06:03.737988	KhRG
3e2ad549b15d324e273b81aef2baabe9		2026-07-12 07:06:47.283127	KhRG
3e2ad549b15d324e273b81aef2baabe9		2026-07-12 07:07:05.286381	KhRG
3e2ad549b15d324e273b81aef2baabe9		2026-07-12 07:09:35.641112	KhRG
3e2ad549b15d324e273b81aef2baabe9		2026-07-12 07:10:50.410989	KhRG
3e2ad549b15d324e273b81aef2baabe9		2026-07-12 07:14:55.271862	KhRG
3e2ad549b15d324e273b81aef2baabe9		2026-07-12 07:15:04.413680	KhRG
3e2ad549b15d324e273b81aef2baabe9		2026-07-12 07:17:26.091994	KhRG
3e2ad549b15d324e273b81aef2baabe9		2026-07-12 07:17:48.025359	KhRG
ba6d1a93f80371b95237c0fddc9f2a41		2026-07-12 14:24:47.397744	KhRG
3e2ad549b15d324e273b81aef2baabe9		2026-07-12 07:23:20.371071	KhRG
3e2ad549b15d324e273b81aef2baabe9		2026-07-12 07:27:09.188972	KhRG
3e2ad549b15d324e273b81aef2baabe9		2026-07-12 07:27:34.369554	KhRG
3e2ad549b15d324e273b81aef2baabe9		2026-07-12 07:30:10.174882	KhRG
3e2ad549b15d324e273b81aef2baabe9		2026-07-12 07:30:20.603582	KhRG
3e2ad549b15d324e273b81aef2baabe9		2026-07-12 07:37:05.180282	KhRG
9a567c68a8de380a1070510117bf1102		2026-07-12 07:38:30.966563	KhRG
3e2ad549b15d324e273b81aef2baabe9		2026-07-12 07:39:15.433074	KhRG
9a567c68a8de380a1070510117bf1102		2026-07-12 07:40:41.356821	KhRG
3e2ad549b15d324e273b81aef2baabe9		2026-07-12 07:41:09.208913	KhRG
9a567c68a8de380a1070510117bf1102		2026-07-12 07:46:47.596350	KhRG
3e2ad549b15d324e273b81aef2baabe9		2026-07-12 07:47:20.168506	KhRG
3e2ad549b15d324e273b81aef2baabe9		2026-07-12 07:47:35.791416	KhRG
3e2ad549b15d324e273b81aef2baabe9		2026-07-12 07:48:36.180164	KhRG
3e2ad549b15d324e273b81aef2baabe9		2026-07-12 07:49:48.855286	KhRG
3e2ad549b15d324e273b81aef2baabe9		2026-07-12 07:50:42.647007	KhRG
3d159b2200851883d27c206a73cc2f05		2026-07-12 07:52:17.255349	KhRG
ed0a0fec589664862c75c49979adf63d		2026-07-12 07:53:11.280513	KhRG
ed0a0fec589664862c75c49979adf63d		2026-07-12 07:53:30.757863	KhRG
9a567c68a8de380a1070510117bf1102		2026-07-12 07:55:38.311324	KhRG
3e2ad549b15d324e273b81aef2baabe9		2026-07-12 07:57:12.320667	KhRG
3e2ad549b15d324e273b81aef2baabe9		2026-07-12 07:57:44.761782	KhRG
3e2ad549b15d324e273b81aef2baabe9		2026-07-12 07:58:01.208720	KhRG
3e2ad549b15d324e273b81aef2baabe9		2026-07-12 08:04:37.688795	KhRG
3e2ad549b15d324e273b81aef2baabe9		2026-07-12 08:06:00.590464	KhRG
3e2ad549b15d324e273b81aef2baabe9		2026-07-12 08:11:48.155122	KhRG
3e2ad549b15d324e273b81aef2baabe9		2026-07-12 08:12:43.775404	KhRG
3e2ad549b15d324e273b81aef2baabe9		2026-07-12 08:13:05.196923	KhRG
3e2ad549b15d324e273b81aef2baabe9		2026-07-12 08:16:41.513641	KhRG
3e2ad549b15d324e273b81aef2baabe9		2026-07-12 08:16:48.502622	KhRG
3e2ad549b15d324e273b81aef2baabe9		2026-07-12 08:16:59.573845	KhRG
3e2ad549b15d324e273b81aef2baabe9		2026-07-12 08:17:26.510147	KhRG
3e2ad549b15d324e273b81aef2baabe9		2026-07-12 08:17:49.655691	KhRG
3e2ad549b15d324e273b81aef2baabe9		2026-07-12 08:17:56.671526	KhRG
9a567c68a8de380a1070510117bf1102		2026-07-12 09:28:39.662329	KhRG
9a567c68a8de380a1070510117bf1102		2026-07-12 09:29:07.065813	KhRG
1a905cd87547fa010839752934d82fef		2026-07-12 10:06:08.968534	KhRG
1a905cd87547fa010839752934d82fef		2026-07-12 10:10:14.702372	KhRG
1a905cd87547fa010839752934d82fef		2026-07-12 10:11:33.192408	KhRG
1a905cd87547fa010839752934d82fef		2026-07-12 10:24:49.960897	KhRG
0132c74a30b8b30891549b1f07fbac5e		2026-07-12 10:29:29.371210	KhRG
1a905cd87547fa010839752934d82fef		2026-07-12 10:34:13.851268	KhRG
1a905cd87547fa010839752934d82fef		2026-07-12 10:44:24.795578	KhRG
1a905cd87547fa010839752934d82fef		2026-07-12 10:46:22.654012	KhRG
1a905cd87547fa010839752934d82fef		2026-07-12 10:48:19.020078	KhRG
1a905cd87547fa010839752934d82fef		2026-07-12 10:49:58.571329	KhRG
1a905cd87547fa010839752934d82fef		2026-07-12 10:51:19.201877	KhRG
1a905cd87547fa010839752934d82fef		2026-07-12 10:52:46.078740	KhRG
1a905cd87547fa010839752934d82fef		2026-07-12 10:54:14.857538	KhRG
ed0a0fec589664862c75c49979adf63d		2026-07-12 11:53:01.373279	KhRG
ba6d1a93f80371b95237c0fddc9f2a41		2026-07-12 12:03:17.195619	KhRG
ba6d1a93f80371b95237c0fddc9f2a41		2026-07-12 12:15:20.273298	KhRG
ed0a0fec589664862c75c49979adf63d		2026-07-12 12:49:29.752977	KhRG
5d250312e7c12bf3ba65b3c0319c0608		2026-07-12 12:56:48.401188	KhRG
5d250312e7c12bf3ba65b3c0319c0608		2026-07-12 13:02:52.872062	KhRG
5d250312e7c12bf3ba65b3c0319c0608		2026-07-12 13:03:07.117790	KhRG
5d250312e7c12bf3ba65b3c0319c0608		2026-07-12 13:03:40.356669	KhRG
5d250312e7c12bf3ba65b3c0319c0608		2026-07-12 13:03:55.990715	KhRG
5d250312e7c12bf3ba65b3c0319c0608		2026-07-12 13:04:55.168075	KhRG
d51d7cf5d7eb03f98ede1a38e616e75b		2026-07-12 13:14:04.672618	KhRG
ed0a0fec589664862c75c49979adf63d		2026-07-12 13:16:16.829118	KhRG
ed0a0fec589664862c75c49979adf63d		2026-07-12 13:23:16.149498	KhRG
ba6d1a93f80371b95237c0fddc9f2a41		2026-07-12 13:29:00.469831	KhRG
d51d7cf5d7eb03f98ede1a38e616e75b		2026-07-12 13:30:56.564661	KhRG
ed0a0fec589664862c75c49979adf63d		2026-07-12 13:31:37.800712	KhRG
ba6d1a93f80371b95237c0fddc9f2a41		2026-07-12 13:31:41.714967	KhRG
5d250312e7c12bf3ba65b3c0319c0608		2026-07-12 13:32:08.798689	KhRG
ba6d1a93f80371b95237c0fddc9f2a41		2026-07-12 13:32:55.090716	KhRG
5d250312e7c12bf3ba65b3c0319c0608		2026-07-12 13:35:29.348441	KhRG
ba6d1a93f80371b95237c0fddc9f2a41		2026-07-12 13:35:30.400055	KhRG
5d250312e7c12bf3ba65b3c0319c0608		2026-07-12 13:36:22.930111	KhRG
ba6d1a93f80371b95237c0fddc9f2a41		2026-07-12 13:38:36.669492	KhRG
ba6d1a93f80371b95237c0fddc9f2a41		2026-07-12 13:41:00.322244	KhRG
d51d7cf5d7eb03f98ede1a38e616e75b		2026-07-12 13:43:21.341613	KhRG
ba6d1a93f80371b95237c0fddc9f2a41		2026-07-12 13:43:47.024875	KhRG
d51d7cf5d7eb03f98ede1a38e616e75b		2026-07-12 13:44:38.780746	KhRG
d51d7cf5d7eb03f98ede1a38e616e75b		2026-07-12 13:45:27.540210	KhRG
d51d7cf5d7eb03f98ede1a38e616e75b		2026-07-12 13:46:20.333227	KhRG
ba6d1a93f80371b95237c0fddc9f2a41		2026-07-12 13:47:21.502827	KhRG
ba6d1a93f80371b95237c0fddc9f2a41		2026-07-12 13:48:25.717081	KhRG
ba6d1a93f80371b95237c0fddc9f2a41		2026-07-12 13:51:14.825176	KhRG
d51d7cf5d7eb03f98ede1a38e616e75b		2026-07-12 13:53:48.265158	KhRG
d51d7cf5d7eb03f98ede1a38e616e75b		2026-07-12 13:57:55.986936	KhRG
d51d7cf5d7eb03f98ede1a38e616e75b		2026-07-12 13:59:26.716374	KhRG
ba6d1a93f80371b95237c0fddc9f2a41		2026-07-12 14:00:03.864200	KhRG
ba6d1a93f80371b95237c0fddc9f2a41		2026-07-12 14:02:21.405175	KhRG
ba6d1a93f80371b95237c0fddc9f2a41		2026-07-12 14:04:21.886778	KhRG
d51d7cf5d7eb03f98ede1a38e616e75b		2026-07-12 14:04:23.444057	KhRG
ba6d1a93f80371b95237c0fddc9f2a41		2026-07-12 14:06:13.067049	KhRG
d51d7cf5d7eb03f98ede1a38e616e75b		2026-07-12 14:06:28.958273	KhRG
c74e2456c4be530cd04221ad6cff76f8		2026-07-12 14:08:08.218281	KhRG
ba6d1a93f80371b95237c0fddc9f2a41		2026-07-12 14:08:38.801856	KhRG
ba6d1a93f80371b95237c0fddc9f2a41		2026-07-12 14:11:51.378045	KhRG
ba6d1a93f80371b95237c0fddc9f2a41		2026-07-12 14:14:29.844202	KhRG
ba6d1a93f80371b95237c0fddc9f2a41		2026-07-12 14:15:40.169035	KhRG
d51d7cf5d7eb03f98ede1a38e616e75b		2026-07-12 14:17:51.508169	KhRG
ba6d1a93f80371b95237c0fddc9f2a41		2026-07-12 14:18:04.026143	KhRG
ba6d1a93f80371b95237c0fddc9f2a41		2026-07-12 14:21:11.996804	KhRG
1a905cd87547fa010839752934d82fef		2026-07-12 15:54:32.400763	KhRG
1a905cd87547fa010839752934d82fef		2026-07-12 16:01:50.396229	KhRG
1a905cd87547fa010839752934d82fef		2026-07-12 16:04:40.648281	KhRG
1a905cd87547fa010839752934d82fef		2026-07-12 16:06:19.155078	KhRG
1a905cd87547fa010839752934d82fef		2026-07-12 16:08:06.044041	KhRG
1a905cd87547fa010839752934d82fef		2026-07-12 16:09:55.515629	KhRG
1a905cd87547fa010839752934d82fef		2026-07-12 16:11:45.605501	KhRG
1a905cd87547fa010839752934d82fef		2026-07-12 16:13:20.608696	KhRG
08483d52ab4c3eab9b1dcee27a793d38		2026-07-12 17:47:55.002271	KhRG
08483d52ab4c3eab9b1dcee27a793d38		2026-07-12 17:48:17.601098	KhRG
08483d52ab4c3eab9b1dcee27a793d38		2026-07-12 17:48:43.516250	KhRG
08483d52ab4c3eab9b1dcee27a793d38		2026-07-12 17:49:17.642213	KhRG
08483d52ab4c3eab9b1dcee27a793d38		2026-07-12 17:49:52.721587	KhRG
08483d52ab4c3eab9b1dcee27a793d38		2026-07-12 17:50:24.196169	KhRG
08483d52ab4c3eab9b1dcee27a793d38		2026-07-12 17:50:41.200225	KhRG
08483d52ab4c3eab9b1dcee27a793d38		2026-07-12 17:52:44.446635	KhRG
08483d52ab4c3eab9b1dcee27a793d38		2026-07-12 17:53:23.201002	KhRG
5d250312e7c12bf3ba65b3c0319c0608		2026-07-12 17:59:54.479727	KhRG
5d250312e7c12bf3ba65b3c0319c0608		2026-07-12 18:01:47.870397	KhRG
5d250312e7c12bf3ba65b3c0319c0608		2026-07-12 18:16:57.324701	KhRG
ed0a0fec589664862c75c49979adf63d		2026-07-12 18:45:39.620709	KhRG
ba6d1a93f80371b95237c0fddc9f2a41		2026-07-13 05:18:38.771925	KhRG
ba6d1a93f80371b95237c0fddc9f2a41		2026-07-13 05:20:02.714467	KhRG
ba6d1a93f80371b95237c0fddc9f2a41		2026-07-13 05:20:28.376226	KhRG
ba6d1a93f80371b95237c0fddc9f2a41		2026-07-13 05:20:33.919249	KhRG
ba6d1a93f80371b95237c0fddc9f2a41		2026-07-13 05:20:37.514776	KhRG
ba6d1a93f80371b95237c0fddc9f2a41		2026-07-13 05:20:40.143111	KhRG
ba6d1a93f80371b95237c0fddc9f2a41		2026-07-13 05:20:57.894288	KhRG
ba6d1a93f80371b95237c0fddc9f2a41		2026-07-13 05:21:11.249476	KhRG
ba6d1a93f80371b95237c0fddc9f2a41		2026-07-13 05:21:39.807967	KhRG
3182edb9fbad168c2e14bdb071f55c7b		2026-07-13 05:29:51.677623	KhRG
3182edb9fbad168c2e14bdb071f55c7b		2026-07-13 05:33:11.515990	KhRG
3182edb9fbad168c2e14bdb071f55c7b		2026-07-13 05:36:06.983442	KhRG
3182edb9fbad168c2e14bdb071f55c7b		2026-07-13 05:37:31.188086	KhRG
3182edb9fbad168c2e14bdb071f55c7b		2026-07-13 05:39:05.220496	KhRG
3182edb9fbad168c2e14bdb071f55c7b		2026-07-13 05:42:11.502777	KhRG
3182edb9fbad168c2e14bdb071f55c7b		2026-07-13 05:43:12.361973	KhRG
3182edb9fbad168c2e14bdb071f55c7b		2026-07-13 05:43:54.381029	KhRG
3182edb9fbad168c2e14bdb071f55c7b		2026-07-13 05:44:44.077580	KhRG
ba6d1a93f80371b95237c0fddc9f2a41		2026-07-13 05:49:00.470608	KhRG
3182edb9fbad168c2e14bdb071f55c7b		2026-07-13 05:49:44.149106	KhRG
ba6d1a93f80371b95237c0fddc9f2a41		2026-07-13 05:56:12.305976	KhRG
ba6d1a93f80371b95237c0fddc9f2a41		2026-07-13 05:59:40.482457	KhRG
ba6d1a93f80371b95237c0fddc9f2a41		2026-07-13 06:01:01.171675	KhRG
3182edb9fbad168c2e14bdb071f55c7b		2026-07-13 06:09:37.710412	KhRG
3182edb9fbad168c2e14bdb071f55c7b		2026-07-13 06:11:27.047664	KhRG
3182edb9fbad168c2e14bdb071f55c7b		2026-07-13 06:11:51.428385	KhRG
3182edb9fbad168c2e14bdb071f55c7b		2026-07-13 06:13:26.312756	KhRG
5867bf538a6ecf632a7dd430bb92ce3c		2026-07-13 06:24:26.913311	KhRG
3182edb9fbad168c2e14bdb071f55c7b		2026-07-13 06:28:31.693378	KhRG
3182edb9fbad168c2e14bdb071f55c7b		2026-07-13 06:28:53.501032	KhRG
5867bf538a6ecf632a7dd430bb92ce3c		2026-07-13 06:28:58.952181	KhRG
5867bf538a6ecf632a7dd430bb92ce3c		2026-07-13 06:29:30.928654	KhRG
3182edb9fbad168c2e14bdb071f55c7b		2026-07-13 06:29:31.295080	KhRG
3182edb9fbad168c2e14bdb071f55c7b		2026-07-13 06:29:43.683308	KhRG
5867bf538a6ecf632a7dd430bb92ce3c		2026-07-13 06:36:09.673423	KhRG
5867bf538a6ecf632a7dd430bb92ce3c		2026-07-13 06:38:03.693339	KhRG
5867bf538a6ecf632a7dd430bb92ce3c		2026-07-13 06:38:18.642114	KhRG
5867bf538a6ecf632a7dd430bb92ce3c		2026-07-13 06:38:59.345452	KhRG
5867bf538a6ecf632a7dd430bb92ce3c		2026-07-13 06:39:33.801546	KhRG
3182edb9fbad168c2e14bdb071f55c7b		2026-07-13 06:40:40.390868	KhRG
3182edb9fbad168c2e14bdb071f55c7b		2026-07-13 06:41:09.643217	KhRG
3182edb9fbad168c2e14bdb071f55c7b		2026-07-13 06:57:59.123841	KhRG
3182edb9fbad168c2e14bdb071f55c7b		2026-07-13 06:58:20.498229	KhRG
3182edb9fbad168c2e14bdb071f55c7b		2026-07-13 07:01:04.075995	KhRG
3182edb9fbad168c2e14bdb071f55c7b		2026-07-13 07:01:28.553198	KhRG
3182edb9fbad168c2e14bdb071f55c7b		2026-07-13 07:01:48.285566	KhRG
3182edb9fbad168c2e14bdb071f55c7b		2026-07-13 07:12:06.328416	KhRG
3182edb9fbad168c2e14bdb071f55c7b		2026-07-13 07:12:35.420478	KhRG
3182edb9fbad168c2e14bdb071f55c7b		2026-07-13 07:15:10.400410	KhRG
3182edb9fbad168c2e14bdb071f55c7b		2026-07-13 07:17:33.893382	KhRG
3182edb9fbad168c2e14bdb071f55c7b		2026-07-13 07:19:29.732902	KhRG
5867bf538a6ecf632a7dd430bb92ce3c		2026-07-13 07:37:03.026025	KhRG
ba6d1a93f80371b95237c0fddc9f2a41		2026-07-13 08:26:29.904051	KhRG
3182edb9fbad168c2e14bdb071f55c7b		2026-07-13 08:42:59.135408	KhRG
3182edb9fbad168c2e14bdb071f55c7b		2026-07-13 08:45:14.074829	KhRG
ba6d1a93f80371b95237c0fddc9f2a41		2026-07-13 08:59:27.202028	KhRG
ba6d1a93f80371b95237c0fddc9f2a41		2026-07-13 09:01:03.651265	KhRG
20ba4542a73e7d02e07ce18abdb90c25		2026-07-13 09:02:45.927134	KhRG
ed0a0fec589664862c75c49979adf63d		2026-07-13 09:04:54.757339	KhRG
ed0a0fec589664862c75c49979adf63d		2026-07-13 09:26:30.414600	KhRG
ed0a0fec589664862c75c49979adf63d		2026-07-13 10:01:46.663313	KhRG
ac77a81548ac57d675c2569d72bc9593		2026-07-13 10:02:50.054829	KhRG
3182edb9fbad168c2e14bdb071f55c7b		2026-07-13 10:17:23.215124	KhRG
d51d7cf5d7eb03f98ede1a38e616e75b		2026-07-13 10:22:41.819361	KhRG
d51d7cf5d7eb03f98ede1a38e616e75b		2026-07-13 10:23:15.041176	KhRG
3182edb9fbad168c2e14bdb071f55c7b		2026-07-13 10:32:51.120682	KhRG
5867bf538a6ecf632a7dd430bb92ce3c		2026-07-13 10:33:00.608693	KhRG
5867bf538a6ecf632a7dd430bb92ce3c		2026-07-13 10:33:45.602174	KhRG
5867bf538a6ecf632a7dd430bb92ce3c		2026-07-13 10:34:18.693458	KhRG
5867bf538a6ecf632a7dd430bb92ce3c		2026-07-13 10:34:42.934859	KhRG
3182edb9fbad168c2e14bdb071f55c7b		2026-07-13 10:57:35.953901	KhRG
ed0a0fec589664862c75c49979adf63d		2026-07-13 11:00:28.204518	KhRG
ed0a0fec589664862c75c49979adf63d		2026-07-13 11:07:02.967937	KhRG
3182edb9fbad168c2e14bdb071f55c7b		2026-07-13 11:08:07.914806	KhRG
3182edb9fbad168c2e14bdb071f55c7b		2026-07-13 11:09:00.899672	KhRG
3182edb9fbad168c2e14bdb071f55c7b		2026-07-13 11:09:48.418341	KhRG
fc6e7b05aea934cd9e71024ced7c83bf		2026-07-13 11:28:50.499382	KhRG
3182edb9fbad168c2e14bdb071f55c7b		2026-07-13 11:30:58.627080	KhRG
3182edb9fbad168c2e14bdb071f55c7b		2026-07-13 11:31:24.451590	KhRG
1390075babb4754ece4433c7da54ad48		2026-07-13 12:28:25.838230	KhRG
1390075babb4754ece4433c7da54ad48		2026-07-13 12:30:49.799872	KhRG
3182edb9fbad168c2e14bdb071f55c7b		2026-07-13 12:36:31.621237	KhRG
3182edb9fbad168c2e14bdb071f55c7b		2026-07-13 12:37:03.038620	KhRG
3182edb9fbad168c2e14bdb071f55c7b		2026-07-13 12:37:28.042137	KhRG
3182edb9fbad168c2e14bdb071f55c7b		2026-07-13 12:37:44.586288	KhRG
3182edb9fbad168c2e14bdb071f55c7b		2026-07-13 12:37:56.922545	KhRG
1390075babb4754ece4433c7da54ad48		2026-07-13 12:39:06.682263	KhRG
7ac81d2a097b2a50163f8c408580e062		2026-07-13 12:39:22.011526	KhRG
3182edb9fbad168c2e14bdb071f55c7b		2026-07-13 12:39:22.857695	KhRG
3182edb9fbad168c2e14bdb071f55c7b		2026-07-13 12:46:42.628405	KhRG
3182edb9fbad168c2e14bdb071f55c7b		2026-07-13 12:47:06.746192	KhRG
fc6e7b05aea934cd9e71024ced7c83bf		2026-07-13 12:49:52.634652	KhRG
7ac81d2a097b2a50163f8c408580e062		2026-07-13 12:52:26.411342	KhRG
fc6e7b05aea934cd9e71024ced7c83bf		2026-07-13 12:55:08.045840	KhRG
c140a78e0fe80e8e27e8870474c5e68c		2026-07-13 13:15:28.041113	KhRG
3e2ad549b15d324e273b81aef2baabe9		2026-07-13 13:21:24.632605	KhRG
3e2ad549b15d324e273b81aef2baabe9		2026-07-13 13:30:33.755704	KhRG
3e2ad549b15d324e273b81aef2baabe9		2026-07-13 13:30:55.971990	KhRG
3e2ad549b15d324e273b81aef2baabe9		2026-07-13 13:31:03.087793	KhRG
3e2ad549b15d324e273b81aef2baabe9		2026-07-13 13:31:40.014447	KhRG
3e2ad549b15d324e273b81aef2baabe9		2026-07-13 13:32:00.486190	KhRG
c140a78e0fe80e8e27e8870474c5e68c		2026-07-13 13:37:37.771455	KhRG
ebb7c4269ac1c91da9d699a6332066bf		2026-07-13 14:01:47.683266	KhRG
ebb7c4269ac1c91da9d699a6332066bf		2026-07-13 14:16:54.595048	KhRG
d51d7cf5d7eb03f98ede1a38e616e75b		2026-07-13 14:28:56.129175	KhRG
d51d7cf5d7eb03f98ede1a38e616e75b		2026-07-13 14:30:14.617754	KhRG
d51d7cf5d7eb03f98ede1a38e616e75b		2026-07-13 14:32:02.395276	KhRG
efabd73427558c38182f22daacafb18a		2026-07-13 14:32:11.551398	KhRG
d51d7cf5d7eb03f98ede1a38e616e75b		2026-07-13 14:33:35.833056	KhRG
efabd73427558c38182f22daacafb18a		2026-07-13 14:34:09.740816	KhRG
d51d7cf5d7eb03f98ede1a38e616e75b		2026-07-13 14:34:10.559160	KhRG
d51d7cf5d7eb03f98ede1a38e616e75b		2026-07-13 14:34:40.701282	KhRG
d51d7cf5d7eb03f98ede1a38e616e75b		2026-07-13 14:35:50.846593	KhRG
efabd73427558c38182f22daacafb18a		2026-07-13 14:36:26.915276	KhRG
efabd73427558c38182f22daacafb18a		2026-07-13 14:39:27.482512	KhRG
efabd73427558c38182f22daacafb18a		2026-07-13 14:39:43.459245	KhRG
efabd73427558c38182f22daacafb18a		2026-07-13 14:39:58.718431	KhRG
efabd73427558c38182f22daacafb18a		2026-07-13 14:40:18.939481	KhRG
efabd73427558c38182f22daacafb18a		2026-07-13 14:40:35.565472	KhRG
efabd73427558c38182f22daacafb18a		2026-07-13 14:42:22.250597	KhRG
efabd73427558c38182f22daacafb18a		2026-07-13 14:42:41.919564	KhRG
efabd73427558c38182f22daacafb18a		2026-07-13 14:44:25.826289	KhRG
efabd73427558c38182f22daacafb18a		2026-07-13 14:53:05.250896	KhRG
3e2ad549b15d324e273b81aef2baabe9		2026-07-13 15:20:02.819571	KhRG
3e2ad549b15d324e273b81aef2baabe9		2026-07-13 15:20:52.434561	KhRG
3e2ad549b15d324e273b81aef2baabe9		2026-07-13 15:21:24.474557	KhRG
3e2ad549b15d324e273b81aef2baabe9		2026-07-13 15:21:49.056492	KhRG
3e2ad549b15d324e273b81aef2baabe9		2026-07-13 15:23:14.154628	KhRG
3e2ad549b15d324e273b81aef2baabe9		2026-07-13 15:25:53.272517	KhRG
3e2ad549b15d324e273b81aef2baabe9		2026-07-13 15:26:07.504864	KhRG
3e2ad549b15d324e273b81aef2baabe9		2026-07-13 15:27:48.293801	KhRG
3e2ad549b15d324e273b81aef2baabe9		2026-07-13 15:29:38.361207	KhRG
3e2ad549b15d324e273b81aef2baabe9		2026-07-13 15:29:56.114093	KhRG
3e2ad549b15d324e273b81aef2baabe9		2026-07-13 15:30:23.720507	KhRG
3e2ad549b15d324e273b81aef2baabe9		2026-07-13 15:31:12.224333	KhRG
3e2ad549b15d324e273b81aef2baabe9		2026-07-13 15:31:45.243902	KhRG
3e2ad549b15d324e273b81aef2baabe9		2026-07-13 15:33:05.542609	KhRG
3e2ad549b15d324e273b81aef2baabe9		2026-07-13 15:33:17.932264	KhRG
ce90ad507e93d79d829bf311186a7b2a		2026-07-13 15:58:10.436027	KhRG
ce90ad507e93d79d829bf311186a7b2a		2026-07-13 15:59:45.654615	KhRG
93f7ae1456fee4ad8a3a007a6abec47b		2026-07-13 16:48:19.704987	KhRG
93f7ae1456fee4ad8a3a007a6abec47b		2026-07-13 16:49:13.004194	KhRG
ba6d1a93f80371b95237c0fddc9f2a41		2026-07-13 20:56:22.073620	KhRG
b06e2f9b2f52aa47a56ebb333ef85eee		2026-07-13 16:54:40.492213	KhRG
b06e2f9b2f52aa47a56ebb333ef85eee		2026-07-13 16:54:53.536283	KhRG
b06e2f9b2f52aa47a56ebb333ef85eee		2026-07-13 16:55:10.480212	KhRG
b06e2f9b2f52aa47a56ebb333ef85eee		2026-07-13 16:55:48.013727	KhRG
b06e2f9b2f52aa47a56ebb333ef85eee		2026-07-13 16:57:44.643636	KhRG
93f7ae1456fee4ad8a3a007a6abec47b		2026-07-13 16:57:58.097799	KhRG
b06e2f9b2f52aa47a56ebb333ef85eee		2026-07-13 16:58:25.051761	KhRG
b06e2f9b2f52aa47a56ebb333ef85eee		2026-07-13 16:58:46.817775	KhRG
20ba4542a73e7d02e07ce18abdb90c25		2026-07-13 16:58:53.890229	KhRG
93f7ae1456fee4ad8a3a007a6abec47b		2026-07-13 16:58:58.386314	KhRG
b06e2f9b2f52aa47a56ebb333ef85eee		2026-07-13 16:59:05.075798	KhRG
20ba4542a73e7d02e07ce18abdb90c25		2026-07-13 17:07:02.729715	KhRG
20ba4542a73e7d02e07ce18abdb90c25		2026-07-13 17:08:25.369428	KhRG
93f7ae1456fee4ad8a3a007a6abec47b		2026-07-13 17:08:33.529676	KhRG
20ba4542a73e7d02e07ce18abdb90c25		2026-07-13 17:08:42.439531	KhRG
b06e2f9b2f52aa47a56ebb333ef85eee		2026-07-13 17:08:57.826947	KhRG
20ba4542a73e7d02e07ce18abdb90c25		2026-07-13 17:09:54.192200	KhRG
20ba4542a73e7d02e07ce18abdb90c25		2026-07-13 17:10:04.874036	KhRG
20ba4542a73e7d02e07ce18abdb90c25		2026-07-13 17:10:18.101105	KhRG
b06e2f9b2f52aa47a56ebb333ef85eee		2026-07-13 17:11:40.054699	KhRG
b06e2f9b2f52aa47a56ebb333ef85eee		2026-07-13 17:12:10.176501	KhRG
b06e2f9b2f52aa47a56ebb333ef85eee		2026-07-13 17:12:44.749498	KhRG
b06e2f9b2f52aa47a56ebb333ef85eee		2026-07-13 17:13:03.790155	KhRG
20ba4542a73e7d02e07ce18abdb90c25		2026-07-13 17:13:34.885924	KhRG
b06e2f9b2f52aa47a56ebb333ef85eee		2026-07-13 17:13:41.929578	KhRG
b06e2f9b2f52aa47a56ebb333ef85eee		2026-07-13 17:13:53.103762	KhRG
b06e2f9b2f52aa47a56ebb333ef85eee		2026-07-13 17:14:03.534177	KhRG
b06e2f9b2f52aa47a56ebb333ef85eee		2026-07-13 17:14:21.535351	KhRG
b06e2f9b2f52aa47a56ebb333ef85eee		2026-07-13 17:14:59.293859	KhRG
b06e2f9b2f52aa47a56ebb333ef85eee		2026-07-13 17:17:56.095579	KhRG
b06e2f9b2f52aa47a56ebb333ef85eee		2026-07-13 17:19:04.306713	KhRG
b06e2f9b2f52aa47a56ebb333ef85eee		2026-07-13 17:19:53.800948	KhRG
93f7ae1456fee4ad8a3a007a6abec47b		2026-07-13 17:27:05.242535	KhRG
b06e2f9b2f52aa47a56ebb333ef85eee		2026-07-13 17:30:07.122973	KhRG
b06e2f9b2f52aa47a56ebb333ef85eee		2026-07-13 17:30:38.032436	KhRG
b06e2f9b2f52aa47a56ebb333ef85eee		2026-07-13 17:30:45.610704	KhRG
b06e2f9b2f52aa47a56ebb333ef85eee		2026-07-13 17:31:17.195981	KhRG
b06e2f9b2f52aa47a56ebb333ef85eee		2026-07-13 17:31:43.037289	KhRG
93f7ae1456fee4ad8a3a007a6abec47b		2026-07-13 17:33:41.769713	KhRG
b06e2f9b2f52aa47a56ebb333ef85eee		2026-07-13 17:33:50.639386	KhRG
93f7ae1456fee4ad8a3a007a6abec47b		2026-07-13 17:37:16.631651	KhRG
93f7ae1456fee4ad8a3a007a6abec47b		2026-07-13 17:39:50.623134	KhRG
93f7ae1456fee4ad8a3a007a6abec47b		2026-07-13 17:40:51.270859	KhRG
93f7ae1456fee4ad8a3a007a6abec47b		2026-07-13 17:41:27.595310	KhRG
93f7ae1456fee4ad8a3a007a6abec47b		2026-07-13 17:42:54.829731	KhRG
c447d6c6d4a67cf420d476c92887584a		2026-07-13 17:52:37.681255	KhRG
61683e89009c326a86014592e5e77abe		2026-07-13 18:55:03.126496	KhRG
61683e89009c326a86014592e5e77abe		2026-07-13 18:56:01.271311	KhRG
61683e89009c326a86014592e5e77abe		2026-07-13 18:58:23.222502	KhRG
ba6d1a93f80371b95237c0fddc9f2a41		2026-07-13 18:58:23.484425	KhRG
ba6d1a93f80371b95237c0fddc9f2a41		2026-07-13 18:58:39.186747	KhRG
ba6d1a93f80371b95237c0fddc9f2a41		2026-07-13 18:59:18.878592	KhRG
efabd73427558c38182f22daacafb18a		2026-07-13 19:00:31.179951	KhRG
ba6d1a93f80371b95237c0fddc9f2a41		2026-07-13 19:02:28.885860	KhRG
ba6d1a93f80371b95237c0fddc9f2a41		2026-07-13 19:02:39.637314	KhRG
ba6d1a93f80371b95237c0fddc9f2a41		2026-07-13 19:18:27.097569	KhRG
ba6d1a93f80371b95237c0fddc9f2a41		2026-07-13 19:19:56.650397	KhRG
61683e89009c326a86014592e5e77abe		2026-07-13 19:22:18.748051	KhRG
efabd73427558c38182f22daacafb18a		2026-07-13 19:45:57.896760	KhRG
f63a8b7f5d58d5c27b857c1880f8eb39		2026-07-13 19:47:25.862892	KhRG
f63a8b7f5d58d5c27b857c1880f8eb39		2026-07-13 19:48:49.742860	KhRG
82daee5f25cf14553dfe348b67ebb5ae		2026-07-13 19:50:10.863297	KhRG
82daee5f25cf14553dfe348b67ebb5ae		2026-07-13 19:50:59.826689	KhRG
f63a8b7f5d58d5c27b857c1880f8eb39		2026-07-13 19:57:58.727267	KhRG
f63a8b7f5d58d5c27b857c1880f8eb39		2026-07-13 20:01:35.375777	KhRG
f63a8b7f5d58d5c27b857c1880f8eb39		2026-07-13 20:03:34.423582	KhRG
efabd73427558c38182f22daacafb18a		2026-07-13 20:05:06.652879	KhRG
efabd73427558c38182f22daacafb18a		2026-07-13 20:05:19.312985	KhRG
f63a8b7f5d58d5c27b857c1880f8eb39		2026-07-13 20:05:56.377148	KhRG
efabd73427558c38182f22daacafb18a		2026-07-13 20:06:39.797146	KhRG
f63a8b7f5d58d5c27b857c1880f8eb39		2026-07-13 20:06:40.653034	KhRG
efabd73427558c38182f22daacafb18a		2026-07-13 20:06:55.319500	KhRG
efabd73427558c38182f22daacafb18a		2026-07-13 20:07:17.619105	KhRG
efabd73427558c38182f22daacafb18a		2026-07-13 20:07:29.900148	KhRG
f63a8b7f5d58d5c27b857c1880f8eb39		2026-07-13 20:07:46.501108	KhRG
efabd73427558c38182f22daacafb18a		2026-07-13 20:08:46.954800	KhRG
efabd73427558c38182f22daacafb18a		2026-07-13 20:09:11.576900	KhRG
efabd73427558c38182f22daacafb18a		2026-07-13 20:10:29.382943	KhRG
efabd73427558c38182f22daacafb18a		2026-07-13 20:10:44.108466	KhRG
efabd73427558c38182f22daacafb18a		2026-07-13 20:11:02.715585	KhRG
efabd73427558c38182f22daacafb18a		2026-07-13 20:11:52.489634	KhRG
efabd73427558c38182f22daacafb18a		2026-07-13 20:12:29.778816	KhRG
f63a8b7f5d58d5c27b857c1880f8eb39		2026-07-13 20:12:44.396330	KhRG
f63a8b7f5d58d5c27b857c1880f8eb39		2026-07-13 20:13:12.392786	KhRG
efabd73427558c38182f22daacafb18a		2026-07-13 20:16:08.430378	KhRG
efabd73427558c38182f22daacafb18a		2026-07-13 20:17:33.925421	KhRG
efabd73427558c38182f22daacafb18a		2026-07-13 20:21:34.421755	KhRG
efabd73427558c38182f22daacafb18a		2026-07-13 20:22:33.526770	KhRG
efabd73427558c38182f22daacafb18a		2026-07-13 20:28:11.418516	KhRG
efabd73427558c38182f22daacafb18a		2026-07-13 20:28:58.630454	KhRG
efabd73427558c38182f22daacafb18a		2026-07-13 20:30:55.818847	KhRG
efabd73427558c38182f22daacafb18a		2026-07-13 20:31:16.072889	KhRG
ba6d1a93f80371b95237c0fddc9f2a41		2026-07-13 20:56:45.574212	KhRG
efabd73427558c38182f22daacafb18a		2026-07-13 20:57:04.475056	KhRG
efabd73427558c38182f22daacafb18a		2026-07-13 20:57:57.501779	KhRG
ba6d1a93f80371b95237c0fddc9f2a41		2026-07-13 20:57:57.863614	KhRG
efabd73427558c38182f22daacafb18a		2026-07-13 20:58:57.767689	KhRG
efabd73427558c38182f22daacafb18a		2026-07-13 20:59:22.631854	KhRG
efabd73427558c38182f22daacafb18a		2026-07-13 20:59:37.288942	KhRG
efabd73427558c38182f22daacafb18a		2026-07-13 21:00:35.098206	KhRG
efabd73427558c38182f22daacafb18a		2026-07-13 21:01:38.682335	KhRG
efabd73427558c38182f22daacafb18a		2026-07-13 21:04:26.551564	KhRG
efabd73427558c38182f22daacafb18a		2026-07-13 21:10:21.453700	KhRG
efabd73427558c38182f22daacafb18a		2026-07-13 21:10:50.799848	KhRG
efabd73427558c38182f22daacafb18a		2026-07-13 21:12:06.129414	KhRG
efabd73427558c38182f22daacafb18a		2026-07-13 21:12:30.015604	KhRG
efabd73427558c38182f22daacafb18a		2026-07-13 21:13:12.226989	KhRG
efabd73427558c38182f22daacafb18a		2026-07-13 21:14:37.852010	KhRG
efabd73427558c38182f22daacafb18a		2026-07-13 21:19:54.684020	KhRG
7fdb9c6ef7ab32962bf255c8ef6228e5		2026-07-14 04:15:45.661495	KhRG
b58c9a35c3e0920f9f6ba42ae58e9546		2026-07-14 04:50:05.580852	KhRG
9a567c68a8de380a1070510117bf1102		2026-07-14 04:58:23.572250	KhRG
9a567c68a8de380a1070510117bf1102		2026-07-14 04:58:34.715473	KhRG
3182edb9fbad168c2e14bdb071f55c7b		2026-07-14 05:38:50.223286	KhRG
3182edb9fbad168c2e14bdb071f55c7b		2026-07-14 05:39:07.426247	KhRG
3182edb9fbad168c2e14bdb071f55c7b		2026-07-14 05:41:56.745666	KhRG
3182edb9fbad168c2e14bdb071f55c7b		2026-07-14 05:42:55.142781	KhRG
3182edb9fbad168c2e14bdb071f55c7b		2026-07-14 05:44:31.487406	KhRG
3182edb9fbad168c2e14bdb071f55c7b		2026-07-14 05:47:00.081687	KhRG
ba6d1a93f80371b95237c0fddc9f2a41		2026-07-14 05:55:56.936545	KhRG
20ba4542a73e7d02e07ce18abdb90c25		2026-07-14 05:56:50.710321	KhRG
3182edb9fbad168c2e14bdb071f55c7b		2026-07-14 05:56:52.263565	KhRG
20ba4542a73e7d02e07ce18abdb90c25		2026-07-14 05:57:22.040249	KhRG
ba6d1a93f80371b95237c0fddc9f2a41		2026-07-14 05:58:41.647333	KhRG
3182edb9fbad168c2e14bdb071f55c7b		2026-07-14 05:59:02.540808	KhRG
ba6d1a93f80371b95237c0fddc9f2a41		2026-07-14 05:59:21.214182	KhRG
3182edb9fbad168c2e14bdb071f55c7b		2026-07-14 06:01:22.455837	KhRG
3182edb9fbad168c2e14bdb071f55c7b		2026-07-14 06:02:11.879367	KhRG
3182edb9fbad168c2e14bdb071f55c7b		2026-07-14 06:04:34.051193	KhRG
3182edb9fbad168c2e14bdb071f55c7b		2026-07-14 06:06:12.852463	KhRG
3182edb9fbad168c2e14bdb071f55c7b		2026-07-14 06:06:26.999328	KhRG
3182edb9fbad168c2e14bdb071f55c7b		2026-07-14 06:07:52.665817	KhRG
3182edb9fbad168c2e14bdb071f55c7b		2026-07-14 06:08:15.990478	KhRG
20ba4542a73e7d02e07ce18abdb90c25		2026-07-14 06:09:52.053610	KhRG
20ba4542a73e7d02e07ce18abdb90c25		2026-07-14 06:10:57.935378	KhRG
3182edb9fbad168c2e14bdb071f55c7b		2026-07-14 06:13:58.422392	KhRG
ba6d1a93f80371b95237c0fddc9f2a41		2026-07-14 06:15:36.059749	KhRG
3182edb9fbad168c2e14bdb071f55c7b		2026-07-14 06:15:39.781195	KhRG
20ba4542a73e7d02e07ce18abdb90c25		2026-07-14 06:25:46.517726	KhRG
20ba4542a73e7d02e07ce18abdb90c25		2026-07-14 06:26:54.530884	KhRG
20ba4542a73e7d02e07ce18abdb90c25		2026-07-14 06:31:17.405834	KhRG
20ba4542a73e7d02e07ce18abdb90c25		2026-07-14 06:31:36.792755	KhRG
20ba4542a73e7d02e07ce18abdb90c25		2026-07-14 06:32:10.890819	KhRG
3182edb9fbad168c2e14bdb071f55c7b		2026-07-14 06:35:52.923712	KhRG
ba6d1a93f80371b95237c0fddc9f2a41		2026-07-14 06:37:03.713301	KhRG
3182edb9fbad168c2e14bdb071f55c7b		2026-07-14 06:37:34.860426	KhRG
20ba4542a73e7d02e07ce18abdb90c25		2026-07-14 06:39:12.341398	KhRG
20ba4542a73e7d02e07ce18abdb90c25		2026-07-14 06:40:00.802029	KhRG
20ba4542a73e7d02e07ce18abdb90c25		2026-07-14 06:40:15.036058	KhRG
ba6d1a93f80371b95237c0fddc9f2a41		2026-07-14 06:42:09.299000	KhRG
3182edb9fbad168c2e14bdb071f55c7b		2026-07-14 06:42:43.251373	KhRG
3182edb9fbad168c2e14bdb071f55c7b		2026-07-14 06:45:44.670213	KhRG
ba6d1a93f80371b95237c0fddc9f2a41		2026-07-14 06:51:56.051399	KhRG
ba6d1a93f80371b95237c0fddc9f2a41		2026-07-14 06:52:55.732532	KhRG
3182edb9fbad168c2e14bdb071f55c7b		2026-07-14 07:12:20.700361	KhRG
3182edb9fbad168c2e14bdb071f55c7b		2026-07-14 07:21:47.918543	KhRG
3182edb9fbad168c2e14bdb071f55c7b		2026-07-14 07:22:07.428112	KhRG
3182edb9fbad168c2e14bdb071f55c7b		2026-07-14 07:23:48.864880	KhRG
ba6d1a93f80371b95237c0fddc9f2a41		2026-07-14 07:24:36.428755	KhRG
93f7ae1456fee4ad8a3a007a6abec47b		2026-07-14 07:25:19.785102	KhRG
93f7ae1456fee4ad8a3a007a6abec47b		2026-07-14 07:25:48.392079	KhRG
93f7ae1456fee4ad8a3a007a6abec47b		2026-07-14 07:26:10.893194	KhRG
93f7ae1456fee4ad8a3a007a6abec47b		2026-07-14 07:27:15.961422	KhRG
93f7ae1456fee4ad8a3a007a6abec47b		2026-07-14 07:28:08.002111	KhRG
3182edb9fbad168c2e14bdb071f55c7b		2026-07-14 07:50:05.776619	KhRG
93f7ae1456fee4ad8a3a007a6abec47b		2026-07-14 07:50:53.931482	KhRG
3182edb9fbad168c2e14bdb071f55c7b		2026-07-14 07:54:58.902899	KhRG
3182edb9fbad168c2e14bdb071f55c7b		2026-07-14 07:55:19.802059	KhRG
3182edb9fbad168c2e14bdb071f55c7b		2026-07-14 07:55:48.949164	KhRG
3182edb9fbad168c2e14bdb071f55c7b		2026-07-14 07:56:26.941421	KhRG
93f7ae1456fee4ad8a3a007a6abec47b		2026-07-14 07:57:25.973201	KhRG
93f7ae1456fee4ad8a3a007a6abec47b		2026-07-14 07:58:17.623009	KhRG
560c78966a41ab21cb920b389b6d15e2		2026-07-14 08:01:45.045177	KhRG
93f7ae1456fee4ad8a3a007a6abec47b		2026-07-14 08:06:12.647579	KhRG
3182edb9fbad168c2e14bdb071f55c7b		2026-07-14 08:13:04.861625	KhRG
93f7ae1456fee4ad8a3a007a6abec47b		2026-07-14 08:14:47.600236	KhRG
93f7ae1456fee4ad8a3a007a6abec47b		2026-07-14 08:15:15.202696	KhRG
3182edb9fbad168c2e14bdb071f55c7b		2026-07-14 08:15:54.808931	KhRG
93f7ae1456fee4ad8a3a007a6abec47b		2026-07-14 08:15:56.311286	KhRG
93f7ae1456fee4ad8a3a007a6abec47b		2026-07-14 08:23:58.464509	KhRG
93f7ae1456fee4ad8a3a007a6abec47b		2026-07-14 08:24:16.539276	KhRG
efabd73427558c38182f22daacafb18a		2026-07-14 09:09:34.296856	KhRG
560c78966a41ab21cb920b389b6d15e2		2026-07-14 08:29:35.579645	KhRG
93f7ae1456fee4ad8a3a007a6abec47b		2026-07-14 08:30:04.008375	KhRG
560c78966a41ab21cb920b389b6d15e2		2026-07-14 08:30:17.252341	KhRG
93f7ae1456fee4ad8a3a007a6abec47b		2026-07-14 08:33:29.342220	KhRG
93f7ae1456fee4ad8a3a007a6abec47b		2026-07-14 08:33:39.834129	KhRG
560c78966a41ab21cb920b389b6d15e2		2026-07-14 08:35:36.855311	KhRG
93f7ae1456fee4ad8a3a007a6abec47b		2026-07-14 08:36:12.653946	KhRG
560c78966a41ab21cb920b389b6d15e2		2026-07-14 08:36:47.104765	KhRG
efabd73427558c38182f22daacafb18a		2026-07-14 08:38:15.573370	KhRG
efabd73427558c38182f22daacafb18a		2026-07-14 08:40:05.921403	KhRG
efabd73427558c38182f22daacafb18a		2026-07-14 08:42:41.526467	KhRG
efabd73427558c38182f22daacafb18a		2026-07-14 08:43:34.543828	KhRG
efabd73427558c38182f22daacafb18a		2026-07-14 08:43:51.863670	KhRG
efabd73427558c38182f22daacafb18a		2026-07-14 08:47:57.838917	KhRG
93f7ae1456fee4ad8a3a007a6abec47b		2026-07-14 08:48:09.629317	KhRG
93f7ae1456fee4ad8a3a007a6abec47b		2026-07-14 08:59:20.060036	KhRG
93f7ae1456fee4ad8a3a007a6abec47b		2026-07-14 08:59:40.803479	KhRG
efabd73427558c38182f22daacafb18a		2026-07-14 09:01:11.019811	KhRG
efabd73427558c38182f22daacafb18a		2026-07-14 09:01:45.513272	KhRG
efabd73427558c38182f22daacafb18a		2026-07-14 09:02:09.199950	KhRG
efabd73427558c38182f22daacafb18a		2026-07-14 09:02:27.843736	KhRG
efabd73427558c38182f22daacafb18a		2026-07-14 09:03:00.782912	KhRG
efabd73427558c38182f22daacafb18a		2026-07-14 09:07:12.886141	KhRG
efabd73427558c38182f22daacafb18a		2026-07-14 09:08:01.431294	KhRG
efabd73427558c38182f22daacafb18a		2026-07-14 09:08:46.888601	KhRG
efabd73427558c38182f22daacafb18a		2026-07-14 09:09:14.786501	KhRG
efabd73427558c38182f22daacafb18a		2026-07-14 09:09:25.770912	KhRG
efabd73427558c38182f22daacafb18a		2026-07-14 09:11:56.333261	KhRG
efabd73427558c38182f22daacafb18a		2026-07-14 09:12:50.167483	KhRG
560c78966a41ab21cb920b389b6d15e2		2026-07-14 09:13:03.268754	KhRG
efabd73427558c38182f22daacafb18a		2026-07-14 09:15:53.474710	KhRG
efabd73427558c38182f22daacafb18a		2026-07-14 09:16:08.355935	KhRG
efabd73427558c38182f22daacafb18a		2026-07-14 09:17:36.090259	KhRG
efabd73427558c38182f22daacafb18a		2026-07-14 09:18:34.302719	KhRG
efabd73427558c38182f22daacafb18a		2026-07-14 09:18:54.910929	KhRG
efabd73427558c38182f22daacafb18a		2026-07-14 09:19:12.590506	KhRG
efabd73427558c38182f22daacafb18a		2026-07-14 09:19:29.548105	KhRG
efabd73427558c38182f22daacafb18a		2026-07-14 09:23:39.731567	KhRG
efabd73427558c38182f22daacafb18a		2026-07-14 09:26:16.851104	KhRG
efabd73427558c38182f22daacafb18a		2026-07-14 09:28:03.046755	KhRG
c140a78e0fe80e8e27e8870474c5e68c		2026-07-14 09:29:14.208827	KhRG
efabd73427558c38182f22daacafb18a		2026-07-14 09:29:24.899135	KhRG
c140a78e0fe80e8e27e8870474c5e68c		2026-07-14 09:29:35.672743	KhRG
efabd73427558c38182f22daacafb18a		2026-07-14 09:29:59.069976	KhRG
efabd73427558c38182f22daacafb18a		2026-07-14 09:42:27.669748	KhRG
efabd73427558c38182f22daacafb18a		2026-07-14 09:43:27.724507	KhRG
efabd73427558c38182f22daacafb18a		2026-07-14 09:44:04.589849	KhRG
efabd73427558c38182f22daacafb18a		2026-07-14 09:45:52.035163	KhRG
3182edb9fbad168c2e14bdb071f55c7b		2026-07-14 09:46:23.539574	KhRG
3182edb9fbad168c2e14bdb071f55c7b		2026-07-14 09:47:12.481496	KhRG
ed17e6484726cef08397f57962fc3eac		2026-07-14 09:47:37.602355	KhRG
efabd73427558c38182f22daacafb18a		2026-07-14 09:49:07.584630	KhRG
ed17e6484726cef08397f57962fc3eac		2026-07-14 09:52:01.969652	KhRG
ed17e6484726cef08397f57962fc3eac		2026-07-14 09:52:12.046864	KhRG
ed17e6484726cef08397f57962fc3eac		2026-07-14 09:52:32.009781	KhRG
efabd73427558c38182f22daacafb18a		2026-07-14 09:52:37.923522	KhRG
efabd73427558c38182f22daacafb18a		2026-07-14 09:52:50.296362	KhRG
efabd73427558c38182f22daacafb18a		2026-07-14 09:54:27.790740	KhRG
efabd73427558c38182f22daacafb18a		2026-07-14 09:56:22.426473	KhRG
efabd73427558c38182f22daacafb18a		2026-07-14 09:58:35.884143	KhRG
93f7ae1456fee4ad8a3a007a6abec47b		2026-07-14 10:00:46.401252	KhRG
efabd73427558c38182f22daacafb18a		2026-07-14 10:01:20.404408	KhRG
efabd73427558c38182f22daacafb18a		2026-07-14 10:07:06.484746	KhRG
efabd73427558c38182f22daacafb18a		2026-07-14 10:08:41.896156	KhRG
93f7ae1456fee4ad8a3a007a6abec47b		2026-07-14 10:08:47.276836	KhRG
efabd73427558c38182f22daacafb18a		2026-07-14 10:09:16.407413	KhRG
efabd73427558c38182f22daacafb18a		2026-07-14 10:10:02.339751	KhRG
93f7ae1456fee4ad8a3a007a6abec47b		2026-07-14 10:12:05.403965	KhRG
93f7ae1456fee4ad8a3a007a6abec47b		2026-07-14 10:12:49.864766	KhRG
93f7ae1456fee4ad8a3a007a6abec47b		2026-07-14 10:13:03.183378	KhRG
93f7ae1456fee4ad8a3a007a6abec47b		2026-07-14 10:20:04.098964	KhRG
efabd73427558c38182f22daacafb18a		2026-07-14 10:28:42.858305	KhRG
efabd73427558c38182f22daacafb18a		2026-07-14 10:28:54.984688	KhRG
efabd73427558c38182f22daacafb18a		2026-07-14 10:29:09.256913	KhRG
efabd73427558c38182f22daacafb18a		2026-07-14 10:29:50.428474	KhRG
efabd73427558c38182f22daacafb18a		2026-07-14 10:30:00.789019	KhRG
efabd73427558c38182f22daacafb18a		2026-07-14 10:30:24.047212	KhRG
efabd73427558c38182f22daacafb18a		2026-07-14 10:31:14.447549	KhRG
efabd73427558c38182f22daacafb18a		2026-07-14 10:34:04.322135	KhRG
3182edb9fbad168c2e14bdb071f55c7b		2026-07-14 10:36:04.990210	KhRG
3182edb9fbad168c2e14bdb071f55c7b		2026-07-14 10:36:55.202102	KhRG
efabd73427558c38182f22daacafb18a		2026-07-14 10:37:14.764807	KhRG
efabd73427558c38182f22daacafb18a		2026-07-14 10:37:42.090352	KhRG
efabd73427558c38182f22daacafb18a		2026-07-14 10:38:11.008873	KhRG
efabd73427558c38182f22daacafb18a		2026-07-14 10:38:56.296457	KhRG
efabd73427558c38182f22daacafb18a		2026-07-14 10:40:22.394217	KhRG
efabd73427558c38182f22daacafb18a		2026-07-14 10:40:46.443558	KhRG
3182edb9fbad168c2e14bdb071f55c7b		2026-07-14 10:40:52.852845	KhRG
ba6d1a93f80371b95237c0fddc9f2a41		2026-07-14 10:41:29.255391	KhRG
efabd73427558c38182f22daacafb18a		2026-07-14 10:42:25.646048	KhRG
560c78966a41ab21cb920b389b6d15e2		2026-07-14 15:49:33.885061	KhRG
93f7ae1456fee4ad8a3a007a6abec47b		2026-07-14 10:49:53.438710	KhRG
3182edb9fbad168c2e14bdb071f55c7b		2026-07-14 10:49:55.925632	KhRG
93f7ae1456fee4ad8a3a007a6abec47b		2026-07-14 10:50:28.212207	KhRG
3182edb9fbad168c2e14bdb071f55c7b		2026-07-14 10:53:28.791339	KhRG
3182edb9fbad168c2e14bdb071f55c7b		2026-07-14 10:54:24.952357	KhRG
93f7ae1456fee4ad8a3a007a6abec47b		2026-07-14 10:54:54.151303	KhRG
93f7ae1456fee4ad8a3a007a6abec47b		2026-07-14 10:55:16.726289	KhRG
352853dd99c35d82caad413151f2aaae		2026-07-14 10:57:03.466935	KhRG
352853dd99c35d82caad413151f2aaae		2026-07-14 10:57:13.467394	KhRG
352853dd99c35d82caad413151f2aaae		2026-07-14 10:59:38.805232	KhRG
352853dd99c35d82caad413151f2aaae		2026-07-14 11:00:13.249612	KhRG
ba6d1a93f80371b95237c0fddc9f2a41		2026-07-14 11:18:41.064264	KhRG
efabd73427558c38182f22daacafb18a		2026-07-14 11:19:52.288231	KhRG
3182edb9fbad168c2e14bdb071f55c7b		2026-07-14 11:21:01.687559	KhRG
efabd73427558c38182f22daacafb18a		2026-07-14 11:21:31.391111	KhRG
efabd73427558c38182f22daacafb18a		2026-07-14 11:21:48.269847	KhRG
3182edb9fbad168c2e14bdb071f55c7b		2026-07-14 11:27:58.607938	KhRG
ba6d1a93f80371b95237c0fddc9f2a41		2026-07-14 11:29:06.368946	KhRG
3182edb9fbad168c2e14bdb071f55c7b		2026-07-14 11:29:53.456788	KhRG
3182edb9fbad168c2e14bdb071f55c7b		2026-07-14 11:37:39.731906	KhRG
3182edb9fbad168c2e14bdb071f55c7b		2026-07-14 11:37:53.209043	KhRG
93f7ae1456fee4ad8a3a007a6abec47b		2026-07-14 12:05:41.399137	KhRG
93f7ae1456fee4ad8a3a007a6abec47b		2026-07-14 12:08:12.167403	KhRG
93f7ae1456fee4ad8a3a007a6abec47b		2026-07-14 12:08:43.437616	KhRG
93f7ae1456fee4ad8a3a007a6abec47b		2026-07-14 12:09:30.637115	KhRG
c140a78e0fe80e8e27e8870474c5e68c		2026-07-14 12:14:48.147740	KhRG
c140a78e0fe80e8e27e8870474c5e68c		2026-07-14 12:15:23.699875	KhRG
93f7ae1456fee4ad8a3a007a6abec47b		2026-07-14 12:15:51.497779	KhRG
93f7ae1456fee4ad8a3a007a6abec47b		2026-07-14 12:16:11.181131	KhRG
c140a78e0fe80e8e27e8870474c5e68c		2026-07-14 12:16:30.695662	KhRG
c140a78e0fe80e8e27e8870474c5e68c		2026-07-14 12:16:41.819920	KhRG
93f7ae1456fee4ad8a3a007a6abec47b		2026-07-14 12:17:00.175942	KhRG
c140a78e0fe80e8e27e8870474c5e68c		2026-07-14 12:17:19.480284	KhRG
c140a78e0fe80e8e27e8870474c5e68c		2026-07-14 12:18:50.199103	KhRG
c140a78e0fe80e8e27e8870474c5e68c		2026-07-14 12:19:02.292177	KhRG
c140a78e0fe80e8e27e8870474c5e68c		2026-07-14 12:21:05.542986	KhRG
c140a78e0fe80e8e27e8870474c5e68c		2026-07-14 12:21:26.115273	KhRG
c140a78e0fe80e8e27e8870474c5e68c		2026-07-14 12:21:36.520162	KhRG
c140a78e0fe80e8e27e8870474c5e68c		2026-07-14 12:23:59.505468	KhRG
93f7ae1456fee4ad8a3a007a6abec47b		2026-07-14 12:25:11.613580	KhRG
560c78966a41ab21cb920b389b6d15e2		2026-07-14 16:29:45.644398	KhRG
93f7ae1456fee4ad8a3a007a6abec47b		2026-07-14 12:25:50.231334	KhRG
3182edb9fbad168c2e14bdb071f55c7b		2026-07-14 12:31:57.473382	KhRG
ed17e6484726cef08397f57962fc3eac		2026-07-14 12:40:03.598636	KhRG
aaf16c0ea249e6b2ed0b476178258e2b		2026-07-14 12:45:06.274802	KhRG
3e2ad549b15d324e273b81aef2baabe9		2026-07-14 12:46:07.072547	KhRG
3e2ad549b15d324e273b81aef2baabe9		2026-07-14 12:46:19.724269	KhRG
aaf16c0ea249e6b2ed0b476178258e2b		2026-07-14 12:46:22.920386	KhRG
3e2ad549b15d324e273b81aef2baabe9		2026-07-14 12:46:34.146743	KhRG
3e2ad549b15d324e273b81aef2baabe9		2026-07-14 12:46:52.739668	KhRG
93f7ae1456fee4ad8a3a007a6abec47b		2026-07-14 12:48:40.690252	KhRG
aaf16c0ea249e6b2ed0b476178258e2b		2026-07-14 12:51:31.544999	KhRG
aaf16c0ea249e6b2ed0b476178258e2b		2026-07-14 12:51:46.140759	KhRG
aaf16c0ea249e6b2ed0b476178258e2b		2026-07-14 12:56:25.440007	KhRG
aaf16c0ea249e6b2ed0b476178258e2b		2026-07-14 12:58:55.526477	KhRG
aaf16c0ea249e6b2ed0b476178258e2b		2026-07-14 12:59:14.543419	KhRG
aaf16c0ea249e6b2ed0b476178258e2b		2026-07-14 12:59:36.812199	KhRG
aaf16c0ea249e6b2ed0b476178258e2b		2026-07-14 12:59:47.849775	KhRG
aaf16c0ea249e6b2ed0b476178258e2b		2026-07-14 13:00:05.838910	KhRG
3e2ad549b15d324e273b81aef2baabe9		2026-07-14 13:03:21.236995	KhRG
aaf16c0ea249e6b2ed0b476178258e2b		2026-07-14 13:07:54.039910	KhRG
40db73febc00932ce041ed639bf75bbd		2026-07-14 13:14:54.625690	KhRG
40db73febc00932ce041ed639bf75bbd		2026-07-14 13:17:28.206925	KhRG
c140a78e0fe80e8e27e8870474c5e68c		2026-07-14 13:20:42.923403	KhRG
c140a78e0fe80e8e27e8870474c5e68c		2026-07-14 13:20:53.554118	KhRG
40db73febc00932ce041ed639bf75bbd		2026-07-14 13:23:59.367702	KhRG
93f7ae1456fee4ad8a3a007a6abec47b		2026-07-14 13:24:34.300690	KhRG
c55d7f8e991e37560d7b5e0d06bf3939		2026-07-14 16:31:45.106722	KhRG
93f7ae1456fee4ad8a3a007a6abec47b		2026-07-14 13:24:46.323039	KhRG
93f7ae1456fee4ad8a3a007a6abec47b		2026-07-14 13:28:52.286162	KhRG
93f7ae1456fee4ad8a3a007a6abec47b		2026-07-14 13:29:47.942233	KhRG
40db73febc00932ce041ed639bf75bbd		2026-07-14 13:46:29.621990	KhRG
40db73febc00932ce041ed639bf75bbd		2026-07-14 13:47:50.056421	KhRG
93f7ae1456fee4ad8a3a007a6abec47b		2026-07-14 13:57:34.771617	KhRG
93f7ae1456fee4ad8a3a007a6abec47b		2026-07-14 13:58:05.611531	KhRG
40db73febc00932ce041ed639bf75bbd		2026-07-14 13:59:01.197268	KhRG
93f7ae1456fee4ad8a3a007a6abec47b		2026-07-14 13:59:15.931892	KhRG
40db73febc00932ce041ed639bf75bbd		2026-07-14 14:00:17.809048	KhRG
40db73febc00932ce041ed639bf75bbd		2026-07-14 14:06:08.242205	KhRG
40db73febc00932ce041ed639bf75bbd		2026-07-14 14:07:44.427235	KhRG
40db73febc00932ce041ed639bf75bbd		2026-07-14 14:08:40.165798	KhRG
40db73febc00932ce041ed639bf75bbd		2026-07-14 14:09:00.748955	KhRG
40db73febc00932ce041ed639bf75bbd		2026-07-14 14:10:21.120896	KhRG
40db73febc00932ce041ed639bf75bbd		2026-07-14 14:12:18.068100	KhRG
93f7ae1456fee4ad8a3a007a6abec47b		2026-07-14 14:13:06.677648	KhRG
ebb7c4269ac1c91da9d699a6332066bf		2026-07-14 14:14:27.602448	KhRG
ebb7c4269ac1c91da9d699a6332066bf		2026-07-14 14:16:41.240353	KhRG
ebb7c4269ac1c91da9d699a6332066bf		2026-07-14 14:17:26.938209	KhRG
ebb7c4269ac1c91da9d699a6332066bf		2026-07-14 14:17:48.977014	KhRG
ebb7c4269ac1c91da9d699a6332066bf		2026-07-14 14:18:17.692103	KhRG
ebb7c4269ac1c91da9d699a6332066bf		2026-07-14 14:19:44.910025	KhRG
93f7ae1456fee4ad8a3a007a6abec47b		2026-07-14 14:20:13.958779	KhRG
ebb7c4269ac1c91da9d699a6332066bf		2026-07-14 14:20:46.960403	KhRG
ebb7c4269ac1c91da9d699a6332066bf		2026-07-14 14:24:53.461581	KhRG
40db73febc00932ce041ed639bf75bbd		2026-07-14 14:28:46.914765	KhRG
40db73febc00932ce041ed639bf75bbd		2026-07-14 14:30:02.854252	KhRG
40db73febc00932ce041ed639bf75bbd		2026-07-14 14:30:26.816343	KhRG
c140a78e0fe80e8e27e8870474c5e68c		2026-07-14 14:39:34.105198	KhRG
c140a78e0fe80e8e27e8870474c5e68c		2026-07-14 14:40:47.607849	KhRG
c140a78e0fe80e8e27e8870474c5e68c		2026-07-14 14:41:16.184392	KhRG
c140a78e0fe80e8e27e8870474c5e68c		2026-07-14 14:41:29.487385	KhRG
c140a78e0fe80e8e27e8870474c5e68c		2026-07-14 14:43:08.449699	KhRG
c140a78e0fe80e8e27e8870474c5e68c		2026-07-14 14:43:21.826590	KhRG
c140a78e0fe80e8e27e8870474c5e68c		2026-07-14 14:46:24.007829	KhRG
c140a78e0fe80e8e27e8870474c5e68c		2026-07-14 14:46:40.954858	KhRG
efabd73427558c38182f22daacafb18a		2026-07-14 14:49:51.042088	KhRG
93f7ae1456fee4ad8a3a007a6abec47b		2026-07-14 14:50:26.286284	KhRG
c140a78e0fe80e8e27e8870474c5e68c		2026-07-14 14:50:48.880128	KhRG
efabd73427558c38182f22daacafb18a		2026-07-14 14:51:28.869230	KhRG
93f7ae1456fee4ad8a3a007a6abec47b		2026-07-14 14:51:38.628886	KhRG
c140a78e0fe80e8e27e8870474c5e68c		2026-07-14 14:51:39.092700	KhRG
c140a78e0fe80e8e27e8870474c5e68c		2026-07-14 14:52:12.780333	KhRG
efabd73427558c38182f22daacafb18a		2026-07-14 14:52:24.782793	KhRG
93f7ae1456fee4ad8a3a007a6abec47b		2026-07-14 14:52:35.396257	KhRG
93f7ae1456fee4ad8a3a007a6abec47b		2026-07-14 14:53:02.014685	KhRG
c140a78e0fe80e8e27e8870474c5e68c		2026-07-14 14:53:22.099881	KhRG
efabd73427558c38182f22daacafb18a		2026-07-14 14:53:25.796883	KhRG
c140a78e0fe80e8e27e8870474c5e68c		2026-07-14 14:53:29.859297	KhRG
efabd73427558c38182f22daacafb18a		2026-07-14 14:54:02.324181	KhRG
c140a78e0fe80e8e27e8870474c5e68c		2026-07-14 14:55:03.843095	KhRG
c140a78e0fe80e8e27e8870474c5e68c		2026-07-14 14:55:13.091863	KhRG
20ba4542a73e7d02e07ce18abdb90c25		2026-07-14 14:56:47.956115	KhRG
c140a78e0fe80e8e27e8870474c5e68c		2026-07-14 14:57:21.802888	KhRG
20ba4542a73e7d02e07ce18abdb90c25		2026-07-14 14:58:20.432344	KhRG
20ba4542a73e7d02e07ce18abdb90c25		2026-07-14 14:58:27.036861	KhRG
c140a78e0fe80e8e27e8870474c5e68c		2026-07-14 14:59:04.867273	KhRG
c140a78e0fe80e8e27e8870474c5e68c		2026-07-14 14:59:57.707601	KhRG
93f7ae1456fee4ad8a3a007a6abec47b		2026-07-14 15:00:15.448137	KhRG
93f7ae1456fee4ad8a3a007a6abec47b		2026-07-14 15:00:42.146671	KhRG
93f7ae1456fee4ad8a3a007a6abec47b		2026-07-14 15:12:04.672959	KhRG
93f7ae1456fee4ad8a3a007a6abec47b		2026-07-14 15:12:15.925660	KhRG
93f7ae1456fee4ad8a3a007a6abec47b		2026-07-14 15:12:44.807236	KhRG
93f7ae1456fee4ad8a3a007a6abec47b		2026-07-14 15:13:45.885668	KhRG
c55d7f8e991e37560d7b5e0d06bf3939		2026-07-14 15:14:46.472562	KhRG
c55d7f8e991e37560d7b5e0d06bf3939		2026-07-14 15:15:11.731597	KhRG
c55d7f8e991e37560d7b5e0d06bf3939		2026-07-14 15:15:24.420744	KhRG
c447d6c6d4a67cf420d476c92887584a		2026-07-14 15:16:11.623465	KhRG
c55d7f8e991e37560d7b5e0d06bf3939		2026-07-14 15:16:42.879599	KhRG
c447d6c6d4a67cf420d476c92887584a		2026-07-14 15:16:45.202496	KhRG
c55d7f8e991e37560d7b5e0d06bf3939		2026-07-14 15:17:44.312885	KhRG
93f7ae1456fee4ad8a3a007a6abec47b		2026-07-14 15:20:15.023560	KhRG
93f7ae1456fee4ad8a3a007a6abec47b		2026-07-14 15:21:15.903775	KhRG
93f7ae1456fee4ad8a3a007a6abec47b		2026-07-14 15:22:42.246575	KhRG
c447d6c6d4a67cf420d476c92887584a		2026-07-14 15:23:25.443125	KhRG
c447d6c6d4a67cf420d476c92887584a		2026-07-14 15:23:38.275617	KhRG
c447d6c6d4a67cf420d476c92887584a		2026-07-14 15:25:08.200500	KhRG
c447d6c6d4a67cf420d476c92887584a		2026-07-14 15:25:37.720274	KhRG
560c78966a41ab21cb920b389b6d15e2		2026-07-14 15:27:32.628572	KhRG
560c78966a41ab21cb920b389b6d15e2		2026-07-14 15:30:33.605558	KhRG
560c78966a41ab21cb920b389b6d15e2		2026-07-14 15:31:46.832089	KhRG
93f7ae1456fee4ad8a3a007a6abec47b		2026-07-14 15:33:08.659084	KhRG
93f7ae1456fee4ad8a3a007a6abec47b		2026-07-14 15:33:26.931423	KhRG
c447d6c6d4a67cf420d476c92887584a		2026-07-14 15:35:26.823943	KhRG
93f7ae1456fee4ad8a3a007a6abec47b		2026-07-14 15:37:00.829676	KhRG
b06e2f9b2f52aa47a56ebb333ef85eee		2026-07-14 15:37:21.376844	KhRG
93f7ae1456fee4ad8a3a007a6abec47b		2026-07-14 15:37:21.879145	KhRG
93f7ae1456fee4ad8a3a007a6abec47b		2026-07-14 15:46:20.745712	KhRG
93f7ae1456fee4ad8a3a007a6abec47b		2026-07-14 15:48:02.478252	KhRG
efabd73427558c38182f22daacafb18a		2026-07-14 15:50:20.826464	KhRG
560c78966a41ab21cb920b389b6d15e2		2026-07-14 15:51:42.914415	KhRG
efabd73427558c38182f22daacafb18a		2026-07-14 15:53:12.533496	KhRG
560c78966a41ab21cb920b389b6d15e2		2026-07-14 15:53:22.754873	KhRG
efabd73427558c38182f22daacafb18a		2026-07-14 15:54:25.070133	KhRG
efabd73427558c38182f22daacafb18a		2026-07-14 16:08:05.488030	KhRG
efabd73427558c38182f22daacafb18a		2026-07-14 16:10:16.929508	KhRG
560c78966a41ab21cb920b389b6d15e2		2026-07-14 16:11:54.468341	KhRG
b903728f1badaa76dd11464b054a0c3b		2026-07-14 16:11:55.072560	KhRG
c55d7f8e991e37560d7b5e0d06bf3939		2026-07-14 16:12:10.119059	KhRG
c55d7f8e991e37560d7b5e0d06bf3939		2026-07-14 16:13:01.263629	KhRG
6e1dce534392858b6f7f917e7c159ab4		2026-07-14 16:13:18.558372	KhRG
c55d7f8e991e37560d7b5e0d06bf3939		2026-07-14 16:13:50.058562	KhRG
c55d7f8e991e37560d7b5e0d06bf3939		2026-07-14 16:14:09.548978	KhRG
c55d7f8e991e37560d7b5e0d06bf3939		2026-07-14 16:14:19.581865	KhRG
efabd73427558c38182f22daacafb18a		2026-07-14 16:15:27.575660	KhRG
efabd73427558c38182f22daacafb18a		2026-07-14 16:16:19.670894	KhRG
c55d7f8e991e37560d7b5e0d06bf3939		2026-07-14 16:16:27.501250	KhRG
560c78966a41ab21cb920b389b6d15e2		2026-07-14 16:16:39.554580	KhRG
ba6d1a93f80371b95237c0fddc9f2a41		2026-07-14 16:17:28.376250	KhRG
c55d7f8e991e37560d7b5e0d06bf3939		2026-07-14 16:17:43.686192	KhRG
6e1dce534392858b6f7f917e7c159ab4		2026-07-14 16:18:10.224897	KhRG
b3e9f4c03c7b48e16a9c7ee86f6b689d		2026-07-14 16:24:01.173636	KhRG
6e1dce534392858b6f7f917e7c159ab4		2026-07-14 16:27:55.673036	KhRG
6e1dce534392858b6f7f917e7c159ab4		2026-07-14 16:28:10.143553	KhRG
b3e9f4c03c7b48e16a9c7ee86f6b689d		2026-07-14 16:28:30.115896	KhRG
c55d7f8e991e37560d7b5e0d06bf3939		2026-07-14 16:28:41.281340	KhRG
6e1dce534392858b6f7f917e7c159ab4		2026-07-14 16:29:12.777458	KhRG
b3e9f4c03c7b48e16a9c7ee86f6b689d		2026-07-14 16:29:17.354450	KhRG
c55d7f8e991e37560d7b5e0d06bf3939		2026-07-14 16:29:35.448180	KhRG
560c78966a41ab21cb920b389b6d15e2		2026-07-14 16:32:49.255918	KhRG
b3e9f4c03c7b48e16a9c7ee86f6b689d		2026-07-14 16:34:50.282610	KhRG
c55d7f8e991e37560d7b5e0d06bf3939		2026-07-14 16:35:09.848600	KhRG
b3e9f4c03c7b48e16a9c7ee86f6b689d		2026-07-14 16:35:29.742503	KhRG
c55d7f8e991e37560d7b5e0d06bf3939		2026-07-14 16:35:40.437969	KhRG
b3e9f4c03c7b48e16a9c7ee86f6b689d		2026-07-14 16:35:45.505934	KhRG
b3e9f4c03c7b48e16a9c7ee86f6b689d		2026-07-14 16:37:02.051815	KhRG
560c78966a41ab21cb920b389b6d15e2		2026-07-14 16:37:06.810320	KhRG
b3e9f4c03c7b48e16a9c7ee86f6b689d		2026-07-14 16:39:37.593828	KhRG
c447d6c6d4a67cf420d476c92887584a		2026-07-14 16:41:11.847347	KhRG
20ba4542a73e7d02e07ce18abdb90c25		2026-07-14 16:43:00.116876	KhRG
c447d6c6d4a67cf420d476c92887584a		2026-07-14 16:43:27.659954	KhRG
c55d7f8e991e37560d7b5e0d06bf3939		2026-07-14 16:44:10.845017	KhRG
c447d6c6d4a67cf420d476c92887584a		2026-07-14 16:48:40.940833	KhRG
c55d7f8e991e37560d7b5e0d06bf3939		2026-07-14 16:48:44.985421	KhRG
20ba4542a73e7d02e07ce18abdb90c25		2026-07-14 16:53:38.705684	KhRG
20ba4542a73e7d02e07ce18abdb90c25		2026-07-14 16:54:20.034283	KhRG
20ba4542a73e7d02e07ce18abdb90c25		2026-07-14 16:54:41.728394	KhRG
20ba4542a73e7d02e07ce18abdb90c25		2026-07-14 16:57:37.050221	KhRG
20ba4542a73e7d02e07ce18abdb90c25		2026-07-14 16:57:48.113021	KhRG
c55d7f8e991e37560d7b5e0d06bf3939		2026-07-14 16:58:05.774777	KhRG
c55d7f8e991e37560d7b5e0d06bf3939		2026-07-14 16:58:49.196223	KhRG
c55d7f8e991e37560d7b5e0d06bf3939		2026-07-14 16:59:48.025443	KhRG
c55d7f8e991e37560d7b5e0d06bf3939		2026-07-14 17:00:02.893529	KhRG
c55d7f8e991e37560d7b5e0d06bf3939		2026-07-14 17:00:32.123236	KhRG
20ba4542a73e7d02e07ce18abdb90c25		2026-07-14 17:00:43.905906	KhRG
c55d7f8e991e37560d7b5e0d06bf3939		2026-07-14 17:00:59.058149	KhRG
c55d7f8e991e37560d7b5e0d06bf3939		2026-07-14 17:03:39.968814	KhRG
c55d7f8e991e37560d7b5e0d06bf3939		2026-07-14 17:04:45.495130	KhRG
20ba4542a73e7d02e07ce18abdb90c25		2026-07-14 17:05:37.000054	KhRG
20ba4542a73e7d02e07ce18abdb90c25		2026-07-14 17:06:26.768213	KhRG
e12f75635bd262dad1059e9bb1881fdf		2026-07-14 17:06:45.582176	KhRG
c55d7f8e991e37560d7b5e0d06bf3939		2026-07-14 17:06:53.044049	KhRG
20ba4542a73e7d02e07ce18abdb90c25		2026-07-14 17:06:59.539882	KhRG
20ba4542a73e7d02e07ce18abdb90c25		2026-07-14 17:07:55.015938	KhRG
20ba4542a73e7d02e07ce18abdb90c25		2026-07-14 17:08:11.505883	KhRG
c55d7f8e991e37560d7b5e0d06bf3939		2026-07-14 17:08:55.358569	KhRG
20ba4542a73e7d02e07ce18abdb90c25		2026-07-14 17:09:14.861509	KhRG
e12f75635bd262dad1059e9bb1881fdf		2026-07-14 17:09:48.534620	KhRG
20ba4542a73e7d02e07ce18abdb90c25		2026-07-14 17:11:52.709991	KhRG
20ba4542a73e7d02e07ce18abdb90c25		2026-07-14 17:12:10.441319	KhRG
20ba4542a73e7d02e07ce18abdb90c25		2026-07-14 17:14:44.831153	KhRG
20ba4542a73e7d02e07ce18abdb90c25		2026-07-14 17:15:26.033522	KhRG
20ba4542a73e7d02e07ce18abdb90c25		2026-07-14 17:16:01.501300	KhRG
20ba4542a73e7d02e07ce18abdb90c25		2026-07-14 17:16:48.679663	KhRG
20ba4542a73e7d02e07ce18abdb90c25		2026-07-14 17:19:29.862808	KhRG
20ba4542a73e7d02e07ce18abdb90c25		2026-07-14 17:20:54.003630	KhRG
20ba4542a73e7d02e07ce18abdb90c25		2026-07-14 17:21:07.239004	KhRG
20ba4542a73e7d02e07ce18abdb90c25		2026-07-14 17:21:44.888452	KhRG
20ba4542a73e7d02e07ce18abdb90c25		2026-07-14 17:22:54.351075	KhRG
3e2ad549b15d324e273b81aef2baabe9		2026-07-14 17:23:52.102452	KhRG
3e2ad549b15d324e273b81aef2baabe9		2026-07-14 17:24:03.717082	KhRG
20ba4542a73e7d02e07ce18abdb90c25		2026-07-14 17:24:38.477903	KhRG
20ba4542a73e7d02e07ce18abdb90c25		2026-07-14 17:25:44.830891	KhRG
20ba4542a73e7d02e07ce18abdb90c25		2026-07-14 17:26:34.365044	KhRG
20ba4542a73e7d02e07ce18abdb90c25		2026-07-14 17:26:59.112698	KhRG
20ba4542a73e7d02e07ce18abdb90c25		2026-07-14 17:27:14.494676	KhRG
20ba4542a73e7d02e07ce18abdb90c25		2026-07-14 17:27:34.285296	KhRG
20ba4542a73e7d02e07ce18abdb90c25		2026-07-14 17:27:48.885476	KhRG
20ba4542a73e7d02e07ce18abdb90c25		2026-07-14 17:28:05.257439	KhRG
20ba4542a73e7d02e07ce18abdb90c25		2026-07-14 17:29:41.938376	KhRG
20ba4542a73e7d02e07ce18abdb90c25		2026-07-14 17:30:28.097444	KhRG
20ba4542a73e7d02e07ce18abdb90c25		2026-07-14 17:31:17.900886	KhRG
20ba4542a73e7d02e07ce18abdb90c25		2026-07-14 17:33:07.896765	KhRG
20ba4542a73e7d02e07ce18abdb90c25		2026-07-14 17:34:00.315840	KhRG
20ba4542a73e7d02e07ce18abdb90c25		2026-07-14 17:35:00.644733	KhRG
5d250312e7c12bf3ba65b3c0319c0608		2026-07-14 18:52:47.437724	KhRG
20ba4542a73e7d02e07ce18abdb90c25		2026-07-14 17:35:36.139172	KhRG
20ba4542a73e7d02e07ce18abdb90c25		2026-07-14 17:36:00.516261	KhRG
20ba4542a73e7d02e07ce18abdb90c25		2026-07-14 17:36:29.513590	KhRG
20ba4542a73e7d02e07ce18abdb90c25		2026-07-14 17:36:42.812083	KhRG
20ba4542a73e7d02e07ce18abdb90c25		2026-07-14 17:37:24.076441	KhRG
20ba4542a73e7d02e07ce18abdb90c25		2026-07-14 17:37:45.154664	KhRG
20ba4542a73e7d02e07ce18abdb90c25		2026-07-14 17:38:58.967302	KhRG
20ba4542a73e7d02e07ce18abdb90c25		2026-07-14 17:41:29.528725	KhRG
20ba4542a73e7d02e07ce18abdb90c25		2026-07-14 17:42:06.712606	KhRG
20ba4542a73e7d02e07ce18abdb90c25		2026-07-14 17:42:36.053023	KhRG
20ba4542a73e7d02e07ce18abdb90c25		2026-07-14 17:43:20.337224	KhRG
20ba4542a73e7d02e07ce18abdb90c25		2026-07-14 17:43:45.935676	KhRG
20ba4542a73e7d02e07ce18abdb90c25		2026-07-14 17:44:54.809914	KhRG
20ba4542a73e7d02e07ce18abdb90c25		2026-07-14 17:46:47.882889	KhRG
20ba4542a73e7d02e07ce18abdb90c25		2026-07-14 17:47:20.496850	KhRG
20ba4542a73e7d02e07ce18abdb90c25		2026-07-14 17:48:54.231132	KhRG
20ba4542a73e7d02e07ce18abdb90c25		2026-07-14 17:49:55.216092	KhRG
20ba4542a73e7d02e07ce18abdb90c25		2026-07-14 17:50:09.985580	KhRG
d33d5bbc1e01ccd276c5442af3300152		2026-07-14 17:50:14.029478	KhRG
5d250312e7c12bf3ba65b3c0319c0608		2026-07-14 18:54:26.663586	KhRG
d33d5bbc1e01ccd276c5442af3300152		2026-07-14 17:50:21.755951	KhRG
20ba4542a73e7d02e07ce18abdb90c25		2026-07-14 17:51:00.921362	KhRG
20ba4542a73e7d02e07ce18abdb90c25		2026-07-14 17:51:34.901059	KhRG
c447d6c6d4a67cf420d476c92887584a		2026-07-14 18:02:52.921221	KhRG
5d250312e7c12bf3ba65b3c0319c0608		2026-07-14 18:22:35.862720	KhRG
5d250312e7c12bf3ba65b3c0319c0608		2026-07-14 18:22:56.609332	KhRG
5d250312e7c12bf3ba65b3c0319c0608		2026-07-14 18:27:15.374504	KhRG
5d250312e7c12bf3ba65b3c0319c0608		2026-07-14 18:27:58.358996	KhRG
5d250312e7c12bf3ba65b3c0319c0608		2026-07-14 18:28:13.609154	KhRG
5d250312e7c12bf3ba65b3c0319c0608		2026-07-14 18:36:16.409224	KhRG
5d250312e7c12bf3ba65b3c0319c0608		2026-07-14 18:36:26.376714	KhRG
5d250312e7c12bf3ba65b3c0319c0608		2026-07-14 18:36:40.261796	KhRG
5d250312e7c12bf3ba65b3c0319c0608		2026-07-14 18:37:27.206742	KhRG
5d250312e7c12bf3ba65b3c0319c0608		2026-07-14 18:37:48.071304	KhRG
5d250312e7c12bf3ba65b3c0319c0608		2026-07-14 18:38:04.240136	KhRG
5d250312e7c12bf3ba65b3c0319c0608		2026-07-14 18:38:30.300630	KhRG
5d250312e7c12bf3ba65b3c0319c0608		2026-07-14 18:38:57.782483	KhRG
5d250312e7c12bf3ba65b3c0319c0608		2026-07-14 18:39:14.512407	KhRG
5d250312e7c12bf3ba65b3c0319c0608		2026-07-14 18:40:27.655700	KhRG
5d250312e7c12bf3ba65b3c0319c0608		2026-07-14 18:42:21.242728	KhRG
5d250312e7c12bf3ba65b3c0319c0608		2026-07-14 18:42:37.220829	KhRG
5d250312e7c12bf3ba65b3c0319c0608		2026-07-14 18:44:02.029995	KhRG
5d250312e7c12bf3ba65b3c0319c0608		2026-07-14 18:44:39.270196	KhRG
5d250312e7c12bf3ba65b3c0319c0608		2026-07-14 18:46:35.033170	KhRG
5d250312e7c12bf3ba65b3c0319c0608		2026-07-14 18:46:56.965308	KhRG
5d250312e7c12bf3ba65b3c0319c0608		2026-07-14 18:48:29.356346	KhRG
5d250312e7c12bf3ba65b3c0319c0608		2026-07-14 18:48:39.107152	KhRG
5d250312e7c12bf3ba65b3c0319c0608		2026-07-14 18:49:14.385628	KhRG
5d250312e7c12bf3ba65b3c0319c0608		2026-07-14 18:50:41.202453	KhRG
5d250312e7c12bf3ba65b3c0319c0608		2026-07-14 18:50:50.416873	KhRG
5d250312e7c12bf3ba65b3c0319c0608		2026-07-14 18:51:09.438380	KhRG
5d250312e7c12bf3ba65b3c0319c0608		2026-07-14 18:51:26.251391	KhRG
5d250312e7c12bf3ba65b3c0319c0608		2026-07-14 18:51:42.137588	KhRG
5d250312e7c12bf3ba65b3c0319c0608		2026-07-14 18:51:56.356988	KhRG
e03494e20254d5d35bb88a625214b70c		2026-07-14 19:20:38.757521	KhRG
e12f75635bd262dad1059e9bb1881fdf		2026-07-14 20:38:20.482577	KhRG
e12f75635bd262dad1059e9bb1881fdf		2026-07-14 20:40:12.533759	KhRG
e12f75635bd262dad1059e9bb1881fdf		2026-07-14 20:41:41.168360	KhRG
e12f75635bd262dad1059e9bb1881fdf		2026-07-14 20:43:24.519460	KhRG
e12f75635bd262dad1059e9bb1881fdf		2026-07-14 20:44:49.529460	KhRG
093fababbaa1823f3fcf712af30b0183		2026-07-15 01:56:25.357994	KhRG
093fababbaa1823f3fcf712af30b0183		2026-07-15 01:59:14.402769	KhRG
093fababbaa1823f3fcf712af30b0183		2026-07-15 02:03:57.652286	KhRG
093fababbaa1823f3fcf712af30b0183		2026-07-15 02:05:35.023602	KhRG
093fababbaa1823f3fcf712af30b0183		2026-07-15 02:07:06.197885	KhRG
093fababbaa1823f3fcf712af30b0183		2026-07-15 02:08:15.475570	KhRG
093fababbaa1823f3fcf712af30b0183		2026-07-15 02:11:47.490545	KhRG
093fababbaa1823f3fcf712af30b0183		2026-07-15 02:14:37.804674	KhRG
3182edb9fbad168c2e14bdb071f55c7b		2026-07-15 05:06:22.617069	KhRG
efabd73427558c38182f22daacafb18a		2026-07-15 05:06:35.094146	KhRG
9a567c68a8de380a1070510117bf1102		2026-07-15 05:06:51.648540	KhRG
3182edb9fbad168c2e14bdb071f55c7b		2026-07-15 05:07:01.933614	KhRG
efabd73427558c38182f22daacafb18a		2026-07-15 05:07:11.370772	KhRG
3182edb9fbad168c2e14bdb071f55c7b		2026-07-15 05:09:52.363394	KhRG
3182edb9fbad168c2e14bdb071f55c7b		2026-07-15 05:11:52.942511	KhRG
3182edb9fbad168c2e14bdb071f55c7b		2026-07-15 05:12:21.421412	KhRG
3182edb9fbad168c2e14bdb071f55c7b		2026-07-15 05:12:38.575381	KhRG
3182edb9fbad168c2e14bdb071f55c7b		2026-07-15 05:13:02.035471	KhRG
3182edb9fbad168c2e14bdb071f55c7b		2026-07-15 05:13:13.520535	KhRG
3182edb9fbad168c2e14bdb071f55c7b		2026-07-15 05:13:53.544306	KhRG
3182edb9fbad168c2e14bdb071f55c7b		2026-07-15 05:14:07.803280	KhRG
3182edb9fbad168c2e14bdb071f55c7b		2026-07-15 05:15:28.744520	KhRG
3182edb9fbad168c2e14bdb071f55c7b		2026-07-15 05:15:45.290438	KhRG
efabd73427558c38182f22daacafb18a		2026-07-15 05:16:04.863411	KhRG
efabd73427558c38182f22daacafb18a		2026-07-15 05:16:26.633881	KhRG
efabd73427558c38182f22daacafb18a		2026-07-15 05:19:10.523040	KhRG
3182edb9fbad168c2e14bdb071f55c7b		2026-07-15 05:19:43.328848	KhRG
3182edb9fbad168c2e14bdb071f55c7b		2026-07-15 05:19:57.796477	KhRG
efabd73427558c38182f22daacafb18a		2026-07-15 05:20:12.494616	KhRG
efabd73427558c38182f22daacafb18a		2026-07-15 05:23:16.721463	KhRG
efabd73427558c38182f22daacafb18a		2026-07-15 05:25:14.661731	KhRG
3182edb9fbad168c2e14bdb071f55c7b		2026-07-15 05:25:58.441051	KhRG
efabd73427558c38182f22daacafb18a		2026-07-15 05:26:23.809398	KhRG
3182edb9fbad168c2e14bdb071f55c7b		2026-07-15 05:26:24.008422	KhRG
3182edb9fbad168c2e14bdb071f55c7b		2026-07-15 05:27:07.981754	KhRG
3182edb9fbad168c2e14bdb071f55c7b		2026-07-15 05:27:34.789688	KhRG
3182edb9fbad168c2e14bdb071f55c7b		2026-07-15 05:27:51.593037	KhRG
3182edb9fbad168c2e14bdb071f55c7b		2026-07-15 05:28:11.263756	KhRG
3182edb9fbad168c2e14bdb071f55c7b		2026-07-15 05:28:27.231916	KhRG
efabd73427558c38182f22daacafb18a		2026-07-15 05:29:09.703007	KhRG
efabd73427558c38182f22daacafb18a		2026-07-15 05:30:40.552243	KhRG
3182edb9fbad168c2e14bdb071f55c7b		2026-07-15 05:31:40.853413	KhRG
3182edb9fbad168c2e14bdb071f55c7b		2026-07-15 05:33:00.167982	KhRG
efabd73427558c38182f22daacafb18a		2026-07-15 05:37:19.083094	KhRG
3182edb9fbad168c2e14bdb071f55c7b		2026-07-15 05:54:49.397618	KhRG
3182edb9fbad168c2e14bdb071f55c7b		2026-07-15 05:55:08.456370	KhRG
3182edb9fbad168c2e14bdb071f55c7b		2026-07-15 05:58:09.303477	KhRG
efabd73427558c38182f22daacafb18a		2026-07-15 06:01:06.057094	KhRG
efabd73427558c38182f22daacafb18a		2026-07-15 06:01:42.846848	KhRG
efabd73427558c38182f22daacafb18a		2026-07-15 06:01:56.123011	KhRG
efabd73427558c38182f22daacafb18a		2026-07-15 06:04:02.101316	KhRG
efabd73427558c38182f22daacafb18a		2026-07-15 06:04:26.497467	KhRG
efabd73427558c38182f22daacafb18a		2026-07-15 06:07:02.659437	KhRG
5d250312e7c12bf3ba65b3c0319c0608		2026-07-15 06:34:14.100228	KhRG
efabd73427558c38182f22daacafb18a		2026-07-15 06:07:30.244028	KhRG
efabd73427558c38182f22daacafb18a		2026-07-15 06:08:22.040607	KhRG
efabd73427558c38182f22daacafb18a		2026-07-15 06:09:17.853377	KhRG
efabd73427558c38182f22daacafb18a		2026-07-15 06:09:36.941393	KhRG
efabd73427558c38182f22daacafb18a		2026-07-15 06:10:22.742001	KhRG
5d250312e7c12bf3ba65b3c0319c0608		2026-07-15 06:11:03.010025	KhRG
efabd73427558c38182f22daacafb18a		2026-07-15 06:11:06.479870	KhRG
5d250312e7c12bf3ba65b3c0319c0608		2026-07-15 06:11:35.339074	KhRG
efabd73427558c38182f22daacafb18a		2026-07-15 06:11:52.583428	KhRG
efabd73427558c38182f22daacafb18a		2026-07-15 06:13:49.751961	KhRG
5d250312e7c12bf3ba65b3c0319c0608		2026-07-15 06:14:41.726150	KhRG
efabd73427558c38182f22daacafb18a		2026-07-15 06:14:50.849604	KhRG
5d250312e7c12bf3ba65b3c0319c0608		2026-07-15 06:15:00.324268	KhRG
efabd73427558c38182f22daacafb18a		2026-07-15 06:15:14.707166	KhRG
5d250312e7c12bf3ba65b3c0319c0608		2026-07-15 06:15:17.889274	KhRG
efabd73427558c38182f22daacafb18a		2026-07-15 06:15:22.416754	KhRG
efabd73427558c38182f22daacafb18a		2026-07-15 06:15:37.870033	KhRG
efabd73427558c38182f22daacafb18a		2026-07-15 06:15:55.883435	KhRG
efabd73427558c38182f22daacafb18a		2026-07-15 06:16:19.773099	KhRG
efabd73427558c38182f22daacafb18a		2026-07-15 06:16:37.133270	KhRG
5d250312e7c12bf3ba65b3c0319c0608		2026-07-15 06:17:25.249392	KhRG
efabd73427558c38182f22daacafb18a		2026-07-15 06:17:47.094219	KhRG
efabd73427558c38182f22daacafb18a		2026-07-15 06:18:19.290644	KhRG
5d250312e7c12bf3ba65b3c0319c0608		2026-07-15 06:18:31.157841	KhRG
5d250312e7c12bf3ba65b3c0319c0608		2026-07-15 06:18:48.713472	KhRG
3182edb9fbad168c2e14bdb071f55c7b		2026-07-15 06:19:41.110524	KhRG
5d250312e7c12bf3ba65b3c0319c0608		2026-07-15 06:20:23.521808	KhRG
3182edb9fbad168c2e14bdb071f55c7b		2026-07-15 06:21:09.328072	KhRG
efabd73427558c38182f22daacafb18a		2026-07-15 06:21:41.579153	KhRG
efabd73427558c38182f22daacafb18a		2026-07-15 06:22:00.602410	KhRG
3182edb9fbad168c2e14bdb071f55c7b		2026-07-15 06:22:05.729362	KhRG
5d250312e7c12bf3ba65b3c0319c0608		2026-07-15 06:23:04.447078	KhRG
bbd717bce069b1027bc055e2134fb6d3		2026-07-15 06:23:31.871637	KhRG
bbd717bce069b1027bc055e2134fb6d3		2026-07-15 06:23:47.755833	KhRG
efabd73427558c38182f22daacafb18a		2026-07-15 06:25:16.731939	KhRG
3182edb9fbad168c2e14bdb071f55c7b		2026-07-15 06:25:38.530045	KhRG
3182edb9fbad168c2e14bdb071f55c7b		2026-07-15 06:25:51.645604	KhRG
bbd717bce069b1027bc055e2134fb6d3		2026-07-15 06:26:04.169520	KhRG
bbd717bce069b1027bc055e2134fb6d3		2026-07-15 06:26:26.060379	KhRG
3182edb9fbad168c2e14bdb071f55c7b		2026-07-15 06:30:15.788731	KhRG
3182edb9fbad168c2e14bdb071f55c7b		2026-07-15 06:30:53.974360	KhRG
3e76d5cac2d3be42a324d52aca0fae21		2026-07-15 06:31:12.070676	KhRG
3e76d5cac2d3be42a324d52aca0fae21		2026-07-15 06:31:31.062471	KhRG
5d250312e7c12bf3ba65b3c0319c0608		2026-07-15 06:31:57.563744	KhRG
3182edb9fbad168c2e14bdb071f55c7b		2026-07-15 06:32:21.906570	KhRG
3182edb9fbad168c2e14bdb071f55c7b		2026-07-15 06:32:53.264933	KhRG
5d250312e7c12bf3ba65b3c0319c0608		2026-07-15 06:33:16.749536	KhRG
3e76d5cac2d3be42a324d52aca0fae21		2026-07-15 06:34:15.569696	KhRG
5d250312e7c12bf3ba65b3c0319c0608		2026-07-15 06:36:40.389615	KhRG
bbd717bce069b1027bc055e2134fb6d3		2026-07-15 06:37:47.690753	KhRG
3182edb9fbad168c2e14bdb071f55c7b		2026-07-15 06:39:39.853202	KhRG
bbd717bce069b1027bc055e2134fb6d3		2026-07-15 06:40:22.348200	KhRG
3e76d5cac2d3be42a324d52aca0fae21		2026-07-15 06:41:01.852467	KhRG
bbd717bce069b1027bc055e2134fb6d3		2026-07-15 06:41:41.721204	KhRG
bbd717bce069b1027bc055e2134fb6d3		2026-07-15 06:43:14.272634	KhRG
3182edb9fbad168c2e14bdb071f55c7b		2026-07-15 06:45:10.355673	KhRG
efabd73427558c38182f22daacafb18a		2026-07-15 06:46:08.969235	KhRG
efabd73427558c38182f22daacafb18a		2026-07-15 06:47:05.692851	KhRG
efabd73427558c38182f22daacafb18a		2026-07-15 06:47:30.769436	KhRG
3182edb9fbad168c2e14bdb071f55c7b		2026-07-15 06:47:55.647634	KhRG
5d250312e7c12bf3ba65b3c0319c0608		2026-07-15 06:48:00.177935	KhRG
5d250312e7c12bf3ba65b3c0319c0608		2026-07-15 06:48:14.697664	KhRG
efabd73427558c38182f22daacafb18a		2026-07-15 06:48:15.075904	KhRG
3e76d5cac2d3be42a324d52aca0fae21		2026-07-15 06:49:08.939268	KhRG
3182edb9fbad168c2e14bdb071f55c7b		2026-07-15 06:49:21.367060	KhRG
efabd73427558c38182f22daacafb18a		2026-07-15 06:49:22.117563	KhRG
5d250312e7c12bf3ba65b3c0319c0608		2026-07-15 06:49:55.476336	KhRG
5d250312e7c12bf3ba65b3c0319c0608		2026-07-15 06:50:08.715754	KhRG
3182edb9fbad168c2e14bdb071f55c7b		2026-07-15 06:50:34.039044	KhRG
5d250312e7c12bf3ba65b3c0319c0608		2026-07-15 06:51:10.590963	KhRG
5d250312e7c12bf3ba65b3c0319c0608		2026-07-15 06:51:43.305787	KhRG
3182edb9fbad168c2e14bdb071f55c7b		2026-07-15 06:51:59.070626	KhRG
3e76d5cac2d3be42a324d52aca0fae21		2026-07-15 06:55:53.512494	KhRG
3182edb9fbad168c2e14bdb071f55c7b		2026-07-15 06:57:02.288618	KhRG
bbd717bce069b1027bc055e2134fb6d3		2026-07-15 06:59:21.761229	KhRG
bbd717bce069b1027bc055e2134fb6d3		2026-07-15 06:59:39.493072	KhRG
bbd717bce069b1027bc055e2134fb6d3		2026-07-15 07:02:23.151586	KhRG
bbd717bce069b1027bc055e2134fb6d3		2026-07-15 07:02:46.249857	KhRG
efabd73427558c38182f22daacafb18a		2026-07-15 07:03:13.070271	KhRG
bbd717bce069b1027bc055e2134fb6d3		2026-07-15 07:03:19.639120	KhRG
bbd717bce069b1027bc055e2134fb6d3		2026-07-15 07:03:56.593134	KhRG
efabd73427558c38182f22daacafb18a		2026-07-15 07:04:19.884851	KhRG
efabd73427558c38182f22daacafb18a		2026-07-15 07:04:29.886707	KhRG
bbd717bce069b1027bc055e2134fb6d3		2026-07-15 07:04:43.149710	KhRG
bbd717bce069b1027bc055e2134fb6d3		2026-07-15 07:05:30.633733	KhRG
5d250312e7c12bf3ba65b3c0319c0608		2026-07-15 07:06:16.707396	KhRG
bbd717bce069b1027bc055e2134fb6d3		2026-07-15 07:07:35.937831	KhRG
bbd717bce069b1027bc055e2134fb6d3		2026-07-15 07:12:19.720356	KhRG
bbd717bce069b1027bc055e2134fb6d3		2026-07-15 07:12:42.824025	KhRG
3e76d5cac2d3be42a324d52aca0fae21		2026-07-15 07:13:04.525591	KhRG
efabd73427558c38182f22daacafb18a		2026-07-15 07:15:42.775565	KhRG
efabd73427558c38182f22daacafb18a		2026-07-15 07:15:57.292157	KhRG
5d250312e7c12bf3ba65b3c0319c0608		2026-07-15 07:17:51.779690	KhRG
3e76d5cac2d3be42a324d52aca0fae21		2026-07-15 07:19:01.264280	KhRG
3e76d5cac2d3be42a324d52aca0fae21		2026-07-15 07:19:20.285498	KhRG
5d250312e7c12bf3ba65b3c0319c0608		2026-07-15 07:19:20.301524	KhRG
5d250312e7c12bf3ba65b3c0319c0608		2026-07-15 07:19:40.223388	KhRG
5d250312e7c12bf3ba65b3c0319c0608		2026-07-15 07:21:02.992288	KhRG
5d250312e7c12bf3ba65b3c0319c0608		2026-07-15 07:21:51.197403	KhRG
5d250312e7c12bf3ba65b3c0319c0608		2026-07-15 07:22:30.832448	KhRG
3e76d5cac2d3be42a324d52aca0fae21		2026-07-15 07:22:45.797069	KhRG
5d250312e7c12bf3ba65b3c0319c0608		2026-07-15 07:22:47.941014	KhRG
3182edb9fbad168c2e14bdb071f55c7b		2026-07-15 07:31:43.103494	KhRG
3e76d5cac2d3be42a324d52aca0fae21		2026-07-15 07:37:01.564378	KhRG
3e2ad549b15d324e273b81aef2baabe9		2026-07-15 07:46:31.620794	KhRG
3e2ad549b15d324e273b81aef2baabe9		2026-07-15 07:47:22.245661	KhRG
3e2ad549b15d324e273b81aef2baabe9		2026-07-15 07:48:03.336138	KhRG
3e2ad549b15d324e273b81aef2baabe9		2026-07-15 07:48:54.055588	KhRG
3182edb9fbad168c2e14bdb071f55c7b		2026-07-15 07:50:08.989500	KhRG
3e2ad549b15d324e273b81aef2baabe9		2026-07-15 07:50:18.452262	KhRG
3e2ad549b15d324e273b81aef2baabe9		2026-07-15 07:50:36.537895	KhRG
3182edb9fbad168c2e14bdb071f55c7b		2026-07-15 07:51:19.378993	KhRG
efabd73427558c38182f22daacafb18a		2026-07-15 07:58:25.787612	KhRG
3182edb9fbad168c2e14bdb071f55c7b		2026-07-15 07:58:31.872418	KhRG
efabd73427558c38182f22daacafb18a		2026-07-15 07:59:09.589039	KhRG
3182edb9fbad168c2e14bdb071f55c7b		2026-07-15 07:59:26.460006	KhRG
3182edb9fbad168c2e14bdb071f55c7b		2026-07-15 07:59:58.542420	KhRG
3182edb9fbad168c2e14bdb071f55c7b		2026-07-15 08:00:20.592809	KhRG
efabd73427558c38182f22daacafb18a		2026-07-15 08:00:22.679688	KhRG
3182edb9fbad168c2e14bdb071f55c7b		2026-07-15 08:00:41.813514	KhRG
3182edb9fbad168c2e14bdb071f55c7b		2026-07-15 08:01:11.714003	KhRG
efabd73427558c38182f22daacafb18a		2026-07-15 09:33:32.058108	KhRG
efabd73427558c38182f22daacafb18a		2026-07-15 08:01:25.828838	KhRG
3182edb9fbad168c2e14bdb071f55c7b		2026-07-15 08:02:29.389735	KhRG
efabd73427558c38182f22daacafb18a		2026-07-15 08:05:12.911145	KhRG
efabd73427558c38182f22daacafb18a		2026-07-15 08:07:58.594842	KhRG
efabd73427558c38182f22daacafb18a		2026-07-15 08:08:39.353523	KhRG
3182edb9fbad168c2e14bdb071f55c7b		2026-07-15 08:10:59.904337	KhRG
efabd73427558c38182f22daacafb18a		2026-07-15 08:12:37.542983	KhRG
efabd73427558c38182f22daacafb18a		2026-07-15 08:13:06.018585	KhRG
efabd73427558c38182f22daacafb18a		2026-07-15 08:13:32.305589	KhRG
efabd73427558c38182f22daacafb18a		2026-07-15 08:15:09.578639	KhRG
efabd73427558c38182f22daacafb18a		2026-07-15 08:15:57.329783	KhRG
efabd73427558c38182f22daacafb18a		2026-07-15 08:16:59.725428	KhRG
efabd73427558c38182f22daacafb18a		2026-07-15 08:17:29.804949	KhRG
3182edb9fbad168c2e14bdb071f55c7b		2026-07-15 08:18:48.918673	KhRG
3182edb9fbad168c2e14bdb071f55c7b		2026-07-15 08:19:12.936209	KhRG
3182edb9fbad168c2e14bdb071f55c7b		2026-07-15 08:19:31.739888	KhRG
3182edb9fbad168c2e14bdb071f55c7b		2026-07-15 08:20:59.402175	KhRG
3182edb9fbad168c2e14bdb071f55c7b		2026-07-15 08:22:03.115447	KhRG
3182edb9fbad168c2e14bdb071f55c7b		2026-07-15 08:23:50.132787	KhRG
efabd73427558c38182f22daacafb18a		2026-07-15 08:23:50.943649	KhRG
3182edb9fbad168c2e14bdb071f55c7b		2026-07-15 08:26:01.925029	KhRG
3182edb9fbad168c2e14bdb071f55c7b		2026-07-15 08:27:34.235509	KhRG
bbd717bce069b1027bc055e2134fb6d3		2026-07-15 08:30:34.785880	KhRG
86438625037ce76d1ad3958131f4d170		2026-07-15 08:31:38.021160	KhRG
c140a78e0fe80e8e27e8870474c5e68c		2026-07-15 08:32:12.689797	KhRG
c140a78e0fe80e8e27e8870474c5e68c		2026-07-15 08:33:38.143283	KhRG
c140a78e0fe80e8e27e8870474c5e68c		2026-07-15 08:34:06.176438	KhRG
86438625037ce76d1ad3958131f4d170		2026-07-15 08:35:07.796359	KhRG
86438625037ce76d1ad3958131f4d170		2026-07-15 08:36:00.997409	KhRG
86438625037ce76d1ad3958131f4d170		2026-07-15 08:36:14.841804	KhRG
efabd73427558c38182f22daacafb18a		2026-07-15 09:02:35.510713	KhRG
efabd73427558c38182f22daacafb18a		2026-07-15 09:06:56.276772	KhRG
efabd73427558c38182f22daacafb18a		2026-07-15 09:07:18.230504	KhRG
efabd73427558c38182f22daacafb18a		2026-07-15 09:07:42.297477	KhRG
93f7ae1456fee4ad8a3a007a6abec47b		2026-07-15 09:09:42.469988	KhRG
efabd73427558c38182f22daacafb18a		2026-07-15 09:15:13.603590	KhRG
ebb7c4269ac1c91da9d699a6332066bf		2026-07-15 09:17:06.357360	KhRG
ebb7c4269ac1c91da9d699a6332066bf		2026-07-15 09:17:26.403003	KhRG
ebb7c4269ac1c91da9d699a6332066bf		2026-07-15 09:17:41.451115	KhRG
ebb7c4269ac1c91da9d699a6332066bf		2026-07-15 09:18:28.309505	KhRG
ebb7c4269ac1c91da9d699a6332066bf		2026-07-15 09:18:56.965226	KhRG
ebb7c4269ac1c91da9d699a6332066bf		2026-07-15 09:19:07.934440	KhRG
ebb7c4269ac1c91da9d699a6332066bf		2026-07-15 09:20:44.146679	KhRG
ebb7c4269ac1c91da9d699a6332066bf		2026-07-15 09:21:05.019850	KhRG
efabd73427558c38182f22daacafb18a		2026-07-15 09:21:13.633022	KhRG
efabd73427558c38182f22daacafb18a		2026-07-15 09:21:25.403108	KhRG
93f7ae1456fee4ad8a3a007a6abec47b		2026-07-15 09:27:25.817283	KhRG
efabd73427558c38182f22daacafb18a		2026-07-15 09:33:12.271149	KhRG
93f7ae1456fee4ad8a3a007a6abec47b		2026-07-15 09:38:02.446053	KhRG
93f7ae1456fee4ad8a3a007a6abec47b		2026-07-15 09:38:25.810466	KhRG
93f7ae1456fee4ad8a3a007a6abec47b		2026-07-15 09:41:25.441125	KhRG
93f7ae1456fee4ad8a3a007a6abec47b		2026-07-15 09:42:13.678030	KhRG
93f7ae1456fee4ad8a3a007a6abec47b		2026-07-15 09:42:34.003318	KhRG
efabd73427558c38182f22daacafb18a		2026-07-15 09:49:28.854806	KhRG
efabd73427558c38182f22daacafb18a		2026-07-15 09:49:43.222943	KhRG
93f7ae1456fee4ad8a3a007a6abec47b		2026-07-15 09:51:50.986485	KhRG
efabd73427558c38182f22daacafb18a		2026-07-15 09:54:11.350290	KhRG
efabd73427558c38182f22daacafb18a		2026-07-15 09:54:27.701565	KhRG
efabd73427558c38182f22daacafb18a		2026-07-15 09:55:45.527157	KhRG
3182edb9fbad168c2e14bdb071f55c7b		2026-07-15 09:56:15.274441	KhRG
efabd73427558c38182f22daacafb18a		2026-07-15 09:57:49.279381	KhRG
3182edb9fbad168c2e14bdb071f55c7b		2026-07-15 09:58:16.159261	KhRG
efabd73427558c38182f22daacafb18a		2026-07-15 09:58:43.173865	KhRG
efabd73427558c38182f22daacafb18a		2026-07-15 10:00:59.673029	KhRG
3182edb9fbad168c2e14bdb071f55c7b		2026-07-15 10:04:07.321149	KhRG
3182edb9fbad168c2e14bdb071f55c7b		2026-07-15 10:04:33.819340	KhRG
3182edb9fbad168c2e14bdb071f55c7b		2026-07-15 10:04:46.739638	KhRG
3182edb9fbad168c2e14bdb071f55c7b		2026-07-15 10:06:40.329374	KhRG
93f7ae1456fee4ad8a3a007a6abec47b		2026-07-15 10:11:26.558650	KhRG
b137f3864e4986f57708ce134e573dae		2026-07-15 10:22:16.162525	KhRG
3182edb9fbad168c2e14bdb071f55c7b		2026-07-15 10:24:00.855436	KhRG
efabd73427558c38182f22daacafb18a		2026-07-15 10:26:07.353539	KhRG
3182edb9fbad168c2e14bdb071f55c7b		2026-07-15 11:02:58.248688	KhRG
ed17e6484726cef08397f57962fc3eac		2026-07-15 11:03:00.768145	KhRG
ed17e6484726cef08397f57962fc3eac		2026-07-15 11:03:21.853500	KhRG
3182edb9fbad168c2e14bdb071f55c7b		2026-07-15 11:05:37.937551	KhRG
3e76d5cac2d3be42a324d52aca0fae21		2026-07-15 11:23:29.701667	KhRG
3e2ad549b15d324e273b81aef2baabe9		2026-07-15 11:38:00.570794	KhRG
3e2ad549b15d324e273b81aef2baabe9		2026-07-15 11:38:22.720393	KhRG
3e2ad549b15d324e273b81aef2baabe9		2026-07-15 11:38:59.086940	KhRG
3e2ad549b15d324e273b81aef2baabe9		2026-07-15 11:40:32.634983	KhRG
efabd73427558c38182f22daacafb18a		2026-07-15 11:41:12.522476	KhRG
b137f3864e4986f57708ce134e573dae		2026-07-15 11:50:34.326549	KhRG
efabd73427558c38182f22daacafb18a		2026-07-15 11:50:56.461008	KhRG
efabd73427558c38182f22daacafb18a		2026-07-15 11:51:16.787562	KhRG
efabd73427558c38182f22daacafb18a		2026-07-15 11:52:01.797770	KhRG
efabd73427558c38182f22daacafb18a		2026-07-15 11:53:15.335422	KhRG
efabd73427558c38182f22daacafb18a		2026-07-15 11:55:33.216174	KhRG
2b1df6a8e0d0799ebdd0c27e4d82045b		2026-07-15 11:58:57.388456	KhRG
2b1df6a8e0d0799ebdd0c27e4d82045b		2026-07-15 11:59:04.657671	KhRG
093fababbaa1823f3fcf712af30b0183		2026-07-15 11:59:20.406365	KhRG
2b1df6a8e0d0799ebdd0c27e4d82045b		2026-07-15 12:00:10.560668	KhRG
b137f3864e4986f57708ce134e573dae		2026-07-15 12:13:58.246227	KhRG
efabd73427558c38182f22daacafb18a		2026-07-15 12:23:56.677037	KhRG
efabd73427558c38182f22daacafb18a		2026-07-15 12:24:24.256017	KhRG
efabd73427558c38182f22daacafb18a		2026-07-15 12:24:40.859798	KhRG
efabd73427558c38182f22daacafb18a		2026-07-15 12:24:57.181007	KhRG
efabd73427558c38182f22daacafb18a		2026-07-15 12:25:36.115429	KhRG
efabd73427558c38182f22daacafb18a		2026-07-15 12:28:04.331742	KhRG
efabd73427558c38182f22daacafb18a		2026-07-15 12:28:20.055507	KhRG
efabd73427558c38182f22daacafb18a		2026-07-15 12:28:32.668939	KhRG
b137f3864e4986f57708ce134e573dae		2026-07-15 12:29:40.264897	KhRG
b137f3864e4986f57708ce134e573dae		2026-07-15 12:32:30.058297	KhRG
efabd73427558c38182f22daacafb18a		2026-07-15 12:34:51.403823	KhRG
3e2ad549b15d324e273b81aef2baabe9		2026-07-15 12:35:15.531198	KhRG
efabd73427558c38182f22daacafb18a		2026-07-15 12:39:18.258230	KhRG
efabd73427558c38182f22daacafb18a		2026-07-15 12:39:45.440280	KhRG
efabd73427558c38182f22daacafb18a		2026-07-15 12:40:02.114274	KhRG
efabd73427558c38182f22daacafb18a		2026-07-15 12:42:04.747841	KhRG
efabd73427558c38182f22daacafb18a		2026-07-15 12:42:20.705550	KhRG
efabd73427558c38182f22daacafb18a		2026-07-15 12:42:52.784455	KhRG
efabd73427558c38182f22daacafb18a		2026-07-15 12:43:33.115965	KhRG
efabd73427558c38182f22daacafb18a		2026-07-15 12:43:43.251499	KhRG
efabd73427558c38182f22daacafb18a		2026-07-15 12:44:24.481962	KhRG
b137f3864e4986f57708ce134e573dae		2026-07-15 12:44:31.601568	KhRG
efabd73427558c38182f22daacafb18a		2026-07-15 12:44:34.015092	KhRG
efabd73427558c38182f22daacafb18a		2026-07-15 12:47:31.300886	KhRG
efabd73427558c38182f22daacafb18a		2026-07-15 12:47:56.247589	KhRG
efabd73427558c38182f22daacafb18a		2026-07-15 12:48:14.077223	KhRG
b137f3864e4986f57708ce134e573dae		2026-07-15 12:48:18.713341	KhRG
efabd73427558c38182f22daacafb18a		2026-07-15 12:48:34.975943	KhRG
efabd73427558c38182f22daacafb18a		2026-07-15 12:48:51.057136	KhRG
efabd73427558c38182f22daacafb18a		2026-07-15 12:49:34.739515	KhRG
efabd73427558c38182f22daacafb18a		2026-07-15 12:49:45.657920	KhRG
b137f3864e4986f57708ce134e573dae		2026-07-15 12:55:11.965532	KhRG
efabd73427558c38182f22daacafb18a		2026-07-15 12:56:01.571514	KhRG
efabd73427558c38182f22daacafb18a		2026-07-15 12:56:20.431820	KhRG
efabd73427558c38182f22daacafb18a		2026-07-15 12:57:40.781117	KhRG
efabd73427558c38182f22daacafb18a		2026-07-15 13:00:12.027595	KhRG
efabd73427558c38182f22daacafb18a		2026-07-15 13:00:30.211708	KhRG
efabd73427558c38182f22daacafb18a		2026-07-15 13:02:14.962917	KhRG
efabd73427558c38182f22daacafb18a		2026-07-15 13:13:32.625661	KhRG
efabd73427558c38182f22daacafb18a		2026-07-15 13:13:53.123352	KhRG
3e2ad549b15d324e273b81aef2baabe9		2026-07-15 13:26:52.487628	KhRG
3e2ad549b15d324e273b81aef2baabe9		2026-07-15 13:27:28.883464	KhRG
efabd73427558c38182f22daacafb18a		2026-07-15 13:48:16.417858	KhRG
efabd73427558c38182f22daacafb18a		2026-07-15 13:48:58.655008	KhRG
efabd73427558c38182f22daacafb18a		2026-07-15 13:49:13.070775	KhRG
efabd73427558c38182f22daacafb18a		2026-07-15 13:49:25.823213	KhRG
efabd73427558c38182f22daacafb18a		2026-07-15 13:49:40.235484	KhRG
efabd73427558c38182f22daacafb18a		2026-07-15 13:55:37.577196	KhRG
efabd73427558c38182f22daacafb18a		2026-07-15 13:55:50.269381	KhRG
efabd73427558c38182f22daacafb18a		2026-07-15 13:57:33.869722	KhRG
efabd73427558c38182f22daacafb18a		2026-07-15 14:02:02.318732	KhRG
efabd73427558c38182f22daacafb18a		2026-07-15 14:11:11.278865	KhRG
efabd73427558c38182f22daacafb18a		2026-07-15 14:12:17.811566	KhRG
efabd73427558c38182f22daacafb18a		2026-07-15 14:20:26.429163	KhRG
2435d34117545c5952ae542624bdec76		2026-07-15 14:20:45.900480	KhRG
2435d34117545c5952ae542624bdec76		2026-07-15 14:20:59.519491	KhRG
2435d34117545c5952ae542624bdec76		2026-07-15 14:24:50.079255	KhRG
2435d34117545c5952ae542624bdec76		2026-07-15 14:25:23.962103	KhRG
2435d34117545c5952ae542624bdec76		2026-07-15 14:25:37.025147	KhRG
efabd73427558c38182f22daacafb18a		2026-07-15 14:26:16.325647	KhRG
efabd73427558c38182f22daacafb18a		2026-07-15 14:26:33.511091	KhRG
efabd73427558c38182f22daacafb18a		2026-07-15 14:27:17.088701	KhRG
3e2ad549b15d324e273b81aef2baabe9		2026-07-15 14:28:51.808406	KhRG
2435d34117545c5952ae542624bdec76		2026-07-15 14:33:55.708541	KhRG
2435d34117545c5952ae542624bdec76		2026-07-15 14:35:20.925776	KhRG
2435d34117545c5952ae542624bdec76		2026-07-15 14:36:16.692789	KhRG
3e2ad549b15d324e273b81aef2baabe9		2026-07-15 14:41:25.219485	KhRG
b06e2f9b2f52aa47a56ebb333ef85eee		2026-07-15 14:43:47.677736	KhRG
b06e2f9b2f52aa47a56ebb333ef85eee		2026-07-15 14:44:14.121021	KhRG
efabd73427558c38182f22daacafb18a		2026-07-15 14:46:33.631259	KhRG
93f7ae1456fee4ad8a3a007a6abec47b		2026-07-15 14:47:51.518330	KhRG
3e2ad549b15d324e273b81aef2baabe9		2026-07-15 14:55:23.408221	KhRG
3e2ad549b15d324e273b81aef2baabe9		2026-07-15 14:56:42.009967	KhRG
3e2ad549b15d324e273b81aef2baabe9		2026-07-15 14:56:55.855451	KhRG
3e2ad549b15d324e273b81aef2baabe9		2026-07-15 15:02:09.053491	KhRG
3e2ad549b15d324e273b81aef2baabe9		2026-07-15 15:02:44.135212	KhRG
3e2ad549b15d324e273b81aef2baabe9		2026-07-15 15:04:56.950726	KhRG
b06e2f9b2f52aa47a56ebb333ef85eee		2026-07-15 15:10:57.637563	KhRG
b06e2f9b2f52aa47a56ebb333ef85eee		2026-07-15 15:11:55.147628	KhRG
1e5a3c43bc86d150fb5797ec1d0be274		2026-07-16 10:32:34.154330	KhRG
b06e2f9b2f52aa47a56ebb333ef85eee		2026-07-15 15:12:11.971879	KhRG
b06e2f9b2f52aa47a56ebb333ef85eee		2026-07-15 15:16:04.150767	KhRG
2435d34117545c5952ae542624bdec76		2026-07-15 15:20:49.901942	KhRG
93f7ae1456fee4ad8a3a007a6abec47b		2026-07-15 15:22:08.971379	KhRG
93f7ae1456fee4ad8a3a007a6abec47b		2026-07-15 15:22:19.014821	KhRG
93f7ae1456fee4ad8a3a007a6abec47b		2026-07-15 15:22:30.864504	KhRG
b06e2f9b2f52aa47a56ebb333ef85eee		2026-07-15 15:23:18.799706	KhRG
93f7ae1456fee4ad8a3a007a6abec47b		2026-07-15 15:24:28.899531	KhRG
93f7ae1456fee4ad8a3a007a6abec47b		2026-07-15 15:25:18.317238	KhRG
b06e2f9b2f52aa47a56ebb333ef85eee		2026-07-15 15:27:04.307993	KhRG
b06e2f9b2f52aa47a56ebb333ef85eee		2026-07-15 15:28:00.643293	KhRG
b06e2f9b2f52aa47a56ebb333ef85eee		2026-07-15 15:29:32.729491	KhRG
b06e2f9b2f52aa47a56ebb333ef85eee		2026-07-15 15:29:49.471213	KhRG
b06e2f9b2f52aa47a56ebb333ef85eee		2026-07-15 15:30:36.644920	KhRG
b06e2f9b2f52aa47a56ebb333ef85eee		2026-07-15 15:30:53.207652	KhRG
b06e2f9b2f52aa47a56ebb333ef85eee		2026-07-15 15:34:32.203084	KhRG
b06e2f9b2f52aa47a56ebb333ef85eee		2026-07-15 15:35:12.979614	KhRG
b06e2f9b2f52aa47a56ebb333ef85eee		2026-07-15 15:36:07.801024	KhRG
b06e2f9b2f52aa47a56ebb333ef85eee		2026-07-15 15:36:34.146478	KhRG
b06e2f9b2f52aa47a56ebb333ef85eee		2026-07-15 15:38:40.174155	KhRG
b06e2f9b2f52aa47a56ebb333ef85eee		2026-07-15 15:40:06.985485	KhRG
b06e2f9b2f52aa47a56ebb333ef85eee		2026-07-15 15:40:17.794909	KhRG
b06e2f9b2f52aa47a56ebb333ef85eee		2026-07-15 15:40:28.467809	KhRG
b06e2f9b2f52aa47a56ebb333ef85eee		2026-07-15 15:41:38.678934	KhRG
b06e2f9b2f52aa47a56ebb333ef85eee		2026-07-15 15:41:52.838341	KhRG
b06e2f9b2f52aa47a56ebb333ef85eee		2026-07-15 15:42:09.556496	KhRG
b06e2f9b2f52aa47a56ebb333ef85eee		2026-07-15 15:42:32.957514	KhRG
b06e2f9b2f52aa47a56ebb333ef85eee		2026-07-15 15:43:23.610175	KhRG
b06e2f9b2f52aa47a56ebb333ef85eee		2026-07-15 15:43:45.911607	KhRG
b06e2f9b2f52aa47a56ebb333ef85eee		2026-07-15 15:44:59.392200	KhRG
b06e2f9b2f52aa47a56ebb333ef85eee		2026-07-15 15:47:04.466654	KhRG
b06e2f9b2f52aa47a56ebb333ef85eee		2026-07-15 15:47:47.396897	KhRG
b06e2f9b2f52aa47a56ebb333ef85eee		2026-07-15 15:49:27.374541	KhRG
b06e2f9b2f52aa47a56ebb333ef85eee		2026-07-15 15:51:31.462416	KhRG
b06e2f9b2f52aa47a56ebb333ef85eee		2026-07-15 15:52:40.918738	KhRG
b06e2f9b2f52aa47a56ebb333ef85eee		2026-07-15 15:53:04.428188	KhRG
b06e2f9b2f52aa47a56ebb333ef85eee		2026-07-15 15:53:35.449344	KhRG
b06e2f9b2f52aa47a56ebb333ef85eee		2026-07-15 15:53:52.666011	KhRG
b06e2f9b2f52aa47a56ebb333ef85eee		2026-07-15 15:54:23.082673	KhRG
b06e2f9b2f52aa47a56ebb333ef85eee		2026-07-15 15:54:44.393621	KhRG
b06e2f9b2f52aa47a56ebb333ef85eee		2026-07-15 15:55:02.800166	KhRG
b06e2f9b2f52aa47a56ebb333ef85eee		2026-07-15 15:55:25.768090	KhRG
b06e2f9b2f52aa47a56ebb333ef85eee		2026-07-15 15:55:58.967909	KhRG
b06e2f9b2f52aa47a56ebb333ef85eee		2026-07-15 15:56:28.666891	KhRG
b06e2f9b2f52aa47a56ebb333ef85eee		2026-07-15 15:56:53.812089	KhRG
b06e2f9b2f52aa47a56ebb333ef85eee		2026-07-15 15:57:43.647044	KhRG
b06e2f9b2f52aa47a56ebb333ef85eee		2026-07-15 15:58:06.241100	KhRG
b06e2f9b2f52aa47a56ebb333ef85eee		2026-07-15 15:58:55.971866	KhRG
b06e2f9b2f52aa47a56ebb333ef85eee		2026-07-15 16:02:13.404052	KhRG
b06e2f9b2f52aa47a56ebb333ef85eee		2026-07-15 16:02:35.989047	KhRG
b06e2f9b2f52aa47a56ebb333ef85eee		2026-07-15 16:03:10.479870	KhRG
b06e2f9b2f52aa47a56ebb333ef85eee		2026-07-15 16:03:45.874169	KhRG
b06e2f9b2f52aa47a56ebb333ef85eee		2026-07-15 16:04:37.052447	KhRG
b06e2f9b2f52aa47a56ebb333ef85eee		2026-07-15 16:05:21.070850	KhRG
b06e2f9b2f52aa47a56ebb333ef85eee		2026-07-15 16:05:52.373355	KhRG
b06e2f9b2f52aa47a56ebb333ef85eee		2026-07-15 16:06:42.433544	KhRG
efabd73427558c38182f22daacafb18a		2026-07-15 16:18:50.977023	KhRG
efabd73427558c38182f22daacafb18a		2026-07-15 16:19:21.096247	KhRG
c447d6c6d4a67cf420d476c92887584a		2026-07-15 18:54:07.308686	KhRG
c447d6c6d4a67cf420d476c92887584a		2026-07-15 18:55:45.257514	KhRG
c447d6c6d4a67cf420d476c92887584a		2026-07-15 18:56:15.166982	KhRG
0a8fdc5ba04450f96b0dffe7a7a513bd		2026-07-15 19:03:31.502034	KhRG
52fb3dfcaceed7483d57f43f5c036db0		2026-07-15 19:34:42.890583	KhRG
52fb3dfcaceed7483d57f43f5c036db0		2026-07-15 19:36:28.427984	KhRG
9a567c68a8de380a1070510117bf1102		2026-07-16 04:53:32.884743	KhRG
3182edb9fbad168c2e14bdb071f55c7b		2026-07-16 05:37:22.262337	KhRG
3182edb9fbad168c2e14bdb071f55c7b		2026-07-16 05:37:50.709516	KhRG
3182edb9fbad168c2e14bdb071f55c7b		2026-07-16 05:46:25.941831	KhRG
3182edb9fbad168c2e14bdb071f55c7b		2026-07-16 05:46:52.080133	KhRG
3182edb9fbad168c2e14bdb071f55c7b		2026-07-16 05:47:03.099886	KhRG
3182edb9fbad168c2e14bdb071f55c7b		2026-07-16 05:49:36.821771	KhRG
3182edb9fbad168c2e14bdb071f55c7b		2026-07-16 06:01:59.697206	KhRG
3182edb9fbad168c2e14bdb071f55c7b		2026-07-16 06:02:06.824238	KhRG
3182edb9fbad168c2e14bdb071f55c7b		2026-07-16 06:25:31.764977	KhRG
3182edb9fbad168c2e14bdb071f55c7b		2026-07-16 06:29:13.318181	KhRG
3182edb9fbad168c2e14bdb071f55c7b		2026-07-16 06:29:44.573334	KhRG
3182edb9fbad168c2e14bdb071f55c7b		2026-07-16 06:29:57.598416	KhRG
3182edb9fbad168c2e14bdb071f55c7b		2026-07-16 06:30:36.153876	KhRG
3182edb9fbad168c2e14bdb071f55c7b		2026-07-16 06:30:57.767028	KhRG
3182edb9fbad168c2e14bdb071f55c7b		2026-07-16 06:31:08.721449	KhRG
3182edb9fbad168c2e14bdb071f55c7b		2026-07-16 06:31:26.446189	KhRG
3182edb9fbad168c2e14bdb071f55c7b		2026-07-16 06:31:40.989314	KhRG
efabd73427558c38182f22daacafb18a		2026-07-16 06:35:28.704985	KhRG
efabd73427558c38182f22daacafb18a		2026-07-16 06:35:55.989764	KhRG
efabd73427558c38182f22daacafb18a		2026-07-16 06:36:20.804831	KhRG
efabd73427558c38182f22daacafb18a		2026-07-16 06:36:38.827192	KhRG
efabd73427558c38182f22daacafb18a		2026-07-16 06:36:53.973720	KhRG
efabd73427558c38182f22daacafb18a		2026-07-16 06:37:32.507063	KhRG
efabd73427558c38182f22daacafb18a		2026-07-16 06:37:58.431128	KhRG
efabd73427558c38182f22daacafb18a		2026-07-16 06:38:13.855851	KhRG
efabd73427558c38182f22daacafb18a		2026-07-16 06:38:48.504239	KhRG
efabd73427558c38182f22daacafb18a		2026-07-16 06:39:01.394889	KhRG
efabd73427558c38182f22daacafb18a		2026-07-16 06:40:35.779939	KhRG
efabd73427558c38182f22daacafb18a		2026-07-16 06:41:02.090725	KhRG
efabd73427558c38182f22daacafb18a		2026-07-16 06:41:16.322223	KhRG
efabd73427558c38182f22daacafb18a		2026-07-16 06:43:19.714081	KhRG
efabd73427558c38182f22daacafb18a		2026-07-16 06:47:00.207588	KhRG
efabd73427558c38182f22daacafb18a		2026-07-16 06:47:24.547359	KhRG
3182edb9fbad168c2e14bdb071f55c7b		2026-07-16 06:48:56.209250	KhRG
3182edb9fbad168c2e14bdb071f55c7b		2026-07-16 06:58:26.752373	KhRG
3182edb9fbad168c2e14bdb071f55c7b		2026-07-16 06:58:48.398719	KhRG
3182edb9fbad168c2e14bdb071f55c7b		2026-07-16 06:59:13.699594	KhRG
3182edb9fbad168c2e14bdb071f55c7b		2026-07-16 07:27:34.396332	KhRG
3182edb9fbad168c2e14bdb071f55c7b		2026-07-16 07:27:55.293976	KhRG
3182edb9fbad168c2e14bdb071f55c7b		2026-07-16 07:28:28.604493	KhRG
3182edb9fbad168c2e14bdb071f55c7b		2026-07-16 07:29:46.487671	KhRG
3182edb9fbad168c2e14bdb071f55c7b		2026-07-16 07:30:05.901275	KhRG
3182edb9fbad168c2e14bdb071f55c7b		2026-07-16 07:32:15.726559	KhRG
3e2ad549b15d324e273b81aef2baabe9		2026-07-16 07:40:39.120151	KhRG
b137f3864e4986f57708ce134e573dae		2026-07-16 07:57:11.696359	KhRG
3182edb9fbad168c2e14bdb071f55c7b		2026-07-16 07:58:18.525113	KhRG
3182edb9fbad168c2e14bdb071f55c7b		2026-07-16 07:58:41.276974	KhRG
ebb7c4269ac1c91da9d699a6332066bf		2026-07-16 08:11:27.164532	KhRG
ebb7c4269ac1c91da9d699a6332066bf		2026-07-16 08:11:49.813563	KhRG
ebb7c4269ac1c91da9d699a6332066bf		2026-07-16 08:16:07.735196	KhRG
3182edb9fbad168c2e14bdb071f55c7b		2026-07-16 08:33:05.443084	KhRG
3182edb9fbad168c2e14bdb071f55c7b		2026-07-16 08:33:16.234381	KhRG
3182edb9fbad168c2e14bdb071f55c7b		2026-07-16 08:35:16.548343	KhRG
3182edb9fbad168c2e14bdb071f55c7b		2026-07-16 08:38:43.990580	KhRG
3182edb9fbad168c2e14bdb071f55c7b		2026-07-16 08:40:08.724491	KhRG
93f7ae1456fee4ad8a3a007a6abec47b		2026-07-16 08:40:31.817226	KhRG
3182edb9fbad168c2e14bdb071f55c7b		2026-07-16 08:40:46.014862	KhRG
93f7ae1456fee4ad8a3a007a6abec47b		2026-07-16 08:42:11.206477	KhRG
93f7ae1456fee4ad8a3a007a6abec47b		2026-07-16 08:43:46.237653	KhRG
93f7ae1456fee4ad8a3a007a6abec47b		2026-07-16 08:45:08.317133	KhRG
3182edb9fbad168c2e14bdb071f55c7b		2026-07-16 08:47:50.823667	KhRG
3182edb9fbad168c2e14bdb071f55c7b		2026-07-16 08:48:20.965303	KhRG
3182edb9fbad168c2e14bdb071f55c7b		2026-07-16 08:48:54.265815	KhRG
3182edb9fbad168c2e14bdb071f55c7b		2026-07-16 08:49:11.075640	KhRG
93f7ae1456fee4ad8a3a007a6abec47b		2026-07-16 08:51:34.802449	KhRG
3182edb9fbad168c2e14bdb071f55c7b		2026-07-16 08:59:10.503663	KhRG
3182edb9fbad168c2e14bdb071f55c7b		2026-07-16 08:59:23.688623	KhRG
b137f3864e4986f57708ce134e573dae		2026-07-16 09:08:54.680417	KhRG
b137f3864e4986f57708ce134e573dae		2026-07-16 09:15:15.726203	KhRG
b137f3864e4986f57708ce134e573dae		2026-07-16 09:16:39.056516	KhRG
b137f3864e4986f57708ce134e573dae		2026-07-16 09:19:48.812651	KhRG
b137f3864e4986f57708ce134e573dae		2026-07-16 09:20:09.439386	KhRG
b137f3864e4986f57708ce134e573dae		2026-07-16 09:20:27.498830	KhRG
b137f3864e4986f57708ce134e573dae		2026-07-16 09:23:48.241642	KhRG
93f7ae1456fee4ad8a3a007a6abec47b		2026-07-16 09:26:35.830716	KhRG
93f7ae1456fee4ad8a3a007a6abec47b		2026-07-16 09:32:38.036085	KhRG
93f7ae1456fee4ad8a3a007a6abec47b		2026-07-16 09:33:37.917760	KhRG
3182edb9fbad168c2e14bdb071f55c7b		2026-07-16 09:34:31.634075	KhRG
b137f3864e4986f57708ce134e573dae		2026-07-16 09:44:07.512068	KhRG
5d0a667d5344aff387f6c43b9acbb407		2026-07-16 09:44:31.414156	KhRG
b137f3864e4986f57708ce134e573dae		2026-07-16 09:44:42.938399	KhRG
5d0a667d5344aff387f6c43b9acbb407		2026-07-16 09:45:00.110069	KhRG
3182edb9fbad168c2e14bdb071f55c7b		2026-07-16 09:47:17.575197	KhRG
b137f3864e4986f57708ce134e573dae		2026-07-16 09:47:46.272148	KhRG
b137f3864e4986f57708ce134e573dae		2026-07-16 09:48:22.417412	KhRG
3182edb9fbad168c2e14bdb071f55c7b		2026-07-16 09:56:00.139707	KhRG
b137f3864e4986f57708ce134e573dae		2026-07-16 10:19:45.177665	KhRG
3e2ad549b15d324e273b81aef2baabe9		2026-07-16 10:21:05.292932	KhRG
1e5a3c43bc86d150fb5797ec1d0be274		2026-07-16 10:23:26.497883	KhRG
1e5a3c43bc86d150fb5797ec1d0be274		2026-07-16 10:23:37.536746	KhRG
1e5a3c43bc86d150fb5797ec1d0be274		2026-07-16 10:25:36.057679	KhRG
1e5a3c43bc86d150fb5797ec1d0be274		2026-07-16 10:25:54.457162	KhRG
1e5a3c43bc86d150fb5797ec1d0be274		2026-07-16 10:27:07.343577	KhRG
1e5a3c43bc86d150fb5797ec1d0be274		2026-07-16 10:29:11.608177	KhRG
1e5a3c43bc86d150fb5797ec1d0be274		2026-07-16 10:32:20.293068	KhRG
1e5a3c43bc86d150fb5797ec1d0be274		2026-07-16 10:32:58.480064	KhRG
1e5a3c43bc86d150fb5797ec1d0be274		2026-07-16 10:34:15.614970	KhRG
1e5a3c43bc86d150fb5797ec1d0be274		2026-07-16 10:34:27.027380	KhRG
1e5a3c43bc86d150fb5797ec1d0be274		2026-07-16 10:36:09.586031	KhRG
b137f3864e4986f57708ce134e573dae		2026-07-16 11:06:25.407430	KhRG
3182edb9fbad168c2e14bdb071f55c7b		2026-07-16 11:33:01.927061	KhRG
3182edb9fbad168c2e14bdb071f55c7b		2026-07-16 11:33:10.271561	KhRG
93f7ae1456fee4ad8a3a007a6abec47b		2026-07-16 11:35:45.528411	KhRG
93f7ae1456fee4ad8a3a007a6abec47b		2026-07-16 11:54:48.937553	KhRG
b137f3864e4986f57708ce134e573dae		2026-07-16 12:20:04.501166	KhRG
b137f3864e4986f57708ce134e573dae		2026-07-16 12:24:07.977100	KhRG
efabd73427558c38182f22daacafb18a		2026-07-16 12:26:29.153659	KhRG
b137f3864e4986f57708ce134e573dae		2026-07-16 12:27:11.744062	KhRG
efabd73427558c38182f22daacafb18a		2026-07-16 12:27:53.759526	KhRG
efabd73427558c38182f22daacafb18a		2026-07-16 12:28:13.950717	KhRG
efabd73427558c38182f22daacafb18a		2026-07-16 12:29:30.116218	KhRG
efabd73427558c38182f22daacafb18a		2026-07-16 12:29:43.827035	KhRG
efabd73427558c38182f22daacafb18a		2026-07-16 12:30:54.850719	KhRG
efabd73427558c38182f22daacafb18a		2026-07-16 12:31:19.844239	KhRG
efabd73427558c38182f22daacafb18a		2026-07-16 12:31:36.580207	KhRG
efabd73427558c38182f22daacafb18a		2026-07-16 12:31:57.327718	KhRG
3182edb9fbad168c2e14bdb071f55c7b		2026-07-17 05:56:59.737895	KhRG
efabd73427558c38182f22daacafb18a		2026-07-16 12:32:11.186327	KhRG
efabd73427558c38182f22daacafb18a		2026-07-16 12:32:27.496243	KhRG
efabd73427558c38182f22daacafb18a		2026-07-16 12:32:38.020890	KhRG
efabd73427558c38182f22daacafb18a		2026-07-16 12:33:44.190648	KhRG
efabd73427558c38182f22daacafb18a		2026-07-16 12:33:56.162638	KhRG
efabd73427558c38182f22daacafb18a		2026-07-16 12:34:03.682712	KhRG
efabd73427558c38182f22daacafb18a		2026-07-16 12:34:22.836697	KhRG
efabd73427558c38182f22daacafb18a		2026-07-16 12:34:54.863117	KhRG
efabd73427558c38182f22daacafb18a		2026-07-16 12:35:04.806319	KhRG
efabd73427558c38182f22daacafb18a		2026-07-16 12:40:08.870942	KhRG
efabd73427558c38182f22daacafb18a		2026-07-16 12:40:20.241950	KhRG
efabd73427558c38182f22daacafb18a		2026-07-16 12:43:00.626871	KhRG
efabd73427558c38182f22daacafb18a		2026-07-16 12:51:42.009472	KhRG
efabd73427558c38182f22daacafb18a		2026-07-16 12:52:05.434606	KhRG
3e2ad549b15d324e273b81aef2baabe9		2026-07-16 13:01:16.450735	KhRG
574c0e7f3b7d6652ec2bdc21d45a91bc		2026-07-16 15:02:19.354218	KhRG
574c0e7f3b7d6652ec2bdc21d45a91bc		2026-07-16 15:15:06.262587	KhRG
574c0e7f3b7d6652ec2bdc21d45a91bc		2026-07-16 15:16:26.395737	KhRG
574c0e7f3b7d6652ec2bdc21d45a91bc		2026-07-16 15:26:34.450705	KhRG
574c0e7f3b7d6652ec2bdc21d45a91bc		2026-07-16 15:29:09.566322	KhRG
efabd73427558c38182f22daacafb18a		2026-07-16 15:33:38.951879	KhRG
efabd73427558c38182f22daacafb18a		2026-07-16 15:34:36.583032	KhRG
efabd73427558c38182f22daacafb18a		2026-07-16 15:39:32.252324	KhRG
3e2ad549b15d324e273b81aef2baabe9		2026-07-16 15:42:52.582593	KhRG
3e2ad549b15d324e273b81aef2baabe9		2026-07-16 15:43:59.761938	KhRG
3e2ad549b15d324e273b81aef2baabe9		2026-07-16 15:46:35.168801	KhRG
3e2ad549b15d324e273b81aef2baabe9		2026-07-16 15:46:53.798238	KhRG
3e2ad549b15d324e273b81aef2baabe9		2026-07-16 15:57:11.863625	KhRG
1a905cd87547fa010839752934d82fef		2026-07-16 18:12:08.978797	KhRG
61683e89009c326a86014592e5e77abe		2026-07-16 19:12:25.673954	KhRG
e12f75635bd262dad1059e9bb1881fdf		2026-07-16 19:12:45.667742	KhRG
e12f75635bd262dad1059e9bb1881fdf		2026-07-16 19:14:23.076615	KhRG
61683e89009c326a86014592e5e77abe		2026-07-16 19:16:48.935552	KhRG
61683e89009c326a86014592e5e77abe		2026-07-16 19:17:01.535492	KhRG
e12f75635bd262dad1059e9bb1881fdf		2026-07-16 19:17:35.543572	KhRG
e12f75635bd262dad1059e9bb1881fdf		2026-07-16 19:19:29.895374	KhRG
e12f75635bd262dad1059e9bb1881fdf		2026-07-16 19:24:53.186643	KhRG
e12f75635bd262dad1059e9bb1881fdf		2026-07-16 19:26:49.693303	KhRG
e12f75635bd262dad1059e9bb1881fdf		2026-07-16 19:29:07.649539	KhRG
3182edb9fbad168c2e14bdb071f55c7b		2026-07-17 05:52:58.864069	KhRG
3182edb9fbad168c2e14bdb071f55c7b		2026-07-17 05:56:26.263148	KhRG
3182edb9fbad168c2e14bdb071f55c7b		2026-07-17 05:58:05.156290	KhRG
3182edb9fbad168c2e14bdb071f55c7b		2026-07-17 05:59:05.191158	KhRG
9809466313cdef96e44d9a21d80a8964		2026-07-17 07:10:00.393254	KhRG
9809466313cdef96e44d9a21d80a8964		2026-07-17 07:22:56.384493	KhRG
9809466313cdef96e44d9a21d80a8964		2026-07-17 07:24:09.937918	KhRG
29899c5593ceebc5bd769a2c65b41cee		2026-07-17 07:42:04.836798	KhRG
29899c5593ceebc5bd769a2c65b41cee		2026-07-17 07:42:57.167427	KhRG
29899c5593ceebc5bd769a2c65b41cee		2026-07-17 07:45:47.761596	KhRG
c16b164575737b0699535f156ea81702		2026-07-17 08:23:28.372290	KhRG
c16b164575737b0699535f156ea81702		2026-07-17 08:25:13.766083	KhRG
ebb7c4269ac1c91da9d699a6332066bf		2026-07-17 09:22:29.454648	KhRG
ebb7c4269ac1c91da9d699a6332066bf		2026-07-17 09:23:06.108743	KhRG
ebb7c4269ac1c91da9d699a6332066bf		2026-07-17 09:23:43.702384	KhRG
ebb7c4269ac1c91da9d699a6332066bf		2026-07-17 09:25:58.864048	KhRG
ebb7c4269ac1c91da9d699a6332066bf		2026-07-17 09:33:40.143924	KhRG
ebb7c4269ac1c91da9d699a6332066bf		2026-07-17 09:33:55.940339	KhRG
2842bb062ad26a1fcb06eca4d5056731		2026-07-17 10:35:53.883403	KhRG
2842bb062ad26a1fcb06eca4d5056731		2026-07-17 10:36:19.738881	KhRG
2842bb062ad26a1fcb06eca4d5056731		2026-07-17 10:38:07.480052	KhRG
2842bb062ad26a1fcb06eca4d5056731		2026-07-17 10:57:33.073416	KhRG
5d0a667d5344aff387f6c43b9acbb407		2026-07-17 11:25:42.293158	KhRG
b137f3864e4986f57708ce134e573dae		2026-07-17 11:27:24.014008	KhRG
b164ad30a6c3770c5c6b96b01256a10f		2026-07-17 11:30:02.907065	KhRG
b164ad30a6c3770c5c6b96b01256a10f		2026-07-17 11:30:44.412833	KhRG
b164ad30a6c3770c5c6b96b01256a10f		2026-07-17 11:32:55.731627	KhRG
b164ad30a6c3770c5c6b96b01256a10f		2026-07-17 11:33:24.347170	KhRG
b164ad30a6c3770c5c6b96b01256a10f		2026-07-17 11:34:36.797224	KhRG
b164ad30a6c3770c5c6b96b01256a10f		2026-07-17 11:34:45.977949	KhRG
b164ad30a6c3770c5c6b96b01256a10f		2026-07-17 11:34:54.906233	KhRG
b164ad30a6c3770c5c6b96b01256a10f		2026-07-17 11:35:18.940021	KhRG
b164ad30a6c3770c5c6b96b01256a10f		2026-07-17 11:35:30.825422	KhRG
b164ad30a6c3770c5c6b96b01256a10f		2026-07-17 11:35:44.623135	KhRG
b164ad30a6c3770c5c6b96b01256a10f		2026-07-17 11:35:54.165962	KhRG
b164ad30a6c3770c5c6b96b01256a10f		2026-07-17 11:36:24.773339	KhRG
b164ad30a6c3770c5c6b96b01256a10f		2026-07-17 11:36:46.149717	KhRG
b164ad30a6c3770c5c6b96b01256a10f		2026-07-17 11:37:22.080953	KhRG
2842bb062ad26a1fcb06eca4d5056731		2026-07-17 11:38:48.811432	KhRG
2842bb062ad26a1fcb06eca4d5056731		2026-07-17 11:39:35.754168	KhRG
b137f3864e4986f57708ce134e573dae		2026-07-17 11:39:51.133706	KhRG
2842bb062ad26a1fcb06eca4d5056731		2026-07-17 11:41:52.739078	KhRG
b137f3864e4986f57708ce134e573dae		2026-07-17 11:41:59.046985	KhRG
b164ad30a6c3770c5c6b96b01256a10f		2026-07-17 11:43:01.798832	KhRG
b137f3864e4986f57708ce134e573dae		2026-07-17 11:48:56.560975	KhRG
b164ad30a6c3770c5c6b96b01256a10f		2026-07-17 11:50:42.719614	KhRG
b164ad30a6c3770c5c6b96b01256a10f		2026-07-17 11:51:09.130094	KhRG
b164ad30a6c3770c5c6b96b01256a10f		2026-07-17 11:51:22.386253	KhRG
b164ad30a6c3770c5c6b96b01256a10f		2026-07-17 11:51:36.147069	KhRG
b164ad30a6c3770c5c6b96b01256a10f		2026-07-17 11:51:52.801111	KhRG
b164ad30a6c3770c5c6b96b01256a10f		2026-07-17 11:52:09.859672	KhRG
b164ad30a6c3770c5c6b96b01256a10f		2026-07-17 11:53:19.927540	KhRG
b164ad30a6c3770c5c6b96b01256a10f		2026-07-17 11:53:35.459885	KhRG
b164ad30a6c3770c5c6b96b01256a10f		2026-07-17 11:53:53.882400	KhRG
2842bb062ad26a1fcb06eca4d5056731		2026-07-17 11:54:02.288385	KhRG
b137f3864e4986f57708ce134e573dae		2026-07-17 11:54:12.378078	KhRG
2842bb062ad26a1fcb06eca4d5056731		2026-07-17 11:54:52.867440	KhRG
5d0a667d5344aff387f6c43b9acbb407		2026-07-17 11:58:41.288524	KhRG
b164ad30a6c3770c5c6b96b01256a10f		2026-07-17 11:58:44.705378	KhRG
b164ad30a6c3770c5c6b96b01256a10f		2026-07-17 11:59:01.326383	KhRG
b164ad30a6c3770c5c6b96b01256a10f		2026-07-17 11:59:21.535847	KhRG
b164ad30a6c3770c5c6b96b01256a10f		2026-07-17 11:59:37.247111	KhRG
b164ad30a6c3770c5c6b96b01256a10f		2026-07-17 11:59:48.760353	KhRG
b164ad30a6c3770c5c6b96b01256a10f		2026-07-17 11:59:56.964869	KhRG
b164ad30a6c3770c5c6b96b01256a10f		2026-07-17 12:00:02.137999	KhRG
b164ad30a6c3770c5c6b96b01256a10f		2026-07-17 12:00:11.643409	KhRG
b164ad30a6c3770c5c6b96b01256a10f		2026-07-17 12:00:22.011766	KhRG
b164ad30a6c3770c5c6b96b01256a10f		2026-07-17 12:00:38.263035	KhRG
b164ad30a6c3770c5c6b96b01256a10f		2026-07-17 12:01:13.433634	KhRG
b164ad30a6c3770c5c6b96b01256a10f		2026-07-17 12:01:59.335725	KhRG
b164ad30a6c3770c5c6b96b01256a10f		2026-07-17 12:02:27.134006	KhRG
2842bb062ad26a1fcb06eca4d5056731		2026-07-17 12:02:28.347706	KhRG
b164ad30a6c3770c5c6b96b01256a10f		2026-07-17 12:03:03.754417	KhRG
b164ad30a6c3770c5c6b96b01256a10f		2026-07-17 12:03:48.331920	KhRG
2842bb062ad26a1fcb06eca4d5056731		2026-07-17 12:04:03.514009	KhRG
b164ad30a6c3770c5c6b96b01256a10f		2026-07-17 12:04:03.936676	KhRG
2842bb062ad26a1fcb06eca4d5056731		2026-07-17 12:04:13.994432	KhRG
b164ad30a6c3770c5c6b96b01256a10f		2026-07-17 12:06:19.842312	KhRG
b164ad30a6c3770c5c6b96b01256a10f		2026-07-17 12:06:34.652126	KhRG
b164ad30a6c3770c5c6b96b01256a10f		2026-07-17 12:14:27.151732	KhRG
b164ad30a6c3770c5c6b96b01256a10f		2026-07-17 12:14:43.759726	KhRG
b164ad30a6c3770c5c6b96b01256a10f		2026-07-17 12:15:03.955734	KhRG
b164ad30a6c3770c5c6b96b01256a10f		2026-07-17 12:21:21.067481	KhRG
b164ad30a6c3770c5c6b96b01256a10f		2026-07-17 12:21:43.381973	KhRG
b164ad30a6c3770c5c6b96b01256a10f		2026-07-17 12:22:41.775271	KhRG
b164ad30a6c3770c5c6b96b01256a10f		2026-07-17 12:23:09.980139	KhRG
b164ad30a6c3770c5c6b96b01256a10f		2026-07-17 12:23:52.329980	KhRG
b164ad30a6c3770c5c6b96b01256a10f		2026-07-17 12:24:28.151329	KhRG
b164ad30a6c3770c5c6b96b01256a10f		2026-07-17 12:24:39.026099	KhRG
b164ad30a6c3770c5c6b96b01256a10f		2026-07-17 12:25:45.336187	KhRG
b164ad30a6c3770c5c6b96b01256a10f		2026-07-17 12:27:58.228003	KhRG
b164ad30a6c3770c5c6b96b01256a10f		2026-07-17 12:28:53.791136	KhRG
b164ad30a6c3770c5c6b96b01256a10f		2026-07-17 12:31:14.976418	KhRG
b164ad30a6c3770c5c6b96b01256a10f		2026-07-17 12:34:29.305453	KhRG
b164ad30a6c3770c5c6b96b01256a10f		2026-07-17 12:38:00.374882	KhRG
b164ad30a6c3770c5c6b96b01256a10f		2026-07-17 12:39:54.096152	KhRG
b164ad30a6c3770c5c6b96b01256a10f		2026-07-17 12:40:12.447038	KhRG
b164ad30a6c3770c5c6b96b01256a10f		2026-07-17 12:42:13.411735	KhRG
b164ad30a6c3770c5c6b96b01256a10f		2026-07-17 12:51:15.006587	KhRG
ebb7c4269ac1c91da9d699a6332066bf		2026-07-17 12:51:54.479589	KhRG
b164ad30a6c3770c5c6b96b01256a10f		2026-07-17 12:52:07.741318	KhRG
b164ad30a6c3770c5c6b96b01256a10f		2026-07-17 12:52:32.443802	KhRG
ebb7c4269ac1c91da9d699a6332066bf		2026-07-17 12:52:39.311297	KhRG
b164ad30a6c3770c5c6b96b01256a10f		2026-07-17 12:52:46.532877	KhRG
b164ad30a6c3770c5c6b96b01256a10f		2026-07-17 12:52:53.785752	KhRG
b164ad30a6c3770c5c6b96b01256a10f		2026-07-17 12:53:13.133676	KhRG
b164ad30a6c3770c5c6b96b01256a10f		2026-07-17 12:54:29.296738	KhRG
a688763a3bd436a92a3cd13719539d55		2026-07-20 00:04:52.781910	KhRG
b164ad30a6c3770c5c6b96b01256a10f		2026-07-17 12:55:41.586392	KhRG
b164ad30a6c3770c5c6b96b01256a10f		2026-07-17 12:56:26.569959	KhRG
b164ad30a6c3770c5c6b96b01256a10f		2026-07-17 12:59:29.954151	KhRG
b164ad30a6c3770c5c6b96b01256a10f		2026-07-17 12:59:41.520393	KhRG
093fababbaa1823f3fcf712af30b0183		2026-07-17 13:00:01.490984	KhRG
b164ad30a6c3770c5c6b96b01256a10f		2026-07-17 13:00:10.959026	KhRG
093fababbaa1823f3fcf712af30b0183		2026-07-17 13:03:12.880769	KhRG
b164ad30a6c3770c5c6b96b01256a10f		2026-07-17 13:05:49.749513	KhRG
b164ad30a6c3770c5c6b96b01256a10f		2026-07-17 13:06:35.012113	KhRG
b164ad30a6c3770c5c6b96b01256a10f		2026-07-17 13:08:33.422302	KhRG
b164ad30a6c3770c5c6b96b01256a10f		2026-07-17 13:12:14.415240	KhRG
b164ad30a6c3770c5c6b96b01256a10f		2026-07-17 13:12:24.181209	KhRG
b164ad30a6c3770c5c6b96b01256a10f		2026-07-17 13:14:19.938463	KhRG
b164ad30a6c3770c5c6b96b01256a10f		2026-07-17 13:17:59.650215	KhRG
b164ad30a6c3770c5c6b96b01256a10f		2026-07-17 13:21:45.405708	KhRG
b164ad30a6c3770c5c6b96b01256a10f		2026-07-17 13:23:59.238130	KhRG
9a567c68a8de380a1070510117bf1102		2026-07-17 13:48:35.781965	KhRG
b164ad30a6c3770c5c6b96b01256a10f		2026-07-17 14:00:47.388860	KhRG
b164ad30a6c3770c5c6b96b01256a10f		2026-07-17 14:01:07.596259	KhRG
a688763a3bd436a92a3cd13719539d55		2026-07-20 00:05:12.565658	KhRG
b164ad30a6c3770c5c6b96b01256a10f		2026-07-17 14:01:18.086473	KhRG
b164ad30a6c3770c5c6b96b01256a10f		2026-07-17 14:02:18.560323	KhRG
b164ad30a6c3770c5c6b96b01256a10f		2026-07-17 14:02:36.553132	KhRG
7aa8bb374b52ed1582bb8d998494ce3c		2026-07-17 14:03:48.829979	KhRG
7aa8bb374b52ed1582bb8d998494ce3c		2026-07-17 14:04:09.752887	KhRG
7aa8bb374b52ed1582bb8d998494ce3c		2026-07-17 14:04:29.469369	KhRG
b164ad30a6c3770c5c6b96b01256a10f		2026-07-17 14:04:34.760921	KhRG
7aa8bb374b52ed1582bb8d998494ce3c		2026-07-17 14:04:48.827548	KhRG
7aa8bb374b52ed1582bb8d998494ce3c		2026-07-17 14:05:00.280737	KhRG
7aa8bb374b52ed1582bb8d998494ce3c		2026-07-17 14:05:27.140412	KhRG
7aa8bb374b52ed1582bb8d998494ce3c		2026-07-17 14:05:56.455084	KhRG
b164ad30a6c3770c5c6b96b01256a10f		2026-07-17 14:06:06.587568	KhRG
7aa8bb374b52ed1582bb8d998494ce3c		2026-07-17 14:06:11.582430	KhRG
7aa8bb374b52ed1582bb8d998494ce3c		2026-07-17 14:06:29.834466	KhRG
b164ad30a6c3770c5c6b96b01256a10f		2026-07-17 14:14:55.120484	KhRG
b164ad30a6c3770c5c6b96b01256a10f		2026-07-17 14:15:17.713441	KhRG
b164ad30a6c3770c5c6b96b01256a10f		2026-07-17 14:15:28.987838	KhRG
b164ad30a6c3770c5c6b96b01256a10f		2026-07-17 14:17:45.306013	KhRG
b164ad30a6c3770c5c6b96b01256a10f		2026-07-17 14:18:01.706483	KhRG
b164ad30a6c3770c5c6b96b01256a10f		2026-07-17 14:23:01.417579	KhRG
b164ad30a6c3770c5c6b96b01256a10f		2026-07-17 14:28:06.999724	KhRG
b164ad30a6c3770c5c6b96b01256a10f		2026-07-17 14:29:26.496422	KhRG
b164ad30a6c3770c5c6b96b01256a10f		2026-07-17 14:29:51.162057	KhRG
b164ad30a6c3770c5c6b96b01256a10f		2026-07-17 14:34:14.614879	KhRG
b164ad30a6c3770c5c6b96b01256a10f		2026-07-17 14:34:52.311668	KhRG
b164ad30a6c3770c5c6b96b01256a10f		2026-07-17 14:35:07.611425	KhRG
b164ad30a6c3770c5c6b96b01256a10f		2026-07-17 14:36:41.984877	KhRG
b164ad30a6c3770c5c6b96b01256a10f		2026-07-17 14:40:31.251634	KhRG
b164ad30a6c3770c5c6b96b01256a10f		2026-07-17 14:41:07.364551	KhRG
b164ad30a6c3770c5c6b96b01256a10f		2026-07-17 14:41:18.769025	KhRG
b164ad30a6c3770c5c6b96b01256a10f		2026-07-17 14:43:56.611501	KhRG
b164ad30a6c3770c5c6b96b01256a10f		2026-07-17 14:49:20.982399	KhRG
b164ad30a6c3770c5c6b96b01256a10f		2026-07-17 14:49:44.054072	KhRG
b164ad30a6c3770c5c6b96b01256a10f		2026-07-17 14:49:53.775847	KhRG
b164ad30a6c3770c5c6b96b01256a10f		2026-07-17 14:50:03.096890	KhRG
b164ad30a6c3770c5c6b96b01256a10f		2026-07-17 14:50:33.531698	KhRG
b164ad30a6c3770c5c6b96b01256a10f		2026-07-17 14:51:00.660242	KhRG
b164ad30a6c3770c5c6b96b01256a10f		2026-07-17 14:51:15.682573	KhRG
b164ad30a6c3770c5c6b96b01256a10f		2026-07-17 14:51:42.465509	KhRG
b164ad30a6c3770c5c6b96b01256a10f		2026-07-17 14:52:01.699458	KhRG
b164ad30a6c3770c5c6b96b01256a10f		2026-07-17 14:54:18.033462	KhRG
b164ad30a6c3770c5c6b96b01256a10f		2026-07-17 14:59:03.425955	KhRG
b164ad30a6c3770c5c6b96b01256a10f		2026-07-17 14:59:18.566236	KhRG
a688763a3bd436a92a3cd13719539d55		2026-07-20 00:05:26.849194	KhRG
b164ad30a6c3770c5c6b96b01256a10f		2026-07-17 14:59:32.038462	KhRG
b164ad30a6c3770c5c6b96b01256a10f		2026-07-17 15:31:42.555905	KhRG
b164ad30a6c3770c5c6b96b01256a10f		2026-07-17 15:31:59.538791	KhRG
b164ad30a6c3770c5c6b96b01256a10f		2026-07-17 15:32:14.277455	KhRG
b164ad30a6c3770c5c6b96b01256a10f		2026-07-17 15:32:32.916904	KhRG
b164ad30a6c3770c5c6b96b01256a10f		2026-07-17 15:41:50.563977	KhRG
b164ad30a6c3770c5c6b96b01256a10f		2026-07-17 15:42:22.523695	KhRG
b164ad30a6c3770c5c6b96b01256a10f		2026-07-17 15:50:27.979040	KhRG
b164ad30a6c3770c5c6b96b01256a10f		2026-07-17 15:55:58.783889	KhRG
b164ad30a6c3770c5c6b96b01256a10f		2026-07-17 15:56:09.388340	KhRG
b164ad30a6c3770c5c6b96b01256a10f		2026-07-17 15:56:19.512877	KhRG
b164ad30a6c3770c5c6b96b01256a10f		2026-07-17 15:56:36.225200	KhRG
b164ad30a6c3770c5c6b96b01256a10f		2026-07-17 15:56:48.449087	KhRG
b164ad30a6c3770c5c6b96b01256a10f		2026-07-17 15:56:59.211410	KhRG
b164ad30a6c3770c5c6b96b01256a10f		2026-07-17 15:57:28.122260	KhRG
b164ad30a6c3770c5c6b96b01256a10f		2026-07-17 15:57:39.758680	KhRG
b164ad30a6c3770c5c6b96b01256a10f		2026-07-17 15:57:51.384505	KhRG
b164ad30a6c3770c5c6b96b01256a10f		2026-07-17 15:58:30.212045	KhRG
b164ad30a6c3770c5c6b96b01256a10f		2026-07-17 16:02:03.577514	KhRG
a688763a3bd436a92a3cd13719539d55		2026-07-20 00:05:41.893915	KhRG
b164ad30a6c3770c5c6b96b01256a10f		2026-07-17 16:02:20.393101	KhRG
b164ad30a6c3770c5c6b96b01256a10f		2026-07-17 16:02:38.998641	KhRG
b164ad30a6c3770c5c6b96b01256a10f		2026-07-17 16:03:40.418577	KhRG
b164ad30a6c3770c5c6b96b01256a10f		2026-07-17 16:06:32.606794	KhRG
b164ad30a6c3770c5c6b96b01256a10f		2026-07-17 16:21:17.387662	KhRG
b164ad30a6c3770c5c6b96b01256a10f		2026-07-17 16:21:41.256850	KhRG
b164ad30a6c3770c5c6b96b01256a10f		2026-07-17 16:21:57.407062	KhRG
b164ad30a6c3770c5c6b96b01256a10f		2026-07-17 16:22:55.785077	KhRG
b164ad30a6c3770c5c6b96b01256a10f		2026-07-17 16:28:55.697506	KhRG
b164ad30a6c3770c5c6b96b01256a10f		2026-07-17 16:34:56.651234	KhRG
b164ad30a6c3770c5c6b96b01256a10f		2026-07-17 16:35:14.920634	KhRG
b164ad30a6c3770c5c6b96b01256a10f		2026-07-17 16:35:26.797809	KhRG
ebb7c4269ac1c91da9d699a6332066bf		2026-07-17 17:05:58.094103	KhRG
ebb7c4269ac1c91da9d699a6332066bf		2026-07-17 17:06:26.414671	KhRG
ebb7c4269ac1c91da9d699a6332066bf		2026-07-17 17:07:00.049811	KhRG
3e2ad549b15d324e273b81aef2baabe9		2026-07-17 17:08:26.314447	KhRG
ebb7c4269ac1c91da9d699a6332066bf		2026-07-17 17:08:43.574790	KhRG
093fababbaa1823f3fcf712af30b0183		2026-07-17 17:09:46.668711	KhRG
ebb7c4269ac1c91da9d699a6332066bf		2026-07-17 17:13:29.050144	KhRG
093fababbaa1823f3fcf712af30b0183		2026-07-17 17:15:39.770599	KhRG
093fababbaa1823f3fcf712af30b0183		2026-07-17 17:16:08.577456	KhRG
3e2ad549b15d324e273b81aef2baabe9		2026-07-17 17:17:21.243828	KhRG
3e2ad549b15d324e273b81aef2baabe9		2026-07-17 17:17:55.469665	KhRG
3e2ad549b15d324e273b81aef2baabe9		2026-07-17 17:19:20.941674	KhRG
093fababbaa1823f3fcf712af30b0183		2026-07-17 17:21:34.378655	KhRG
3e2ad549b15d324e273b81aef2baabe9		2026-07-17 17:23:02.946161	KhRG
3e2ad549b15d324e273b81aef2baabe9		2026-07-17 17:24:50.292936	KhRG
3e2ad549b15d324e273b81aef2baabe9		2026-07-17 17:25:35.126869	KhRG
093fababbaa1823f3fcf712af30b0183		2026-07-17 17:25:43.354395	KhRG
3e2ad549b15d324e273b81aef2baabe9		2026-07-17 17:28:02.343291	KhRG
3e2ad549b15d324e273b81aef2baabe9		2026-07-17 17:28:25.939870	KhRG
ebb7c4269ac1c91da9d699a6332066bf		2026-07-17 17:28:49.818928	KhRG
093fababbaa1823f3fcf712af30b0183		2026-07-17 17:28:59.930118	KhRG
ebb7c4269ac1c91da9d699a6332066bf		2026-07-17 17:29:20.612418	KhRG
3e2ad549b15d324e273b81aef2baabe9		2026-07-17 17:32:05.978004	KhRG
3e2ad549b15d324e273b81aef2baabe9		2026-07-17 17:33:27.376184	KhRG
3e2ad549b15d324e273b81aef2baabe9		2026-07-17 17:33:49.618216	KhRG
a688763a3bd436a92a3cd13719539d55		2026-07-20 00:17:11.390219	KhRG
093fababbaa1823f3fcf712af30b0183		2026-07-17 17:35:48.379793	KhRG
3e2ad549b15d324e273b81aef2baabe9		2026-07-17 17:36:20.527291	KhRG
3e2ad549b15d324e273b81aef2baabe9		2026-07-17 17:37:22.694138	KhRG
3e2ad549b15d324e273b81aef2baabe9		2026-07-17 17:37:36.123284	KhRG
093fababbaa1823f3fcf712af30b0183		2026-07-17 17:37:46.710898	KhRG
093fababbaa1823f3fcf712af30b0183		2026-07-17 18:28:17.363280	KhRG
093fababbaa1823f3fcf712af30b0183		2026-07-17 18:31:41.313154	KhRG
f066f20f4f9e599efee97450117a5f6c		2026-07-17 18:58:06.264431	KhRG
f066f20f4f9e599efee97450117a5f6c		2026-07-17 18:58:13.877205	KhRG
f066f20f4f9e599efee97450117a5f6c		2026-07-17 18:59:29.699981	KhRG
f066f20f4f9e599efee97450117a5f6c		2026-07-17 18:59:46.831779	KhRG
3e2ad549b15d324e273b81aef2baabe9		2026-07-17 19:39:46.934278	KhRG
093fababbaa1823f3fcf712af30b0183		2026-07-17 21:10:16.975515	KhRG
093fababbaa1823f3fcf712af30b0183		2026-07-17 21:26:17.092568	KhRG
093fababbaa1823f3fcf712af30b0183		2026-07-17 21:30:29.208868	KhRG
093fababbaa1823f3fcf712af30b0183		2026-07-17 21:31:10.294335	KhRG
093fababbaa1823f3fcf712af30b0183		2026-07-17 21:42:57.772264	KhRG
82daee5f25cf14553dfe348b67ebb5ae		2026-07-18 01:05:26.609728	KhRG
9c55f9b53bf3a18ff35500e0658886f5		2026-07-18 08:04:48.034473	KhRG
9c55f9b53bf3a18ff35500e0658886f5		2026-07-18 08:05:23.796536	KhRG
9c55f9b53bf3a18ff35500e0658886f5		2026-07-18 08:05:42.446266	KhRG
9c55f9b53bf3a18ff35500e0658886f5		2026-07-18 08:07:21.038856	KhRG
9c55f9b53bf3a18ff35500e0658886f5		2026-07-18 08:08:18.311496	KhRG
9c55f9b53bf3a18ff35500e0658886f5		2026-07-18 08:08:33.595174	KhRG
9c55f9b53bf3a18ff35500e0658886f5		2026-07-18 08:08:54.167472	KhRG
9c55f9b53bf3a18ff35500e0658886f5		2026-07-18 08:09:21.332989	KhRG
9c55f9b53bf3a18ff35500e0658886f5		2026-07-18 08:17:27.222255	KhRG
9c55f9b53bf3a18ff35500e0658886f5		2026-07-18 08:18:06.015473	KhRG
9c55f9b53bf3a18ff35500e0658886f5		2026-07-18 08:19:38.075095	KhRG
9c55f9b53bf3a18ff35500e0658886f5		2026-07-18 08:20:25.676175	KhRG
9c55f9b53bf3a18ff35500e0658886f5		2026-07-18 08:21:02.654598	KhRG
9c55f9b53bf3a18ff35500e0658886f5		2026-07-18 08:21:34.870279	KhRG
9c55f9b53bf3a18ff35500e0658886f5		2026-07-18 08:23:11.546797	KhRG
9c55f9b53bf3a18ff35500e0658886f5		2026-07-18 08:23:35.365001	KhRG
9c55f9b53bf3a18ff35500e0658886f5		2026-07-18 08:23:59.943462	KhRG
9c55f9b53bf3a18ff35500e0658886f5		2026-07-18 08:24:25.766592	KhRG
9c55f9b53bf3a18ff35500e0658886f5		2026-07-18 08:24:59.904444	KhRG
9c55f9b53bf3a18ff35500e0658886f5		2026-07-18 08:25:32.575658	KhRG
9c55f9b53bf3a18ff35500e0658886f5		2026-07-18 08:25:56.830896	KhRG
9c55f9b53bf3a18ff35500e0658886f5		2026-07-18 08:26:25.137833	KhRG
9c55f9b53bf3a18ff35500e0658886f5		2026-07-18 08:26:58.960111	KhRG
9c55f9b53bf3a18ff35500e0658886f5		2026-07-18 08:27:09.250588	KhRG
9c55f9b53bf3a18ff35500e0658886f5		2026-07-18 08:27:33.091511	KhRG
9c55f9b53bf3a18ff35500e0658886f5		2026-07-18 08:27:45.845523	KhRG
9c55f9b53bf3a18ff35500e0658886f5		2026-07-18 08:28:02.219928	KhRG
9c55f9b53bf3a18ff35500e0658886f5		2026-07-18 08:28:22.983393	KhRG
9c55f9b53bf3a18ff35500e0658886f5		2026-07-18 08:28:45.309439	KhRG
9c55f9b53bf3a18ff35500e0658886f5		2026-07-18 08:29:21.163089	KhRG
9c55f9b53bf3a18ff35500e0658886f5		2026-07-18 08:29:47.074996	KhRG
9c55f9b53bf3a18ff35500e0658886f5		2026-07-18 08:30:05.592751	KhRG
9c55f9b53bf3a18ff35500e0658886f5		2026-07-18 08:30:28.877088	KhRG
093fababbaa1823f3fcf712af30b0183		2026-07-18 10:29:47.051312	KhRG
093fababbaa1823f3fcf712af30b0183		2026-07-18 10:37:24.314637	KhRG
093fababbaa1823f3fcf712af30b0183		2026-07-18 11:16:38.464758	KhRG
093fababbaa1823f3fcf712af30b0183		2026-07-18 11:22:28.259153	KhRG
ba6d1a93f80371b95237c0fddc9f2a41		2026-07-18 11:30:55.249392	KhRG
ba6d1a93f80371b95237c0fddc9f2a41		2026-07-18 11:31:16.651614	KhRG
ba6d1a93f80371b95237c0fddc9f2a41		2026-07-18 11:32:06.313136	KhRG
ba6d1a93f80371b95237c0fddc9f2a41		2026-07-18 11:33:09.402751	KhRG
093fababbaa1823f3fcf712af30b0183		2026-07-18 11:44:18.647584	KhRG
093fababbaa1823f3fcf712af30b0183		2026-07-18 11:48:57.023488	KhRG
ba6d1a93f80371b95237c0fddc9f2a41		2026-07-18 11:55:03.428557	KhRG
9a567c68a8de380a1070510117bf1102		2026-07-18 12:05:00.243442	KhRG
9a567c68a8de380a1070510117bf1102		2026-07-18 12:06:20.951539	KhRG
9a567c68a8de380a1070510117bf1102		2026-07-18 12:06:33.645541	KhRG
9a567c68a8de380a1070510117bf1102		2026-07-18 12:08:05.182584	KhRG
093fababbaa1823f3fcf712af30b0183		2026-07-18 13:50:00.583730	KhRG
b5831b39f756f2f038bd696bab9bd55e		2026-07-18 16:31:25.547793	KhRG
b5831b39f756f2f038bd696bab9bd55e		2026-07-18 16:34:37.139330	KhRG
b5831b39f756f2f038bd696bab9bd55e		2026-07-18 16:36:37.530150	KhRG
52fb3dfcaceed7483d57f43f5c036db0		2026-07-18 20:04:23.400165	KhRG
52fb3dfcaceed7483d57f43f5c036db0		2026-07-18 20:20:39.124054	KhRG
9a567c68a8de380a1070510117bf1102		2026-07-19 04:43:36.005935	KhRG
9a567c68a8de380a1070510117bf1102		2026-07-19 04:44:34.064747	KhRG
9a567c68a8de380a1070510117bf1102		2026-07-19 04:44:42.764788	KhRG
b137f3864e4986f57708ce134e573dae		2026-07-19 06:18:42.597940	KhRG
b137f3864e4986f57708ce134e573dae		2026-07-19 06:23:48.679782	KhRG
b137f3864e4986f57708ce134e573dae		2026-07-19 06:37:16.164568	KhRG
3182edb9fbad168c2e14bdb071f55c7b		2026-07-20 06:52:00.732787	KhRG
b5831b39f756f2f038bd696bab9bd55e		2026-07-19 08:27:24.211588	KhRG
b5831b39f756f2f038bd696bab9bd55e		2026-07-19 08:37:11.250173	KhRG
b5831b39f756f2f038bd696bab9bd55e		2026-07-19 08:37:54.384084	KhRG
b5831b39f756f2f038bd696bab9bd55e		2026-07-19 08:38:08.545355	KhRG
b5831b39f756f2f038bd696bab9bd55e		2026-07-19 08:38:48.066780	KhRG
b5831b39f756f2f038bd696bab9bd55e		2026-07-19 08:45:17.619981	KhRG
b5831b39f756f2f038bd696bab9bd55e		2026-07-19 08:46:37.770843	KhRG
b5831b39f756f2f038bd696bab9bd55e		2026-07-19 08:54:40.613892	KhRG
b5831b39f756f2f038bd696bab9bd55e		2026-07-19 08:58:13.868612	KhRG
b5831b39f756f2f038bd696bab9bd55e		2026-07-19 08:58:45.046812	KhRG
b5831b39f756f2f038bd696bab9bd55e		2026-07-19 08:59:56.693872	KhRG
b5831b39f756f2f038bd696bab9bd55e		2026-07-19 09:01:07.800899	KhRG
b5831b39f756f2f038bd696bab9bd55e		2026-07-19 09:01:48.095014	KhRG
b5831b39f756f2f038bd696bab9bd55e		2026-07-19 09:03:14.105916	KhRG
b5831b39f756f2f038bd696bab9bd55e		2026-07-19 09:09:49.053431	KhRG
c1e0020456c08c72725431695a219a90		2026-07-19 09:55:40.868044	KhRG
b137f3864e4986f57708ce134e573dae		2026-07-19 10:02:15.953871	KhRG
587b0ac28a5aa256a62d7cd2a23e6319		2026-07-19 10:08:29.111999	KhRG
b5831b39f756f2f038bd696bab9bd55e		2026-07-19 10:24:06.704767	KhRG
b137f3864e4986f57708ce134e573dae		2026-07-19 11:38:17.792509	KhRG
3182edb9fbad168c2e14bdb071f55c7b		2026-07-20 07:59:43.338752	KhRG
560c78966a41ab21cb920b389b6d15e2		2026-07-19 11:52:48.962678	KhRG
560c78966a41ab21cb920b389b6d15e2		2026-07-19 12:06:14.917701	KhRG
560c78966a41ab21cb920b389b6d15e2		2026-07-19 12:06:56.298398	KhRG
560c78966a41ab21cb920b389b6d15e2		2026-07-19 12:08:11.725478	KhRG
560c78966a41ab21cb920b389b6d15e2		2026-07-19 12:15:20.266062	KhRG
560c78966a41ab21cb920b389b6d15e2		2026-07-19 12:38:18.285619	KhRG
560c78966a41ab21cb920b389b6d15e2		2026-07-19 12:43:24.383883	KhRG
560c78966a41ab21cb920b389b6d15e2		2026-07-19 12:43:33.996766	KhRG
560c78966a41ab21cb920b389b6d15e2		2026-07-19 12:45:20.997895	KhRG
560c78966a41ab21cb920b389b6d15e2		2026-07-19 12:52:07.514958	KhRG
560c78966a41ab21cb920b389b6d15e2		2026-07-19 12:52:32.446469	KhRG
560c78966a41ab21cb920b389b6d15e2		2026-07-19 12:52:48.523625	KhRG
560c78966a41ab21cb920b389b6d15e2		2026-07-19 12:53:22.942096	KhRG
560c78966a41ab21cb920b389b6d15e2		2026-07-19 12:53:45.591933	KhRG
560c78966a41ab21cb920b389b6d15e2		2026-07-19 12:54:04.217533	KhRG
560c78966a41ab21cb920b389b6d15e2		2026-07-19 12:54:53.119261	KhRG
560c78966a41ab21cb920b389b6d15e2		2026-07-19 13:04:35.854522	KhRG
560c78966a41ab21cb920b389b6d15e2		2026-07-19 13:04:57.190772	KhRG
560c78966a41ab21cb920b389b6d15e2		2026-07-19 13:06:50.406576	KhRG
560c78966a41ab21cb920b389b6d15e2		2026-07-19 13:07:34.643992	KhRG
560c78966a41ab21cb920b389b6d15e2		2026-07-19 13:34:38.884755	KhRG
560c78966a41ab21cb920b389b6d15e2		2026-07-19 13:34:47.762600	KhRG
560c78966a41ab21cb920b389b6d15e2		2026-07-19 13:34:56.967284	KhRG
2842bb062ad26a1fcb06eca4d5056731		2026-07-20 10:40:51.732447	KhRG
560c78966a41ab21cb920b389b6d15e2		2026-07-19 13:35:09.050083	KhRG
b06e2f9b2f52aa47a56ebb333ef85eee		2026-07-19 13:38:04.723065	KhRG
b06e2f9b2f52aa47a56ebb333ef85eee		2026-07-19 13:38:34.503177	KhRG
b06e2f9b2f52aa47a56ebb333ef85eee		2026-07-19 13:39:53.666821	KhRG
b06e2f9b2f52aa47a56ebb333ef85eee		2026-07-19 13:40:55.454859	KhRG
093fababbaa1823f3fcf712af30b0183		2026-07-19 14:47:05.511266	KhRG
093fababbaa1823f3fcf712af30b0183		2026-07-19 14:47:24.740394	KhRG
093fababbaa1823f3fcf712af30b0183		2026-07-19 14:54:54.170951	KhRG
093fababbaa1823f3fcf712af30b0183		2026-07-19 15:03:39.073356	KhRG
093fababbaa1823f3fcf712af30b0183		2026-07-19 15:10:17.329570	KhRG
093fababbaa1823f3fcf712af30b0183		2026-07-19 15:31:23.618740	KhRG
093fababbaa1823f3fcf712af30b0183		2026-07-19 15:39:44.474340	KhRG
093fababbaa1823f3fcf712af30b0183		2026-07-19 15:49:31.162333	KhRG
093fababbaa1823f3fcf712af30b0183		2026-07-19 15:51:41.890285	KhRG
093fababbaa1823f3fcf712af30b0183		2026-07-19 15:55:10.677096	KhRG
093fababbaa1823f3fcf712af30b0183		2026-07-19 15:58:06.084483	KhRG
3e2ad549b15d324e273b81aef2baabe9		2026-07-19 16:05:32.511429	KhRG
3e2ad549b15d324e273b81aef2baabe9		2026-07-19 16:05:55.337873	KhRG
3e2ad549b15d324e273b81aef2baabe9		2026-07-19 16:06:42.554500	KhRG
3e2ad549b15d324e273b81aef2baabe9		2026-07-19 16:08:25.443474	KhRG
3e2ad549b15d324e273b81aef2baabe9		2026-07-19 16:19:15.545716	KhRG
093fababbaa1823f3fcf712af30b0183		2026-07-19 16:46:15.580407	KhRG
093fababbaa1823f3fcf712af30b0183		2026-07-19 16:50:21.919406	KhRG
093fababbaa1823f3fcf712af30b0183		2026-07-19 16:53:23.888805	KhRG
093fababbaa1823f3fcf712af30b0183		2026-07-19 17:02:52.164273	KhRG
093fababbaa1823f3fcf712af30b0183		2026-07-19 17:04:42.386318	KhRG
093fababbaa1823f3fcf712af30b0183		2026-07-19 17:06:36.558005	KhRG
093fababbaa1823f3fcf712af30b0183		2026-07-19 17:08:12.015662	KhRG
093fababbaa1823f3fcf712af30b0183		2026-07-19 17:10:21.481569	KhRG
b5831b39f756f2f038bd696bab9bd55e		2026-07-19 17:44:36.745630	KhRG
b5831b39f756f2f038bd696bab9bd55e		2026-07-19 17:45:19.176042	KhRG
b5831b39f756f2f038bd696bab9bd55e		2026-07-19 17:46:50.729121	KhRG
b5831b39f756f2f038bd696bab9bd55e		2026-07-19 17:47:22.042118	KhRG
be082045417881d6fc31a3c25910e2f5		2026-07-19 18:12:07.695037	KhRG
be082045417881d6fc31a3c25910e2f5		2026-07-19 18:13:36.068417	KhRG
be082045417881d6fc31a3c25910e2f5		2026-07-19 18:15:16.700154	KhRG
be082045417881d6fc31a3c25910e2f5		2026-07-19 18:16:49.155573	KhRG
be082045417881d6fc31a3c25910e2f5		2026-07-19 18:16:59.934616	KhRG
2842bb062ad26a1fcb06eca4d5056731		2026-07-20 11:42:38.584682	KhRG
be082045417881d6fc31a3c25910e2f5		2026-07-19 18:17:12.602236	KhRG
be082045417881d6fc31a3c25910e2f5		2026-07-19 18:18:19.752128	KhRG
be082045417881d6fc31a3c25910e2f5		2026-07-19 18:18:48.810224	KhRG
be082045417881d6fc31a3c25910e2f5		2026-07-19 18:19:09.721495	KhRG
be082045417881d6fc31a3c25910e2f5		2026-07-19 18:19:29.197821	KhRG
be082045417881d6fc31a3c25910e2f5		2026-07-19 18:24:32.182317	KhRG
be082045417881d6fc31a3c25910e2f5		2026-07-19 18:35:10.322192	KhRG
c1e0020456c08c72725431695a219a90		2026-07-19 19:28:06.494612	KhRG
c1e0020456c08c72725431695a219a90		2026-07-19 19:28:16.699709	KhRG
c1e0020456c08c72725431695a219a90		2026-07-19 19:28:21.958778	KhRG
c1e0020456c08c72725431695a219a90		2026-07-19 19:28:36.657064	KhRG
c1e0020456c08c72725431695a219a90		2026-07-19 19:29:20.845091	KhRG
093fababbaa1823f3fcf712af30b0183		2026-07-19 21:05:08.867099	KhRG
093fababbaa1823f3fcf712af30b0183		2026-07-19 21:09:54.778882	KhRG
093fababbaa1823f3fcf712af30b0183		2026-07-19 21:15:20.623313	KhRG
093fababbaa1823f3fcf712af30b0183		2026-07-19 21:17:31.744207	KhRG
093fababbaa1823f3fcf712af30b0183		2026-07-19 21:22:16.661324	KhRG
093fababbaa1823f3fcf712af30b0183		2026-07-19 21:23:38.659919	KhRG
093fababbaa1823f3fcf712af30b0183		2026-07-19 21:30:39.637545	KhRG
093fababbaa1823f3fcf712af30b0183		2026-07-19 21:51:08.665759	KhRG
093fababbaa1823f3fcf712af30b0183		2026-07-19 21:58:42.780599	KhRG
093fababbaa1823f3fcf712af30b0183		2026-07-19 22:00:38.441923	KhRG
093fababbaa1823f3fcf712af30b0183		2026-07-19 22:15:59.322732	KhRG
093fababbaa1823f3fcf712af30b0183		2026-07-19 22:17:49.366373	KhRG
093fababbaa1823f3fcf712af30b0183		2026-07-19 22:18:54.937352	KhRG
093fababbaa1823f3fcf712af30b0183		2026-07-19 22:20:27.683468	KhRG
093fababbaa1823f3fcf712af30b0183		2026-07-19 22:21:47.708748	KhRG
093fababbaa1823f3fcf712af30b0183		2026-07-19 22:23:12.524005	KhRG
093fababbaa1823f3fcf712af30b0183		2026-07-19 22:24:32.838414	KhRG
093fababbaa1823f3fcf712af30b0183		2026-07-19 22:25:28.825740	KhRG
093fababbaa1823f3fcf712af30b0183		2026-07-19 22:26:19.145854	KhRG
093fababbaa1823f3fcf712af30b0183		2026-07-19 22:28:21.693600	KhRG
093fababbaa1823f3fcf712af30b0183		2026-07-19 22:36:37.025767	KhRG
093fababbaa1823f3fcf712af30b0183		2026-07-19 22:44:44.436334	KhRG
093fababbaa1823f3fcf712af30b0183		2026-07-19 22:45:47.107268	KhRG
093fababbaa1823f3fcf712af30b0183		2026-07-19 22:50:36.414483	KhRG
093fababbaa1823f3fcf712af30b0183		2026-07-19 22:51:38.193461	KhRG
093fababbaa1823f3fcf712af30b0183		2026-07-19 22:55:09.697846	KhRG
a688763a3bd436a92a3cd13719539d55		2026-07-19 23:49:49.679157	KhRG
a688763a3bd436a92a3cd13719539d55		2026-07-19 23:56:44.916466	KhRG
a688763a3bd436a92a3cd13719539d55		2026-07-20 00:17:51.136674	KhRG
a688763a3bd436a92a3cd13719539d55		2026-07-20 00:19:11.799456	KhRG
2842bb062ad26a1fcb06eca4d5056731		2026-07-20 04:45:31.447402	KhRG
2842bb062ad26a1fcb06eca4d5056731		2026-07-20 05:00:48.187855	KhRG
2842bb062ad26a1fcb06eca4d5056731		2026-07-20 05:01:03.192957	KhRG
2842bb062ad26a1fcb06eca4d5056731		2026-07-20 05:01:21.536200	KhRG
2842bb062ad26a1fcb06eca4d5056731		2026-07-20 05:01:41.855943	KhRG
2842bb062ad26a1fcb06eca4d5056731		2026-07-20 05:02:01.076930	KhRG
2842bb062ad26a1fcb06eca4d5056731		2026-07-20 05:02:24.725168	KhRG
2842bb062ad26a1fcb06eca4d5056731		2026-07-20 05:23:29.739358	KhRG
2842bb062ad26a1fcb06eca4d5056731		2026-07-20 05:24:55.752670	KhRG
2842bb062ad26a1fcb06eca4d5056731		2026-07-20 05:25:40.083866	KhRG
2842bb062ad26a1fcb06eca4d5056731		2026-07-20 05:25:56.897963	KhRG
2842bb062ad26a1fcb06eca4d5056731		2026-07-20 05:28:16.927265	KhRG
3182edb9fbad168c2e14bdb071f55c7b		2026-07-20 05:29:36.729871	KhRG
2842bb062ad26a1fcb06eca4d5056731		2026-07-20 05:30:05.678721	KhRG
3182edb9fbad168c2e14bdb071f55c7b		2026-07-20 05:30:27.956225	KhRG
3182edb9fbad168c2e14bdb071f55c7b		2026-07-20 05:30:38.725242	KhRG
2842bb062ad26a1fcb06eca4d5056731		2026-07-20 05:30:50.481670	KhRG
2842bb062ad26a1fcb06eca4d5056731		2026-07-20 05:31:08.155663	KhRG
2842bb062ad26a1fcb06eca4d5056731		2026-07-20 05:55:26.003518	KhRG
2842bb062ad26a1fcb06eca4d5056731		2026-07-20 05:56:10.671337	KhRG
2842bb062ad26a1fcb06eca4d5056731		2026-07-20 06:04:08.662150	KhRG
2842bb062ad26a1fcb06eca4d5056731		2026-07-20 06:04:49.384129	KhRG
2842bb062ad26a1fcb06eca4d5056731		2026-07-20 06:05:34.896508	KhRG
2842bb062ad26a1fcb06eca4d5056731		2026-07-20 06:06:07.242371	KhRG
2842bb062ad26a1fcb06eca4d5056731		2026-07-20 06:06:33.081904	KhRG
2842bb062ad26a1fcb06eca4d5056731		2026-07-20 06:07:03.080265	KhRG
2842bb062ad26a1fcb06eca4d5056731		2026-07-20 06:07:25.969800	KhRG
2842bb062ad26a1fcb06eca4d5056731		2026-07-20 06:09:14.470261	KhRG
12eb896ff4687805c9ef3f0faf46f3fa		2026-07-20 08:00:44.628652	KhRG
12eb896ff4687805c9ef3f0faf46f3fa		2026-07-20 08:00:58.923313	KhRG
12eb896ff4687805c9ef3f0faf46f3fa		2026-07-20 08:01:11.231902	KhRG
12eb896ff4687805c9ef3f0faf46f3fa		2026-07-20 08:01:37.100356	KhRG
12eb896ff4687805c9ef3f0faf46f3fa		2026-07-20 08:02:22.765024	KhRG
12eb896ff4687805c9ef3f0faf46f3fa		2026-07-20 08:02:40.009453	KhRG
3182edb9fbad168c2e14bdb071f55c7b		2026-07-20 08:05:03.050633	KhRG
3182edb9fbad168c2e14bdb071f55c7b		2026-07-20 08:06:36.764506	KhRG
12eb896ff4687805c9ef3f0faf46f3fa		2026-07-20 08:11:56.614755	KhRG
12eb896ff4687805c9ef3f0faf46f3fa		2026-07-20 08:12:19.543222	KhRG
12eb896ff4687805c9ef3f0faf46f3fa		2026-07-20 08:13:24.292429	KhRG
12eb896ff4687805c9ef3f0faf46f3fa		2026-07-20 08:13:52.199146	KhRG
12eb896ff4687805c9ef3f0faf46f3fa		2026-07-20 08:16:42.160767	KhRG
12eb896ff4687805c9ef3f0faf46f3fa		2026-07-20 08:17:10.800435	KhRG
12eb896ff4687805c9ef3f0faf46f3fa		2026-07-20 08:17:20.490532	KhRG
12eb896ff4687805c9ef3f0faf46f3fa		2026-07-20 08:17:55.099981	KhRG
12eb896ff4687805c9ef3f0faf46f3fa		2026-07-20 08:19:35.020115	KhRG
12eb896ff4687805c9ef3f0faf46f3fa		2026-07-20 08:20:46.608548	KhRG
12eb896ff4687805c9ef3f0faf46f3fa		2026-07-20 08:21:36.078028	KhRG
12eb896ff4687805c9ef3f0faf46f3fa		2026-07-20 08:22:26.148995	KhRG
40db73febc00932ce041ed639bf75bbd		2026-07-20 13:36:54.235197	KhRG
12eb896ff4687805c9ef3f0faf46f3fa		2026-07-20 08:22:54.287992	KhRG
12eb896ff4687805c9ef3f0faf46f3fa		2026-07-20 08:23:11.609368	KhRG
12eb896ff4687805c9ef3f0faf46f3fa		2026-07-20 08:23:31.991328	KhRG
12eb896ff4687805c9ef3f0faf46f3fa		2026-07-20 08:24:23.696197	KhRG
3182edb9fbad168c2e14bdb071f55c7b		2026-07-20 08:35:39.917039	KhRG
3182edb9fbad168c2e14bdb071f55c7b		2026-07-20 08:36:01.533964	KhRG
3182edb9fbad168c2e14bdb071f55c7b		2026-07-20 08:39:19.027326	KhRG
3182edb9fbad168c2e14bdb071f55c7b		2026-07-20 08:42:43.208708	KhRG
3182edb9fbad168c2e14bdb071f55c7b		2026-07-20 08:42:51.251023	KhRG
3182edb9fbad168c2e14bdb071f55c7b		2026-07-20 08:44:00.066706	KhRG
63b72a2cbc1ceb7d485e95c6ee255151		2026-07-20 09:07:02.221838	KhRG
b5831b39f756f2f038bd696bab9bd55e		2026-07-20 09:20:23.233307	KhRG
a688763a3bd436a92a3cd13719539d55		2026-07-20 09:56:08.170674	KhRG
a688763a3bd436a92a3cd13719539d55		2026-07-20 09:56:39.061059	KhRG
c0d064a9c2e2c155332f2cae5b12b8d8		2026-07-20 10:02:51.732161	KhRG
b5831b39f756f2f038bd696bab9bd55e		2026-07-20 10:10:46.469917	KhRG
b5831b39f756f2f038bd696bab9bd55e		2026-07-20 10:11:42.364282	KhRG
0da03d596aad21e7a3029fbd718de3f3		2026-07-20 10:35:49.297519	KhRG
2842bb062ad26a1fcb06eca4d5056731		2026-07-20 10:35:53.685615	KhRG
2842bb062ad26a1fcb06eca4d5056731		2026-07-20 10:36:53.222314	KhRG
2842bb062ad26a1fcb06eca4d5056731		2026-07-20 10:37:12.743390	KhRG
2842bb062ad26a1fcb06eca4d5056731		2026-07-20 10:37:39.278721	KhRG
2842bb062ad26a1fcb06eca4d5056731		2026-07-20 10:39:14.352938	KhRG
6a5509f1e24c15da9daf8d458e3c954b		2026-07-20 10:39:19.735705	KhRG
2842bb062ad26a1fcb06eca4d5056731		2026-07-20 10:39:38.775593	KhRG
6a5509f1e24c15da9daf8d458e3c954b		2026-07-20 10:39:50.817996	KhRG
6a5509f1e24c15da9daf8d458e3c954b		2026-07-20 10:40:13.642077	KhRG
6a5509f1e24c15da9daf8d458e3c954b		2026-07-20 10:41:52.233281	KhRG
6a5509f1e24c15da9daf8d458e3c954b		2026-07-20 10:41:56.769341	KhRG
6a5509f1e24c15da9daf8d458e3c954b		2026-07-20 10:41:58.696810	KhRG
2842bb062ad26a1fcb06eca4d5056731		2026-07-20 10:43:30.635380	KhRG
2842bb062ad26a1fcb06eca4d5056731		2026-07-20 10:44:38.333260	KhRG
6a5509f1e24c15da9daf8d458e3c954b		2026-07-20 10:44:42.907218	KhRG
b137f3864e4986f57708ce134e573dae		2026-07-20 10:46:36.467374	KhRG
2842bb062ad26a1fcb06eca4d5056731		2026-07-20 10:51:19.976246	KhRG
2842bb062ad26a1fcb06eca4d5056731		2026-07-20 10:51:38.573606	KhRG
2842bb062ad26a1fcb06eca4d5056731		2026-07-20 10:52:18.122817	KhRG
2842bb062ad26a1fcb06eca4d5056731		2026-07-20 10:53:25.221854	KhRG
2842bb062ad26a1fcb06eca4d5056731		2026-07-20 10:54:57.466394	KhRG
2842bb062ad26a1fcb06eca4d5056731		2026-07-20 11:00:33.424060	KhRG
b137f3864e4986f57708ce134e573dae		2026-07-20 11:01:27.266114	KhRG
b137f3864e4986f57708ce134e573dae		2026-07-20 11:01:51.540677	KhRG
2842bb062ad26a1fcb06eca4d5056731		2026-07-20 11:04:01.793804	KhRG
2842bb062ad26a1fcb06eca4d5056731		2026-07-20 11:07:28.585516	KhRG
2842bb062ad26a1fcb06eca4d5056731		2026-07-20 11:07:56.557340	KhRG
2842bb062ad26a1fcb06eca4d5056731		2026-07-20 11:08:51.714846	KhRG
2842bb062ad26a1fcb06eca4d5056731		2026-07-20 11:12:20.628340	KhRG
2842bb062ad26a1fcb06eca4d5056731		2026-07-20 11:12:36.167488	KhRG
2842bb062ad26a1fcb06eca4d5056731		2026-07-20 11:13:14.285893	KhRG
2842bb062ad26a1fcb06eca4d5056731		2026-07-20 11:13:34.527283	KhRG
12eb896ff4687805c9ef3f0faf46f3fa		2026-07-20 11:16:29.732498	KhRG
2842bb062ad26a1fcb06eca4d5056731		2026-07-20 11:29:22.187098	KhRG
2842bb062ad26a1fcb06eca4d5056731		2026-07-20 11:32:49.165346	KhRG
093fababbaa1823f3fcf712af30b0183		2026-07-20 11:34:27.082234	KhRG
093fababbaa1823f3fcf712af30b0183		2026-07-20 11:37:39.803483	KhRG
2842bb062ad26a1fcb06eca4d5056731		2026-07-20 11:41:07.047830	KhRG
093fababbaa1823f3fcf712af30b0183		2026-07-20 11:44:21.255125	KhRG
a5e15f0bcf78de5d3f6d849bd97bdbe8		2026-07-20 11:45:03.003616	KhRG
2842bb062ad26a1fcb06eca4d5056731		2026-07-20 11:46:32.941692	KhRG
2842bb062ad26a1fcb06eca4d5056731		2026-07-20 11:47:23.305608	KhRG
2842bb062ad26a1fcb06eca4d5056731		2026-07-20 11:47:42.397989	KhRG
2842bb062ad26a1fcb06eca4d5056731		2026-07-20 11:48:20.136348	KhRG
093fababbaa1823f3fcf712af30b0183		2026-07-20 11:51:14.224338	KhRG
2842bb062ad26a1fcb06eca4d5056731		2026-07-20 11:51:28.725937	KhRG
2842bb062ad26a1fcb06eca4d5056731		2026-07-20 11:52:34.718763	KhRG
093fababbaa1823f3fcf712af30b0183		2026-07-20 11:53:03.508670	KhRG
093fababbaa1823f3fcf712af30b0183		2026-07-20 11:54:57.185555	KhRG
2842bb062ad26a1fcb06eca4d5056731		2026-07-20 12:12:18.891509	KhRG
2842bb062ad26a1fcb06eca4d5056731		2026-07-20 12:17:47.697396	KhRG
2842bb062ad26a1fcb06eca4d5056731		2026-07-20 12:18:18.021476	KhRG
2842bb062ad26a1fcb06eca4d5056731		2026-07-20 12:19:03.681557	KhRG
2842bb062ad26a1fcb06eca4d5056731		2026-07-20 12:19:16.525471	KhRG
2842bb062ad26a1fcb06eca4d5056731		2026-07-20 12:20:02.738336	KhRG
093fababbaa1823f3fcf712af30b0183		2026-07-20 12:29:52.362573	KhRG
3182edb9fbad168c2e14bdb071f55c7b		2026-07-20 12:30:43.386099	KhRG
86438625037ce76d1ad3958131f4d170		2026-07-20 13:08:03.709897	KhRG
efabd73427558c38182f22daacafb18a		2026-07-20 13:27:47.781697	KhRG
b137f3864e4986f57708ce134e573dae		2026-07-20 13:27:59.000075	KhRG
efabd73427558c38182f22daacafb18a		2026-07-20 13:28:13.847716	KhRG
b059508198ca9642fe32fa1329c4b3c7		2026-07-20 13:28:16.381097	KhRG
efabd73427558c38182f22daacafb18a		2026-07-20 13:28:55.372343	KhRG
efabd73427558c38182f22daacafb18a		2026-07-20 13:29:12.795437	KhRG
efabd73427558c38182f22daacafb18a		2026-07-20 13:30:37.167991	KhRG
40db73febc00932ce041ed639bf75bbd		2026-07-20 13:32:35.487065	KhRG
40db73febc00932ce041ed639bf75bbd		2026-07-20 13:34:02.853383	KhRG
40db73febc00932ce041ed639bf75bbd		2026-07-20 13:37:42.234503	KhRG
40db73febc00932ce041ed639bf75bbd		2026-07-20 13:38:11.306244	KhRG
b059508198ca9642fe32fa1329c4b3c7		2026-07-20 13:42:03.806098	KhRG
e04d56999d2c8b4b82db1c7b4aee0ce8		2026-07-20 13:43:33.238858	KhRG
e04d56999d2c8b4b82db1c7b4aee0ce8		2026-07-20 13:44:10.566816	KhRG
40db73febc00932ce041ed639bf75bbd		2026-07-20 13:45:43.378608	KhRG
40db73febc00932ce041ed639bf75bbd		2026-07-20 13:46:53.637341	KhRG
40db73febc00932ce041ed639bf75bbd		2026-07-20 13:57:37.932723	KhRG
40db73febc00932ce041ed639bf75bbd		2026-07-20 13:58:59.375024	KhRG
40db73febc00932ce041ed639bf75bbd		2026-07-20 14:02:45.456538	KhRG
40db73febc00932ce041ed639bf75bbd		2026-07-20 14:04:21.189336	KhRG
40db73febc00932ce041ed639bf75bbd		2026-07-20 14:06:25.995351	KhRG
40db73febc00932ce041ed639bf75bbd		2026-07-20 14:10:56.998975	KhRG
40db73febc00932ce041ed639bf75bbd		2026-07-20 14:13:06.854355	KhRG
40db73febc00932ce041ed639bf75bbd		2026-07-20 14:17:17.082492	KhRG
40db73febc00932ce041ed639bf75bbd		2026-07-20 14:18:28.218223	KhRG
b137f3864e4986f57708ce134e573dae		2026-07-20 14:20:08.297466	KhRG
40db73febc00932ce041ed639bf75bbd		2026-07-20 14:22:42.612899	KhRG
40db73febc00932ce041ed639bf75bbd		2026-07-20 14:23:26.573769	KhRG
40db73febc00932ce041ed639bf75bbd		2026-07-20 14:24:58.309863	KhRG
093fababbaa1823f3fcf712af30b0183		2026-07-20 14:41:36.826788	KhRG
093fababbaa1823f3fcf712af30b0183		2026-07-20 14:42:50.991184	KhRG
5d250312e7c12bf3ba65b3c0319c0608		2026-07-20 15:27:06.652975	KhRG
5d250312e7c12bf3ba65b3c0319c0608		2026-07-20 15:28:08.888383	KhRG
5d250312e7c12bf3ba65b3c0319c0608		2026-07-20 15:28:21.760821	KhRG
5d250312e7c12bf3ba65b3c0319c0608		2026-07-20 15:31:01.101914	KhRG
b06e2f9b2f52aa47a56ebb333ef85eee		2026-07-20 15:41:02.522623	KhRG
61683e89009c326a86014592e5e77abe		2026-07-20 15:57:47.300281	KhRG
3e2ad549b15d324e273b81aef2baabe9		2026-07-20 16:03:55.777849	KhRG
3e2ad549b15d324e273b81aef2baabe9		2026-07-20 16:04:10.267831	KhRG
61683e89009c326a86014592e5e77abe		2026-07-20 16:23:24.923311	KhRG
61683e89009c326a86014592e5e77abe		2026-07-20 16:26:18.312335	KhRG
61683e89009c326a86014592e5e77abe		2026-07-20 16:26:53.719022	KhRG
61683e89009c326a86014592e5e77abe		2026-07-20 16:40:00.647241	KhRG
61683e89009c326a86014592e5e77abe		2026-07-20 16:40:31.611067	KhRG
61683e89009c326a86014592e5e77abe		2026-07-20 16:42:13.753966	KhRG
61683e89009c326a86014592e5e77abe		2026-07-20 16:46:23.078841	KhRG
61683e89009c326a86014592e5e77abe		2026-07-20 16:46:47.488979	KhRG
40db73febc00932ce041ed639bf75bbd		2026-07-20 17:21:11.365212	KhRG
40db73febc00932ce041ed639bf75bbd		2026-07-20 17:21:54.099338	KhRG
40db73febc00932ce041ed639bf75bbd		2026-07-20 17:22:05.090223	KhRG
40db73febc00932ce041ed639bf75bbd		2026-07-20 17:23:34.431341	KhRG
40db73febc00932ce041ed639bf75bbd		2026-07-20 17:28:25.978864	KhRG
40db73febc00932ce041ed639bf75bbd		2026-07-20 17:29:57.765293	KhRG
40db73febc00932ce041ed639bf75bbd		2026-07-20 17:39:41.634336	KhRG
a688763a3bd436a92a3cd13719539d55		2026-07-20 19:18:13.232674	KhRG
b164ad30a6c3770c5c6b96b01256a10f		2026-07-20 20:00:17.543926	KhRG
b164ad30a6c3770c5c6b96b01256a10f		2026-07-20 20:02:12.134680	KhRG
b164ad30a6c3770c5c6b96b01256a10f		2026-07-20 20:03:57.276186	KhRG
b164ad30a6c3770c5c6b96b01256a10f		2026-07-20 20:05:38.964060	KhRG
b164ad30a6c3770c5c6b96b01256a10f		2026-07-20 20:07:38.306163	KhRG
b164ad30a6c3770c5c6b96b01256a10f		2026-07-20 20:07:56.940186	KhRG
2842bb062ad26a1fcb06eca4d5056731		2026-07-21 04:44:55.848388	KhRG
b164ad30a6c3770c5c6b96b01256a10f		2026-07-20 20:09:31.334427	KhRG
b164ad30a6c3770c5c6b96b01256a10f		2026-07-20 20:13:10.725862	KhRG
b164ad30a6c3770c5c6b96b01256a10f		2026-07-20 20:13:34.884186	KhRG
b164ad30a6c3770c5c6b96b01256a10f		2026-07-20 20:14:04.734554	KhRG
b164ad30a6c3770c5c6b96b01256a10f		2026-07-20 20:14:20.980067	KhRG
b164ad30a6c3770c5c6b96b01256a10f		2026-07-20 20:18:40.554358	KhRG
093fababbaa1823f3fcf712af30b0183		2026-07-20 20:38:58.441180	KhRG
093fababbaa1823f3fcf712af30b0183		2026-07-20 20:40:36.531761	KhRG
093fababbaa1823f3fcf712af30b0183		2026-07-20 20:42:45.044143	KhRG
093fababbaa1823f3fcf712af30b0183		2026-07-20 20:47:06.630888	KhRG
093fababbaa1823f3fcf712af30b0183		2026-07-20 20:49:10.698078	KhRG
093fababbaa1823f3fcf712af30b0183		2026-07-20 20:52:53.494168	KhRG
093fababbaa1823f3fcf712af30b0183		2026-07-20 20:53:55.177955	KhRG
093fababbaa1823f3fcf712af30b0183		2026-07-20 20:55:42.553709	KhRG
093fababbaa1823f3fcf712af30b0183		2026-07-20 20:57:04.153107	KhRG
093fababbaa1823f3fcf712af30b0183		2026-07-20 20:59:36.263142	KhRG
a688763a3bd436a92a3cd13719539d55		2026-07-20 21:14:18.119881	KhRG
2842bb062ad26a1fcb06eca4d5056731		2026-07-21 04:38:04.536796	KhRG
2842bb062ad26a1fcb06eca4d5056731		2026-07-21 04:40:16.333092	KhRG
2842bb062ad26a1fcb06eca4d5056731		2026-07-21 04:43:30.000086	KhRG
2842bb062ad26a1fcb06eca4d5056731		2026-07-21 04:44:04.563090	KhRG
2842bb062ad26a1fcb06eca4d5056731		2026-07-21 04:44:18.460102	KhRG
2842bb062ad26a1fcb06eca4d5056731		2026-07-21 04:47:28.236260	KhRG
2842bb062ad26a1fcb06eca4d5056731		2026-07-21 04:47:55.219295	KhRG
2842bb062ad26a1fcb06eca4d5056731		2026-07-21 05:05:28.583525	KhRG
2842bb062ad26a1fcb06eca4d5056731		2026-07-21 05:06:53.872185	KhRG
2842bb062ad26a1fcb06eca4d5056731		2026-07-21 05:10:06.956241	KhRG
2842bb062ad26a1fcb06eca4d5056731		2026-07-21 05:11:59.235815	KhRG
2842bb062ad26a1fcb06eca4d5056731		2026-07-21 05:12:20.401697	KhRG
2842bb062ad26a1fcb06eca4d5056731		2026-07-21 05:12:42.597970	KhRG
2842bb062ad26a1fcb06eca4d5056731		2026-07-21 05:15:07.402602	KhRG
2842bb062ad26a1fcb06eca4d5056731		2026-07-21 05:15:27.813117	KhRG
2842bb062ad26a1fcb06eca4d5056731		2026-07-21 05:18:28.799679	KhRG
2842bb062ad26a1fcb06eca4d5056731		2026-07-21 05:18:46.733140	KhRG
2842bb062ad26a1fcb06eca4d5056731		2026-07-21 05:20:32.944141	KhRG
2842bb062ad26a1fcb06eca4d5056731		2026-07-21 05:21:43.343847	KhRG
2842bb062ad26a1fcb06eca4d5056731		2026-07-21 05:26:29.390399	KhRG
2842bb062ad26a1fcb06eca4d5056731		2026-07-21 05:26:44.990555	KhRG
2842bb062ad26a1fcb06eca4d5056731		2026-07-21 05:27:03.630856	KhRG
2842bb062ad26a1fcb06eca4d5056731		2026-07-21 05:28:36.408160	KhRG
2842bb062ad26a1fcb06eca4d5056731		2026-07-21 06:18:00.677301	KhRG
2842bb062ad26a1fcb06eca4d5056731		2026-07-21 06:21:19.121103	KhRG
2842bb062ad26a1fcb06eca4d5056731		2026-07-21 06:25:04.004800	KhRG
2842bb062ad26a1fcb06eca4d5056731		2026-07-21 06:27:21.651721	KhRG
2842bb062ad26a1fcb06eca4d5056731		2026-07-21 06:37:19.857879	KhRG
2842bb062ad26a1fcb06eca4d5056731		2026-07-21 06:37:47.017911	KhRG
2842bb062ad26a1fcb06eca4d5056731		2026-07-21 06:39:37.336468	KhRG
2842bb062ad26a1fcb06eca4d5056731		2026-07-21 06:39:48.088812	KhRG
2842bb062ad26a1fcb06eca4d5056731		2026-07-21 07:00:24.227959	KhRG
2842bb062ad26a1fcb06eca4d5056731		2026-07-21 07:03:51.598629	KhRG
2842bb062ad26a1fcb06eca4d5056731		2026-07-21 07:07:50.227235	KhRG
student		2026-07-21 08:00:35.738669	KhRG
b137f3864e4986f57708ce134e573dae		2026-07-21 08:23:35.144440	KhRG
b137f3864e4986f57708ce134e573dae		2026-07-21 09:01:27.444564	KhRG
93f7ae1456fee4ad8a3a007a6abec47b		2026-07-21 09:04:55.062375	KhRG
93f7ae1456fee4ad8a3a007a6abec47b		2026-07-21 09:05:09.362145	KhRG
93f7ae1456fee4ad8a3a007a6abec47b		2026-07-21 09:05:32.230620	KhRG
93f7ae1456fee4ad8a3a007a6abec47b		2026-07-21 09:05:55.638685	KhRG
93f7ae1456fee4ad8a3a007a6abec47b		2026-07-21 09:06:33.537898	KhRG
93f7ae1456fee4ad8a3a007a6abec47b		2026-07-21 09:09:25.942841	KhRG
93f7ae1456fee4ad8a3a007a6abec47b		2026-07-21 09:10:21.331440	KhRG
93f7ae1456fee4ad8a3a007a6abec47b		2026-07-21 09:16:54.996365	KhRG
93f7ae1456fee4ad8a3a007a6abec47b		2026-07-21 09:18:47.517704	KhRG
93f7ae1456fee4ad8a3a007a6abec47b		2026-07-21 09:19:23.834575	KhRG
93f7ae1456fee4ad8a3a007a6abec47b		2026-07-21 09:19:48.549126	KhRG
93f7ae1456fee4ad8a3a007a6abec47b		2026-07-21 09:20:42.140191	KhRG
93f7ae1456fee4ad8a3a007a6abec47b		2026-07-21 09:20:53.663081	KhRG
560c78966a41ab21cb920b389b6d15e2		2026-07-21 09:23:41.703082	KhRG
560c78966a41ab21cb920b389b6d15e2		2026-07-21 09:23:53.913860	KhRG
93f7ae1456fee4ad8a3a007a6abec47b		2026-07-21 09:36:56.379847	KhRG
93f7ae1456fee4ad8a3a007a6abec47b		2026-07-21 09:39:51.762563	KhRG
93f7ae1456fee4ad8a3a007a6abec47b		2026-07-21 09:41:47.443145	KhRG
93f7ae1456fee4ad8a3a007a6abec47b		2026-07-21 09:46:48.657216	KhRG
93f7ae1456fee4ad8a3a007a6abec47b		2026-07-21 09:50:10.169718	KhRG
93f7ae1456fee4ad8a3a007a6abec47b		2026-07-21 09:50:42.952237	KhRG
2842bb062ad26a1fcb06eca4d5056731		2026-07-21 12:52:50.347816	KhRG
93f7ae1456fee4ad8a3a007a6abec47b		2026-07-21 09:51:03.452279	KhRG
93f7ae1456fee4ad8a3a007a6abec47b		2026-07-21 09:52:02.972566	KhRG
93f7ae1456fee4ad8a3a007a6abec47b		2026-07-21 10:28:52.044165	KhRG
93f7ae1456fee4ad8a3a007a6abec47b		2026-07-21 10:29:16.171179	KhRG
93f7ae1456fee4ad8a3a007a6abec47b		2026-07-21 10:31:49.528329	KhRG
93f7ae1456fee4ad8a3a007a6abec47b		2026-07-21 10:33:51.216942	KhRG
93f7ae1456fee4ad8a3a007a6abec47b		2026-07-21 10:34:46.290274	KhRG
93f7ae1456fee4ad8a3a007a6abec47b		2026-07-21 10:35:07.723977	KhRG
93f7ae1456fee4ad8a3a007a6abec47b		2026-07-21 10:35:37.054811	KhRG
93f7ae1456fee4ad8a3a007a6abec47b		2026-07-21 10:37:05.482844	KhRG
93f7ae1456fee4ad8a3a007a6abec47b		2026-07-21 10:40:10.882022	KhRG
b137f3864e4986f57708ce134e573dae		2026-07-21 10:40:39.085943	KhRG
93f7ae1456fee4ad8a3a007a6abec47b		2026-07-21 10:40:49.955584	KhRG
3e2ad549b15d324e273b81aef2baabe9		2026-07-21 10:46:10.638291	KhRG
3e2ad549b15d324e273b81aef2baabe9		2026-07-21 10:51:02.603552	KhRG
3e2ad549b15d324e273b81aef2baabe9		2026-07-21 10:51:11.102674	KhRG
2842bb062ad26a1fcb06eca4d5056731		2026-07-21 12:27:18.867991	KhRG
2842bb062ad26a1fcb06eca4d5056731		2026-07-21 12:28:16.127626	KhRG
2842bb062ad26a1fcb06eca4d5056731		2026-07-21 12:30:19.387084	KhRG
2842bb062ad26a1fcb06eca4d5056731		2026-07-21 12:30:55.947702	KhRG
2842bb062ad26a1fcb06eca4d5056731		2026-07-21 12:31:12.529509	KhRG
2842bb062ad26a1fcb06eca4d5056731		2026-07-21 12:31:32.560295	KhRG
2842bb062ad26a1fcb06eca4d5056731		2026-07-21 12:53:21.728325	KhRG
93f7ae1456fee4ad8a3a007a6abec47b		2026-07-21 12:34:23.504173	KhRG
2842bb062ad26a1fcb06eca4d5056731		2026-07-21 12:35:05.802497	KhRG
2842bb062ad26a1fcb06eca4d5056731		2026-07-21 12:35:38.439792	KhRG
93f7ae1456fee4ad8a3a007a6abec47b		2026-07-21 12:35:48.008165	KhRG
2842bb062ad26a1fcb06eca4d5056731		2026-07-21 12:36:03.135729	KhRG
2842bb062ad26a1fcb06eca4d5056731		2026-07-21 12:36:16.719820	KhRG
2842bb062ad26a1fcb06eca4d5056731		2026-07-21 12:36:30.431568	KhRG
2842bb062ad26a1fcb06eca4d5056731		2026-07-21 12:37:24.941007	KhRG
93f7ae1456fee4ad8a3a007a6abec47b		2026-07-21 12:37:29.746447	KhRG
93f7ae1456fee4ad8a3a007a6abec47b		2026-07-21 12:37:42.725648	KhRG
2842bb062ad26a1fcb06eca4d5056731		2026-07-21 12:38:07.801624	KhRG
2842bb062ad26a1fcb06eca4d5056731		2026-07-21 12:38:38.728652	KhRG
2842bb062ad26a1fcb06eca4d5056731		2026-07-21 12:39:00.055782	KhRG
2842bb062ad26a1fcb06eca4d5056731		2026-07-21 12:39:34.533829	KhRG
2842bb062ad26a1fcb06eca4d5056731		2026-07-21 12:40:24.292613	KhRG
2842bb062ad26a1fcb06eca4d5056731		2026-07-21 12:40:58.748234	KhRG
2842bb062ad26a1fcb06eca4d5056731		2026-07-21 12:42:33.237765	KhRG
2842bb062ad26a1fcb06eca4d5056731		2026-07-21 12:42:47.407456	KhRG
2842bb062ad26a1fcb06eca4d5056731		2026-07-21 12:43:09.067641	KhRG
2842bb062ad26a1fcb06eca4d5056731		2026-07-21 12:43:27.071907	KhRG
2842bb062ad26a1fcb06eca4d5056731		2026-07-21 12:44:24.281194	KhRG
2842bb062ad26a1fcb06eca4d5056731		2026-07-21 12:45:05.054231	KhRG
2842bb062ad26a1fcb06eca4d5056731		2026-07-21 12:45:35.380630	KhRG
2842bb062ad26a1fcb06eca4d5056731		2026-07-21 12:45:59.698278	KhRG
2842bb062ad26a1fcb06eca4d5056731		2026-07-21 12:46:17.496666	KhRG
2842bb062ad26a1fcb06eca4d5056731		2026-07-21 12:46:52.925418	KhRG
2842bb062ad26a1fcb06eca4d5056731		2026-07-21 12:47:44.704408	KhRG
2842bb062ad26a1fcb06eca4d5056731		2026-07-21 12:48:09.121769	KhRG
2842bb062ad26a1fcb06eca4d5056731		2026-07-21 12:48:28.827494	KhRG
2842bb062ad26a1fcb06eca4d5056731		2026-07-21 12:48:49.518646	KhRG
2842bb062ad26a1fcb06eca4d5056731		2026-07-21 12:49:05.798825	KhRG
2842bb062ad26a1fcb06eca4d5056731		2026-07-21 12:50:20.280950	KhRG
2842bb062ad26a1fcb06eca4d5056731		2026-07-21 12:51:34.070359	KhRG
2842bb062ad26a1fcb06eca4d5056731		2026-07-21 12:52:20.970714	KhRG
2842bb062ad26a1fcb06eca4d5056731		2026-07-21 12:53:44.925038	KhRG
2842bb062ad26a1fcb06eca4d5056731		2026-07-21 12:54:10.490675	KhRG
2842bb062ad26a1fcb06eca4d5056731		2026-07-21 12:55:00.070330	KhRG
2842bb062ad26a1fcb06eca4d5056731		2026-07-21 12:55:21.293984	KhRG
2842bb062ad26a1fcb06eca4d5056731		2026-07-21 12:55:57.213755	KhRG
2842bb062ad26a1fcb06eca4d5056731		2026-07-21 12:56:35.605670	KhRG
2842bb062ad26a1fcb06eca4d5056731		2026-07-21 12:56:51.158095	KhRG
2842bb062ad26a1fcb06eca4d5056731		2026-07-21 12:57:06.177908	KhRG
2842bb062ad26a1fcb06eca4d5056731		2026-07-21 12:57:50.890570	KhRG
2842bb062ad26a1fcb06eca4d5056731		2026-07-21 12:59:14.590744	KhRG
2842bb062ad26a1fcb06eca4d5056731		2026-07-21 12:59:39.977234	KhRG
2842bb062ad26a1fcb06eca4d5056731		2026-07-21 13:00:05.884824	KhRG
2842bb062ad26a1fcb06eca4d5056731		2026-07-21 13:01:12.524056	KhRG
2842bb062ad26a1fcb06eca4d5056731		2026-07-21 13:04:45.600482	KhRG
2842bb062ad26a1fcb06eca4d5056731		2026-07-21 13:05:06.099193	KhRG
2842bb062ad26a1fcb06eca4d5056731		2026-07-21 13:06:02.143760	KhRG
2842bb062ad26a1fcb06eca4d5056731		2026-07-21 13:07:11.714270	KhRG
b137f3864e4986f57708ce134e573dae		2026-07-21 13:08:03.312513	KhRG
93f7ae1456fee4ad8a3a007a6abec47b		2026-07-21 13:38:03.972968	KhRG
93f7ae1456fee4ad8a3a007a6abec47b		2026-07-21 13:38:33.639272	KhRG
93f7ae1456fee4ad8a3a007a6abec47b		2026-07-21 13:39:05.074817	KhRG
93f7ae1456fee4ad8a3a007a6abec47b		2026-07-21 13:39:10.224483	KhRG
7aa8bb374b52ed1582bb8d998494ce3c		2026-07-21 13:40:08.388867	KhRG
93f7ae1456fee4ad8a3a007a6abec47b		2026-07-21 13:40:24.790153	KhRG
3e2ad549b15d324e273b81aef2baabe9		2026-07-21 13:40:47.473418	KhRG
93f7ae1456fee4ad8a3a007a6abec47b		2026-07-21 13:40:58.853760	KhRG
93f7ae1456fee4ad8a3a007a6abec47b		2026-07-21 13:41:18.695027	KhRG
3e2ad549b15d324e273b81aef2baabe9		2026-07-21 13:41:43.231207	KhRG
3e2ad549b15d324e273b81aef2baabe9		2026-07-21 13:46:47.089440	KhRG
3e2ad549b15d324e273b81aef2baabe9		2026-07-21 13:47:06.934761	KhRG
b137f3864e4986f57708ce134e573dae		2026-07-21 13:47:17.402200	KhRG
93f7ae1456fee4ad8a3a007a6abec47b		2026-07-21 13:48:57.997241	KhRG
93f7ae1456fee4ad8a3a007a6abec47b		2026-07-21 13:49:16.595500	KhRG
93f7ae1456fee4ad8a3a007a6abec47b		2026-07-21 13:49:47.575342	KhRG
93f7ae1456fee4ad8a3a007a6abec47b		2026-07-21 13:50:06.556362	KhRG
93f7ae1456fee4ad8a3a007a6abec47b		2026-07-21 13:51:26.491788	KhRG
93f7ae1456fee4ad8a3a007a6abec47b		2026-07-21 13:51:36.916890	KhRG
93f7ae1456fee4ad8a3a007a6abec47b		2026-07-21 13:52:13.531920	KhRG
93f7ae1456fee4ad8a3a007a6abec47b		2026-07-21 13:52:27.757583	KhRG
93f7ae1456fee4ad8a3a007a6abec47b		2026-07-21 13:53:24.485450	KhRG
3e2ad549b15d324e273b81aef2baabe9		2026-07-21 13:54:38.465004	KhRG
93f7ae1456fee4ad8a3a007a6abec47b		2026-07-21 13:59:33.471310	KhRG
93f7ae1456fee4ad8a3a007a6abec47b		2026-07-21 14:08:03.552400	KhRG
93f7ae1456fee4ad8a3a007a6abec47b		2026-07-21 14:09:00.268624	KhRG
93f7ae1456fee4ad8a3a007a6abec47b		2026-07-21 14:09:36.921808	KhRG
93f7ae1456fee4ad8a3a007a6abec47b		2026-07-21 14:12:22.712357	KhRG
93f7ae1456fee4ad8a3a007a6abec47b		2026-07-21 14:12:49.927129	KhRG
ecd6f4502fd24af1faf1c13b7f6dc2df		2026-07-21 22:06:45.386182	KhRG
93f7ae1456fee4ad8a3a007a6abec47b		2026-07-21 14:13:12.382797	KhRG
93f7ae1456fee4ad8a3a007a6abec47b		2026-07-21 14:14:23.742305	KhRG
93f7ae1456fee4ad8a3a007a6abec47b		2026-07-21 14:15:24.917688	KhRG
93f7ae1456fee4ad8a3a007a6abec47b		2026-07-21 14:16:24.044770	KhRG
93f7ae1456fee4ad8a3a007a6abec47b		2026-07-21 14:26:06.441482	KhRG
93f7ae1456fee4ad8a3a007a6abec47b		2026-07-21 14:27:11.256329	KhRG
c140a78e0fe80e8e27e8870474c5e68c		2026-07-21 14:27:27.649716	KhRG
93f7ae1456fee4ad8a3a007a6abec47b		2026-07-21 14:28:31.763717	KhRG
93f7ae1456fee4ad8a3a007a6abec47b		2026-07-21 14:33:10.786379	KhRG
93f7ae1456fee4ad8a3a007a6abec47b		2026-07-21 14:33:47.692904	KhRG
93f7ae1456fee4ad8a3a007a6abec47b		2026-07-21 14:35:36.632633	KhRG
93f7ae1456fee4ad8a3a007a6abec47b		2026-07-21 14:36:00.961950	KhRG
93f7ae1456fee4ad8a3a007a6abec47b		2026-07-21 14:36:33.796028	KhRG
93f7ae1456fee4ad8a3a007a6abec47b		2026-07-21 14:39:35.449734	KhRG
93f7ae1456fee4ad8a3a007a6abec47b		2026-07-21 14:39:58.060359	KhRG
a688763a3bd436a92a3cd13719539d55		2026-07-21 14:40:40.662292	KhRG
a688763a3bd436a92a3cd13719539d55		2026-07-21 14:41:31.583722	KhRG
93f7ae1456fee4ad8a3a007a6abec47b		2026-07-21 14:45:03.752443	KhRG
93f7ae1456fee4ad8a3a007a6abec47b		2026-07-21 14:46:02.933507	KhRG
61683e89009c326a86014592e5e77abe		2026-07-21 17:31:53.919467	KhRG
61683e89009c326a86014592e5e77abe		2026-07-21 17:32:51.444236	KhRG
61683e89009c326a86014592e5e77abe		2026-07-21 17:33:12.800462	KhRG
61683e89009c326a86014592e5e77abe		2026-07-21 17:33:27.580557	KhRG
61683e89009c326a86014592e5e77abe		2026-07-21 17:36:19.526966	KhRG
61683e89009c326a86014592e5e77abe		2026-07-21 17:37:01.265198	KhRG
61683e89009c326a86014592e5e77abe		2026-07-21 17:42:09.183470	KhRG
61683e89009c326a86014592e5e77abe		2026-07-21 17:42:31.064851	KhRG
61683e89009c326a86014592e5e77abe		2026-07-21 17:42:55.243412	KhRG
61683e89009c326a86014592e5e77abe		2026-07-21 17:43:24.516761	KhRG
61683e89009c326a86014592e5e77abe		2026-07-21 17:43:35.315031	KhRG
61683e89009c326a86014592e5e77abe		2026-07-21 17:44:02.379393	KhRG
61683e89009c326a86014592e5e77abe		2026-07-21 17:46:05.393611	KhRG
61683e89009c326a86014592e5e77abe		2026-07-21 17:48:11.044377	KhRG
61683e89009c326a86014592e5e77abe		2026-07-21 17:51:25.974353	KhRG
61683e89009c326a86014592e5e77abe		2026-07-21 17:53:47.938329	KhRG
61683e89009c326a86014592e5e77abe		2026-07-21 17:59:11.025702	KhRG
61683e89009c326a86014592e5e77abe		2026-07-21 17:59:54.546058	KhRG
61683e89009c326a86014592e5e77abe		2026-07-21 18:00:26.864377	KhRG
a688763a3bd436a92a3cd13719539d55		2026-07-21 18:06:11.132758	KhRG
a688763a3bd436a92a3cd13719539d55		2026-07-21 18:09:22.757426	KhRG
eba3159a19c2311a4eb92a02b91d3eb6		2026-07-21 18:10:02.760869	KhRG
251ac08653a1088e94d7059673cd91dd		2026-07-21 18:16:39.796472	KhRG
d170939555ce65d6f81a73d97ecb780c		2026-07-21 18:19:53.015466	KhRG
d170939555ce65d6f81a73d97ecb780c		2026-07-21 18:20:33.578765	KhRG
d170939555ce65d6f81a73d97ecb780c		2026-07-21 18:21:41.241520	KhRG
d170939555ce65d6f81a73d97ecb780c		2026-07-21 18:21:56.741882	KhRG
d170939555ce65d6f81a73d97ecb780c		2026-07-21 18:23:24.372121	KhRG
eba3159a19c2311a4eb92a02b91d3eb6		2026-07-21 18:29:09.997307	KhRG
d170939555ce65d6f81a73d97ecb780c		2026-07-21 18:31:13.197398	KhRG
d170939555ce65d6f81a73d97ecb780c		2026-07-21 18:32:14.557183	KhRG
d170939555ce65d6f81a73d97ecb780c		2026-07-21 18:32:50.467887	KhRG
d170939555ce65d6f81a73d97ecb780c		2026-07-21 18:36:20.693667	KhRG
d170939555ce65d6f81a73d97ecb780c		2026-07-21 18:37:14.059316	KhRG
d170939555ce65d6f81a73d97ecb780c		2026-07-21 18:37:43.564934	KhRG
d170939555ce65d6f81a73d97ecb780c		2026-07-21 18:38:07.682111	KhRG
d170939555ce65d6f81a73d97ecb780c		2026-07-21 18:39:03.697514	KhRG
d170939555ce65d6f81a73d97ecb780c		2026-07-21 18:40:59.678032	KhRG
d170939555ce65d6f81a73d97ecb780c		2026-07-21 18:41:21.013141	KhRG
d170939555ce65d6f81a73d97ecb780c		2026-07-21 18:41:27.550478	KhRG
d170939555ce65d6f81a73d97ecb780c		2026-07-21 18:41:57.739149	KhRG
d170939555ce65d6f81a73d97ecb780c		2026-07-21 18:42:03.752346	KhRG
d170939555ce65d6f81a73d97ecb780c		2026-07-21 18:43:54.865190	KhRG
d170939555ce65d6f81a73d97ecb780c		2026-07-21 18:44:20.647800	KhRG
d170939555ce65d6f81a73d97ecb780c		2026-07-21 18:45:28.506582	KhRG
d170939555ce65d6f81a73d97ecb780c		2026-07-21 18:49:28.283636	KhRG
d170939555ce65d6f81a73d97ecb780c		2026-07-21 18:50:11.098334	KhRG
d170939555ce65d6f81a73d97ecb780c		2026-07-21 18:50:33.724126	KhRG
d170939555ce65d6f81a73d97ecb780c		2026-07-21 18:52:50.303081	KhRG
d170939555ce65d6f81a73d97ecb780c		2026-07-21 18:53:36.762998	KhRG
d170939555ce65d6f81a73d97ecb780c		2026-07-21 18:53:43.153807	KhRG
eba3159a19c2311a4eb92a02b91d3eb6		2026-07-21 19:23:54.579286	KhRG
eba3159a19c2311a4eb92a02b91d3eb6		2026-07-21 19:28:45.831379	KhRG
eba3159a19c2311a4eb92a02b91d3eb6		2026-07-21 19:31:53.561506	KhRG
ecd6f4502fd24af1faf1c13b7f6dc2df		2026-07-21 21:28:31.815196	KhRG
ecd6f4502fd24af1faf1c13b7f6dc2df		2026-07-21 21:30:21.935881	KhRG
ecd6f4502fd24af1faf1c13b7f6dc2df		2026-07-21 21:31:38.989276	KhRG
ecd6f4502fd24af1faf1c13b7f6dc2df		2026-07-21 21:32:14.237147	KhRG
ecd6f4502fd24af1faf1c13b7f6dc2df		2026-07-21 21:34:49.029156	KhRG
ecd6f4502fd24af1faf1c13b7f6dc2df		2026-07-21 21:39:11.067747	KhRG
ecd6f4502fd24af1faf1c13b7f6dc2df		2026-07-21 21:39:37.144250	KhRG
ecd6f4502fd24af1faf1c13b7f6dc2df		2026-07-21 21:41:03.070799	KhRG
ecd6f4502fd24af1faf1c13b7f6dc2df		2026-07-21 21:42:26.158452	KhRG
ecd6f4502fd24af1faf1c13b7f6dc2df		2026-07-21 21:42:49.264869	KhRG
ecd6f4502fd24af1faf1c13b7f6dc2df		2026-07-21 21:44:49.088271	KhRG
ecd6f4502fd24af1faf1c13b7f6dc2df		2026-07-21 21:46:58.190817	KhRG
ecd6f4502fd24af1faf1c13b7f6dc2df		2026-07-21 21:47:42.032522	KhRG
ecd6f4502fd24af1faf1c13b7f6dc2df		2026-07-21 21:57:11.752861	KhRG
93f7ae1456fee4ad8a3a007a6abec47b		2026-07-22 07:05:58.176792	KhRG
93f7ae1456fee4ad8a3a007a6abec47b		2026-07-22 07:06:16.005087	KhRG
93f7ae1456fee4ad8a3a007a6abec47b		2026-07-22 07:16:44.509575	KhRG
93f7ae1456fee4ad8a3a007a6abec47b		2026-07-22 07:17:39.311862	KhRG
93f7ae1456fee4ad8a3a007a6abec47b		2026-07-22 08:06:06.621236	KhRG
93f7ae1456fee4ad8a3a007a6abec47b		2026-07-22 08:07:50.841599	KhRG
93f7ae1456fee4ad8a3a007a6abec47b		2026-07-22 08:08:16.296242	KhRG
93f7ae1456fee4ad8a3a007a6abec47b		2026-07-22 08:09:01.215086	KhRG
93f7ae1456fee4ad8a3a007a6abec47b		2026-07-22 08:09:36.231700	KhRG
352853dd99c35d82caad413151f2aaae		2026-07-22 09:37:38.702814	KhRG
352853dd99c35d82caad413151f2aaae		2026-07-22 09:40:04.047603	KhRG
0339eb07281c5c9bbe52cab7a9f8ff17		2026-07-22 11:57:11.856332	KhRG
0339eb07281c5c9bbe52cab7a9f8ff17		2026-07-22 12:20:00.773148	KhRG
1e5a3c43bc86d150fb5797ec1d0be274		2026-07-22 12:21:29.939186	KhRG
1e5a3c43bc86d150fb5797ec1d0be274		2026-07-22 12:32:55.883445	KhRG
1e5a3c43bc86d150fb5797ec1d0be274		2026-07-22 12:33:47.229806	KhRG
1e5a3c43bc86d150fb5797ec1d0be274		2026-07-22 12:34:03.332535	KhRG
1e5a3c43bc86d150fb5797ec1d0be274		2026-07-22 12:37:01.475131	KhRG
1e5a3c43bc86d150fb5797ec1d0be274		2026-07-22 12:37:43.197452	KhRG
93f7ae1456fee4ad8a3a007a6abec47b		2026-07-22 13:31:26.267045	KhRG
d170939555ce65d6f81a73d97ecb780c		2026-07-22 13:35:59.794591	KhRG
d170939555ce65d6f81a73d97ecb780c		2026-07-22 13:36:44.260388	KhRG
d170939555ce65d6f81a73d97ecb780c		2026-07-22 13:43:10.799791	KhRG
d170939555ce65d6f81a73d97ecb780c		2026-07-22 13:43:28.284502	KhRG
08483d52ab4c3eab9b1dcee27a793d38		2026-07-24 10:41:54.708500	KhRG
aaf16c0ea249e6b2ed0b476178258e2b		2026-07-22 13:44:36.641738	KhRG
aaf16c0ea249e6b2ed0b476178258e2b		2026-07-22 13:45:04.209963	KhRG
aaf16c0ea249e6b2ed0b476178258e2b		2026-07-22 13:45:41.072709	KhRG
aaf16c0ea249e6b2ed0b476178258e2b		2026-07-22 13:45:57.440641	KhRG
aaf16c0ea249e6b2ed0b476178258e2b		2026-07-22 13:46:52.330702	KhRG
aaf16c0ea249e6b2ed0b476178258e2b		2026-07-22 13:48:20.456524	KhRG
aaf16c0ea249e6b2ed0b476178258e2b		2026-07-22 13:48:40.811209	KhRG
aaf16c0ea249e6b2ed0b476178258e2b		2026-07-22 13:48:55.775572	KhRG
aaf16c0ea249e6b2ed0b476178258e2b		2026-07-22 13:49:33.030010	KhRG
aaf16c0ea249e6b2ed0b476178258e2b		2026-07-22 13:49:45.698707	KhRG
aaf16c0ea249e6b2ed0b476178258e2b		2026-07-22 13:50:19.403498	KhRG
aaf16c0ea249e6b2ed0b476178258e2b		2026-07-22 13:50:35.460719	KhRG
aaf16c0ea249e6b2ed0b476178258e2b		2026-07-22 13:50:57.553603	KhRG
aaf16c0ea249e6b2ed0b476178258e2b		2026-07-22 13:51:35.640330	KhRG
3e2ad549b15d324e273b81aef2baabe9		2026-07-22 14:06:03.547742	KhRG
3e2ad549b15d324e273b81aef2baabe9		2026-07-22 14:06:40.324396	KhRG
3e2ad549b15d324e273b81aef2baabe9		2026-07-22 14:07:36.283511	KhRG
3e2ad549b15d324e273b81aef2baabe9		2026-07-22 14:07:43.282439	KhRG
3e2ad549b15d324e273b81aef2baabe9		2026-07-22 14:11:06.141700	KhRG
3e2ad549b15d324e273b81aef2baabe9		2026-07-22 14:40:03.188778	KhRG
3e2ad549b15d324e273b81aef2baabe9		2026-07-22 14:46:46.913417	KhRG
3e2ad549b15d324e273b81aef2baabe9		2026-07-22 14:48:55.046651	KhRG
3e2ad549b15d324e273b81aef2baabe9		2026-07-22 15:11:29.711875	KhRG
3e2ad549b15d324e273b81aef2baabe9		2026-07-22 15:13:40.719320	KhRG
3e2ad549b15d324e273b81aef2baabe9		2026-07-22 15:16:03.961640	KhRG
3e2ad549b15d324e273b81aef2baabe9		2026-07-22 15:22:13.209610	KhRG
3e2ad549b15d324e273b81aef2baabe9		2026-07-22 15:22:24.988820	KhRG
3e2ad549b15d324e273b81aef2baabe9		2026-07-22 15:23:21.463221	KhRG
3e2ad549b15d324e273b81aef2baabe9		2026-07-22 15:24:10.882919	KhRG
3e2ad549b15d324e273b81aef2baabe9		2026-07-22 15:38:36.326786	KhRG
3e2ad549b15d324e273b81aef2baabe9		2026-07-22 16:01:45.157901	KhRG
3e2ad549b15d324e273b81aef2baabe9		2026-07-22 16:08:45.280930	KhRG
3e2ad549b15d324e273b81aef2baabe9		2026-07-22 16:13:07.178559	KhRG
3e2ad549b15d324e273b81aef2baabe9		2026-07-22 16:16:32.023237	KhRG
d29a75ead356d010b507637311836095		2026-07-22 16:18:59.000835	KhRG
d29a75ead356d010b507637311836095		2026-07-22 16:19:52.863422	KhRG
d29a75ead356d010b507637311836095		2026-07-22 16:20:32.870316	KhRG
08483d52ab4c3eab9b1dcee27a793d38		2026-07-24 10:46:12.123477	KhRG
d29a75ead356d010b507637311836095		2026-07-22 16:20:42.601835	KhRG
d29a75ead356d010b507637311836095		2026-07-22 16:21:43.484541	KhRG
d29a75ead356d010b507637311836095		2026-07-22 16:22:17.017754	KhRG
d29a75ead356d010b507637311836095		2026-07-22 16:22:45.895558	KhRG
3941a631bd501168b030f84a4f889da7		2026-07-22 17:13:30.991677	KhRG
3941a631bd501168b030f84a4f889da7		2026-07-22 17:13:47.356701	KhRG
3941a631bd501168b030f84a4f889da7		2026-07-22 17:14:22.556071	KhRG
3941a631bd501168b030f84a4f889da7		2026-07-22 18:03:14.592761	KhRG
3941a631bd501168b030f84a4f889da7		2026-07-22 18:06:08.170493	KhRG
3941a631bd501168b030f84a4f889da7		2026-07-22 18:09:27.412022	KhRG
3941a631bd501168b030f84a4f889da7		2026-07-22 18:09:49.924409	KhRG
3941a631bd501168b030f84a4f889da7		2026-07-22 18:14:08.833042	KhRG
3941a631bd501168b030f84a4f889da7		2026-07-22 18:17:38.979087	KhRG
3941a631bd501168b030f84a4f889da7		2026-07-22 18:22:18.407823	KhRG
3941a631bd501168b030f84a4f889da7		2026-07-22 18:22:34.202676	KhRG
3e2ad549b15d324e273b81aef2baabe9		2026-07-22 20:15:31.239231	KhRG
093fababbaa1823f3fcf712af30b0183		2026-07-23 09:06:00.872662	KhRG
dd6ac3db440e761acd73d4195a86a0cc		2026-07-23 09:42:18.512334	KhRG
093fababbaa1823f3fcf712af30b0183		2026-07-23 09:51:24.676855	KhRG
08483d52ab4c3eab9b1dcee27a793d38		2026-07-24 10:48:25.082588	KhRG
dd6ac3db440e761acd73d4195a86a0cc		2026-07-23 09:53:49.583870	KhRG
093fababbaa1823f3fcf712af30b0183		2026-07-23 09:54:21.750091	KhRG
dd6ac3db440e761acd73d4195a86a0cc		2026-07-23 09:54:46.539727	KhRG
dd6ac3db440e761acd73d4195a86a0cc		2026-07-23 09:55:06.197373	KhRG
dd6ac3db440e761acd73d4195a86a0cc		2026-07-23 09:55:29.775189	KhRG
093fababbaa1823f3fcf712af30b0183		2026-07-23 09:56:20.910541	KhRG
dd6ac3db440e761acd73d4195a86a0cc		2026-07-23 09:57:56.577331	KhRG
dd6ac3db440e761acd73d4195a86a0cc		2026-07-23 09:58:07.595078	KhRG
093fababbaa1823f3fcf712af30b0183		2026-07-23 10:17:23.785093	KhRG
093fababbaa1823f3fcf712af30b0183		2026-07-23 10:35:08.110477	KhRG
dd6ac3db440e761acd73d4195a86a0cc		2026-07-23 10:48:58.231605	KhRG
dd6ac3db440e761acd73d4195a86a0cc		2026-07-23 10:52:24.197475	KhRG
dd6ac3db440e761acd73d4195a86a0cc		2026-07-23 10:57:15.554362	KhRG
dd6ac3db440e761acd73d4195a86a0cc		2026-07-23 10:58:57.876821	KhRG
dd6ac3db440e761acd73d4195a86a0cc		2026-07-23 11:03:48.567284	KhRG
dd6ac3db440e761acd73d4195a86a0cc		2026-07-23 11:05:51.297486	KhRG
dd6ac3db440e761acd73d4195a86a0cc		2026-07-23 11:09:53.595879	KhRG
dd6ac3db440e761acd73d4195a86a0cc		2026-07-23 11:13:23.606589	KhRG
dd6ac3db440e761acd73d4195a86a0cc		2026-07-23 11:18:25.396155	KhRG
dd6ac3db440e761acd73d4195a86a0cc		2026-07-23 11:19:17.009084	KhRG
dd6ac3db440e761acd73d4195a86a0cc		2026-07-23 11:19:27.236042	KhRG
dd6ac3db440e761acd73d4195a86a0cc		2026-07-23 11:19:50.684817	KhRG
dd6ac3db440e761acd73d4195a86a0cc		2026-07-23 11:28:17.646975	KhRG
dd6ac3db440e761acd73d4195a86a0cc		2026-07-23 11:39:22.582461	KhRG
dd6ac3db440e761acd73d4195a86a0cc		2026-07-23 11:41:05.620387	KhRG
dd6ac3db440e761acd73d4195a86a0cc		2026-07-23 11:42:58.448845	KhRG
dd6ac3db440e761acd73d4195a86a0cc		2026-07-23 11:44:00.716104	KhRG
dd6ac3db440e761acd73d4195a86a0cc		2026-07-23 13:08:22.898873	KhRG
dd6ac3db440e761acd73d4195a86a0cc		2026-07-23 13:11:17.803276	KhRG
dd6ac3db440e761acd73d4195a86a0cc		2026-07-23 13:12:11.099364	KhRG
dd6ac3db440e761acd73d4195a86a0cc		2026-07-23 13:12:53.382052	KhRG
dd6ac3db440e761acd73d4195a86a0cc		2026-07-23 13:14:20.829834	KhRG
dd6ac3db440e761acd73d4195a86a0cc		2026-07-23 13:14:38.612779	KhRG
dd6ac3db440e761acd73d4195a86a0cc		2026-07-23 13:16:56.623271	KhRG
dd6ac3db440e761acd73d4195a86a0cc		2026-07-23 13:18:39.990818	KhRG
dd6ac3db440e761acd73d4195a86a0cc		2026-07-23 13:33:49.342873	KhRG
dd6ac3db440e761acd73d4195a86a0cc		2026-07-23 13:34:42.165469	KhRG
dd6ac3db440e761acd73d4195a86a0cc		2026-07-23 13:35:16.303997	KhRG
dd6ac3db440e761acd73d4195a86a0cc		2026-07-23 13:35:40.076940	KhRG
dd6ac3db440e761acd73d4195a86a0cc		2026-07-23 13:36:18.024863	KhRG
dd6ac3db440e761acd73d4195a86a0cc		2026-07-23 13:37:32.351128	KhRG
dd6ac3db440e761acd73d4195a86a0cc		2026-07-23 13:38:01.276697	KhRG
3941a631bd501168b030f84a4f889da7		2026-07-23 14:00:56.231728	KhRG
fb93144fd3ee11cc144b800105cda197		2026-07-23 14:00:59.820970	KhRG
dd6ac3db440e761acd73d4195a86a0cc		2026-07-23 14:11:24.927521	KhRG
dd6ac3db440e761acd73d4195a86a0cc		2026-07-23 14:12:15.036831	KhRG
dd6ac3db440e761acd73d4195a86a0cc		2026-07-23 14:12:25.199492	KhRG
dd6ac3db440e761acd73d4195a86a0cc		2026-07-23 14:12:31.292903	KhRG
dd6ac3db440e761acd73d4195a86a0cc		2026-07-23 14:15:33.819303	KhRG
dd6ac3db440e761acd73d4195a86a0cc		2026-07-23 14:17:04.599465	KhRG
dd6ac3db440e761acd73d4195a86a0cc		2026-07-23 14:17:25.542229	KhRG
3941a631bd501168b030f84a4f889da7		2026-07-23 14:20:16.492480	KhRG
dd6ac3db440e761acd73d4195a86a0cc		2026-07-23 14:20:41.302933	KhRG
dd6ac3db440e761acd73d4195a86a0cc		2026-07-23 14:20:55.437506	KhRG
3941a631bd501168b030f84a4f889da7		2026-07-23 14:21:14.340054	KhRG
3941a631bd501168b030f84a4f889da7		2026-07-23 14:34:57.414217	KhRG
3941a631bd501168b030f84a4f889da7		2026-07-23 14:35:11.190716	KhRG
3941a631bd501168b030f84a4f889da7		2026-07-23 14:35:44.907624	KhRG
3941a631bd501168b030f84a4f889da7		2026-07-23 14:36:03.592791	KhRG
08483d52ab4c3eab9b1dcee27a793d38		2026-07-23 14:49:20.711679	KhRG
08483d52ab4c3eab9b1dcee27a793d38		2026-07-23 14:49:42.059318	KhRG
3941a631bd501168b030f84a4f889da7		2026-07-23 14:53:26.399102	KhRG
3941a631bd501168b030f84a4f889da7		2026-07-23 14:57:41.143040	KhRG
3941a631bd501168b030f84a4f889da7		2026-07-23 15:07:57.859393	KhRG
9f1a7700fe55c10d1e2a9af2474efad4		2026-07-23 15:12:32.547581	KhRG
3941a631bd501168b030f84a4f889da7		2026-07-23 15:38:07.753195	KhRG
3941a631bd501168b030f84a4f889da7		2026-07-23 15:38:26.919487	KhRG
3e2ad549b15d324e273b81aef2baabe9		2026-07-23 15:54:50.892129	KhRG
3e2ad549b15d324e273b81aef2baabe9		2026-07-23 15:55:47.692430	KhRG
3e2ad549b15d324e273b81aef2baabe9		2026-07-23 15:59:07.522074	KhRG
dd6ac3db440e761acd73d4195a86a0cc		2026-07-23 15:59:16.377593	KhRG
dd6ac3db440e761acd73d4195a86a0cc		2026-07-23 16:00:10.614315	KhRG
3e2ad549b15d324e273b81aef2baabe9		2026-07-23 16:07:37.262971	KhRG
3e2ad549b15d324e273b81aef2baabe9		2026-07-23 16:07:49.377584	KhRG
3e2ad549b15d324e273b81aef2baabe9		2026-07-23 16:08:52.713705	KhRG
3e2ad549b15d324e273b81aef2baabe9		2026-07-23 16:11:23.232335	KhRG
dd6ac3db440e761acd73d4195a86a0cc		2026-07-23 16:15:46.726350	KhRG
3e2ad549b15d324e273b81aef2baabe9		2026-07-23 16:16:02.231301	KhRG
dd6ac3db440e761acd73d4195a86a0cc		2026-07-23 16:17:52.368014	KhRG
dd6ac3db440e761acd73d4195a86a0cc		2026-07-23 16:18:11.294001	KhRG
3e2ad549b15d324e273b81aef2baabe9		2026-07-23 16:18:48.137347	KhRG
3e2ad549b15d324e273b81aef2baabe9		2026-07-23 16:19:51.074562	KhRG
3e2ad549b15d324e273b81aef2baabe9		2026-07-23 16:23:00.377206	KhRG
3e2ad549b15d324e273b81aef2baabe9		2026-07-23 16:25:41.965222	KhRG
3e2ad549b15d324e273b81aef2baabe9		2026-07-23 16:25:52.451742	KhRG
3e2ad549b15d324e273b81aef2baabe9		2026-07-23 16:35:48.891532	KhRG
3e2ad549b15d324e273b81aef2baabe9		2026-07-23 16:35:58.845346	KhRG
3e2ad549b15d324e273b81aef2baabe9		2026-07-23 16:36:32.048489	KhRG
dd6ac3db440e761acd73d4195a86a0cc		2026-07-23 17:08:48.263652	KhRG
dd6ac3db440e761acd73d4195a86a0cc		2026-07-23 17:09:02.763189	KhRG
08483d52ab4c3eab9b1dcee27a793d38		2026-07-23 17:36:39.176566	KhRG
be93eb28eab9df6fec7cf94b8d65fc9a		2026-07-23 17:43:23.724249	KhRG
61683e89009c326a86014592e5e77abe		2026-07-23 17:46:32.148676	KhRG
be93eb28eab9df6fec7cf94b8d65fc9a		2026-07-23 17:46:44.481864	KhRG
08483d52ab4c3eab9b1dcee27a793d38		2026-07-23 17:47:01.455342	KhRG
61683e89009c326a86014592e5e77abe		2026-07-23 17:48:23.130241	KhRG
61683e89009c326a86014592e5e77abe		2026-07-23 17:55:46.255233	KhRG
08483d52ab4c3eab9b1dcee27a793d38		2026-07-23 17:57:20.576611	KhRG
08483d52ab4c3eab9b1dcee27a793d38		2026-07-24 10:50:44.669602	KhRG
61683e89009c326a86014592e5e77abe		2026-07-23 17:58:36.680091	KhRG
61683e89009c326a86014592e5e77abe		2026-07-23 18:00:50.655524	KhRG
61683e89009c326a86014592e5e77abe		2026-07-23 18:01:07.295480	KhRG
61683e89009c326a86014592e5e77abe		2026-07-23 18:04:31.414663	KhRG
08483d52ab4c3eab9b1dcee27a793d38		2026-07-23 18:05:06.936909	KhRG
61683e89009c326a86014592e5e77abe		2026-07-23 18:05:35.597132	KhRG
08483d52ab4c3eab9b1dcee27a793d38		2026-07-23 18:05:43.231183	KhRG
61683e89009c326a86014592e5e77abe		2026-07-23 18:10:47.821639	KhRG
c1e0020456c08c72725431695a219a90		2026-07-23 19:17:41.950291	KhRG
c9895b3fe09e9a502fac63167692de70		2026-07-23 19:25:34.108641	KhRG
dd6ac3db440e761acd73d4195a86a0cc		2026-07-23 19:55:10.642330	KhRG
dd6ac3db440e761acd73d4195a86a0cc		2026-07-23 20:05:00.982969	KhRG
dd6ac3db440e761acd73d4195a86a0cc		2026-07-23 20:06:49.927353	KhRG
dd6ac3db440e761acd73d4195a86a0cc		2026-07-23 20:18:35.041301	KhRG
63b72a2cbc1ceb7d485e95c6ee255151		2026-07-24 06:22:06.979945	KhRG
63b72a2cbc1ceb7d485e95c6ee255151		2026-07-24 06:22:30.874066	KhRG
63b72a2cbc1ceb7d485e95c6ee255151		2026-07-24 06:41:35.670431	KhRG
63b72a2cbc1ceb7d485e95c6ee255151		2026-07-24 06:42:05.742897	KhRG
9181a8bffb89cf19736b42bd60691fff		2026-07-24 06:55:12.230160	KhRG
dd6ac3db440e761acd73d4195a86a0cc		2026-07-24 07:40:30.181035	KhRG
dd6ac3db440e761acd73d4195a86a0cc		2026-07-24 07:42:20.805728	KhRG
dd6ac3db440e761acd73d4195a86a0cc		2026-07-24 07:45:54.910557	KhRG
11f2236a9783c209517c697f17b34363		2026-07-25 20:26:29.756864	KhRG
dd6ac3db440e761acd73d4195a86a0cc		2026-07-24 07:50:22.899177	KhRG
dd6ac3db440e761acd73d4195a86a0cc		2026-07-24 07:57:33.275968	KhRG
dd6ac3db440e761acd73d4195a86a0cc		2026-07-24 07:58:11.445491	KhRG
dd6ac3db440e761acd73d4195a86a0cc		2026-07-24 07:58:58.996938	KhRG
dd6ac3db440e761acd73d4195a86a0cc		2026-07-24 08:28:39.684731	KhRG
dd6ac3db440e761acd73d4195a86a0cc		2026-07-24 08:34:59.596151	KhRG
dd6ac3db440e761acd73d4195a86a0cc		2026-07-24 09:12:55.690702	KhRG
dd6ac3db440e761acd73d4195a86a0cc		2026-07-24 09:13:13.409889	KhRG
dd6ac3db440e761acd73d4195a86a0cc		2026-07-24 09:15:18.888465	KhRG
dd6ac3db440e761acd73d4195a86a0cc		2026-07-24 09:19:41.210349	KhRG
dd6ac3db440e761acd73d4195a86a0cc		2026-07-24 09:35:16.036193	KhRG
be93eb28eab9df6fec7cf94b8d65fc9a		2026-07-24 09:42:33.267600	KhRG
dd6ac3db440e761acd73d4195a86a0cc		2026-07-24 09:48:05.711743	KhRG
dd6ac3db440e761acd73d4195a86a0cc		2026-07-24 10:06:46.066522	KhRG
dd6ac3db440e761acd73d4195a86a0cc		2026-07-24 10:14:11.832706	KhRG
dd6ac3db440e761acd73d4195a86a0cc		2026-07-24 10:21:25.805030	KhRG
dd6ac3db440e761acd73d4195a86a0cc		2026-07-24 10:22:00.066491	KhRG
dd6ac3db440e761acd73d4195a86a0cc		2026-07-24 10:24:41.469955	KhRG
dd6ac3db440e761acd73d4195a86a0cc		2026-07-24 10:24:54.368630	KhRG
dd6ac3db440e761acd73d4195a86a0cc		2026-07-24 10:25:06.976177	KhRG
dd6ac3db440e761acd73d4195a86a0cc		2026-07-24 10:58:29.060717	KhRG
dd6ac3db440e761acd73d4195a86a0cc		2026-07-24 10:58:43.244007	KhRG
dd6ac3db440e761acd73d4195a86a0cc		2026-07-24 11:00:03.077298	KhRG
dd6ac3db440e761acd73d4195a86a0cc		2026-07-24 11:01:56.109810	KhRG
f2dcd798663db9874e88f189383eb1ee		2026-07-24 11:05:56.172140	KhRG
f2dcd798663db9874e88f189383eb1ee		2026-07-24 11:06:51.497767	KhRG
f2dcd798663db9874e88f189383eb1ee		2026-07-24 11:07:59.944441	KhRG
dd6ac3db440e761acd73d4195a86a0cc		2026-07-24 11:16:11.946584	KhRG
dd6ac3db440e761acd73d4195a86a0cc		2026-07-24 11:17:18.618435	KhRG
be082045417881d6fc31a3c25910e2f5		2026-07-24 11:31:41.823300	KhRG
3e2ad549b15d324e273b81aef2baabe9		2026-07-24 12:22:42.918831	KhRG
3e2ad549b15d324e273b81aef2baabe9		2026-07-24 12:24:00.191475	KhRG
3e2ad549b15d324e273b81aef2baabe9		2026-07-24 12:25:37.359912	KhRG
3e2ad549b15d324e273b81aef2baabe9		2026-07-24 12:25:52.685069	KhRG
efabd73427558c38182f22daacafb18a		2026-07-24 12:26:19.599157	KhRG
3e2ad549b15d324e273b81aef2baabe9		2026-07-24 12:26:25.411055	KhRG
efabd73427558c38182f22daacafb18a		2026-07-24 12:26:39.210565	KhRG
3e2ad549b15d324e273b81aef2baabe9		2026-07-24 12:29:19.551047	KhRG
3e2ad549b15d324e273b81aef2baabe9		2026-07-24 12:29:40.107275	KhRG
efabd73427558c38182f22daacafb18a		2026-07-24 12:29:50.618470	KhRG
3e2ad549b15d324e273b81aef2baabe9		2026-07-24 12:30:14.791686	KhRG
3e2ad549b15d324e273b81aef2baabe9		2026-07-24 12:30:25.210615	KhRG
3e2ad549b15d324e273b81aef2baabe9		2026-07-24 12:31:09.213786	KhRG
3e2ad549b15d324e273b81aef2baabe9		2026-07-24 12:31:26.308265	KhRG
3e2ad549b15d324e273b81aef2baabe9		2026-07-24 12:32:02.094402	KhRG
3e2ad549b15d324e273b81aef2baabe9		2026-07-24 12:35:48.276619	KhRG
efabd73427558c38182f22daacafb18a		2026-07-24 12:37:03.544640	KhRG
efabd73427558c38182f22daacafb18a		2026-07-24 12:37:22.469480	KhRG
efabd73427558c38182f22daacafb18a		2026-07-24 12:37:38.368563	KhRG
efabd73427558c38182f22daacafb18a		2026-07-24 12:37:58.750064	KhRG
3e2ad549b15d324e273b81aef2baabe9		2026-07-24 12:57:01.081953	KhRG
3e2ad549b15d324e273b81aef2baabe9		2026-07-24 12:58:15.360692	KhRG
3e2ad549b15d324e273b81aef2baabe9		2026-07-24 13:09:38.938477	KhRG
3e2ad549b15d324e273b81aef2baabe9		2026-07-24 13:09:49.587616	KhRG
3e2ad549b15d324e273b81aef2baabe9		2026-07-24 13:24:40.540182	KhRG
3e2ad549b15d324e273b81aef2baabe9		2026-07-24 13:27:36.171963	KhRG
3e2ad549b15d324e273b81aef2baabe9		2026-07-24 13:28:59.706987	KhRG
11f2236a9783c209517c697f17b34363		2026-07-25 20:30:43.483973	KhRG
3e2ad549b15d324e273b81aef2baabe9		2026-07-24 13:29:09.629782	KhRG
3e2ad549b15d324e273b81aef2baabe9		2026-07-24 13:32:42.491980	KhRG
3e2ad549b15d324e273b81aef2baabe9		2026-07-24 13:33:18.683169	KhRG
3e2ad549b15d324e273b81aef2baabe9		2026-07-24 13:33:32.190947	KhRG
3e2ad549b15d324e273b81aef2baabe9		2026-07-24 13:33:43.063806	KhRG
3e2ad549b15d324e273b81aef2baabe9		2026-07-24 13:39:49.433158	KhRG
3e2ad549b15d324e273b81aef2baabe9		2026-07-24 13:40:07.842707	KhRG
3e2ad549b15d324e273b81aef2baabe9		2026-07-24 13:42:47.231947	KhRG
3e2ad549b15d324e273b81aef2baabe9		2026-07-24 13:46:26.087230	KhRG
3e2ad549b15d324e273b81aef2baabe9		2026-07-24 13:46:38.272665	KhRG
3e2ad549b15d324e273b81aef2baabe9		2026-07-24 13:49:18.337509	KhRG
3e2ad549b15d324e273b81aef2baabe9		2026-07-24 13:49:27.710801	KhRG
3e2ad549b15d324e273b81aef2baabe9		2026-07-24 13:53:51.768531	KhRG
3e2ad549b15d324e273b81aef2baabe9		2026-07-24 13:54:12.173959	KhRG
3e2ad549b15d324e273b81aef2baabe9		2026-07-24 13:55:51.456004	KhRG
3e2ad549b15d324e273b81aef2baabe9		2026-07-24 13:58:36.890160	KhRG
3e2ad549b15d324e273b81aef2baabe9		2026-07-24 13:58:56.071312	KhRG
3e2ad549b15d324e273b81aef2baabe9		2026-07-24 13:59:31.061584	KhRG
11f2236a9783c209517c697f17b34363		2026-07-25 20:36:22.796312	KhRG
3e2ad549b15d324e273b81aef2baabe9		2026-07-24 14:02:27.230503	KhRG
3941a631bd501168b030f84a4f889da7		2026-07-24 14:14:39.927725	KhRG
3941a631bd501168b030f84a4f889da7		2026-07-24 14:20:21.990068	KhRG
3941a631bd501168b030f84a4f889da7		2026-07-24 14:22:27.268657	KhRG
3941a631bd501168b030f84a4f889da7		2026-07-24 14:29:08.890798	KhRG
3941a631bd501168b030f84a4f889da7		2026-07-24 14:32:02.611330	KhRG
3941a631bd501168b030f84a4f889da7		2026-07-24 14:33:19.867961	KhRG
3941a631bd501168b030f84a4f889da7		2026-07-24 14:35:52.342456	KhRG
3941a631bd501168b030f84a4f889da7		2026-07-24 14:36:03.712686	KhRG
3941a631bd501168b030f84a4f889da7		2026-07-24 14:45:02.737081	KhRG
3941a631bd501168b030f84a4f889da7		2026-07-24 14:45:09.004075	KhRG
3941a631bd501168b030f84a4f889da7		2026-07-24 14:45:19.844814	KhRG
3941a631bd501168b030f84a4f889da7		2026-07-24 14:45:31.747219	KhRG
3941a631bd501168b030f84a4f889da7		2026-07-24 14:47:19.686354	KhRG
3941a631bd501168b030f84a4f889da7		2026-07-24 14:48:11.974247	KhRG
dd6ac3db440e761acd73d4195a86a0cc		2026-07-24 14:48:40.612601	KhRG
dd6ac3db440e761acd73d4195a86a0cc		2026-07-24 14:48:57.101898	KhRG
3941a631bd501168b030f84a4f889da7		2026-07-24 14:49:53.257723	KhRG
3941a631bd501168b030f84a4f889da7		2026-07-24 14:50:25.029833	KhRG
3941a631bd501168b030f84a4f889da7		2026-07-24 14:55:39.424163	KhRG
3941a631bd501168b030f84a4f889da7		2026-07-24 14:55:55.446930	KhRG
3941a631bd501168b030f84a4f889da7		2026-07-24 14:56:19.843829	KhRG
3941a631bd501168b030f84a4f889da7		2026-07-24 14:56:32.332741	KhRG
3941a631bd501168b030f84a4f889da7		2026-07-24 15:01:46.301059	KhRG
3941a631bd501168b030f84a4f889da7		2026-07-24 15:09:15.021799	KhRG
dd6ac3db440e761acd73d4195a86a0cc		2026-07-24 15:12:10.454679	KhRG
3941a631bd501168b030f84a4f889da7		2026-07-24 15:19:46.142647	KhRG
3941a631bd501168b030f84a4f889da7		2026-07-24 15:25:37.679588	KhRG
3941a631bd501168b030f84a4f889da7		2026-07-24 15:25:58.705606	KhRG
dd6ac3db440e761acd73d4195a86a0cc		2026-07-24 15:27:37.057639	KhRG
dd6ac3db440e761acd73d4195a86a0cc		2026-07-24 15:28:24.270953	KhRG
dd6ac3db440e761acd73d4195a86a0cc		2026-07-24 15:28:45.232158	KhRG
dd6ac3db440e761acd73d4195a86a0cc		2026-07-24 15:29:08.143028	KhRG
dd6ac3db440e761acd73d4195a86a0cc		2026-07-24 15:30:33.755858	KhRG
dd6ac3db440e761acd73d4195a86a0cc		2026-07-24 15:31:58.174995	KhRG
dd6ac3db440e761acd73d4195a86a0cc		2026-07-24 15:43:31.882209	KhRG
dd6ac3db440e761acd73d4195a86a0cc		2026-07-24 15:43:46.595142	KhRG
dd6ac3db440e761acd73d4195a86a0cc		2026-07-24 15:57:21.638002	KhRG
dd6ac3db440e761acd73d4195a86a0cc		2026-07-24 16:28:29.913568	KhRG
11f2236a9783c209517c697f17b34363		2026-07-25 20:40:40.258333	KhRG
dd6ac3db440e761acd73d4195a86a0cc		2026-07-24 16:28:55.651067	KhRG
dd6ac3db440e761acd73d4195a86a0cc		2026-07-24 16:29:35.645282	KhRG
dd6ac3db440e761acd73d4195a86a0cc		2026-07-24 16:33:40.935773	KhRG
dd6ac3db440e761acd73d4195a86a0cc		2026-07-24 16:34:04.615575	KhRG
3941a631bd501168b030f84a4f889da7		2026-07-24 16:36:22.311158	KhRG
3941a631bd501168b030f84a4f889da7		2026-07-24 16:36:46.399242	KhRG
3941a631bd501168b030f84a4f889da7		2026-07-24 16:37:57.365348	KhRG
3941a631bd501168b030f84a4f889da7		2026-07-24 16:38:13.402488	KhRG
dd6ac3db440e761acd73d4195a86a0cc		2026-07-24 16:38:17.957003	KhRG
3941a631bd501168b030f84a4f889da7		2026-07-24 16:39:06.672995	KhRG
3941a631bd501168b030f84a4f889da7		2026-07-24 16:40:42.367947	KhRG
3941a631bd501168b030f84a4f889da7		2026-07-24 16:44:34.347829	KhRG
3941a631bd501168b030f84a4f889da7		2026-07-24 16:44:45.926218	KhRG
3941a631bd501168b030f84a4f889da7		2026-07-24 16:45:26.875879	KhRG
dd6ac3db440e761acd73d4195a86a0cc		2026-07-24 16:50:19.949959	KhRG
be93eb28eab9df6fec7cf94b8d65fc9a		2026-07-24 16:54:06.327789	KhRG
dd6ac3db440e761acd73d4195a86a0cc		2026-07-24 16:56:06.301001	KhRG
08483d52ab4c3eab9b1dcee27a793d38		2026-07-24 17:02:20.272405	KhRG
08483d52ab4c3eab9b1dcee27a793d38		2026-07-24 17:02:51.952013	KhRG
be93eb28eab9df6fec7cf94b8d65fc9a		2026-07-24 17:03:50.878428	KhRG
11f2236a9783c209517c697f17b34363		2026-07-25 20:41:22.867944	KhRG
be93eb28eab9df6fec7cf94b8d65fc9a		2026-07-24 17:04:19.468431	KhRG
dd6ac3db440e761acd73d4195a86a0cc		2026-07-24 17:06:39.763243	KhRG
be93eb28eab9df6fec7cf94b8d65fc9a		2026-07-24 17:07:24.770136	KhRG
be93eb28eab9df6fec7cf94b8d65fc9a		2026-07-24 17:09:31.648625	KhRG
dd6ac3db440e761acd73d4195a86a0cc		2026-07-24 17:09:35.394817	KhRG
dd6ac3db440e761acd73d4195a86a0cc		2026-07-24 17:11:55.414801	KhRG
be93eb28eab9df6fec7cf94b8d65fc9a		2026-07-24 17:15:11.563785	KhRG
be93eb28eab9df6fec7cf94b8d65fc9a		2026-07-24 17:16:19.581685	KhRG
be93eb28eab9df6fec7cf94b8d65fc9a		2026-07-24 17:16:38.016193	KhRG
be93eb28eab9df6fec7cf94b8d65fc9a		2026-07-24 17:16:52.067308	KhRG
be93eb28eab9df6fec7cf94b8d65fc9a		2026-07-24 17:17:42.760237	KhRG
be93eb28eab9df6fec7cf94b8d65fc9a		2026-07-24 17:17:56.494267	KhRG
be93eb28eab9df6fec7cf94b8d65fc9a		2026-07-24 17:18:43.692513	KhRG
be93eb28eab9df6fec7cf94b8d65fc9a		2026-07-24 17:19:14.025066	KhRG
be93eb28eab9df6fec7cf94b8d65fc9a		2026-07-24 17:32:18.853653	KhRG
be93eb28eab9df6fec7cf94b8d65fc9a		2026-07-24 17:32:41.978555	KhRG
be93eb28eab9df6fec7cf94b8d65fc9a		2026-07-24 17:37:49.543863	KhRG
dd6ac3db440e761acd73d4195a86a0cc		2026-07-24 17:39:21.574115	KhRG
11f2236a9783c209517c697f17b34363		2026-07-25 20:42:10.277977	KhRG
dd6ac3db440e761acd73d4195a86a0cc		2026-07-24 17:40:05.572336	KhRG
dd6ac3db440e761acd73d4195a86a0cc		2026-07-24 17:42:35.653639	KhRG
dd6ac3db440e761acd73d4195a86a0cc		2026-07-24 17:55:02.458569	KhRG
dd6ac3db440e761acd73d4195a86a0cc		2026-07-24 17:57:08.915525	KhRG
dd6ac3db440e761acd73d4195a86a0cc		2026-07-24 17:57:59.304438	KhRG
dd6ac3db440e761acd73d4195a86a0cc		2026-07-24 17:58:22.281712	KhRG
dd6ac3db440e761acd73d4195a86a0cc		2026-07-24 17:59:29.056464	KhRG
dd6ac3db440e761acd73d4195a86a0cc		2026-07-24 18:02:11.107674	KhRG
dd6ac3db440e761acd73d4195a86a0cc		2026-07-24 18:02:29.874087	KhRG
dd6ac3db440e761acd73d4195a86a0cc		2026-07-24 18:02:52.280289	KhRG
dd6ac3db440e761acd73d4195a86a0cc		2026-07-24 18:09:43.094690	KhRG
dd6ac3db440e761acd73d4195a86a0cc		2026-07-24 18:10:03.563718	KhRG
dd6ac3db440e761acd73d4195a86a0cc		2026-07-24 18:10:51.685353	KhRG
dd6ac3db440e761acd73d4195a86a0cc		2026-07-24 18:11:30.345341	KhRG
be93eb28eab9df6fec7cf94b8d65fc9a		2026-07-24 18:18:57.797336	KhRG
dd6ac3db440e761acd73d4195a86a0cc		2026-07-24 18:46:53.044867	KhRG
dd6ac3db440e761acd73d4195a86a0cc		2026-07-24 18:51:16.966600	KhRG
dd6ac3db440e761acd73d4195a86a0cc		2026-07-24 18:55:53.446280	KhRG
dd6ac3db440e761acd73d4195a86a0cc		2026-07-24 18:58:10.566124	KhRG
dd6ac3db440e761acd73d4195a86a0cc		2026-07-24 19:10:13.147090	KhRG
dd6ac3db440e761acd73d4195a86a0cc		2026-07-24 19:11:01.503805	KhRG
dd6ac3db440e761acd73d4195a86a0cc		2026-07-24 19:16:09.697391	KhRG
dd6ac3db440e761acd73d4195a86a0cc		2026-07-24 19:31:12.265030	KhRG
dd6ac3db440e761acd73d4195a86a0cc		2026-07-24 19:32:39.900559	KhRG
dd6ac3db440e761acd73d4195a86a0cc		2026-07-24 19:32:58.196260	KhRG
dd6ac3db440e761acd73d4195a86a0cc		2026-07-24 19:33:22.234950	KhRG
dd6ac3db440e761acd73d4195a86a0cc		2026-07-24 19:42:53.904337	KhRG
dd6ac3db440e761acd73d4195a86a0cc		2026-07-24 19:43:21.000085	KhRG
dd6ac3db440e761acd73d4195a86a0cc		2026-07-24 19:44:06.467456	KhRG
dd6ac3db440e761acd73d4195a86a0cc		2026-07-24 19:47:10.039424	KhRG
dd6ac3db440e761acd73d4195a86a0cc		2026-07-24 19:47:25.999564	KhRG
dd6ac3db440e761acd73d4195a86a0cc		2026-07-24 19:53:09.619165	KhRG
dd6ac3db440e761acd73d4195a86a0cc		2026-07-24 19:54:30.978461	KhRG
dd6ac3db440e761acd73d4195a86a0cc		2026-07-24 19:57:26.198706	KhRG
dd6ac3db440e761acd73d4195a86a0cc		2026-07-25 08:13:00.517290	KhRG
3e2ad549b15d324e273b81aef2baabe9		2026-07-25 08:20:43.208128	KhRG
dd6ac3db440e761acd73d4195a86a0cc		2026-07-25 08:22:26.415946	KhRG
dd6ac3db440e761acd73d4195a86a0cc		2026-07-25 08:22:47.634128	KhRG
dd6ac3db440e761acd73d4195a86a0cc		2026-07-25 08:23:16.675999	KhRG
dd6ac3db440e761acd73d4195a86a0cc		2026-07-25 08:24:12.862602	KhRG
3e2ad549b15d324e273b81aef2baabe9		2026-07-25 08:24:47.486657	KhRG
dd6ac3db440e761acd73d4195a86a0cc		2026-07-25 08:24:53.094649	KhRG
3e2ad549b15d324e273b81aef2baabe9		2026-07-25 08:31:04.825504	KhRG
dd6ac3db440e761acd73d4195a86a0cc		2026-07-25 08:57:19.938378	KhRG
dd6ac3db440e761acd73d4195a86a0cc		2026-07-25 09:02:00.795192	KhRG
dd6ac3db440e761acd73d4195a86a0cc		2026-07-25 09:13:59.257638	KhRG
dd6ac3db440e761acd73d4195a86a0cc		2026-07-25 09:23:19.142484	KhRG
dd6ac3db440e761acd73d4195a86a0cc		2026-07-25 09:24:10.693933	KhRG
dd6ac3db440e761acd73d4195a86a0cc		2026-07-25 09:24:34.996809	KhRG
dd6ac3db440e761acd73d4195a86a0cc		2026-07-25 09:28:22.110419	KhRG
dd6ac3db440e761acd73d4195a86a0cc		2026-07-25 09:31:00.940203	KhRG
dd6ac3db440e761acd73d4195a86a0cc		2026-07-25 09:31:37.990953	KhRG
dd6ac3db440e761acd73d4195a86a0cc		2026-07-25 09:47:06.252884	KhRG
dd6ac3db440e761acd73d4195a86a0cc		2026-07-25 09:49:47.222230	KhRG
dd6ac3db440e761acd73d4195a86a0cc		2026-07-25 09:50:25.913049	KhRG
dd6ac3db440e761acd73d4195a86a0cc		2026-07-25 09:52:48.016008	KhRG
dd6ac3db440e761acd73d4195a86a0cc		2026-07-25 09:53:06.238254	KhRG
dd6ac3db440e761acd73d4195a86a0cc		2026-07-25 09:53:36.138371	KhRG
dd6ac3db440e761acd73d4195a86a0cc		2026-07-25 09:57:29.811098	KhRG
dd6ac3db440e761acd73d4195a86a0cc		2026-07-25 10:03:56.651594	KhRG
dd6ac3db440e761acd73d4195a86a0cc		2026-07-25 10:04:18.079653	KhRG
dd6ac3db440e761acd73d4195a86a0cc		2026-07-25 10:04:49.720611	KhRG
11f2236a9783c209517c697f17b34363		2026-07-25 20:45:37.351141	KhRG
dd6ac3db440e761acd73d4195a86a0cc		2026-07-25 10:05:43.662570	KhRG
dd6ac3db440e761acd73d4195a86a0cc		2026-07-25 10:06:12.073260	KhRG
dd6ac3db440e761acd73d4195a86a0cc		2026-07-25 10:07:13.403128	KhRG
b06e2f9b2f52aa47a56ebb333ef85eee		2026-07-25 15:05:16.153989	KhRG
b06e2f9b2f52aa47a56ebb333ef85eee		2026-07-25 15:07:18.684438	KhRG
b06e2f9b2f52aa47a56ebb333ef85eee		2026-07-25 15:09:30.282328	KhRG
b06e2f9b2f52aa47a56ebb333ef85eee		2026-07-25 15:10:33.767862	KhRG
b06e2f9b2f52aa47a56ebb333ef85eee		2026-07-25 15:10:55.842476	KhRG
b06e2f9b2f52aa47a56ebb333ef85eee		2026-07-25 15:11:25.111542	KhRG
b06e2f9b2f52aa47a56ebb333ef85eee		2026-07-25 15:12:23.736990	KhRG
b06e2f9b2f52aa47a56ebb333ef85eee		2026-07-25 15:12:51.640260	KhRG
b06e2f9b2f52aa47a56ebb333ef85eee		2026-07-25 15:13:26.453998	KhRG
b06e2f9b2f52aa47a56ebb333ef85eee		2026-07-25 15:15:05.546732	KhRG
b06e2f9b2f52aa47a56ebb333ef85eee		2026-07-25 15:15:45.108242	KhRG
b06e2f9b2f52aa47a56ebb333ef85eee		2026-07-25 15:16:13.650694	KhRG
b06e2f9b2f52aa47a56ebb333ef85eee		2026-07-25 15:18:57.450152	KhRG
b06e2f9b2f52aa47a56ebb333ef85eee		2026-07-25 15:19:09.602752	KhRG
b06e2f9b2f52aa47a56ebb333ef85eee		2026-07-25 15:21:06.703743	KhRG
b06e2f9b2f52aa47a56ebb333ef85eee		2026-07-25 15:21:33.373284	KhRG
b06e2f9b2f52aa47a56ebb333ef85eee		2026-07-25 15:21:43.356249	KhRG
99a607f040762d5b8ff8c7f2712b7a45		2026-07-25 15:45:47.469896	KhRG
99a607f040762d5b8ff8c7f2712b7a45		2026-07-25 15:47:40.356132	KhRG
99a607f040762d5b8ff8c7f2712b7a45		2026-07-25 15:49:08.439548	KhRG
99a607f040762d5b8ff8c7f2712b7a45		2026-07-25 15:54:10.585828	KhRG
99a607f040762d5b8ff8c7f2712b7a45		2026-07-25 16:06:18.223905	KhRG
b06e2f9b2f52aa47a56ebb333ef85eee		2026-07-25 16:16:36.266244	KhRG
b06e2f9b2f52aa47a56ebb333ef85eee		2026-07-25 16:17:36.950514	KhRG
b06e2f9b2f52aa47a56ebb333ef85eee		2026-07-25 16:17:46.241946	KhRG
b06e2f9b2f52aa47a56ebb333ef85eee		2026-07-25 16:21:53.215370	KhRG
b06e2f9b2f52aa47a56ebb333ef85eee		2026-07-25 16:27:54.125716	KhRG
b06e2f9b2f52aa47a56ebb333ef85eee		2026-07-25 16:28:11.904934	KhRG
b06e2f9b2f52aa47a56ebb333ef85eee		2026-07-25 16:28:45.140301	KhRG
b06e2f9b2f52aa47a56ebb333ef85eee		2026-07-25 16:29:12.372437	KhRG
b06e2f9b2f52aa47a56ebb333ef85eee		2026-07-25 16:29:57.755282	KhRG
b06e2f9b2f52aa47a56ebb333ef85eee		2026-07-25 16:30:05.769762	KhRG
b06e2f9b2f52aa47a56ebb333ef85eee		2026-07-25 16:30:31.028132	KhRG
b06e2f9b2f52aa47a56ebb333ef85eee		2026-07-25 16:30:57.345024	KhRG
b06e2f9b2f52aa47a56ebb333ef85eee		2026-07-25 16:31:33.643102	KhRG
b06e2f9b2f52aa47a56ebb333ef85eee		2026-07-25 16:31:47.840734	KhRG
b06e2f9b2f52aa47a56ebb333ef85eee		2026-07-25 16:32:26.620111	KhRG
b06e2f9b2f52aa47a56ebb333ef85eee		2026-07-25 16:43:41.382624	KhRG
b06e2f9b2f52aa47a56ebb333ef85eee		2026-07-25 16:43:55.762929	KhRG
b06e2f9b2f52aa47a56ebb333ef85eee		2026-07-25 16:44:27.013880	KhRG
b06e2f9b2f52aa47a56ebb333ef85eee		2026-07-25 16:44:49.928293	KhRG
b06e2f9b2f52aa47a56ebb333ef85eee		2026-07-25 16:45:53.436764	KhRG
b06e2f9b2f52aa47a56ebb333ef85eee		2026-07-25 16:46:05.022557	KhRG
b06e2f9b2f52aa47a56ebb333ef85eee		2026-07-25 16:48:21.557217	KhRG
b06e2f9b2f52aa47a56ebb333ef85eee		2026-07-25 16:48:46.968890	KhRG
b06e2f9b2f52aa47a56ebb333ef85eee		2026-07-25 16:49:20.316068	KhRG
b06e2f9b2f52aa47a56ebb333ef85eee		2026-07-25 16:49:32.646742	KhRG
b06e2f9b2f52aa47a56ebb333ef85eee		2026-07-25 16:50:18.075843	KhRG
b06e2f9b2f52aa47a56ebb333ef85eee		2026-07-25 17:04:49.945596	KhRG
b06e2f9b2f52aa47a56ebb333ef85eee		2026-07-25 17:05:07.477263	KhRG
b06e2f9b2f52aa47a56ebb333ef85eee		2026-07-25 17:05:35.477245	KhRG
b06e2f9b2f52aa47a56ebb333ef85eee		2026-07-25 17:05:58.842875	KhRG
b06e2f9b2f52aa47a56ebb333ef85eee		2026-07-25 17:06:44.170290	KhRG
b06e2f9b2f52aa47a56ebb333ef85eee		2026-07-25 17:07:29.700449	KhRG
b06e2f9b2f52aa47a56ebb333ef85eee		2026-07-25 17:07:54.421830	KhRG
b06e2f9b2f52aa47a56ebb333ef85eee		2026-07-25 17:09:56.354491	KhRG
b06e2f9b2f52aa47a56ebb333ef85eee		2026-07-25 17:11:15.380054	KhRG
b06e2f9b2f52aa47a56ebb333ef85eee		2026-07-25 17:11:34.882327	KhRG
b06e2f9b2f52aa47a56ebb333ef85eee		2026-07-25 17:12:45.554685	KhRG
b06e2f9b2f52aa47a56ebb333ef85eee		2026-07-25 17:14:24.049016	KhRG
b06e2f9b2f52aa47a56ebb333ef85eee		2026-07-25 17:14:46.194733	KhRG
b06e2f9b2f52aa47a56ebb333ef85eee		2026-07-25 17:15:26.049417	KhRG
b06e2f9b2f52aa47a56ebb333ef85eee		2026-07-25 17:19:07.034748	KhRG
b06e2f9b2f52aa47a56ebb333ef85eee		2026-07-25 17:28:10.242058	KhRG
3e2ad549b15d324e273b81aef2baabe9		2026-07-25 17:36:45.189617	KhRG
3e2ad549b15d324e273b81aef2baabe9		2026-07-25 17:37:10.663715	KhRG
3e2ad549b15d324e273b81aef2baabe9		2026-07-25 17:37:51.585207	KhRG
3e2ad549b15d324e273b81aef2baabe9		2026-07-25 17:38:37.081867	KhRG
3e2ad549b15d324e273b81aef2baabe9		2026-07-25 17:38:50.193916	KhRG
11f2236a9783c209517c697f17b34363		2026-07-25 17:51:17.962957	KhRG
11f2236a9783c209517c697f17b34363		2026-07-25 17:52:49.430388	KhRG
11f2236a9783c209517c697f17b34363		2026-07-25 17:53:12.218706	KhRG
11f2236a9783c209517c697f17b34363		2026-07-25 17:55:16.809643	KhRG
3e2ad549b15d324e273b81aef2baabe9		2026-07-25 17:56:04.770144	KhRG
11f2236a9783c209517c697f17b34363		2026-07-25 17:56:08.826132	KhRG
3e2ad549b15d324e273b81aef2baabe9		2026-07-25 17:56:15.021394	KhRG
3e2ad549b15d324e273b81aef2baabe9		2026-07-25 17:56:33.654326	KhRG
11f2236a9783c209517c697f17b34363		2026-07-25 17:57:14.618520	KhRG
11f2236a9783c209517c697f17b34363		2026-07-25 17:57:38.046816	KhRG
11f2236a9783c209517c697f17b34363		2026-07-25 17:57:48.678210	KhRG
11f2236a9783c209517c697f17b34363		2026-07-25 17:57:58.031526	KhRG
11f2236a9783c209517c697f17b34363		2026-07-25 17:59:42.228755	KhRG
11f2236a9783c209517c697f17b34363		2026-07-25 17:59:47.369529	KhRG
11f2236a9783c209517c697f17b34363		2026-07-25 17:59:53.982890	KhRG
11f2236a9783c209517c697f17b34363		2026-07-25 18:00:29.229710	KhRG
11f2236a9783c209517c697f17b34363		2026-07-25 18:01:40.276709	KhRG
1fe19d44644ceee3b8eb127945c95618		2026-07-25 18:10:39.676259	KhRG
1fe19d44644ceee3b8eb127945c95618		2026-07-25 18:13:34.781470	KhRG
1fe19d44644ceee3b8eb127945c95618		2026-07-25 18:16:32.259409	KhRG
1fe19d44644ceee3b8eb127945c95618		2026-07-25 18:17:18.360558	KhRG
1fe19d44644ceee3b8eb127945c95618		2026-07-25 18:18:16.405034	KhRG
1fe19d44644ceee3b8eb127945c95618		2026-07-25 18:18:54.498927	KhRG
1fe19d44644ceee3b8eb127945c95618		2026-07-25 18:19:53.714072	KhRG
1fe19d44644ceee3b8eb127945c95618		2026-07-25 18:20:16.026390	KhRG
1fe19d44644ceee3b8eb127945c95618		2026-07-25 18:21:27.194203	KhRG
1fe19d44644ceee3b8eb127945c95618		2026-07-25 18:21:49.299889	KhRG
1fe19d44644ceee3b8eb127945c95618		2026-07-25 18:23:34.257166	KhRG
11f2236a9783c209517c697f17b34363		2026-07-25 18:23:34.997179	KhRG
11f2236a9783c209517c697f17b34363		2026-07-25 18:24:34.510687	KhRG
11f2236a9783c209517c697f17b34363		2026-07-25 18:24:45.054228	KhRG
1fe19d44644ceee3b8eb127945c95618		2026-07-25 18:24:55.450115	KhRG
11f2236a9783c209517c697f17b34363		2026-07-25 18:25:47.315963	KhRG
1fe19d44644ceee3b8eb127945c95618		2026-07-25 18:26:04.778569	KhRG
11f2236a9783c209517c697f17b34363		2026-07-25 18:26:43.429113	KhRG
11f2236a9783c209517c697f17b34363		2026-07-25 18:28:28.850924	KhRG
11f2236a9783c209517c697f17b34363		2026-07-25 18:29:24.803942	KhRG
11f2236a9783c209517c697f17b34363		2026-07-25 18:30:07.829140	KhRG
1fe19d44644ceee3b8eb127945c95618		2026-07-25 18:31:35.950525	KhRG
1fe19d44644ceee3b8eb127945c95618		2026-07-25 18:33:00.410282	KhRG
1fe19d44644ceee3b8eb127945c95618		2026-07-25 18:33:49.605526	KhRG
1fe19d44644ceee3b8eb127945c95618		2026-07-25 18:37:41.038529	KhRG
1fe19d44644ceee3b8eb127945c95618		2026-07-25 18:38:16.710927	KhRG
1fe19d44644ceee3b8eb127945c95618		2026-07-25 18:38:34.596235	KhRG
1fe19d44644ceee3b8eb127945c95618		2026-07-25 18:40:46.195670	KhRG
1fe19d44644ceee3b8eb127945c95618		2026-07-25 18:40:59.489606	KhRG
1fe19d44644ceee3b8eb127945c95618		2026-07-25 18:46:12.188760	KhRG
1fe19d44644ceee3b8eb127945c95618		2026-07-25 18:46:26.991445	KhRG
1fe19d44644ceee3b8eb127945c95618		2026-07-25 18:49:27.962854	KhRG
1fe19d44644ceee3b8eb127945c95618		2026-07-25 18:49:45.799813	KhRG
1fe19d44644ceee3b8eb127945c95618		2026-07-25 18:51:43.530770	KhRG
3e2ad549b15d324e273b81aef2baabe9		2026-07-25 19:35:30.500058	KhRG
11f2236a9783c209517c697f17b34363		2026-07-25 20:45:54.941196	KhRG
3e2ad549b15d324e273b81aef2baabe9		2026-07-25 19:38:15.431498	KhRG
11f2236a9783c209517c697f17b34363		2026-07-25 19:38:30.467253	KhRG
11f2236a9783c209517c697f17b34363		2026-07-25 19:38:47.369664	KhRG
3e2ad549b15d324e273b81aef2baabe9		2026-07-25 19:40:42.773403	KhRG
3e2ad549b15d324e273b81aef2baabe9		2026-07-25 19:42:29.519809	KhRG
11f2236a9783c209517c697f17b34363		2026-07-25 19:46:54.182502	KhRG
11f2236a9783c209517c697f17b34363		2026-07-25 19:49:39.298826	KhRG
11f2236a9783c209517c697f17b34363		2026-07-25 19:50:05.262779	KhRG
11f2236a9783c209517c697f17b34363		2026-07-25 19:51:18.005623	KhRG
11f2236a9783c209517c697f17b34363		2026-07-25 19:52:05.038703	KhRG
11f2236a9783c209517c697f17b34363		2026-07-25 19:52:23.497326	KhRG
11f2236a9783c209517c697f17b34363		2026-07-25 19:52:45.176373	KhRG
11f2236a9783c209517c697f17b34363		2026-07-25 19:52:58.715944	KhRG
11f2236a9783c209517c697f17b34363		2026-07-25 19:53:50.434144	KhRG
11f2236a9783c209517c697f17b34363		2026-07-25 19:56:10.735389	KhRG
11f2236a9783c209517c697f17b34363		2026-07-25 19:56:22.984041	KhRG
11f2236a9783c209517c697f17b34363		2026-07-25 19:56:50.266327	KhRG
11f2236a9783c209517c697f17b34363		2026-07-25 19:57:17.869442	KhRG
11f2236a9783c209517c697f17b34363		2026-07-25 19:57:48.479723	KhRG
11f2236a9783c209517c697f17b34363		2026-07-25 19:58:45.605660	KhRG
11f2236a9783c209517c697f17b34363		2026-07-25 19:59:04.466482	KhRG
11f2236a9783c209517c697f17b34363		2026-07-25 19:59:49.571619	KhRG
11f2236a9783c209517c697f17b34363		2026-07-25 20:00:09.235876	KhRG
11f2236a9783c209517c697f17b34363		2026-07-25 20:00:21.835848	KhRG
3e2ad549b15d324e273b81aef2baabe9		2026-07-25 20:05:44.227006	KhRG
3e2ad549b15d324e273b81aef2baabe9		2026-07-25 20:05:57.008728	KhRG
63b72a2cbc1ceb7d485e95c6ee255151		2026-07-25 20:06:31.738410	KhRG
11f2236a9783c209517c697f17b34363		2026-07-25 20:20:01.916788	KhRG
11f2236a9783c209517c697f17b34363		2026-07-25 20:25:23.589613	KhRG
11f2236a9783c209517c697f17b34363		2026-07-25 20:25:38.293719	KhRG
11f2236a9783c209517c697f17b34363		2026-07-25 20:46:36.208358	KhRG
11f2236a9783c209517c697f17b34363		2026-07-25 20:53:31.255910	KhRG
b137f3864e4986f57708ce134e573dae		2026-07-26 06:02:01.446292	KhRG
b137f3864e4986f57708ce134e573dae		2026-07-26 07:04:25.492916	KhRG
dd6ac3db440e761acd73d4195a86a0cc		2026-07-26 08:18:05.779821	KhRG
dd6ac3db440e761acd73d4195a86a0cc		2026-07-26 08:19:08.334377	KhRG
dd6ac3db440e761acd73d4195a86a0cc		2026-07-26 08:19:45.200782	KhRG
dd6ac3db440e761acd73d4195a86a0cc		2026-07-26 08:20:21.106832	KhRG
dd6ac3db440e761acd73d4195a86a0cc		2026-07-26 08:27:51.280226	KhRG
dd6ac3db440e761acd73d4195a86a0cc		2026-07-26 08:28:23.745047	KhRG
dd6ac3db440e761acd73d4195a86a0cc		2026-07-26 08:33:37.670487	KhRG
dd6ac3db440e761acd73d4195a86a0cc		2026-07-26 08:56:57.580085	KhRG
dd6ac3db440e761acd73d4195a86a0cc		2026-07-26 08:57:45.975340	KhRG
dd6ac3db440e761acd73d4195a86a0cc		2026-07-26 08:58:07.169335	KhRG
dd6ac3db440e761acd73d4195a86a0cc		2026-07-26 08:58:20.172565	KhRG
dd6ac3db440e761acd73d4195a86a0cc		2026-07-26 08:58:56.422969	KhRG
dd6ac3db440e761acd73d4195a86a0cc		2026-07-26 09:00:23.840130	KhRG
dd6ac3db440e761acd73d4195a86a0cc		2026-07-26 09:00:51.896483	KhRG
dd6ac3db440e761acd73d4195a86a0cc		2026-07-26 09:01:09.990327	KhRG
dd6ac3db440e761acd73d4195a86a0cc		2026-07-26 09:03:07.828286	KhRG
dd6ac3db440e761acd73d4195a86a0cc		2026-07-26 09:07:55.193738	KhRG
dd6ac3db440e761acd73d4195a86a0cc		2026-07-26 09:09:11.967547	KhRG
dd6ac3db440e761acd73d4195a86a0cc		2026-07-26 09:09:35.772871	KhRG
dd6ac3db440e761acd73d4195a86a0cc		2026-07-26 09:10:53.621528	KhRG
dd6ac3db440e761acd73d4195a86a0cc		2026-07-26 09:12:55.073781	KhRG
dd6ac3db440e761acd73d4195a86a0cc		2026-07-26 09:20:57.894721	KhRG
dd6ac3db440e761acd73d4195a86a0cc		2026-07-26 09:21:12.461094	KhRG
dd6ac3db440e761acd73d4195a86a0cc		2026-07-26 09:23:26.452956	KhRG
dd6ac3db440e761acd73d4195a86a0cc		2026-07-26 09:23:36.270640	KhRG
dd6ac3db440e761acd73d4195a86a0cc		2026-07-26 09:30:54.662749	KhRG
dd6ac3db440e761acd73d4195a86a0cc		2026-07-26 09:31:55.274091	KhRG
dd6ac3db440e761acd73d4195a86a0cc		2026-07-26 09:33:22.307460	KhRG
dd6ac3db440e761acd73d4195a86a0cc		2026-07-26 09:35:16.293139	KhRG
dd6ac3db440e761acd73d4195a86a0cc		2026-07-26 09:36:36.827834	KhRG
dd6ac3db440e761acd73d4195a86a0cc		2026-07-26 09:37:43.299390	KhRG
dd6ac3db440e761acd73d4195a86a0cc		2026-07-26 09:38:47.023628	KhRG
dd6ac3db440e761acd73d4195a86a0cc		2026-07-26 09:41:12.619011	KhRG
dd6ac3db440e761acd73d4195a86a0cc		2026-07-26 09:42:23.552827	KhRG
dd6ac3db440e761acd73d4195a86a0cc		2026-07-26 09:43:45.014455	KhRG
dd6ac3db440e761acd73d4195a86a0cc		2026-07-26 09:50:35.094778	KhRG
dd6ac3db440e761acd73d4195a86a0cc		2026-07-26 09:51:04.767767	KhRG
dd6ac3db440e761acd73d4195a86a0cc		2026-07-26 09:51:14.418434	KhRG
dd6ac3db440e761acd73d4195a86a0cc		2026-07-26 09:53:29.559349	KhRG
dd6ac3db440e761acd73d4195a86a0cc		2026-07-26 09:54:16.106856	KhRG
dd6ac3db440e761acd73d4195a86a0cc		2026-07-26 10:09:07.542720	KhRG
dd6ac3db440e761acd73d4195a86a0cc		2026-07-26 10:09:24.994875	KhRG
dd6ac3db440e761acd73d4195a86a0cc		2026-07-26 10:10:49.002072	KhRG
dd6ac3db440e761acd73d4195a86a0cc		2026-07-26 10:11:30.846503	KhRG
f2dcd798663db9874e88f189383eb1ee		2026-07-26 12:48:11.418328	KhRG
f2dcd798663db9874e88f189383eb1ee		2026-07-26 12:48:19.803761	KhRG
f2dcd798663db9874e88f189383eb1ee		2026-07-26 12:48:39.826863	KhRG
f2dcd798663db9874e88f189383eb1ee		2026-07-26 12:57:55.946771	KhRG
f2dcd798663db9874e88f189383eb1ee		2026-07-26 12:58:18.132486	KhRG
78f0f705693e69bdf4b178ef23a5a11f		2026-07-26 13:53:32.104226	KhRG
78f0f705693e69bdf4b178ef23a5a11f		2026-07-26 13:53:59.971569	KhRG
78f0f705693e69bdf4b178ef23a5a11f		2026-07-26 13:54:37.630679	KhRG
78f0f705693e69bdf4b178ef23a5a11f		2026-07-26 14:35:38.589828	KhRG
78f0f705693e69bdf4b178ef23a5a11f		2026-07-26 14:38:18.528903	KhRG
61683e89009c326a86014592e5e77abe		2026-07-26 15:04:05.484558	KhRG
99a607f040762d5b8ff8c7f2712b7a45		2026-07-26 16:01:29.150651	KhRG
99a607f040762d5b8ff8c7f2712b7a45		2026-07-26 16:01:49.750192	KhRG
ba6d1a93f80371b95237c0fddc9f2a41		2026-07-26 16:08:27.708992	KhRG
99a607f040762d5b8ff8c7f2712b7a45		2026-07-26 16:17:21.238418	KhRG
ba6d1a93f80371b95237c0fddc9f2a41		2026-07-26 16:20:40.247976	KhRG
ba6d1a93f80371b95237c0fddc9f2a41		2026-07-26 16:25:24.073752	KhRG
ba6d1a93f80371b95237c0fddc9f2a41		2026-07-26 16:32:36.058065	KhRG
ba6d1a93f80371b95237c0fddc9f2a41		2026-07-26 17:44:06.649769	KhRG
5a1831cd4b5dfe1078939f9867011dff		2026-07-26 18:07:11.512530	KhRG
78f0f705693e69bdf4b178ef23a5a11f		2026-07-26 18:11:58.786628	KhRG
08483d52ab4c3eab9b1dcee27a793d38		2026-07-26 19:21:20.632812	KhRG
08483d52ab4c3eab9b1dcee27a793d38		2026-07-26 20:03:45.911859	KhRG
08483d52ab4c3eab9b1dcee27a793d38		2026-07-26 20:03:57.341770	KhRG
3e2ad549b15d324e273b81aef2baabe9		2026-07-26 21:05:17.341638	KhRG
b137f3864e4986f57708ce134e573dae		2026-07-27 11:10:05.071505	KhRG
3e2ad549b15d324e273b81aef2baabe9		2026-07-26 21:07:16.233178	KhRG
3e2ad549b15d324e273b81aef2baabe9		2026-07-26 21:12:09.169585	KhRG
3e2ad549b15d324e273b81aef2baabe9		2026-07-26 21:31:45.115812	KhRG
7fdb9c6ef7ab32962bf255c8ef6228e5		2026-07-27 03:42:58.794001	KhRG
7fdb9c6ef7ab32962bf255c8ef6228e5		2026-07-27 03:53:33.924875	KhRG
7fdb9c6ef7ab32962bf255c8ef6228e5		2026-07-27 04:24:10.523842	KhRG
476beb5b7a64adc2c5be657cd6a67a76		2026-07-27 07:49:29.242925	KhRG
476beb5b7a64adc2c5be657cd6a67a76		2026-07-27 07:53:06.880938	KhRG
476beb5b7a64adc2c5be657cd6a67a76		2026-07-27 08:18:50.262921	KhRG
476beb5b7a64adc2c5be657cd6a67a76		2026-07-27 08:20:41.968675	KhRG
476beb5b7a64adc2c5be657cd6a67a76		2026-07-27 08:20:54.375869	KhRG
6e1dce534392858b6f7f917e7c159ab4		2026-07-27 08:39:54.215650	KhRG
6e1dce534392858b6f7f917e7c159ab4		2026-07-27 08:40:17.495065	KhRG
6e1dce534392858b6f7f917e7c159ab4		2026-07-27 08:41:20.345672	KhRG
6e1dce534392858b6f7f917e7c159ab4		2026-07-27 08:41:40.582267	KhRG
6e1dce534392858b6f7f917e7c159ab4		2026-07-27 08:42:27.979606	KhRG
b137f3864e4986f57708ce134e573dae		2026-07-27 09:19:28.551167	KhRG
08483d52ab4c3eab9b1dcee27a793d38		2026-07-27 09:42:36.068463	KhRG
b137f3864e4986f57708ce134e573dae		2026-07-27 10:31:07.659907	KhRG
b590eb0594d609c63f555247ebfe021e		2026-07-27 11:02:56.727893	KhRG
b590eb0594d609c63f555247ebfe021e		2026-07-27 11:03:22.515583	KhRG
b590eb0594d609c63f555247ebfe021e		2026-07-27 11:04:03.852681	KhRG
b137f3864e4986f57708ce134e573dae		2026-07-27 11:06:52.772427	KhRG
b590eb0594d609c63f555247ebfe021e		2026-07-27 11:09:48.582395	KhRG
93f7ae1456fee4ad8a3a007a6abec47b		2026-07-27 16:05:46.684518	KhRG
b590eb0594d609c63f555247ebfe021e		2026-07-27 11:15:28.563396	KhRG
93f7ae1456fee4ad8a3a007a6abec47b		2026-07-27 11:17:26.273432	KhRG
93f7ae1456fee4ad8a3a007a6abec47b		2026-07-27 11:18:55.399740	KhRG
93f7ae1456fee4ad8a3a007a6abec47b		2026-07-27 11:19:05.259761	KhRG
b590eb0594d609c63f555247ebfe021e		2026-07-27 11:21:04.490267	KhRG
b52d3cba49862118b198cc163c0d682b		2026-07-27 11:21:53.944535	KhRG
b590eb0594d609c63f555247ebfe021e		2026-07-27 11:29:17.918820	KhRG
ec6034d97779f1442a1e5f2a6d4fb867		2026-07-27 11:51:24.437857	KhRG
ec6034d97779f1442a1e5f2a6d4fb867		2026-07-27 11:51:38.375007	KhRG
be93eb28eab9df6fec7cf94b8d65fc9a		2026-07-27 11:55:46.286182	KhRG
be93eb28eab9df6fec7cf94b8d65fc9a		2026-07-27 11:57:41.475343	KhRG
93f7ae1456fee4ad8a3a007a6abec47b		2026-07-27 12:32:01.646666	KhRG
93f7ae1456fee4ad8a3a007a6abec47b		2026-07-27 12:45:04.445424	KhRG
f2dcd798663db9874e88f189383eb1ee		2026-07-27 13:28:11.273602	KhRG
b137f3864e4986f57708ce134e573dae		2026-07-27 13:37:20.582546	KhRG
b137f3864e4986f57708ce134e573dae		2026-07-27 14:16:18.763547	KhRG
f2dcd798663db9874e88f189383eb1ee		2026-07-27 14:23:40.265510	KhRG
f2dcd798663db9874e88f189383eb1ee		2026-07-27 14:32:17.106355	KhRG
93f7ae1456fee4ad8a3a007a6abec47b		2026-07-27 14:46:58.233781	KhRG
93f7ae1456fee4ad8a3a007a6abec47b		2026-07-27 14:47:31.217013	KhRG
93f7ae1456fee4ad8a3a007a6abec47b		2026-07-27 14:47:39.107936	KhRG
93f7ae1456fee4ad8a3a007a6abec47b		2026-07-27 14:47:49.672619	KhRG
93f7ae1456fee4ad8a3a007a6abec47b		2026-07-27 14:49:20.267823	KhRG
93f7ae1456fee4ad8a3a007a6abec47b		2026-07-27 14:53:54.660614	KhRG
93f7ae1456fee4ad8a3a007a6abec47b		2026-07-27 14:54:58.956685	KhRG
93f7ae1456fee4ad8a3a007a6abec47b		2026-07-27 14:55:14.886743	KhRG
93f7ae1456fee4ad8a3a007a6abec47b		2026-07-27 16:01:35.611405	KhRG
93f7ae1456fee4ad8a3a007a6abec47b		2026-07-27 16:03:06.864390	KhRG
93f7ae1456fee4ad8a3a007a6abec47b		2026-07-27 16:24:37.655722	KhRG
93f7ae1456fee4ad8a3a007a6abec47b		2026-07-27 16:24:57.852967	KhRG
93f7ae1456fee4ad8a3a007a6abec47b		2026-07-27 16:25:52.548931	KhRG
93f7ae1456fee4ad8a3a007a6abec47b		2026-07-27 16:26:19.527099	KhRG
93f7ae1456fee4ad8a3a007a6abec47b		2026-07-27 16:29:06.557852	KhRG
93f7ae1456fee4ad8a3a007a6abec47b		2026-07-27 16:29:29.126354	KhRG
93f7ae1456fee4ad8a3a007a6abec47b		2026-07-27 16:29:40.607519	KhRG
6a5509f1e24c15da9daf8d458e3c954b		2026-07-27 19:06:15.748406	KhRG
096f8264607b9d8f6824edaa1017bb2b		2026-07-27 19:16:41.809252	KhRG
096f8264607b9d8f6824edaa1017bb2b		2026-07-27 19:21:19.450496	KhRG
6a5509f1e24c15da9daf8d458e3c954b		2026-07-27 19:21:45.783650	KhRG
6a5509f1e24c15da9daf8d458e3c954b		2026-07-27 19:22:00.313373	KhRG
6a5509f1e24c15da9daf8d458e3c954b		2026-07-27 19:33:17.760777	KhRG
6a5509f1e24c15da9daf8d458e3c954b		2026-07-27 19:33:46.025470	KhRG
6a5509f1e24c15da9daf8d458e3c954b		2026-07-27 19:34:10.219997	KhRG
6a5509f1e24c15da9daf8d458e3c954b		2026-07-27 19:34:20.916794	KhRG
6a5509f1e24c15da9daf8d458e3c954b		2026-07-27 19:35:32.489951	KhRG
6a5509f1e24c15da9daf8d458e3c954b		2026-07-27 19:36:04.583759	KhRG
6a5509f1e24c15da9daf8d458e3c954b		2026-07-27 19:36:42.981851	KhRG
6a5509f1e24c15da9daf8d458e3c954b		2026-07-27 19:37:27.892954	KhRG
6a5509f1e24c15da9daf8d458e3c954b		2026-07-28 06:16:02.685010	KhRG
6a5509f1e24c15da9daf8d458e3c954b		2026-07-28 06:17:05.694516	KhRG
2a9872ff800af467bd641b685ee25df1		2026-07-28 07:20:31.116102	KhRG
b590eb0594d609c63f555247ebfe021e		2026-07-28 07:25:23.490467	KhRG
b590eb0594d609c63f555247ebfe021e		2026-07-28 07:26:35.442345	KhRG
b590eb0594d609c63f555247ebfe021e		2026-07-28 07:26:47.368724	KhRG
b590eb0594d609c63f555247ebfe021e		2026-07-28 07:27:04.210036	KhRG
b590eb0594d609c63f555247ebfe021e		2026-07-28 07:27:58.007892	KhRG
b590eb0594d609c63f555247ebfe021e		2026-07-28 07:34:16.488004	KhRG
b590eb0594d609c63f555247ebfe021e		2026-07-28 07:36:00.922142	KhRG
b590eb0594d609c63f555247ebfe021e		2026-07-28 07:41:03.259245	KhRG
b590eb0594d609c63f555247ebfe021e		2026-07-28 07:47:06.804487	KhRG
93f7ae1456fee4ad8a3a007a6abec47b		2026-07-28 08:22:10.337344	KhRG
93f7ae1456fee4ad8a3a007a6abec47b		2026-07-28 08:22:49.412883	KhRG
93f7ae1456fee4ad8a3a007a6abec47b		2026-07-28 08:23:06.096759	KhRG
93f7ae1456fee4ad8a3a007a6abec47b		2026-07-28 08:23:31.017734	KhRG
93f7ae1456fee4ad8a3a007a6abec47b		2026-07-28 08:26:23.933109	KhRG
93f7ae1456fee4ad8a3a007a6abec47b		2026-07-28 08:26:37.398809	KhRG
93f7ae1456fee4ad8a3a007a6abec47b		2026-07-28 08:26:59.204122	KhRG
b137f3864e4986f57708ce134e573dae		2026-07-28 08:58:07.401164	KhRG
93f7ae1456fee4ad8a3a007a6abec47b		2026-07-28 08:59:56.885143	KhRG
6a5509f1e24c15da9daf8d458e3c954b		2026-07-28 09:03:07.744243	KhRG
6a5509f1e24c15da9daf8d458e3c954b		2026-07-28 09:04:24.689018	KhRG
6a5509f1e24c15da9daf8d458e3c954b		2026-07-28 09:07:44.025633	KhRG
6a5509f1e24c15da9daf8d458e3c954b		2026-07-28 09:07:59.298158	KhRG
1fe19d44644ceee3b8eb127945c95618		2026-07-28 09:09:00.582296	KhRG
1fe19d44644ceee3b8eb127945c95618		2026-07-28 09:09:23.617577	KhRG
1fe19d44644ceee3b8eb127945c95618		2026-07-28 09:10:15.478870	KhRG
1fe19d44644ceee3b8eb127945c95618		2026-07-28 09:10:32.824074	KhRG
6a5509f1e24c15da9daf8d458e3c954b		2026-07-28 09:11:18.891839	KhRG
6a5509f1e24c15da9daf8d458e3c954b		2026-07-28 09:11:57.766862	KhRG
6a5509f1e24c15da9daf8d458e3c954b		2026-07-28 09:28:30.467709	KhRG
6a5509f1e24c15da9daf8d458e3c954b		2026-07-28 09:28:47.974902	KhRG
6a5509f1e24c15da9daf8d458e3c954b		2026-07-28 09:29:05.126156	KhRG
6a5509f1e24c15da9daf8d458e3c954b		2026-07-28 09:29:32.036691	KhRG
6a5509f1e24c15da9daf8d458e3c954b		2026-07-28 09:30:23.358119	KhRG
6a5509f1e24c15da9daf8d458e3c954b		2026-07-28 09:30:56.384393	KhRG
6a5509f1e24c15da9daf8d458e3c954b		2026-07-28 09:31:08.946727	KhRG
6a5509f1e24c15da9daf8d458e3c954b		2026-07-28 09:32:11.704724	KhRG
6a5509f1e24c15da9daf8d458e3c954b		2026-07-28 09:32:32.579568	KhRG
6a5509f1e24c15da9daf8d458e3c954b		2026-07-28 09:33:25.163537	KhRG
b137f3864e4986f57708ce134e573dae		2026-07-28 09:33:25.972473	KhRG
6a5509f1e24c15da9daf8d458e3c954b		2026-07-28 09:33:32.953831	KhRG
6a5509f1e24c15da9daf8d458e3c954b		2026-07-28 09:33:43.829324	KhRG
6a5509f1e24c15da9daf8d458e3c954b		2026-07-28 09:33:56.924227	KhRG
6a5509f1e24c15da9daf8d458e3c954b		2026-07-28 09:34:29.078143	KhRG
6a5509f1e24c15da9daf8d458e3c954b		2026-07-28 09:34:42.332679	KhRG
6a5509f1e24c15da9daf8d458e3c954b		2026-07-28 09:35:09.274312	KhRG
6a5509f1e24c15da9daf8d458e3c954b		2026-07-28 09:35:41.340447	KhRG
6a5509f1e24c15da9daf8d458e3c954b		2026-07-28 09:37:07.292123	KhRG
6a5509f1e24c15da9daf8d458e3c954b		2026-07-28 09:37:31.146445	KhRG
6a5509f1e24c15da9daf8d458e3c954b		2026-07-28 09:38:07.303654	KhRG
6a5509f1e24c15da9daf8d458e3c954b		2026-07-28 09:38:19.342781	KhRG
6a5509f1e24c15da9daf8d458e3c954b		2026-07-28 09:38:42.441334	KhRG
6a5509f1e24c15da9daf8d458e3c954b		2026-07-28 09:39:03.086822	KhRG
6a5509f1e24c15da9daf8d458e3c954b		2026-07-28 09:39:59.543613	KhRG
6a5509f1e24c15da9daf8d458e3c954b		2026-07-28 09:40:54.659670	KhRG
6a5509f1e24c15da9daf8d458e3c954b		2026-07-28 09:42:12.087729	KhRG
6a5509f1e24c15da9daf8d458e3c954b		2026-07-28 09:43:13.778958	KhRG
6a5509f1e24c15da9daf8d458e3c954b		2026-07-28 09:43:53.739164	KhRG
6a5509f1e24c15da9daf8d458e3c954b		2026-07-28 09:44:14.426738	KhRG
6a5509f1e24c15da9daf8d458e3c954b		2026-07-28 09:44:34.406155	KhRG
6a5509f1e24c15da9daf8d458e3c954b		2026-07-28 09:53:37.763682	KhRG
6a5509f1e24c15da9daf8d458e3c954b		2026-07-28 09:53:51.288441	KhRG
6a5509f1e24c15da9daf8d458e3c954b		2026-07-28 09:54:15.281288	KhRG
6a5509f1e24c15da9daf8d458e3c954b		2026-07-28 10:01:24.837014	KhRG
6a5509f1e24c15da9daf8d458e3c954b		2026-07-28 10:01:59.017666	KhRG
b137f3864e4986f57708ce134e573dae		2026-07-28 10:20:43.794876	KhRG
d29a75ead356d010b507637311836095		2026-07-28 10:49:14.757830	KhRG
d29a75ead356d010b507637311836095		2026-07-28 10:49:26.632136	KhRG
d29a75ead356d010b507637311836095		2026-07-28 10:50:30.594949	KhRG
0824a3cf8c4a5ce883221108cf3f8475		2026-07-28 10:55:20.997311	KhRG
d760e227b837dde2be0a9a675a0ca354		2026-07-28 11:57:43.568725	KhRG
d760e227b837dde2be0a9a675a0ca354		2026-07-28 11:58:02.215517	KhRG
da7d224fca0bd3a4107b155279c10783		2026-07-28 12:10:04.906470	KhRG
da7d224fca0bd3a4107b155279c10783		2026-07-28 12:50:11.574909	KhRG
da7d224fca0bd3a4107b155279c10783		2026-07-28 12:54:21.745902	KhRG
da7d224fca0bd3a4107b155279c10783		2026-07-28 12:54:59.259588	KhRG
da7d224fca0bd3a4107b155279c10783		2026-07-28 12:55:11.886738	KhRG
da7d224fca0bd3a4107b155279c10783		2026-07-28 12:56:38.484861	KhRG
da7d224fca0bd3a4107b155279c10783		2026-07-28 12:56:54.574991	KhRG
93f7ae1456fee4ad8a3a007a6abec47b		2026-07-28 13:28:16.593277	KhRG
93f7ae1456fee4ad8a3a007a6abec47b		2026-07-28 13:28:45.905637	KhRG
93f7ae1456fee4ad8a3a007a6abec47b		2026-07-28 13:30:28.653392	KhRG
93f7ae1456fee4ad8a3a007a6abec47b		2026-07-28 13:43:22.945062	KhRG
93f7ae1456fee4ad8a3a007a6abec47b		2026-07-28 13:45:08.326259	KhRG
93f7ae1456fee4ad8a3a007a6abec47b		2026-07-28 13:46:16.434014	KhRG
93f7ae1456fee4ad8a3a007a6abec47b		2026-07-28 13:49:07.589903	KhRG
93f7ae1456fee4ad8a3a007a6abec47b		2026-07-28 13:56:22.180783	KhRG
93f7ae1456fee4ad8a3a007a6abec47b		2026-07-28 13:56:43.602195	KhRG
93f7ae1456fee4ad8a3a007a6abec47b		2026-07-28 14:01:57.223524	KhRG
93f7ae1456fee4ad8a3a007a6abec47b		2026-07-28 14:04:01.225989	KhRG
d760e227b837dde2be0a9a675a0ca354		2026-07-28 14:04:18.305593	KhRG
93f7ae1456fee4ad8a3a007a6abec47b		2026-07-28 14:04:18.559609	KhRG
93f7ae1456fee4ad8a3a007a6abec47b		2026-07-28 14:05:05.726827	KhRG
93f7ae1456fee4ad8a3a007a6abec47b		2026-07-28 14:06:08.532168	KhRG
93f7ae1456fee4ad8a3a007a6abec47b		2026-07-28 14:06:24.451169	KhRG
93f7ae1456fee4ad8a3a007a6abec47b		2026-07-28 14:08:07.575823	KhRG
93f7ae1456fee4ad8a3a007a6abec47b		2026-07-28 14:08:15.945332	KhRG
93f7ae1456fee4ad8a3a007a6abec47b		2026-07-28 14:09:12.221884	KhRG
93f7ae1456fee4ad8a3a007a6abec47b		2026-07-28 14:09:22.272993	KhRG
93f7ae1456fee4ad8a3a007a6abec47b		2026-07-28 14:11:23.671402	KhRG
93f7ae1456fee4ad8a3a007a6abec47b		2026-07-28 14:12:07.192460	KhRG
d760e227b837dde2be0a9a675a0ca354		2026-07-28 14:14:01.962272	KhRG
d760e227b837dde2be0a9a675a0ca354		2026-07-28 14:16:29.176906	KhRG
93f7ae1456fee4ad8a3a007a6abec47b		2026-07-28 14:18:14.378839	KhRG
93f7ae1456fee4ad8a3a007a6abec47b		2026-07-28 14:19:07.136458	KhRG
93f7ae1456fee4ad8a3a007a6abec47b		2026-07-28 14:22:36.827817	KhRG
d760e227b837dde2be0a9a675a0ca354		2026-07-28 14:27:12.658598	KhRG
93f7ae1456fee4ad8a3a007a6abec47b		2026-07-28 14:28:04.494731	KhRG
d760e227b837dde2be0a9a675a0ca354		2026-07-28 14:28:34.070916	KhRG
93f7ae1456fee4ad8a3a007a6abec47b		2026-07-28 14:28:50.692733	KhRG
d760e227b837dde2be0a9a675a0ca354		2026-07-28 14:28:58.795396	KhRG
93f7ae1456fee4ad8a3a007a6abec47b		2026-07-28 14:29:11.694781	KhRG
93f7ae1456fee4ad8a3a007a6abec47b		2026-07-28 14:31:35.481111	KhRG
93f7ae1456fee4ad8a3a007a6abec47b		2026-07-28 14:32:34.822356	KhRG
93f7ae1456fee4ad8a3a007a6abec47b		2026-07-28 14:32:52.210386	KhRG
93f7ae1456fee4ad8a3a007a6abec47b		2026-07-28 14:33:10.704153	KhRG
d760e227b837dde2be0a9a675a0ca354		2026-07-28 14:35:48.554123	KhRG
d760e227b837dde2be0a9a675a0ca354		2026-07-28 14:36:05.275481	KhRG
d760e227b837dde2be0a9a675a0ca354		2026-07-28 14:36:18.219986	KhRG
93f7ae1456fee4ad8a3a007a6abec47b		2026-07-28 14:38:43.275693	KhRG
93f7ae1456fee4ad8a3a007a6abec47b		2026-07-28 14:40:35.240948	KhRG
93f7ae1456fee4ad8a3a007a6abec47b		2026-07-28 14:44:30.777452	KhRG
93f7ae1456fee4ad8a3a007a6abec47b		2026-07-28 14:47:17.202155	KhRG
93f7ae1456fee4ad8a3a007a6abec47b		2026-07-28 14:48:28.755775	KhRG
93f7ae1456fee4ad8a3a007a6abec47b		2026-07-28 14:51:18.527524	KhRG
93f7ae1456fee4ad8a3a007a6abec47b		2026-07-28 15:09:22.309008	KhRG
93f7ae1456fee4ad8a3a007a6abec47b		2026-07-28 15:16:55.763709	KhRG
93f7ae1456fee4ad8a3a007a6abec47b		2026-07-28 15:17:47.371831	KhRG
93f7ae1456fee4ad8a3a007a6abec47b		2026-07-28 15:17:56.896152	KhRG
93f7ae1456fee4ad8a3a007a6abec47b		2026-07-28 15:18:23.326192	KhRG
93f7ae1456fee4ad8a3a007a6abec47b		2026-07-28 15:19:21.732693	KhRG
93f7ae1456fee4ad8a3a007a6abec47b		2026-07-28 15:20:01.185065	KhRG
93f7ae1456fee4ad8a3a007a6abec47b		2026-07-28 15:20:24.594821	KhRG
21972f704aaf89f8ea39c3403305d453		2026-07-28 16:06:47.902359	KhRG
21972f704aaf89f8ea39c3403305d453		2026-07-28 16:15:10.894702	KhRG
fb786eed55b3b77b36950d4ed78cb8c4		2026-07-28 16:19:29.839330	KhRG
fb786eed55b3b77b36950d4ed78cb8c4		2026-07-28 16:23:14.060529	KhRG
fb786eed55b3b77b36950d4ed78cb8c4		2026-07-28 16:23:55.152912	KhRG
fb786eed55b3b77b36950d4ed78cb8c4		2026-07-28 16:24:31.894883	KhRG
fb786eed55b3b77b36950d4ed78cb8c4		2026-07-28 16:26:30.224807	KhRG
fb786eed55b3b77b36950d4ed78cb8c4		2026-07-28 16:28:02.693485	KhRG
fb786eed55b3b77b36950d4ed78cb8c4		2026-07-28 16:28:27.424436	KhRG
fb786eed55b3b77b36950d4ed78cb8c4		2026-07-28 16:31:56.291402	KhRG
fb786eed55b3b77b36950d4ed78cb8c4		2026-07-28 16:32:49.932877	KhRG
fb786eed55b3b77b36950d4ed78cb8c4		2026-07-28 16:34:19.064657	KhRG
d33d5bbc1e01ccd276c5442af3300152		2026-07-28 16:53:50.871148	KhRG
d33d5bbc1e01ccd276c5442af3300152		2026-07-28 17:07:12.295215	KhRG
d33d5bbc1e01ccd276c5442af3300152		2026-07-28 17:09:03.592084	KhRG
d760e227b837dde2be0a9a675a0ca354		2026-07-28 17:13:31.753974	KhRG
d760e227b837dde2be0a9a675a0ca354		2026-07-28 17:15:52.727246	KhRG
d760e227b837dde2be0a9a675a0ca354		2026-07-28 17:17:04.694539	KhRG
d760e227b837dde2be0a9a675a0ca354		2026-07-28 17:17:45.023635	KhRG
d760e227b837dde2be0a9a675a0ca354		2026-07-28 17:30:06.171077	KhRG
93f7ae1456fee4ad8a3a007a6abec47b		2026-07-29 09:51:36.091522	KhRG
c48ada6e208b953956e05d3a719f1dd4		2026-07-28 18:15:26.649428	KhRG
c48ada6e208b953956e05d3a719f1dd4		2026-07-28 18:15:50.032150	KhRG
c48ada6e208b953956e05d3a719f1dd4		2026-07-28 18:17:59.778578	KhRG
c48ada6e208b953956e05d3a719f1dd4		2026-07-28 18:18:35.112240	KhRG
c48ada6e208b953956e05d3a719f1dd4		2026-07-28 18:19:13.178092	KhRG
ecd6f4502fd24af1faf1c13b7f6dc2df		2026-07-28 18:20:32.224289	KhRG
c48ada6e208b953956e05d3a719f1dd4		2026-07-28 18:20:33.229977	KhRG
ecd6f4502fd24af1faf1c13b7f6dc2df		2026-07-28 18:21:12.266652	KhRG
ecd6f4502fd24af1faf1c13b7f6dc2df		2026-07-28 18:21:30.669352	KhRG
c48ada6e208b953956e05d3a719f1dd4		2026-07-28 18:23:26.384827	KhRG
c48ada6e208b953956e05d3a719f1dd4		2026-07-28 18:23:41.329014	KhRG
a9bd853bdaa32dfb002006bfadbd586f		2026-07-28 18:23:49.930246	KhRG
c48ada6e208b953956e05d3a719f1dd4		2026-07-28 18:24:18.608791	KhRG
c48ada6e208b953956e05d3a719f1dd4		2026-07-28 18:24:32.987902	KhRG
c48ada6e208b953956e05d3a719f1dd4		2026-07-28 18:24:58.191916	KhRG
a9bd853bdaa32dfb002006bfadbd586f		2026-07-28 18:25:16.019629	KhRG
a9bd853bdaa32dfb002006bfadbd586f		2026-07-28 18:25:38.780201	KhRG
ecd6f4502fd24af1faf1c13b7f6dc2df		2026-07-28 18:25:49.301489	KhRG
c48ada6e208b953956e05d3a719f1dd4		2026-07-28 18:26:08.027113	KhRG
c48ada6e208b953956e05d3a719f1dd4		2026-07-28 18:26:53.788792	KhRG
a9bd853bdaa32dfb002006bfadbd586f		2026-07-28 18:27:22.197333	KhRG
93f7ae1456fee4ad8a3a007a6abec47b		2026-07-29 09:55:37.770800	KhRG
a9bd853bdaa32dfb002006bfadbd586f		2026-07-28 18:28:27.582061	KhRG
a9bd853bdaa32dfb002006bfadbd586f		2026-07-28 18:29:03.868538	KhRG
c48ada6e208b953956e05d3a719f1dd4		2026-07-28 18:29:09.932798	KhRG
a9bd853bdaa32dfb002006bfadbd586f		2026-07-28 18:31:06.829110	KhRG
c48ada6e208b953956e05d3a719f1dd4		2026-07-28 18:31:40.916126	KhRG
c48ada6e208b953956e05d3a719f1dd4		2026-07-28 18:32:10.559814	KhRG
c48ada6e208b953956e05d3a719f1dd4		2026-07-28 18:33:15.564442	KhRG
c48ada6e208b953956e05d3a719f1dd4		2026-07-28 18:33:35.890040	KhRG
c48ada6e208b953956e05d3a719f1dd4		2026-07-28 18:33:51.850681	KhRG
c48ada6e208b953956e05d3a719f1dd4		2026-07-28 18:34:47.703563	KhRG
a9bd853bdaa32dfb002006bfadbd586f		2026-07-28 18:34:59.408395	KhRG
a9bd853bdaa32dfb002006bfadbd586f		2026-07-28 18:35:35.201214	KhRG
c48ada6e208b953956e05d3a719f1dd4		2026-07-28 18:35:53.671673	KhRG
c48ada6e208b953956e05d3a719f1dd4		2026-07-28 18:36:49.125247	KhRG
c48ada6e208b953956e05d3a719f1dd4		2026-07-28 18:37:03.481602	KhRG
c48ada6e208b953956e05d3a719f1dd4		2026-07-28 18:37:17.717849	KhRG
c48ada6e208b953956e05d3a719f1dd4		2026-07-28 18:37:31.362587	KhRG
c48ada6e208b953956e05d3a719f1dd4		2026-07-28 18:37:44.997861	KhRG
a9bd853bdaa32dfb002006bfadbd586f		2026-07-28 18:38:11.992485	KhRG
2842bb062ad26a1fcb06eca4d5056731		2026-07-29 10:15:50.965401	KhRG
a9bd853bdaa32dfb002006bfadbd586f		2026-07-28 18:40:04.380105	KhRG
c48ada6e208b953956e05d3a719f1dd4		2026-07-28 18:41:10.430005	KhRG
c48ada6e208b953956e05d3a719f1dd4		2026-07-28 18:41:49.244898	KhRG
c48ada6e208b953956e05d3a719f1dd4		2026-07-28 18:42:14.517575	KhRG
c48ada6e208b953956e05d3a719f1dd4		2026-07-28 18:42:39.514614	KhRG
c48ada6e208b953956e05d3a719f1dd4		2026-07-28 18:42:47.783002	KhRG
a9bd853bdaa32dfb002006bfadbd586f		2026-07-28 18:42:56.868721	KhRG
c48ada6e208b953956e05d3a719f1dd4		2026-07-28 18:43:09.201563	KhRG
c48ada6e208b953956e05d3a719f1dd4		2026-07-28 18:44:08.386500	KhRG
c48ada6e208b953956e05d3a719f1dd4		2026-07-28 18:44:55.758929	KhRG
a9bd853bdaa32dfb002006bfadbd586f		2026-07-28 18:45:13.808819	KhRG
a9bd853bdaa32dfb002006bfadbd586f		2026-07-28 18:45:36.030554	KhRG
a9bd853bdaa32dfb002006bfadbd586f		2026-07-28 18:47:20.968729	KhRG
a9bd853bdaa32dfb002006bfadbd586f		2026-07-28 18:50:04.762062	KhRG
a9bd853bdaa32dfb002006bfadbd586f		2026-07-28 18:50:36.061294	KhRG
a9bd853bdaa32dfb002006bfadbd586f		2026-07-28 18:55:06.178749	KhRG
a9bd853bdaa32dfb002006bfadbd586f		2026-07-28 18:55:19.465469	KhRG
a9bd853bdaa32dfb002006bfadbd586f		2026-07-28 18:57:52.124948	KhRG
096f8264607b9d8f6824edaa1017bb2b		2026-07-28 19:00:54.737721	KhRG
a9bd853bdaa32dfb002006bfadbd586f		2026-07-28 19:01:23.799113	KhRG
a9bd853bdaa32dfb002006bfadbd586f		2026-07-28 19:02:08.365014	KhRG
a9bd853bdaa32dfb002006bfadbd586f		2026-07-28 19:12:17.154185	KhRG
a9bd853bdaa32dfb002006bfadbd586f		2026-07-28 19:12:48.935308	KhRG
a9bd853bdaa32dfb002006bfadbd586f		2026-07-28 19:13:09.293164	KhRG
a9bd853bdaa32dfb002006bfadbd586f		2026-07-28 19:26:46.806037	KhRG
096f8264607b9d8f6824edaa1017bb2b		2026-07-28 19:28:07.716662	KhRG
096f8264607b9d8f6824edaa1017bb2b		2026-07-28 19:29:21.179076	KhRG
a9bd853bdaa32dfb002006bfadbd586f		2026-07-28 19:30:45.354587	KhRG
929ee16705b965e861f936b25af75bcb		2026-07-28 19:32:32.620956	KhRG
096f8264607b9d8f6824edaa1017bb2b		2026-07-28 19:33:15.144263	KhRG
096f8264607b9d8f6824edaa1017bb2b		2026-07-28 19:35:45.702450	KhRG
096f8264607b9d8f6824edaa1017bb2b		2026-07-28 19:36:06.042902	KhRG
096f8264607b9d8f6824edaa1017bb2b		2026-07-28 19:37:48.649923	KhRG
a9bd853bdaa32dfb002006bfadbd586f		2026-07-28 19:41:34.401071	KhRG
096f8264607b9d8f6824edaa1017bb2b		2026-07-28 19:42:30.589515	KhRG
096f8264607b9d8f6824edaa1017bb2b		2026-07-28 19:43:13.454930	KhRG
a9bd853bdaa32dfb002006bfadbd586f		2026-07-28 19:44:17.864723	KhRG
a9bd853bdaa32dfb002006bfadbd586f		2026-07-28 19:44:57.418160	KhRG
a9bd853bdaa32dfb002006bfadbd586f		2026-07-28 19:45:08.274190	KhRG
a9bd853bdaa32dfb002006bfadbd586f		2026-07-28 19:45:23.623989	KhRG
a9bd853bdaa32dfb002006bfadbd586f		2026-07-28 19:51:35.838910	KhRG
a9bd853bdaa32dfb002006bfadbd586f		2026-07-28 19:52:18.864413	KhRG
a9bd853bdaa32dfb002006bfadbd586f		2026-07-28 19:52:46.252384	KhRG
2842bb062ad26a1fcb06eca4d5056731		2026-07-29 10:17:19.267707	KhRG
a9bd853bdaa32dfb002006bfadbd586f		2026-07-28 19:57:00.852684	KhRG
a9bd853bdaa32dfb002006bfadbd586f		2026-07-28 19:57:47.162327	KhRG
a9bd853bdaa32dfb002006bfadbd586f		2026-07-28 20:20:39.486546	KhRG
a9bd853bdaa32dfb002006bfadbd586f		2026-07-28 20:21:16.862518	KhRG
a9bd853bdaa32dfb002006bfadbd586f		2026-07-28 20:22:38.801814	KhRG
f63a8b7f5d58d5c27b857c1880f8eb39		2026-07-28 20:22:40.721260	KhRG
f63a8b7f5d58d5c27b857c1880f8eb39		2026-07-28 20:23:29.594857	KhRG
f63a8b7f5d58d5c27b857c1880f8eb39		2026-07-28 20:24:17.524290	KhRG
f63a8b7f5d58d5c27b857c1880f8eb39		2026-07-28 20:24:53.563080	KhRG
f63a8b7f5d58d5c27b857c1880f8eb39		2026-07-28 20:26:23.000799	KhRG
a9bd853bdaa32dfb002006bfadbd586f		2026-07-28 20:29:16.670380	KhRG
a9bd853bdaa32dfb002006bfadbd586f		2026-07-28 20:29:56.428441	KhRG
a9bd853bdaa32dfb002006bfadbd586f		2026-07-28 20:33:50.749268	KhRG
a9bd853bdaa32dfb002006bfadbd586f		2026-07-28 20:37:14.963535	KhRG
a9bd853bdaa32dfb002006bfadbd586f		2026-07-28 20:37:35.084323	KhRG
a9bd853bdaa32dfb002006bfadbd586f		2026-07-28 20:37:47.268606	KhRG
a9bd853bdaa32dfb002006bfadbd586f		2026-07-28 20:39:50.528118	KhRG
a9bd853bdaa32dfb002006bfadbd586f		2026-07-28 20:47:32.048846	KhRG
a9bd853bdaa32dfb002006bfadbd586f		2026-07-28 20:49:42.909743	KhRG
2842bb062ad26a1fcb06eca4d5056731		2026-07-29 10:18:28.298721	KhRG
a9bd853bdaa32dfb002006bfadbd586f		2026-07-28 20:50:19.068273	KhRG
a9bd853bdaa32dfb002006bfadbd586f		2026-07-28 20:51:20.151580	KhRG
a9bd853bdaa32dfb002006bfadbd586f		2026-07-28 20:51:43.333940	KhRG
a9bd853bdaa32dfb002006bfadbd586f		2026-07-28 20:53:13.705660	KhRG
a9bd853bdaa32dfb002006bfadbd586f		2026-07-28 20:57:38.923405	KhRG
a9bd853bdaa32dfb002006bfadbd586f		2026-07-28 21:00:16.069207	KhRG
f63a8b7f5d58d5c27b857c1880f8eb39		2026-07-28 21:02:13.703802	KhRG
a9bd853bdaa32dfb002006bfadbd586f		2026-07-28 21:05:41.094480	KhRG
f63a8b7f5d58d5c27b857c1880f8eb39		2026-07-28 21:05:45.251038	KhRG
f63a8b7f5d58d5c27b857c1880f8eb39		2026-07-28 21:06:38.743423	KhRG
f63a8b7f5d58d5c27b857c1880f8eb39		2026-07-28 21:07:16.032707	KhRG
a9bd853bdaa32dfb002006bfadbd586f		2026-07-28 21:08:15.693933	KhRG
a9bd853bdaa32dfb002006bfadbd586f		2026-07-28 21:09:20.067439	KhRG
f63a8b7f5d58d5c27b857c1880f8eb39		2026-07-28 21:13:11.929910	KhRG
f63a8b7f5d58d5c27b857c1880f8eb39		2026-07-28 21:15:14.935234	KhRG
a9bd853bdaa32dfb002006bfadbd586f		2026-07-28 21:15:20.022931	KhRG
a9bd853bdaa32dfb002006bfadbd586f		2026-07-28 21:15:38.711779	KhRG
a9bd853bdaa32dfb002006bfadbd586f		2026-07-28 21:16:24.773349	KhRG
a9bd853bdaa32dfb002006bfadbd586f		2026-07-28 21:19:01.881453	KhRG
2842bb062ad26a1fcb06eca4d5056731		2026-07-29 10:18:54.212036	KhRG
f63a8b7f5d58d5c27b857c1880f8eb39		2026-07-28 21:19:34.945094	KhRG
a9bd853bdaa32dfb002006bfadbd586f		2026-07-28 21:20:53.818548	KhRG
f63a8b7f5d58d5c27b857c1880f8eb39		2026-07-28 21:22:22.616105	KhRG
a9bd853bdaa32dfb002006bfadbd586f		2026-07-28 21:24:27.970226	KhRG
f63a8b7f5d58d5c27b857c1880f8eb39		2026-07-28 21:24:38.774276	KhRG
f63a8b7f5d58d5c27b857c1880f8eb39		2026-07-28 21:28:31.325563	KhRG
f63a8b7f5d58d5c27b857c1880f8eb39		2026-07-28 21:30:40.310268	KhRG
f63a8b7f5d58d5c27b857c1880f8eb39		2026-07-28 21:32:41.923234	KhRG
a9bd853bdaa32dfb002006bfadbd586f		2026-07-28 22:04:08.364414	KhRG
a9bd853bdaa32dfb002006bfadbd586f		2026-07-28 22:13:58.958323	KhRG
a9bd853bdaa32dfb002006bfadbd586f		2026-07-28 22:14:22.271249	KhRG
a9bd853bdaa32dfb002006bfadbd586f		2026-07-28 22:14:51.528979	KhRG
a9bd853bdaa32dfb002006bfadbd586f		2026-07-28 22:15:34.490241	KhRG
a9bd853bdaa32dfb002006bfadbd586f		2026-07-28 22:19:01.722643	KhRG
a9bd853bdaa32dfb002006bfadbd586f		2026-07-28 22:23:22.683289	KhRG
a9bd853bdaa32dfb002006bfadbd586f		2026-07-28 22:26:14.293956	KhRG
a9bd853bdaa32dfb002006bfadbd586f		2026-07-28 22:26:47.336398	KhRG
a9bd853bdaa32dfb002006bfadbd586f		2026-07-28 22:27:04.113805	KhRG
a9bd853bdaa32dfb002006bfadbd586f		2026-07-28 22:27:18.579571	KhRG
2842bb062ad26a1fcb06eca4d5056731		2026-07-29 10:19:52.966672	KhRG
a9bd853bdaa32dfb002006bfadbd586f		2026-07-28 22:27:26.959512	KhRG
a9bd853bdaa32dfb002006bfadbd586f		2026-07-28 22:35:03.563268	KhRG
a9bd853bdaa32dfb002006bfadbd586f		2026-07-28 22:35:30.592109	KhRG
a9bd853bdaa32dfb002006bfadbd586f		2026-07-28 22:39:14.103222	KhRG
a9bd853bdaa32dfb002006bfadbd586f		2026-07-28 22:39:28.491382	KhRG
a9bd853bdaa32dfb002006bfadbd586f		2026-07-28 22:43:09.668992	KhRG
a9bd853bdaa32dfb002006bfadbd586f		2026-07-28 22:46:18.286197	KhRG
a9bd853bdaa32dfb002006bfadbd586f		2026-07-28 22:46:53.891593	KhRG
a9bd853bdaa32dfb002006bfadbd586f		2026-07-28 22:47:38.114134	KhRG
a9bd853bdaa32dfb002006bfadbd586f		2026-07-28 22:52:16.346177	KhRG
a9bd853bdaa32dfb002006bfadbd586f		2026-07-28 22:52:34.514086	KhRG
a9bd853bdaa32dfb002006bfadbd586f		2026-07-28 22:53:07.545929	KhRG
a9bd853bdaa32dfb002006bfadbd586f		2026-07-28 22:54:25.575934	KhRG
a9bd853bdaa32dfb002006bfadbd586f		2026-07-28 23:21:08.882033	KhRG
a9bd853bdaa32dfb002006bfadbd586f		2026-07-28 23:21:43.215229	KhRG
a9bd853bdaa32dfb002006bfadbd586f		2026-07-28 23:26:36.995218	KhRG
a9bd853bdaa32dfb002006bfadbd586f		2026-07-28 23:32:42.390779	KhRG
a9bd853bdaa32dfb002006bfadbd586f		2026-07-28 23:35:55.785733	KhRG
a9bd853bdaa32dfb002006bfadbd586f		2026-07-28 23:36:08.530779	KhRG
a9bd853bdaa32dfb002006bfadbd586f		2026-07-28 23:36:50.182308	KhRG
a9bd853bdaa32dfb002006bfadbd586f		2026-07-28 23:37:46.328959	KhRG
6e1dce534392858b6f7f917e7c159ab4		2026-07-29 05:13:49.756350	KhRG
6e1dce534392858b6f7f917e7c159ab4		2026-07-29 05:15:03.172753	KhRG
6e1dce534392858b6f7f917e7c159ab4		2026-07-29 05:18:50.769189	KhRG
6e1dce534392858b6f7f917e7c159ab4		2026-07-29 05:19:44.298529	KhRG
6e1dce534392858b6f7f917e7c159ab4		2026-07-29 05:20:20.160702	KhRG
6e1dce534392858b6f7f917e7c159ab4		2026-07-29 05:21:09.064184	KhRG
badad066281ed6687415e2fc8ca15e9c		2026-07-29 06:14:29.419286	KhRG
badad066281ed6687415e2fc8ca15e9c		2026-07-29 06:15:00.116467	KhRG
badad066281ed6687415e2fc8ca15e9c		2026-07-29 06:15:42.721846	KhRG
d760e227b837dde2be0a9a675a0ca354		2026-07-29 06:16:48.297323	KhRG
d760e227b837dde2be0a9a675a0ca354		2026-07-29 06:19:23.825900	KhRG
badad066281ed6687415e2fc8ca15e9c		2026-07-29 06:19:29.882653	KhRG
d760e227b837dde2be0a9a675a0ca354		2026-07-29 06:20:16.364424	KhRG
d760e227b837dde2be0a9a675a0ca354		2026-07-29 06:23:27.272355	KhRG
badad066281ed6687415e2fc8ca15e9c		2026-07-29 06:29:12.606938	KhRG
badad066281ed6687415e2fc8ca15e9c		2026-07-29 06:30:16.248389	KhRG
d760e227b837dde2be0a9a675a0ca354		2026-07-29 06:32:44.484655	KhRG
d760e227b837dde2be0a9a675a0ca354		2026-07-29 06:33:04.786252	KhRG
d760e227b837dde2be0a9a675a0ca354		2026-07-29 06:33:17.341865	KhRG
d760e227b837dde2be0a9a675a0ca354		2026-07-29 06:33:40.827691	KhRG
2842bb062ad26a1fcb06eca4d5056731		2026-07-29 10:20:49.043169	KhRG
d760e227b837dde2be0a9a675a0ca354		2026-07-29 06:34:18.865732	KhRG
d760e227b837dde2be0a9a675a0ca354		2026-07-29 06:34:51.394375	KhRG
d760e227b837dde2be0a9a675a0ca354		2026-07-29 06:35:05.782510	KhRG
d760e227b837dde2be0a9a675a0ca354		2026-07-29 06:36:04.899147	KhRG
d760e227b837dde2be0a9a675a0ca354		2026-07-29 06:38:29.456290	KhRG
d760e227b837dde2be0a9a675a0ca354		2026-07-29 06:39:33.589701	KhRG
d760e227b837dde2be0a9a675a0ca354		2026-07-29 06:40:42.261659	KhRG
d760e227b837dde2be0a9a675a0ca354		2026-07-29 06:41:33.357704	KhRG
d760e227b837dde2be0a9a675a0ca354		2026-07-29 06:42:07.838888	KhRG
d760e227b837dde2be0a9a675a0ca354		2026-07-29 06:45:26.655086	KhRG
d760e227b837dde2be0a9a675a0ca354		2026-07-29 06:46:09.797151	KhRG
d760e227b837dde2be0a9a675a0ca354		2026-07-29 06:47:43.652466	KhRG
d760e227b837dde2be0a9a675a0ca354		2026-07-29 06:51:56.216304	KhRG
d760e227b837dde2be0a9a675a0ca354		2026-07-29 06:52:07.542264	KhRG
d760e227b837dde2be0a9a675a0ca354		2026-07-29 06:52:58.188080	KhRG
d760e227b837dde2be0a9a675a0ca354		2026-07-29 06:53:08.264564	KhRG
d760e227b837dde2be0a9a675a0ca354		2026-07-29 07:10:52.018585	KhRG
d760e227b837dde2be0a9a675a0ca354		2026-07-29 07:14:30.515965	KhRG
d760e227b837dde2be0a9a675a0ca354		2026-07-29 07:15:30.514992	KhRG
2842bb062ad26a1fcb06eca4d5056731		2026-07-29 10:22:16.842880	KhRG
b590eb0594d609c63f555247ebfe021e		2026-07-29 08:28:37.578437	KhRG
b590eb0594d609c63f555247ebfe021e		2026-07-29 08:33:41.671811	KhRG
b590eb0594d609c63f555247ebfe021e		2026-07-29 08:34:52.194106	KhRG
b590eb0594d609c63f555247ebfe021e		2026-07-29 08:39:46.116276	KhRG
b590eb0594d609c63f555247ebfe021e		2026-07-29 08:40:05.227619	KhRG
93f7ae1456fee4ad8a3a007a6abec47b		2026-07-29 08:41:18.836705	KhRG
93f7ae1456fee4ad8a3a007a6abec47b		2026-07-29 08:42:05.791021	KhRG
93f7ae1456fee4ad8a3a007a6abec47b		2026-07-29 08:42:57.457870	KhRG
93f7ae1456fee4ad8a3a007a6abec47b		2026-07-29 08:46:35.550258	KhRG
93f7ae1456fee4ad8a3a007a6abec47b		2026-07-29 08:47:22.872192	KhRG
93f7ae1456fee4ad8a3a007a6abec47b		2026-07-29 08:53:09.530978	KhRG
93f7ae1456fee4ad8a3a007a6abec47b		2026-07-29 09:01:40.418062	KhRG
93f7ae1456fee4ad8a3a007a6abec47b		2026-07-29 09:02:29.859260	KhRG
93f7ae1456fee4ad8a3a007a6abec47b		2026-07-29 09:05:08.072407	KhRG
b590eb0594d609c63f555247ebfe021e		2026-07-29 09:07:35.291604	KhRG
93f7ae1456fee4ad8a3a007a6abec47b		2026-07-29 09:08:15.022881	KhRG
93f7ae1456fee4ad8a3a007a6abec47b		2026-07-29 09:09:59.226173	KhRG
93f7ae1456fee4ad8a3a007a6abec47b		2026-07-29 09:11:26.012140	KhRG
93f7ae1456fee4ad8a3a007a6abec47b		2026-07-29 09:12:52.380677	KhRG
93f7ae1456fee4ad8a3a007a6abec47b		2026-07-29 09:13:49.500565	KhRG
93f7ae1456fee4ad8a3a007a6abec47b		2026-07-29 09:18:52.136186	KhRG
93f7ae1456fee4ad8a3a007a6abec47b		2026-07-29 09:19:24.473084	KhRG
93f7ae1456fee4ad8a3a007a6abec47b		2026-07-29 09:20:46.112930	KhRG
93f7ae1456fee4ad8a3a007a6abec47b		2026-07-29 09:24:03.342830	KhRG
93f7ae1456fee4ad8a3a007a6abec47b		2026-07-29 09:28:41.959372	KhRG
b137f3864e4986f57708ce134e573dae		2026-07-29 09:28:47.124123	KhRG
93f7ae1456fee4ad8a3a007a6abec47b		2026-07-29 09:31:24.398383	KhRG
93f7ae1456fee4ad8a3a007a6abec47b		2026-07-29 09:32:08.797504	KhRG
93f7ae1456fee4ad8a3a007a6abec47b		2026-07-29 09:33:23.377536	KhRG
93f7ae1456fee4ad8a3a007a6abec47b		2026-07-29 09:38:00.182698	KhRG
93f7ae1456fee4ad8a3a007a6abec47b		2026-07-29 09:40:24.494710	KhRG
93f7ae1456fee4ad8a3a007a6abec47b		2026-07-29 09:47:39.345605	KhRG
2842bb062ad26a1fcb06eca4d5056731		2026-07-29 10:22:50.182796	KhRG
2842bb062ad26a1fcb06eca4d5056731		2026-07-29 10:23:41.699542	KhRG
2842bb062ad26a1fcb06eca4d5056731		2026-07-29 10:26:12.619736	KhRG
2842bb062ad26a1fcb06eca4d5056731		2026-07-29 10:28:02.682833	KhRG
2842bb062ad26a1fcb06eca4d5056731		2026-07-29 10:30:19.352096	KhRG
2842bb062ad26a1fcb06eca4d5056731		2026-07-29 10:30:58.824444	KhRG
2842bb062ad26a1fcb06eca4d5056731		2026-07-29 10:34:56.927896	KhRG
2842bb062ad26a1fcb06eca4d5056731		2026-07-29 10:35:12.265118	KhRG
2842bb062ad26a1fcb06eca4d5056731		2026-07-29 10:35:42.266337	KhRG
2842bb062ad26a1fcb06eca4d5056731		2026-07-29 10:36:32.896123	KhRG
2842bb062ad26a1fcb06eca4d5056731		2026-07-29 11:07:00.464628	KhRG
2842bb062ad26a1fcb06eca4d5056731		2026-07-29 11:07:25.199006	KhRG
2842bb062ad26a1fcb06eca4d5056731		2026-07-29 11:10:21.400861	KhRG
86438625037ce76d1ad3958131f4d170		2026-07-29 11:14:39.154216	KhRG
86438625037ce76d1ad3958131f4d170		2026-07-29 11:15:49.030534	KhRG
86438625037ce76d1ad3958131f4d170		2026-07-29 11:16:18.779921	KhRG
86438625037ce76d1ad3958131f4d170		2026-07-29 11:28:26.077410	KhRG
b590eb0594d609c63f555247ebfe021e		2026-07-29 12:16:48.029002	KhRG
b590eb0594d609c63f555247ebfe021e		2026-07-29 12:17:23.928400	KhRG
b590eb0594d609c63f555247ebfe021e		2026-07-29 12:21:00.399045	KhRG
b590eb0594d609c63f555247ebfe021e		2026-07-29 12:25:34.224057	KhRG
b590eb0594d609c63f555247ebfe021e		2026-07-29 12:29:23.497984	KhRG
b590eb0594d609c63f555247ebfe021e		2026-07-29 12:30:14.526947	KhRG
a9bd853bdaa32dfb002006bfadbd586f		2026-07-29 13:01:41.390541	KhRG
a9bd853bdaa32dfb002006bfadbd586f		2026-07-29 13:03:57.104121	KhRG
a9bd853bdaa32dfb002006bfadbd586f		2026-07-29 13:05:09.611027	KhRG
a9bd853bdaa32dfb002006bfadbd586f		2026-07-29 13:06:17.235777	KhRG
86438625037ce76d1ad3958131f4d170		2026-07-29 13:52:37.190789	KhRG
a9bd853bdaa32dfb002006bfadbd586f		2026-07-29 13:18:45.849700	KhRG
b590eb0594d609c63f555247ebfe021e		2026-07-29 13:21:37.861819	KhRG
b590eb0594d609c63f555247ebfe021e		2026-07-29 13:22:00.628743	KhRG
a9bd853bdaa32dfb002006bfadbd586f		2026-07-29 13:25:20.578734	KhRG
a9bd853bdaa32dfb002006bfadbd586f		2026-07-29 13:25:43.812998	KhRG
a9bd853bdaa32dfb002006bfadbd586f		2026-07-29 13:28:29.355428	KhRG
86438625037ce76d1ad3958131f4d170		2026-07-29 13:33:46.978097	KhRG
a9bd853bdaa32dfb002006bfadbd586f		2026-07-29 13:34:20.682619	KhRG
a9bd853bdaa32dfb002006bfadbd586f		2026-07-29 13:34:49.392068	KhRG
86438625037ce76d1ad3958131f4d170		2026-07-29 13:37:01.101943	KhRG
86438625037ce76d1ad3958131f4d170		2026-07-29 13:37:23.283746	KhRG
86438625037ce76d1ad3958131f4d170		2026-07-29 13:37:52.524736	KhRG
a9bd853bdaa32dfb002006bfadbd586f		2026-07-29 13:38:47.589628	KhRG
a9bd853bdaa32dfb002006bfadbd586f		2026-07-29 13:40:02.559854	KhRG
a9bd853bdaa32dfb002006bfadbd586f		2026-07-29 13:40:15.931262	KhRG
a9bd853bdaa32dfb002006bfadbd586f		2026-07-29 13:43:27.078465	KhRG
a9bd853bdaa32dfb002006bfadbd586f		2026-07-29 13:44:22.213545	KhRG
a9bd853bdaa32dfb002006bfadbd586f		2026-07-29 13:45:49.548183	KhRG
86438625037ce76d1ad3958131f4d170		2026-07-29 13:47:19.041690	KhRG
86438625037ce76d1ad3958131f4d170		2026-07-29 13:51:07.234048	KhRG
86438625037ce76d1ad3958131f4d170		2026-07-29 13:53:16.378121	KhRG
a9bd853bdaa32dfb002006bfadbd586f		2026-07-29 14:02:52.940889	KhRG
a9bd853bdaa32dfb002006bfadbd586f		2026-07-29 14:03:52.256917	KhRG
93f7ae1456fee4ad8a3a007a6abec47b		2026-07-29 14:11:23.652248	KhRG
a9bd853bdaa32dfb002006bfadbd586f		2026-07-29 14:12:11.869548	KhRG
93f7ae1456fee4ad8a3a007a6abec47b		2026-07-29 14:12:28.197329	KhRG
a9bd853bdaa32dfb002006bfadbd586f		2026-07-29 14:13:16.748781	KhRG
93f7ae1456fee4ad8a3a007a6abec47b		2026-07-29 14:13:24.933616	KhRG
93f7ae1456fee4ad8a3a007a6abec47b		2026-07-29 14:13:48.606484	KhRG
93f7ae1456fee4ad8a3a007a6abec47b		2026-07-29 14:14:52.471871	KhRG
93f7ae1456fee4ad8a3a007a6abec47b		2026-07-29 14:15:33.181767	KhRG
93f7ae1456fee4ad8a3a007a6abec47b		2026-07-29 14:18:30.226494	KhRG
a9bd853bdaa32dfb002006bfadbd586f		2026-07-29 14:19:12.749471	KhRG
a9bd853bdaa32dfb002006bfadbd586f		2026-07-29 14:21:47.983569	KhRG
93f7ae1456fee4ad8a3a007a6abec47b		2026-07-29 14:23:17.446475	KhRG
93f7ae1456fee4ad8a3a007a6abec47b		2026-07-29 14:25:15.447391	KhRG
a9bd853bdaa32dfb002006bfadbd586f		2026-07-29 14:25:51.336708	KhRG
93f7ae1456fee4ad8a3a007a6abec47b		2026-07-29 14:26:05.159077	KhRG
93f7ae1456fee4ad8a3a007a6abec47b		2026-07-29 14:29:45.003008	KhRG
93f7ae1456fee4ad8a3a007a6abec47b		2026-07-29 14:31:19.753271	KhRG
93f7ae1456fee4ad8a3a007a6abec47b		2026-07-29 14:31:34.994480	KhRG
93f7ae1456fee4ad8a3a007a6abec47b		2026-07-29 14:33:09.526029	KhRG
93f7ae1456fee4ad8a3a007a6abec47b		2026-07-29 14:34:08.774046	KhRG
93f7ae1456fee4ad8a3a007a6abec47b		2026-07-29 14:47:00.024874	KhRG
93f7ae1456fee4ad8a3a007a6abec47b		2026-07-29 14:48:40.846100	KhRG
93f7ae1456fee4ad8a3a007a6abec47b		2026-07-29 14:49:24.774838	KhRG
93f7ae1456fee4ad8a3a007a6abec47b		2026-07-29 14:49:41.814841	KhRG
df4b7caf601053ff9000fc393ef3c515		2026-07-29 14:53:10.688324	KhRG
93f7ae1456fee4ad8a3a007a6abec47b		2026-07-29 14:53:33.102781	KhRG
93f7ae1456fee4ad8a3a007a6abec47b		2026-07-29 14:56:24.126001	KhRG
93f7ae1456fee4ad8a3a007a6abec47b		2026-07-29 14:56:35.369012	KhRG
93f7ae1456fee4ad8a3a007a6abec47b		2026-07-29 15:02:28.735104	KhRG
93f7ae1456fee4ad8a3a007a6abec47b		2026-07-29 15:05:29.960745	KhRG
93f7ae1456fee4ad8a3a007a6abec47b		2026-07-29 15:08:08.778355	KhRG
93f7ae1456fee4ad8a3a007a6abec47b		2026-07-29 15:12:03.260415	KhRG
93f7ae1456fee4ad8a3a007a6abec47b		2026-07-29 15:17:41.611440	KhRG
93f7ae1456fee4ad8a3a007a6abec47b		2026-07-29 15:18:49.255410	KhRG
93f7ae1456fee4ad8a3a007a6abec47b		2026-07-29 15:19:19.655869	KhRG
93f7ae1456fee4ad8a3a007a6abec47b		2026-07-29 15:20:06.817591	KhRG
93f7ae1456fee4ad8a3a007a6abec47b		2026-07-29 15:20:43.196005	KhRG
93f7ae1456fee4ad8a3a007a6abec47b		2026-07-29 15:25:39.915196	KhRG
93f7ae1456fee4ad8a3a007a6abec47b		2026-07-29 15:28:27.261960	KhRG
034f93de63590d7b1d7f6016a135d978		2026-07-29 15:30:40.221021	KhRG
034f93de63590d7b1d7f6016a135d978		2026-07-29 15:31:04.418626	KhRG
20ba4542a73e7d02e07ce18abdb90c25		2026-07-29 16:17:40.986597	KhRG
20ba4542a73e7d02e07ce18abdb90c25		2026-07-29 16:18:53.843868	KhRG
20ba4542a73e7d02e07ce18abdb90c25		2026-07-29 16:19:15.031076	KhRG
20ba4542a73e7d02e07ce18abdb90c25		2026-07-29 16:19:34.314832	KhRG
20ba4542a73e7d02e07ce18abdb90c25		2026-07-29 16:19:55.823210	KhRG
20ba4542a73e7d02e07ce18abdb90c25		2026-07-29 16:21:51.542489	KhRG
20ba4542a73e7d02e07ce18abdb90c25		2026-07-29 16:22:43.654373	KhRG
20ba4542a73e7d02e07ce18abdb90c25		2026-07-29 16:25:02.981271	KhRG
20ba4542a73e7d02e07ce18abdb90c25		2026-07-29 16:25:39.843084	KhRG
0132c74a30b8b30891549b1f07fbac5e		2026-07-29 16:26:00.462078	KhRG
20ba4542a73e7d02e07ce18abdb90c25		2026-07-29 16:26:10.812755	KhRG
20ba4542a73e7d02e07ce18abdb90c25		2026-07-29 16:26:22.399062	KhRG
20ba4542a73e7d02e07ce18abdb90c25		2026-07-29 16:28:01.070984	KhRG
20ba4542a73e7d02e07ce18abdb90c25		2026-07-29 16:28:38.480305	KhRG
20ba4542a73e7d02e07ce18abdb90c25		2026-07-29 16:29:04.419897	KhRG
20ba4542a73e7d02e07ce18abdb90c25		2026-07-29 16:30:01.247788	KhRG
20ba4542a73e7d02e07ce18abdb90c25		2026-07-29 16:30:38.032771	KhRG
20ba4542a73e7d02e07ce18abdb90c25		2026-07-29 16:31:12.281651	KhRG
20ba4542a73e7d02e07ce18abdb90c25		2026-07-29 16:33:15.872814	KhRG
20ba4542a73e7d02e07ce18abdb90c25		2026-07-29 16:33:36.402066	KhRG
20ba4542a73e7d02e07ce18abdb90c25		2026-07-29 16:33:42.383432	KhRG
20ba4542a73e7d02e07ce18abdb90c25		2026-07-29 16:34:28.657348	KhRG
20ba4542a73e7d02e07ce18abdb90c25		2026-07-29 16:34:51.143681	KhRG
268cae9f88884b4f876d3f12c87171a2		2026-07-29 16:35:05.276973	KhRG
20ba4542a73e7d02e07ce18abdb90c25		2026-07-29 16:36:14.540278	KhRG
20ba4542a73e7d02e07ce18abdb90c25		2026-07-29 16:37:18.634403	KhRG
20ba4542a73e7d02e07ce18abdb90c25		2026-07-29 16:39:45.978394	KhRG
20ba4542a73e7d02e07ce18abdb90c25		2026-07-29 16:39:51.675604	KhRG
20ba4542a73e7d02e07ce18abdb90c25		2026-07-29 16:40:07.328930	KhRG
20ba4542a73e7d02e07ce18abdb90c25		2026-07-29 16:41:40.242762	KhRG
20ba4542a73e7d02e07ce18abdb90c25		2026-07-29 16:42:04.803269	KhRG
93f7ae1456fee4ad8a3a007a6abec47b		2026-07-30 06:58:48.960145	KhRG
20ba4542a73e7d02e07ce18abdb90c25		2026-07-29 16:45:31.236337	KhRG
20ba4542a73e7d02e07ce18abdb90c25		2026-07-29 16:48:18.635671	KhRG
20ba4542a73e7d02e07ce18abdb90c25		2026-07-29 16:48:33.156687	KhRG
20ba4542a73e7d02e07ce18abdb90c25		2026-07-29 16:49:15.113362	KhRG
20ba4542a73e7d02e07ce18abdb90c25		2026-07-29 16:51:00.873551	KhRG
20ba4542a73e7d02e07ce18abdb90c25		2026-07-29 16:51:24.260994	KhRG
20ba4542a73e7d02e07ce18abdb90c25		2026-07-29 16:51:53.206108	KhRG
20ba4542a73e7d02e07ce18abdb90c25		2026-07-29 16:52:22.136120	KhRG
20ba4542a73e7d02e07ce18abdb90c25		2026-07-29 16:53:03.069133	KhRG
20ba4542a73e7d02e07ce18abdb90c25		2026-07-29 16:53:25.746606	KhRG
20ba4542a73e7d02e07ce18abdb90c25		2026-07-29 16:53:44.686733	KhRG
20ba4542a73e7d02e07ce18abdb90c25		2026-07-29 16:54:01.924068	KhRG
20ba4542a73e7d02e07ce18abdb90c25		2026-07-29 16:54:36.670358	KhRG
20ba4542a73e7d02e07ce18abdb90c25		2026-07-29 16:55:13.579740	KhRG
20ba4542a73e7d02e07ce18abdb90c25		2026-07-29 16:55:56.442691	KhRG
20ba4542a73e7d02e07ce18abdb90c25		2026-07-29 17:00:29.194834	KhRG
20ba4542a73e7d02e07ce18abdb90c25		2026-07-29 17:00:58.473533	KhRG
268cae9f88884b4f876d3f12c87171a2		2026-07-29 17:43:13.304506	KhRG
d29a75ead356d010b507637311836095		2026-07-29 19:07:33.493103	KhRG
93f7ae1456fee4ad8a3a007a6abec47b		2026-07-30 06:59:48.542177	KhRG
d29a75ead356d010b507637311836095		2026-07-29 19:07:57.128112	KhRG
d29a75ead356d010b507637311836095		2026-07-29 19:08:31.816421	KhRG
d29a75ead356d010b507637311836095		2026-07-29 19:08:50.293683	KhRG
d29a75ead356d010b507637311836095		2026-07-29 19:09:04.178559	KhRG
d29a75ead356d010b507637311836095		2026-07-29 19:11:06.314839	KhRG
d29a75ead356d010b507637311836095		2026-07-29 19:13:42.707198	KhRG
d29a75ead356d010b507637311836095		2026-07-29 19:14:01.776365	KhRG
d29a75ead356d010b507637311836095		2026-07-29 19:14:26.289048	KhRG
d29a75ead356d010b507637311836095		2026-07-29 19:19:24.611837	KhRG
d29a75ead356d010b507637311836095		2026-07-29 19:20:04.172104	KhRG
d29a75ead356d010b507637311836095		2026-07-29 19:21:11.661435	KhRG
34268989a29a58f8f051366500eae76f		2026-07-29 20:15:00.300987	KhRG
d29a75ead356d010b507637311836095		2026-07-29 20:22:58.818229	KhRG
d29a75ead356d010b507637311836095		2026-07-29 20:23:37.268033	KhRG
d29a75ead356d010b507637311836095		2026-07-29 20:24:36.685027	KhRG
d29a75ead356d010b507637311836095		2026-07-29 20:25:01.436864	KhRG
d29a75ead356d010b507637311836095		2026-07-29 20:25:38.529077	KhRG
d29a75ead356d010b507637311836095		2026-07-29 20:25:49.555332	KhRG
d29a75ead356d010b507637311836095		2026-07-29 20:26:33.925902	KhRG
86438625037ce76d1ad3958131f4d170		2026-07-30 07:00:01.069182	KhRG
d29a75ead356d010b507637311836095		2026-07-29 20:26:46.466080	KhRG
d29a75ead356d010b507637311836095		2026-07-29 20:26:56.975307	KhRG
d29a75ead356d010b507637311836095		2026-07-29 20:27:08.786210	KhRG
d29a75ead356d010b507637311836095		2026-07-29 20:27:16.168959	KhRG
d29a75ead356d010b507637311836095		2026-07-29 20:27:26.111669	KhRG
d29a75ead356d010b507637311836095		2026-07-29 20:27:37.508551	KhRG
d29a75ead356d010b507637311836095		2026-07-29 20:27:47.062688	KhRG
d29a75ead356d010b507637311836095		2026-07-29 20:27:57.362808	KhRG
d29a75ead356d010b507637311836095		2026-07-29 20:28:08.116904	KhRG
d29a75ead356d010b507637311836095		2026-07-29 20:28:20.478143	KhRG
f63a8b7f5d58d5c27b857c1880f8eb39		2026-07-29 20:52:37.984493	KhRG
f63a8b7f5d58d5c27b857c1880f8eb39		2026-07-29 20:53:35.786660	KhRG
f63a8b7f5d58d5c27b857c1880f8eb39		2026-07-29 21:00:23.956269	KhRG
f63a8b7f5d58d5c27b857c1880f8eb39		2026-07-29 21:03:23.344924	KhRG
f63a8b7f5d58d5c27b857c1880f8eb39		2026-07-29 21:04:59.531560	KhRG
f63a8b7f5d58d5c27b857c1880f8eb39		2026-07-29 21:06:54.356456	KhRG
f63a8b7f5d58d5c27b857c1880f8eb39		2026-07-29 21:08:06.878068	KhRG
f63a8b7f5d58d5c27b857c1880f8eb39		2026-07-29 21:09:08.040969	KhRG
f63a8b7f5d58d5c27b857c1880f8eb39		2026-07-29 21:12:20.992648	KhRG
86438625037ce76d1ad3958131f4d170		2026-07-30 07:01:15.092843	KhRG
f63a8b7f5d58d5c27b857c1880f8eb39		2026-07-29 21:12:58.271920	KhRG
f63a8b7f5d58d5c27b857c1880f8eb39		2026-07-29 21:15:15.334432	KhRG
f63a8b7f5d58d5c27b857c1880f8eb39		2026-07-29 21:20:50.427074	KhRG
f63a8b7f5d58d5c27b857c1880f8eb39		2026-07-29 21:23:16.509300	KhRG
f63a8b7f5d58d5c27b857c1880f8eb39		2026-07-29 21:24:19.759381	KhRG
f63a8b7f5d58d5c27b857c1880f8eb39		2026-07-29 21:25:26.972951	KhRG
f63a8b7f5d58d5c27b857c1880f8eb39		2026-07-29 21:33:12.506036	KhRG
f63a8b7f5d58d5c27b857c1880f8eb39		2026-07-29 21:34:41.570578	KhRG
f63a8b7f5d58d5c27b857c1880f8eb39		2026-07-29 21:35:15.119802	KhRG
f63a8b7f5d58d5c27b857c1880f8eb39		2026-07-29 21:35:56.862103	KhRG
f63a8b7f5d58d5c27b857c1880f8eb39		2026-07-29 21:38:10.475611	KhRG
f63a8b7f5d58d5c27b857c1880f8eb39		2026-07-29 21:38:15.463632	KhRG
f63a8b7f5d58d5c27b857c1880f8eb39		2026-07-29 21:39:46.454692	KhRG
f63a8b7f5d58d5c27b857c1880f8eb39		2026-07-29 21:40:31.661081	KhRG
f63a8b7f5d58d5c27b857c1880f8eb39		2026-07-29 21:40:57.982324	KhRG
560c78966a41ab21cb920b389b6d15e2		2026-07-29 22:23:51.526354	KhRG
560c78966a41ab21cb920b389b6d15e2		2026-07-29 22:24:32.206079	KhRG
badad066281ed6687415e2fc8ca15e9c		2026-07-30 02:00:43.573386	KhRG
badad066281ed6687415e2fc8ca15e9c		2026-07-30 02:02:24.507433	KhRG
badad066281ed6687415e2fc8ca15e9c		2026-07-30 02:04:29.289063	KhRG
93f7ae1456fee4ad8a3a007a6abec47b		2026-07-30 07:01:34.984229	KhRG
badad066281ed6687415e2fc8ca15e9c		2026-07-30 02:05:20.681391	KhRG
badad066281ed6687415e2fc8ca15e9c		2026-07-30 02:05:57.732961	KhRG
badad066281ed6687415e2fc8ca15e9c		2026-07-30 02:07:18.122059	KhRG
badad066281ed6687415e2fc8ca15e9c		2026-07-30 02:07:28.855753	KhRG
badad066281ed6687415e2fc8ca15e9c		2026-07-30 02:08:50.597368	KhRG
badad066281ed6687415e2fc8ca15e9c		2026-07-30 02:09:06.609149	KhRG
badad066281ed6687415e2fc8ca15e9c		2026-07-30 02:09:21.755840	KhRG
badad066281ed6687415e2fc8ca15e9c		2026-07-30 02:10:32.766105	KhRG
badad066281ed6687415e2fc8ca15e9c		2026-07-30 02:11:20.135385	KhRG
badad066281ed6687415e2fc8ca15e9c		2026-07-30 02:11:35.500319	KhRG
badad066281ed6687415e2fc8ca15e9c		2026-07-30 02:12:34.007223	KhRG
badad066281ed6687415e2fc8ca15e9c		2026-07-30 02:14:12.126770	KhRG
badad066281ed6687415e2fc8ca15e9c		2026-07-30 02:15:15.255155	KhRG
badad066281ed6687415e2fc8ca15e9c		2026-07-30 02:16:47.818163	KhRG
badad066281ed6687415e2fc8ca15e9c		2026-07-30 02:17:40.486692	KhRG
badad066281ed6687415e2fc8ca15e9c		2026-07-30 02:17:59.180318	KhRG
badad066281ed6687415e2fc8ca15e9c		2026-07-30 02:18:07.137607	KhRG
badad066281ed6687415e2fc8ca15e9c		2026-07-30 02:18:23.652214	KhRG
badad066281ed6687415e2fc8ca15e9c		2026-07-30 02:18:37.352867	KhRG
86438625037ce76d1ad3958131f4d170		2026-07-30 07:02:14.127255	KhRG
badad066281ed6687415e2fc8ca15e9c		2026-07-30 02:18:49.826745	KhRG
badad066281ed6687415e2fc8ca15e9c		2026-07-30 02:19:23.465417	KhRG
badad066281ed6687415e2fc8ca15e9c		2026-07-30 02:21:43.512055	KhRG
badad066281ed6687415e2fc8ca15e9c		2026-07-30 02:22:27.318724	KhRG
badad066281ed6687415e2fc8ca15e9c		2026-07-30 02:24:09.850861	KhRG
badad066281ed6687415e2fc8ca15e9c		2026-07-30 02:25:15.660047	KhRG
badad066281ed6687415e2fc8ca15e9c		2026-07-30 02:28:29.031067	KhRG
badad066281ed6687415e2fc8ca15e9c		2026-07-30 02:28:43.940648	KhRG
badad066281ed6687415e2fc8ca15e9c		2026-07-30 02:28:59.059324	KhRG
badad066281ed6687415e2fc8ca15e9c		2026-07-30 02:29:52.504419	KhRG
badad066281ed6687415e2fc8ca15e9c		2026-07-30 02:30:15.312466	KhRG
badad066281ed6687415e2fc8ca15e9c		2026-07-30 02:30:49.283935	KhRG
badad066281ed6687415e2fc8ca15e9c		2026-07-30 02:31:30.146912	KhRG
badad066281ed6687415e2fc8ca15e9c		2026-07-30 02:31:55.328692	KhRG
badad066281ed6687415e2fc8ca15e9c		2026-07-30 02:35:41.361997	KhRG
badad066281ed6687415e2fc8ca15e9c		2026-07-30 02:36:14.447599	KhRG
badad066281ed6687415e2fc8ca15e9c		2026-07-30 02:36:26.842122	KhRG
badad066281ed6687415e2fc8ca15e9c		2026-07-30 02:36:41.154704	KhRG
86438625037ce76d1ad3958131f4d170		2026-07-30 06:57:12.689696	KhRG
86438625037ce76d1ad3958131f4d170		2026-07-30 06:57:55.179527	KhRG
86438625037ce76d1ad3958131f4d170		2026-07-30 06:58:45.606219	KhRG
86438625037ce76d1ad3958131f4d170		2026-07-30 07:03:09.907168	KhRG
86438625037ce76d1ad3958131f4d170		2026-07-30 07:03:59.070772	KhRG
93f7ae1456fee4ad8a3a007a6abec47b		2026-07-30 07:04:37.290106	KhRG
93f7ae1456fee4ad8a3a007a6abec47b		2026-07-30 07:05:01.876470	KhRG
93f7ae1456fee4ad8a3a007a6abec47b		2026-07-30 07:05:41.844695	KhRG
93f7ae1456fee4ad8a3a007a6abec47b		2026-07-30 07:07:46.266796	KhRG
86438625037ce76d1ad3958131f4d170		2026-07-30 07:08:16.010727	KhRG
93f7ae1456fee4ad8a3a007a6abec47b		2026-07-30 07:08:21.865735	KhRG
86438625037ce76d1ad3958131f4d170		2026-07-30 07:09:27.254324	KhRG
93f7ae1456fee4ad8a3a007a6abec47b		2026-07-30 07:34:50.698861	KhRG
93f7ae1456fee4ad8a3a007a6abec47b		2026-07-30 07:35:05.716960	KhRG
93f7ae1456fee4ad8a3a007a6abec47b		2026-07-30 07:35:20.010276	KhRG
93f7ae1456fee4ad8a3a007a6abec47b		2026-07-30 07:36:43.087656	KhRG
93f7ae1456fee4ad8a3a007a6abec47b		2026-07-30 07:37:14.220054	KhRG
93f7ae1456fee4ad8a3a007a6abec47b		2026-07-30 07:37:27.716170	KhRG
93f7ae1456fee4ad8a3a007a6abec47b		2026-07-30 07:43:57.258922	KhRG
93f7ae1456fee4ad8a3a007a6abec47b		2026-07-30 07:47:26.906627	KhRG
be93eb28eab9df6fec7cf94b8d65fc9a		2026-07-30 07:49:51.023588	KhRG
be93eb28eab9df6fec7cf94b8d65fc9a		2026-07-30 07:50:27.083517	KhRG
b590eb0594d609c63f555247ebfe021e		2026-07-30 08:04:18.299006	KhRG
b590eb0594d609c63f555247ebfe021e		2026-07-30 08:04:37.360350	KhRG
b590eb0594d609c63f555247ebfe021e		2026-07-30 08:04:57.952542	KhRG
b590eb0594d609c63f555247ebfe021e		2026-07-30 08:05:14.549911	KhRG
b590eb0594d609c63f555247ebfe021e		2026-07-30 08:08:03.580189	KhRG
b590eb0594d609c63f555247ebfe021e		2026-07-30 08:09:02.971720	KhRG
b590eb0594d609c63f555247ebfe021e		2026-07-30 08:09:59.963985	KhRG
b590eb0594d609c63f555247ebfe021e		2026-07-30 08:10:25.202693	KhRG
b590eb0594d609c63f555247ebfe021e		2026-07-30 08:11:25.242595	KhRG
b590eb0594d609c63f555247ebfe021e		2026-07-30 08:12:02.450025	KhRG
b590eb0594d609c63f555247ebfe021e		2026-07-30 08:12:25.354064	KhRG
b590eb0594d609c63f555247ebfe021e		2026-07-30 08:12:54.732956	KhRG
93f7ae1456fee4ad8a3a007a6abec47b		2026-07-30 08:13:23.334354	KhRG
93f7ae1456fee4ad8a3a007a6abec47b		2026-07-30 08:14:04.679383	KhRG
93f7ae1456fee4ad8a3a007a6abec47b		2026-07-30 08:20:27.289007	KhRG
b590eb0594d609c63f555247ebfe021e		2026-07-30 08:22:25.035458	KhRG
b590eb0594d609c63f555247ebfe021e		2026-07-30 08:22:45.685562	KhRG
b590eb0594d609c63f555247ebfe021e		2026-07-30 08:23:50.925180	KhRG
b590eb0594d609c63f555247ebfe021e		2026-07-30 08:24:20.773481	KhRG
b590eb0594d609c63f555247ebfe021e		2026-07-30 08:24:48.190059	KhRG
b590eb0594d609c63f555247ebfe021e		2026-07-30 08:26:20.869560	KhRG
b590eb0594d609c63f555247ebfe021e		2026-07-30 08:27:09.944490	KhRG
b590eb0594d609c63f555247ebfe021e		2026-07-30 08:27:42.366741	KhRG
b590eb0594d609c63f555247ebfe021e		2026-07-30 08:28:07.158877	KhRG
93f7ae1456fee4ad8a3a007a6abec47b		2026-07-30 08:29:13.226646	KhRG
93f7ae1456fee4ad8a3a007a6abec47b		2026-07-30 08:33:22.872277	KhRG
b590eb0594d609c63f555247ebfe021e		2026-07-30 08:35:20.412744	KhRG
b590eb0594d609c63f555247ebfe021e		2026-07-30 08:36:18.446059	KhRG
b590eb0594d609c63f555247ebfe021e		2026-07-30 08:37:18.967517	KhRG
93f7ae1456fee4ad8a3a007a6abec47b		2026-07-30 08:39:08.825889	KhRG
86438625037ce76d1ad3958131f4d170		2026-07-30 11:01:39.048023	KhRG
b590eb0594d609c63f555247ebfe021e		2026-07-30 08:39:10.842146	KhRG
b590eb0594d609c63f555247ebfe021e		2026-07-30 08:40:30.370560	KhRG
b590eb0594d609c63f555247ebfe021e		2026-07-30 08:41:22.664220	KhRG
b590eb0594d609c63f555247ebfe021e		2026-07-30 08:42:17.835486	KhRG
b590eb0594d609c63f555247ebfe021e		2026-07-30 08:43:24.706389	KhRG
b590eb0594d609c63f555247ebfe021e		2026-07-30 08:43:51.505713	KhRG
be082045417881d6fc31a3c25910e2f5		2026-07-30 08:54:26.457093	KhRG
b590eb0594d609c63f555247ebfe021e		2026-07-30 09:00:49.131381	KhRG
b590eb0594d609c63f555247ebfe021e		2026-07-30 09:02:26.152981	KhRG
b590eb0594d609c63f555247ebfe021e		2026-07-30 09:02:42.916214	KhRG
b590eb0594d609c63f555247ebfe021e		2026-07-30 09:06:09.621867	KhRG
b590eb0594d609c63f555247ebfe021e		2026-07-30 09:07:35.266044	KhRG
b590eb0594d609c63f555247ebfe021e		2026-07-30 09:19:02.110365	KhRG
b590eb0594d609c63f555247ebfe021e		2026-07-30 09:20:48.806972	KhRG
b590eb0594d609c63f555247ebfe021e		2026-07-30 09:23:50.460086	KhRG
b590eb0594d609c63f555247ebfe021e		2026-07-30 10:16:34.941891	KhRG
b590eb0594d609c63f555247ebfe021e		2026-07-30 10:17:49.725837	KhRG
b590eb0594d609c63f555247ebfe021e		2026-07-30 10:18:16.357374	KhRG
b590eb0594d609c63f555247ebfe021e		2026-07-30 10:18:33.896957	KhRG
86438625037ce76d1ad3958131f4d170		2026-07-30 11:02:13.590356	KhRG
b590eb0594d609c63f555247ebfe021e		2026-07-30 10:24:48.615409	KhRG
b590eb0594d609c63f555247ebfe021e		2026-07-30 10:26:20.769930	KhRG
b590eb0594d609c63f555247ebfe021e		2026-07-30 10:29:39.301143	KhRG
b590eb0594d609c63f555247ebfe021e		2026-07-30 10:31:59.770522	KhRG
b590eb0594d609c63f555247ebfe021e		2026-07-30 10:32:45.181550	KhRG
b590eb0594d609c63f555247ebfe021e		2026-07-30 10:35:38.958779	KhRG
b590eb0594d609c63f555247ebfe021e		2026-07-30 10:36:09.112248	KhRG
b590eb0594d609c63f555247ebfe021e		2026-07-30 10:36:19.246365	KhRG
b590eb0594d609c63f555247ebfe021e		2026-07-30 10:38:48.625746	KhRG
b590eb0594d609c63f555247ebfe021e		2026-07-30 10:40:32.923654	KhRG
b590eb0594d609c63f555247ebfe021e		2026-07-30 10:40:56.589274	KhRG
b590eb0594d609c63f555247ebfe021e		2026-07-30 10:41:14.360350	KhRG
b590eb0594d609c63f555247ebfe021e		2026-07-30 10:42:08.988639	KhRG
b590eb0594d609c63f555247ebfe021e		2026-07-30 10:43:39.627174	KhRG
b590eb0594d609c63f555247ebfe021e		2026-07-30 10:43:59.489179	KhRG
b590eb0594d609c63f555247ebfe021e		2026-07-30 10:45:21.223013	KhRG
b590eb0594d609c63f555247ebfe021e		2026-07-30 10:45:41.799913	KhRG
b590eb0594d609c63f555247ebfe021e		2026-07-30 10:46:01.339877	KhRG
b590eb0594d609c63f555247ebfe021e		2026-07-30 10:46:17.214869	KhRG
86438625037ce76d1ad3958131f4d170		2026-07-30 11:01:16.437097	KhRG
86438625037ce76d1ad3958131f4d170		2026-07-30 11:02:25.046624	KhRG
86438625037ce76d1ad3958131f4d170		2026-07-30 11:03:53.512546	KhRG
86438625037ce76d1ad3958131f4d170		2026-07-30 11:04:28.364366	KhRG
86438625037ce76d1ad3958131f4d170		2026-07-30 11:04:59.903001	KhRG
86438625037ce76d1ad3958131f4d170		2026-07-30 11:05:32.393180	KhRG
86438625037ce76d1ad3958131f4d170		2026-07-30 11:06:00.843818	KhRG
a9bd853bdaa32dfb002006bfadbd586f		2026-07-30 11:29:01.808513	KhRG
86438625037ce76d1ad3958131f4d170		2026-07-30 11:32:56.511174	KhRG
a9bd853bdaa32dfb002006bfadbd586f		2026-07-30 11:33:46.525655	KhRG
a9bd853bdaa32dfb002006bfadbd586f		2026-07-30 11:35:22.097906	KhRG
a9bd853bdaa32dfb002006bfadbd586f		2026-07-30 11:36:45.820452	KhRG
a9bd853bdaa32dfb002006bfadbd586f		2026-07-30 11:37:20.386380	KhRG
a9bd853bdaa32dfb002006bfadbd586f		2026-07-30 11:37:46.943939	KhRG
a9bd853bdaa32dfb002006bfadbd586f		2026-07-30 11:38:08.522032	KhRG
a9bd853bdaa32dfb002006bfadbd586f		2026-07-30 11:38:51.250223	KhRG
a9bd853bdaa32dfb002006bfadbd586f		2026-07-30 11:39:08.678516	KhRG
b590eb0594d609c63f555247ebfe021e		2026-07-30 11:48:18.000531	KhRG
b590eb0594d609c63f555247ebfe021e		2026-07-30 11:49:01.256978	KhRG
86438625037ce76d1ad3958131f4d170		2026-07-30 11:50:19.057253	KhRG
b590eb0594d609c63f555247ebfe021e		2026-07-30 11:50:57.419300	KhRG
86438625037ce76d1ad3958131f4d170		2026-07-30 11:50:59.134148	KhRG
86438625037ce76d1ad3958131f4d170		2026-07-30 11:51:35.343895	KhRG
86438625037ce76d1ad3958131f4d170		2026-07-30 11:51:59.360392	KhRG
86438625037ce76d1ad3958131f4d170		2026-07-30 11:53:20.712259	KhRG
86438625037ce76d1ad3958131f4d170		2026-07-30 11:53:49.180750	KhRG
86438625037ce76d1ad3958131f4d170		2026-07-30 11:54:22.463065	KhRG
86438625037ce76d1ad3958131f4d170		2026-07-30 11:55:00.508300	KhRG
b590eb0594d609c63f555247ebfe021e		2026-07-30 12:01:59.173424	KhRG
b590eb0594d609c63f555247ebfe021e		2026-07-30 12:04:15.129659	KhRG
b590eb0594d609c63f555247ebfe021e		2026-07-30 12:10:35.154151	KhRG
b590eb0594d609c63f555247ebfe021e		2026-07-30 12:20:36.710829	KhRG
86438625037ce76d1ad3958131f4d170		2026-07-30 12:51:57.303410	KhRG
86438625037ce76d1ad3958131f4d170		2026-07-30 12:52:19.066533	KhRG
93f7ae1456fee4ad8a3a007a6abec47b		2026-07-30 13:09:11.855100	KhRG
93f7ae1456fee4ad8a3a007a6abec47b		2026-07-30 13:13:56.292030	KhRG
93f7ae1456fee4ad8a3a007a6abec47b		2026-07-30 13:14:09.143565	KhRG
93f7ae1456fee4ad8a3a007a6abec47b		2026-07-30 13:14:55.697477	KhRG
93f7ae1456fee4ad8a3a007a6abec47b		2026-07-30 13:22:19.331592	KhRG
93f7ae1456fee4ad8a3a007a6abec47b		2026-07-30 13:23:13.673134	KhRG
be93eb28eab9df6fec7cf94b8d65fc9a		2026-07-30 14:59:01.774040	KhRG
6a1ae1f300b1536b618f489a54f14f3e		2026-07-30 20:53:49.825868	KhRG
c48ada6e208b953956e05d3a719f1dd4		2026-07-01 05:26:37.314748	KhRG
24ecb3604b56af1e9e8d55eb12fe9629		2026-07-01 05:27:33.292139	KhRG
790fd6e99af8ff98158324364b97e507		2026-07-01 05:28:31.737336	KhRG
c48ada6e208b953956e05d3a719f1dd4		2026-07-01 05:32:07.171725	KhRG
c48ada6e208b953956e05d3a719f1dd4		2026-07-01 05:33:29.230906	KhRG
c48ada6e208b953956e05d3a719f1dd4		2026-07-01 05:36:10.436033	KhRG
c48ada6e208b953956e05d3a719f1dd4		2026-07-01 05:36:57.938063	KhRG
24ecb3604b56af1e9e8d55eb12fe9629		2026-07-01 05:46:22.932867	KhRG
11f2236a9783c209517c697f17b34363		2026-07-06 18:50:46.196968	KhRG
d33d5bbc1e01ccd276c5442af3300152		2026-07-01 05:48:55.558390	KhRG
d33d5bbc1e01ccd276c5442af3300152		2026-07-01 05:49:49.892008	KhRG
d33d5bbc1e01ccd276c5442af3300152		2026-07-01 05:50:27.269242	KhRG
d33d5bbc1e01ccd276c5442af3300152		2026-07-01 05:50:52.347883	KhRG
d33d5bbc1e01ccd276c5442af3300152		2026-07-01 05:51:09.641133	KhRG
d33d5bbc1e01ccd276c5442af3300152		2026-07-01 05:51:42.659691	KhRG
d33d5bbc1e01ccd276c5442af3300152		2026-07-01 05:52:04.472161	KhRG
24ecb3604b56af1e9e8d55eb12fe9629		2026-07-01 06:10:24.464778	KhRG
d33d5bbc1e01ccd276c5442af3300152		2026-07-01 06:20:07.762131	KhRG
d33d5bbc1e01ccd276c5442af3300152		2026-07-01 06:20:15.116455	KhRG
d33d5bbc1e01ccd276c5442af3300152		2026-07-01 06:21:03.972686	KhRG
d33d5bbc1e01ccd276c5442af3300152		2026-07-01 06:21:27.597525	KhRG
24ecb3604b56af1e9e8d55eb12fe9629		2026-07-01 06:31:39.149914	KhRG
c48ada6e208b953956e05d3a719f1dd4		2026-07-01 06:32:57.059243	KhRG
24ecb3604b56af1e9e8d55eb12fe9629		2026-07-01 06:37:01.553644	KhRG
24ecb3604b56af1e9e8d55eb12fe9629		2026-07-01 06:38:34.510343	KhRG
c48ada6e208b953956e05d3a719f1dd4		2026-07-01 06:46:05.707441	KhRG
c48ada6e208b953956e05d3a719f1dd4		2026-07-01 06:46:17.156740	KhRG
c48ada6e208b953956e05d3a719f1dd4		2026-07-01 06:46:23.951382	KhRG
11f2236a9783c209517c697f17b34363		2026-07-06 18:50:52.612622	KhRG
c48ada6e208b953956e05d3a719f1dd4		2026-07-01 06:46:37.979448	KhRG
c48ada6e208b953956e05d3a719f1dd4		2026-07-01 06:46:58.214899	KhRG
c48ada6e208b953956e05d3a719f1dd4		2026-07-01 06:47:10.282291	KhRG
c48ada6e208b953956e05d3a719f1dd4		2026-07-01 06:47:17.837013	KhRG
c48ada6e208b953956e05d3a719f1dd4		2026-07-01 06:47:25.306165	KhRG
c48ada6e208b953956e05d3a719f1dd4		2026-07-01 06:47:33.071125	KhRG
c48ada6e208b953956e05d3a719f1dd4		2026-07-01 06:48:21.737468	KhRG
24ecb3604b56af1e9e8d55eb12fe9629		2026-07-01 06:50:40.013358	KhRG
a7ee89d7d144d57b8c04f5e1596201b8		2026-07-01 07:00:18.870632	KhRG
a7ee89d7d144d57b8c04f5e1596201b8		2026-07-01 07:00:39.533405	KhRG
e12f75635bd262dad1059e9bb1881fdf		2026-07-01 07:01:02.362278	KhRG
a7ee89d7d144d57b8c04f5e1596201b8		2026-07-01 07:01:36.233747	KhRG
e12f75635bd262dad1059e9bb1881fdf		2026-07-01 07:03:08.324947	KhRG
e12f75635bd262dad1059e9bb1881fdf		2026-07-01 07:05:43.057221	KhRG
e12f75635bd262dad1059e9bb1881fdf		2026-07-01 07:07:28.930609	KhRG
e12f75635bd262dad1059e9bb1881fdf		2026-07-01 07:09:22.916055	KhRG
e12f75635bd262dad1059e9bb1881fdf		2026-07-01 07:12:08.786792	KhRG
ac77a81548ac57d675c2569d72bc9593		2026-07-01 07:20:44.338392	KhRG
a7ee89d7d144d57b8c04f5e1596201b8		2026-07-01 07:22:01.287992	KhRG
11f2236a9783c209517c697f17b34363		2026-07-06 18:50:59.090177	KhRG
ac77a81548ac57d675c2569d72bc9593		2026-07-01 07:24:31.988749	KhRG
a7ee89d7d144d57b8c04f5e1596201b8		2026-07-01 07:27:04.176378	KhRG
a7ee89d7d144d57b8c04f5e1596201b8		2026-07-01 07:31:57.473473	KhRG
a7ee89d7d144d57b8c04f5e1596201b8		2026-07-01 07:42:19.320644	KhRG
a7ee89d7d144d57b8c04f5e1596201b8		2026-07-01 07:44:20.968834	KhRG
a7ee89d7d144d57b8c04f5e1596201b8		2026-07-01 08:05:12.408129	KhRG
a7ee89d7d144d57b8c04f5e1596201b8		2026-07-01 08:05:48.484027	KhRG
c48ada6e208b953956e05d3a719f1dd4		2026-07-01 08:14:24.646705	KhRG
2b4c6bb1d8eb0e145f5850f6eb98f989		2026-07-01 08:20:04.978469	KhRG
c48ada6e208b953956e05d3a719f1dd4		2026-07-01 08:23:40.793568	KhRG
c48ada6e208b953956e05d3a719f1dd4		2026-07-01 08:25:08.556445	KhRG
c48ada6e208b953956e05d3a719f1dd4		2026-07-01 08:26:52.880998	KhRG
c48ada6e208b953956e05d3a719f1dd4		2026-07-01 08:30:29.589797	KhRG
c48ada6e208b953956e05d3a719f1dd4		2026-07-01 08:38:53.979418	KhRG
c48ada6e208b953956e05d3a719f1dd4		2026-07-01 08:41:25.027911	KhRG
c48ada6e208b953956e05d3a719f1dd4		2026-07-01 08:48:02.912090	KhRG
c48ada6e208b953956e05d3a719f1dd4		2026-07-01 08:51:13.188678	KhRG
bbb408ffc39b88b0f8f456a3564bbde5		2026-07-01 09:30:17.234633	KhRG
bbb408ffc39b88b0f8f456a3564bbde5		2026-07-01 09:31:01.055791	KhRG
bbb408ffc39b88b0f8f456a3564bbde5		2026-07-01 09:33:45.878395	KhRG
bbb408ffc39b88b0f8f456a3564bbde5		2026-07-01 09:41:28.018905	KhRG
bbb408ffc39b88b0f8f456a3564bbde5		2026-07-01 09:42:14.157716	KhRG
bbb408ffc39b88b0f8f456a3564bbde5		2026-07-01 09:43:34.199642	KhRG
bbb408ffc39b88b0f8f456a3564bbde5		2026-07-01 09:45:21.116665	KhRG
bbb408ffc39b88b0f8f456a3564bbde5		2026-07-01 09:50:24.089782	KhRG
d33d5bbc1e01ccd276c5442af3300152		2026-07-01 09:51:50.252623	KhRG
bbb408ffc39b88b0f8f456a3564bbde5		2026-07-01 09:52:34.832118	KhRG
bbb408ffc39b88b0f8f456a3564bbde5		2026-07-01 09:59:39.859463	KhRG
bbb408ffc39b88b0f8f456a3564bbde5		2026-07-01 10:03:10.453152	KhRG
d33d5bbc1e01ccd276c5442af3300152		2026-07-01 10:04:06.748713	KhRG
bbb408ffc39b88b0f8f456a3564bbde5		2026-07-01 10:07:16.670978	KhRG
d33d5bbc1e01ccd276c5442af3300152		2026-07-01 10:08:42.602027	KhRG
d33d5bbc1e01ccd276c5442af3300152		2026-07-01 10:09:21.606626	KhRG
d33d5bbc1e01ccd276c5442af3300152		2026-07-01 10:10:45.724869	KhRG
d33d5bbc1e01ccd276c5442af3300152		2026-07-01 10:11:14.160666	KhRG
d33d5bbc1e01ccd276c5442af3300152		2026-07-01 10:17:46.456096	KhRG
d33d5bbc1e01ccd276c5442af3300152		2026-07-01 10:18:19.378024	KhRG
d33d5bbc1e01ccd276c5442af3300152		2026-07-01 10:18:26.246123	KhRG
d33d5bbc1e01ccd276c5442af3300152		2026-07-01 10:18:56.222466	KhRG
d33d5bbc1e01ccd276c5442af3300152		2026-07-01 10:19:23.325905	KhRG
24690d329d22d2d57117358d18937115		2026-07-01 10:48:15.583771	KhRG
33ae8890b2aa28be4e76c8fd7242e4ac		2026-07-01 10:50:18.420186	KhRG
24690d329d22d2d57117358d18937115		2026-07-01 10:52:24.717347	KhRG
24690d329d22d2d57117358d18937115		2026-07-01 10:52:57.373750	KhRG
df2e95a95de6e6d150f871a72a7cdff0		2026-07-01 10:56:38.946793	KhRG
df2e95a95de6e6d150f871a72a7cdff0		2026-07-01 10:57:25.210509	KhRG
df2e95a95de6e6d150f871a72a7cdff0		2026-07-01 10:57:54.697770	KhRG
df2e95a95de6e6d150f871a72a7cdff0		2026-07-01 10:58:29.211303	KhRG
df2e95a95de6e6d150f871a72a7cdff0		2026-07-01 10:59:21.186174	KhRG
df2e95a95de6e6d150f871a72a7cdff0		2026-07-01 11:00:18.087950	KhRG
33ae8890b2aa28be4e76c8fd7242e4ac		2026-07-01 11:01:03.733324	KhRG
df2e95a95de6e6d150f871a72a7cdff0		2026-07-01 11:01:03.756124	KhRG
bbd717bce069b1027bc055e2134fb6d3		2026-07-01 11:01:17.071508	KhRG
df2e95a95de6e6d150f871a72a7cdff0		2026-07-01 11:01:58.645848	KhRG
bbd717bce069b1027bc055e2134fb6d3		2026-07-01 11:02:13.041607	KhRG
df2e95a95de6e6d150f871a72a7cdff0		2026-07-01 11:03:21.758095	KhRG
33ae8890b2aa28be4e76c8fd7242e4ac		2026-07-01 11:06:40.585455	KhRG
33ae8890b2aa28be4e76c8fd7242e4ac		2026-07-01 11:09:32.654643	KhRG
33ae8890b2aa28be4e76c8fd7242e4ac		2026-07-01 11:11:54.432022	KhRG
bbd717bce069b1027bc055e2134fb6d3		2026-07-01 11:12:36.915605	KhRG
24690d329d22d2d57117358d18937115		2026-07-01 11:14:29.841226	KhRG
33ae8890b2aa28be4e76c8fd7242e4ac		2026-07-01 11:14:45.661769	KhRG
24690d329d22d2d57117358d18937115		2026-07-01 11:15:25.641572	KhRG
24690d329d22d2d57117358d18937115		2026-07-01 11:17:34.840871	KhRG
7a0c8900d3734f5029e1abc5ae63fee9		2026-07-01 11:21:33.775255	KhRG
24690d329d22d2d57117358d18937115		2026-07-01 11:21:43.337401	KhRG
24690d329d22d2d57117358d18937115		2026-07-01 11:22:26.580473	KhRG
24690d329d22d2d57117358d18937115		2026-07-01 11:23:08.915085	KhRG
bbd717bce069b1027bc055e2134fb6d3		2026-07-01 11:23:36.842370	KhRG
24690d329d22d2d57117358d18937115		2026-07-01 11:23:48.398789	KhRG
24690d329d22d2d57117358d18937115		2026-07-01 11:24:50.012047	KhRG
33ae8890b2aa28be4e76c8fd7242e4ac		2026-07-01 11:24:54.759385	KhRG
33ae8890b2aa28be4e76c8fd7242e4ac		2026-07-01 11:28:21.891480	KhRG
24690d329d22d2d57117358d18937115		2026-07-01 11:28:51.538979	KhRG
24690d329d22d2d57117358d18937115		2026-07-01 11:29:54.710429	KhRG
24690d329d22d2d57117358d18937115		2026-07-01 11:30:37.507006	KhRG
24690d329d22d2d57117358d18937115		2026-07-01 11:31:52.981581	KhRG
24690d329d22d2d57117358d18937115		2026-07-01 11:32:47.918707	KhRG
24690d329d22d2d57117358d18937115		2026-07-01 11:33:43.354841	KhRG
24690d329d22d2d57117358d18937115		2026-07-01 11:35:06.539786	KhRG
bbd717bce069b1027bc055e2134fb6d3		2026-07-01 11:35:42.283859	KhRG
acdd7b72b7a3ea6d8b9e246bcb17a670		2026-07-01 11:37:51.199268	KhRG
33ae8890b2aa28be4e76c8fd7242e4ac		2026-07-01 11:39:30.526475	KhRG
33ae8890b2aa28be4e76c8fd7242e4ac		2026-07-01 11:40:31.940565	KhRG
acdd7b72b7a3ea6d8b9e246bcb17a670		2026-07-01 11:43:46.820049	KhRG
6a5509f1e24c15da9daf8d458e3c954b		2026-07-01 11:44:20.867113	KhRG
acdd7b72b7a3ea6d8b9e246bcb17a670		2026-07-01 11:49:40.795193	KhRG
ed0a0fec589664862c75c49979adf63d		2026-07-01 11:50:18.818026	KhRG
acdd7b72b7a3ea6d8b9e246bcb17a670		2026-07-01 11:53:45.094805	KhRG
acdd7b72b7a3ea6d8b9e246bcb17a670		2026-07-01 11:53:49.590176	KhRG
acdd7b72b7a3ea6d8b9e246bcb17a670		2026-07-01 11:53:56.949381	KhRG
acdd7b72b7a3ea6d8b9e246bcb17a670		2026-07-01 11:54:02.103994	KhRG
acdd7b72b7a3ea6d8b9e246bcb17a670		2026-07-01 11:54:07.427029	KhRG
acdd7b72b7a3ea6d8b9e246bcb17a670		2026-07-01 11:54:12.714490	KhRG
acdd7b72b7a3ea6d8b9e246bcb17a670		2026-07-01 11:54:17.629913	KhRG
acdd7b72b7a3ea6d8b9e246bcb17a670		2026-07-01 11:55:31.325667	KhRG
e12f75635bd262dad1059e9bb1881fdf		2026-07-01 12:28:56.022885	KhRG
e12f75635bd262dad1059e9bb1881fdf		2026-07-01 12:30:38.372310	KhRG
e12f75635bd262dad1059e9bb1881fdf		2026-07-01 12:33:02.555941	KhRG
94ecff662315a41bf2477a2f8eb5089d		2026-07-01 13:13:32.929318	KhRG
94ecff662315a41bf2477a2f8eb5089d		2026-07-01 13:13:50.673639	KhRG
94ecff662315a41bf2477a2f8eb5089d		2026-07-01 13:16:52.009579	KhRG
c865fb05433b70f6a93585fe6d47ab37		2026-07-01 13:36:04.380145	KhRG
ed0a0fec589664862c75c49979adf63d		2026-07-01 13:47:12.968289	KhRG
5819b55690a1404d2c2985813b0d4bfe		2026-07-01 13:51:15.014468	KhRG
5819b55690a1404d2c2985813b0d4bfe		2026-07-01 14:00:17.732718	KhRG
5819b55690a1404d2c2985813b0d4bfe		2026-07-01 14:05:34.243149	KhRG
03d4341a28a6e3edc5cb58bd16641eb0		2026-07-01 14:30:10.334400	KhRG
03d4341a28a6e3edc5cb58bd16641eb0		2026-07-01 14:30:17.059870	KhRG
03d4341a28a6e3edc5cb58bd16641eb0		2026-07-01 14:30:24.304119	KhRG
03d4341a28a6e3edc5cb58bd16641eb0		2026-07-01 14:30:40.112278	KhRG
0132c74a30b8b30891549b1f07fbac5e		2026-07-01 14:31:04.159178	KhRG
03d4341a28a6e3edc5cb58bd16641eb0		2026-07-01 14:34:40.101314	KhRG
03d4341a28a6e3edc5cb58bd16641eb0		2026-07-01 14:34:45.782718	KhRG
03d4341a28a6e3edc5cb58bd16641eb0		2026-07-01 14:34:54.811894	KhRG
03d4341a28a6e3edc5cb58bd16641eb0		2026-07-01 14:35:00.347458	KhRG
03d4341a28a6e3edc5cb58bd16641eb0		2026-07-01 14:35:06.430205	KhRG
03d4341a28a6e3edc5cb58bd16641eb0		2026-07-01 14:35:15.374236	KhRG
03d4341a28a6e3edc5cb58bd16641eb0		2026-07-01 14:35:22.366072	KhRG
03d4341a28a6e3edc5cb58bd16641eb0		2026-07-01 14:37:47.697341	KhRG
03d4341a28a6e3edc5cb58bd16641eb0		2026-07-01 14:38:19.592447	KhRG
03d4341a28a6e3edc5cb58bd16641eb0		2026-07-01 14:39:06.343283	KhRG
5819b55690a1404d2c2985813b0d4bfe		2026-07-01 14:44:34.452118	KhRG
d33d5bbc1e01ccd276c5442af3300152		2026-07-01 14:45:44.686103	KhRG
d33d5bbc1e01ccd276c5442af3300152		2026-07-01 14:46:21.504321	KhRG
d33d5bbc1e01ccd276c5442af3300152		2026-07-01 14:47:54.630532	KhRG
d33d5bbc1e01ccd276c5442af3300152		2026-07-01 14:56:42.788845	KhRG
d33d5bbc1e01ccd276c5442af3300152		2026-07-01 15:03:49.386104	KhRG
0132c74a30b8b30891549b1f07fbac5e		2026-07-01 15:04:17.854340	KhRG
0132c74a30b8b30891549b1f07fbac5e		2026-07-01 15:04:43.079239	KhRG
0132c74a30b8b30891549b1f07fbac5e		2026-07-01 15:06:43.109138	KhRG
0132c74a30b8b30891549b1f07fbac5e		2026-07-01 15:07:44.902268	KhRG
0132c74a30b8b30891549b1f07fbac5e		2026-07-01 15:08:51.938728	KhRG
0132c74a30b8b30891549b1f07fbac5e		2026-07-01 15:09:57.829111	KhRG
0132c74a30b8b30891549b1f07fbac5e		2026-07-01 15:10:53.513018	KhRG
0132c74a30b8b30891549b1f07fbac5e		2026-07-01 15:12:01.895591	KhRG
0132c74a30b8b30891549b1f07fbac5e		2026-07-01 15:14:34.735211	KhRG
0132c74a30b8b30891549b1f07fbac5e		2026-07-01 15:15:40.882371	KhRG
0132c74a30b8b30891549b1f07fbac5e		2026-07-01 15:17:15.506473	KhRG
11f2236a9783c209517c697f17b34363		2026-07-06 18:51:05.809306	KhRG
9a567c68a8de380a1070510117bf1102		2026-07-01 15:30:26.298855	KhRG
9a567c68a8de380a1070510117bf1102		2026-07-01 15:34:44.570572	KhRG
9a567c68a8de380a1070510117bf1102		2026-07-01 15:36:16.838145	KhRG
9a567c68a8de380a1070510117bf1102		2026-07-01 15:40:21.331991	KhRG
9a567c68a8de380a1070510117bf1102		2026-07-01 15:41:52.817421	KhRG
9a567c68a8de380a1070510117bf1102		2026-07-01 15:47:34.255777	KhRG
ebb7c4269ac1c91da9d699a6332066bf		2026-07-01 15:52:38.357491	KhRG
d33d5bbc1e01ccd276c5442af3300152		2026-07-01 15:54:13.449600	KhRG
d33d5bbc1e01ccd276c5442af3300152		2026-07-01 16:11:20.631251	KhRG
d33d5bbc1e01ccd276c5442af3300152		2026-07-01 16:24:08.261107	KhRG
d33d5bbc1e01ccd276c5442af3300152		2026-07-01 16:24:16.250270	KhRG
25738616b4fa27b5a880479ab8d053bb		2026-07-01 16:43:27.916014	KhRG
25738616b4fa27b5a880479ab8d053bb		2026-07-01 16:55:02.469653	KhRG
25738616b4fa27b5a880479ab8d053bb		2026-07-01 16:56:55.499691	KhRG
25738616b4fa27b5a880479ab8d053bb		2026-07-01 17:00:46.084845	KhRG
1fe19d44644ceee3b8eb127945c95618		2026-07-01 17:42:33.883935	KhRG
1fe19d44644ceee3b8eb127945c95618		2026-07-01 17:45:51.479223	KhRG
a7ee89d7d144d57b8c04f5e1596201b8		2026-07-01 18:15:45.691278	KhRG
a7ee89d7d144d57b8c04f5e1596201b8		2026-07-01 18:15:57.865554	KhRG
a7ee89d7d144d57b8c04f5e1596201b8		2026-07-01 18:19:25.306783	KhRG
a7ee89d7d144d57b8c04f5e1596201b8		2026-07-01 18:20:30.328689	KhRG
a7ee89d7d144d57b8c04f5e1596201b8		2026-07-01 18:28:01.424880	KhRG
a7ee89d7d144d57b8c04f5e1596201b8		2026-07-01 18:31:31.928084	KhRG
a7ee89d7d144d57b8c04f5e1596201b8		2026-07-01 18:32:48.411654	KhRG
a7ee89d7d144d57b8c04f5e1596201b8		2026-07-01 18:36:35.825468	KhRG
a7ee89d7d144d57b8c04f5e1596201b8		2026-07-01 18:40:39.086087	KhRG
a7ee89d7d144d57b8c04f5e1596201b8		2026-07-01 18:41:16.601107	KhRG
a7ee89d7d144d57b8c04f5e1596201b8		2026-07-01 18:48:24.431051	KhRG
a7ee89d7d144d57b8c04f5e1596201b8		2026-07-01 18:50:56.508701	KhRG
a7ee89d7d144d57b8c04f5e1596201b8		2026-07-01 18:51:31.600879	KhRG
a7ee89d7d144d57b8c04f5e1596201b8		2026-07-01 18:52:49.430147	KhRG
a7ee89d7d144d57b8c04f5e1596201b8		2026-07-01 18:55:59.151695	KhRG
625c735c10d61b74cc20943d2a6cb3cc		2026-07-01 19:04:37.506689	KhRG
625c735c10d61b74cc20943d2a6cb3cc		2026-07-01 19:07:31.440920	KhRG
625c735c10d61b74cc20943d2a6cb3cc		2026-07-01 19:09:13.434524	KhRG
625c735c10d61b74cc20943d2a6cb3cc		2026-07-01 19:10:10.135760	KhRG
4a4089d6bad071cc3ab3664ef20a5ece		2026-07-01 19:13:21.827055	KhRG
11f2236a9783c209517c697f17b34363		2026-07-06 18:51:12.418078	KhRG
4a4089d6bad071cc3ab3664ef20a5ece		2026-07-01 19:14:09.142302	KhRG
4a4089d6bad071cc3ab3664ef20a5ece		2026-07-01 19:15:07.543620	KhRG
a7ee89d7d144d57b8c04f5e1596201b8		2026-07-01 19:15:46.200022	KhRG
a7ee89d7d144d57b8c04f5e1596201b8		2026-07-01 19:16:17.480993	KhRG
4a4089d6bad071cc3ab3664ef20a5ece		2026-07-01 19:18:27.344012	KhRG
4a4089d6bad071cc3ab3664ef20a5ece		2026-07-01 19:18:47.206101	KhRG
a7ee89d7d144d57b8c04f5e1596201b8		2026-07-01 19:25:42.143104	KhRG
a7ee89d7d144d57b8c04f5e1596201b8		2026-07-01 19:26:07.441214	KhRG
33ae8890b2aa28be4e76c8fd7242e4ac		2026-07-01 19:49:56.352662	KhRG
4a4089d6bad071cc3ab3664ef20a5ece		2026-07-01 20:06:32.737887	KhRG
4a4089d6bad071cc3ab3664ef20a5ece		2026-07-01 20:07:48.260152	KhRG
4a4089d6bad071cc3ab3664ef20a5ece		2026-07-01 20:08:52.067490	KhRG
4a4089d6bad071cc3ab3664ef20a5ece		2026-07-01 20:19:31.014636	KhRG
4a4089d6bad071cc3ab3664ef20a5ece		2026-07-01 20:35:48.119749	KhRG
4a4089d6bad071cc3ab3664ef20a5ece		2026-07-01 20:37:56.318066	KhRG
4a4089d6bad071cc3ab3664ef20a5ece		2026-07-01 20:40:26.162376	KhRG
4a4089d6bad071cc3ab3664ef20a5ece		2026-07-01 20:42:34.577583	KhRG
11f2236a9783c209517c697f17b34363		2026-07-06 18:51:18.844922	KhRG
25738616b4fa27b5a880479ab8d053bb		2026-07-01 20:49:25.169607	KhRG
25738616b4fa27b5a880479ab8d053bb		2026-07-01 20:54:00.643531	KhRG
25738616b4fa27b5a880479ab8d053bb		2026-07-01 20:57:28.088032	KhRG
25738616b4fa27b5a880479ab8d053bb		2026-07-01 20:58:35.364520	KhRG
bbb408ffc39b88b0f8f456a3564bbde5		2026-07-01 21:05:50.509345	KhRG
bbb408ffc39b88b0f8f456a3564bbde5		2026-07-01 21:15:05.824004	KhRG
bbb408ffc39b88b0f8f456a3564bbde5		2026-07-01 21:15:56.002633	KhRG
bbb408ffc39b88b0f8f456a3564bbde5		2026-07-01 21:16:36.613369	KhRG
bbb408ffc39b88b0f8f456a3564bbde5		2026-07-01 21:16:56.356463	KhRG
bbb408ffc39b88b0f8f456a3564bbde5		2026-07-01 21:17:16.223106	KhRG
bbb408ffc39b88b0f8f456a3564bbde5		2026-07-01 21:17:45.225524	KhRG
bbb408ffc39b88b0f8f456a3564bbde5		2026-07-01 21:21:56.223214	KhRG
bbb408ffc39b88b0f8f456a3564bbde5		2026-07-01 21:27:46.413949	KhRG
bbb408ffc39b88b0f8f456a3564bbde5		2026-07-01 21:28:08.821928	KhRG
bbb408ffc39b88b0f8f456a3564bbde5		2026-07-01 21:29:03.203757	KhRG
bbb408ffc39b88b0f8f456a3564bbde5		2026-07-01 21:29:58.030845	KhRG
bbb408ffc39b88b0f8f456a3564bbde5		2026-07-01 21:31:07.117510	KhRG
bbb408ffc39b88b0f8f456a3564bbde5		2026-07-01 21:32:19.059963	KhRG
11f2236a9783c209517c697f17b34363		2026-07-06 18:51:39.668085	KhRG
bbb408ffc39b88b0f8f456a3564bbde5		2026-07-01 21:33:21.749324	KhRG
bbb408ffc39b88b0f8f456a3564bbde5		2026-07-01 21:35:30.546801	KhRG
bbb408ffc39b88b0f8f456a3564bbde5		2026-07-01 21:39:51.430380	KhRG
bbb408ffc39b88b0f8f456a3564bbde5		2026-07-01 21:40:20.031891	KhRG
bbb408ffc39b88b0f8f456a3564bbde5		2026-07-01 21:42:32.732729	KhRG
bbb408ffc39b88b0f8f456a3564bbde5		2026-07-01 21:44:03.224761	KhRG
bbb408ffc39b88b0f8f456a3564bbde5		2026-07-01 21:51:47.185430	KhRG
bbb408ffc39b88b0f8f456a3564bbde5		2026-07-01 21:53:28.737013	KhRG
bbb408ffc39b88b0f8f456a3564bbde5		2026-07-01 21:54:08.858529	KhRG
bbb408ffc39b88b0f8f456a3564bbde5		2026-07-01 21:55:07.994907	KhRG
bbb408ffc39b88b0f8f456a3564bbde5		2026-07-01 21:55:43.924154	KhRG
bbb408ffc39b88b0f8f456a3564bbde5		2026-07-01 21:58:23.397124	KhRG
bbb408ffc39b88b0f8f456a3564bbde5		2026-07-01 22:00:18.428992	KhRG
bbb408ffc39b88b0f8f456a3564bbde5		2026-07-01 22:01:46.581211	KhRG
bbb408ffc39b88b0f8f456a3564bbde5		2026-07-01 22:01:53.365398	KhRG
bbb408ffc39b88b0f8f456a3564bbde5		2026-07-01 22:02:15.036991	KhRG
bbb408ffc39b88b0f8f456a3564bbde5		2026-07-01 22:03:20.608819	KhRG
bbb408ffc39b88b0f8f456a3564bbde5		2026-07-01 22:15:02.781494	KhRG
bbb408ffc39b88b0f8f456a3564bbde5		2026-07-01 22:17:51.011081	KhRG
bbb408ffc39b88b0f8f456a3564bbde5		2026-07-01 22:27:31.452690	KhRG
bbb408ffc39b88b0f8f456a3564bbde5		2026-07-01 22:36:57.183554	KhRG
bbb408ffc39b88b0f8f456a3564bbde5		2026-07-01 22:38:11.699562	KhRG
bbb408ffc39b88b0f8f456a3564bbde5		2026-07-01 22:41:43.217957	KhRG
d1d3093205fbeaf6d0f1646b3f2c06af		2026-07-01 23:35:40.172406	KhRG
f066f20f4f9e599efee97450117a5f6c		2026-07-02 05:43:24.084916	KhRG
f066f20f4f9e599efee97450117a5f6c		2026-07-02 05:47:07.311842	KhRG
ac77a81548ac57d675c2569d72bc9593		2026-07-02 06:42:39.348332	KhRG
ac77a81548ac57d675c2569d72bc9593		2026-07-02 06:43:38.137938	KhRG
ac77a81548ac57d675c2569d72bc9593		2026-07-02 06:44:00.661656	KhRG
ac77a81548ac57d675c2569d72bc9593		2026-07-02 06:46:35.159806	KhRG
ac77a81548ac57d675c2569d72bc9593		2026-07-02 06:50:39.154210	KhRG
25fe4939651dffca818cbc036be9ded7		2026-07-02 06:51:07.738793	KhRG
24690d329d22d2d57117358d18937115		2026-07-02 06:52:55.145451	KhRG
24690d329d22d2d57117358d18937115		2026-07-02 06:53:13.043361	KhRG
25fe4939651dffca818cbc036be9ded7		2026-07-02 06:53:29.210839	KhRG
25fe4939651dffca818cbc036be9ded7		2026-07-02 06:54:15.096677	KhRG
24690d329d22d2d57117358d18937115		2026-07-02 06:54:19.880945	KhRG
24690d329d22d2d57117358d18937115		2026-07-02 06:54:57.736915	KhRG
24690d329d22d2d57117358d18937115		2026-07-02 06:55:13.601438	KhRG
24690d329d22d2d57117358d18937115		2026-07-02 06:55:56.103025	KhRG
24690d329d22d2d57117358d18937115		2026-07-02 06:56:34.625710	KhRG
24690d329d22d2d57117358d18937115		2026-07-02 06:57:43.434878	KhRG
24690d329d22d2d57117358d18937115		2026-07-02 06:58:51.652813	KhRG
24690d329d22d2d57117358d18937115		2026-07-02 06:59:10.376635	KhRG
24690d329d22d2d57117358d18937115		2026-07-02 07:00:30.961743	KhRG
7a0c8900d3734f5029e1abc5ae63fee9		2026-07-02 07:21:09.463248	KhRG
7a0c8900d3734f5029e1abc5ae63fee9		2026-07-02 07:21:55.458872	KhRG
7a0c8900d3734f5029e1abc5ae63fee9		2026-07-02 07:27:36.785195	KhRG
24ecb3604b56af1e9e8d55eb12fe9629		2026-07-02 07:30:09.447794	KhRG
7a0c8900d3734f5029e1abc5ae63fee9		2026-07-02 07:55:52.170748	KhRG
7a0c8900d3734f5029e1abc5ae63fee9		2026-07-02 07:57:35.821528	KhRG
7a0c8900d3734f5029e1abc5ae63fee9		2026-07-02 07:58:57.797569	KhRG
7a0c8900d3734f5029e1abc5ae63fee9		2026-07-02 07:59:25.963795	KhRG
7a0c8900d3734f5029e1abc5ae63fee9		2026-07-02 08:00:23.890328	KhRG
7a0c8900d3734f5029e1abc5ae63fee9		2026-07-02 08:00:51.696834	KhRG
b0d0c0b3c7b9d68d2added874ee183f8		2026-07-02 08:01:22.989996	KhRG
7a0c8900d3734f5029e1abc5ae63fee9		2026-07-02 08:05:42.647408	KhRG
7a0c8900d3734f5029e1abc5ae63fee9		2026-07-02 08:06:26.022358	KhRG
7a0c8900d3734f5029e1abc5ae63fee9		2026-07-02 08:06:35.387564	KhRG
7a0c8900d3734f5029e1abc5ae63fee9		2026-07-02 08:06:40.048102	KhRG
7a0c8900d3734f5029e1abc5ae63fee9		2026-07-02 08:07:39.460246	KhRG
7a0c8900d3734f5029e1abc5ae63fee9		2026-07-02 08:09:19.349406	KhRG
ac77a81548ac57d675c2569d72bc9593		2026-07-02 08:57:17.815341	KhRG
94ecff662315a41bf2477a2f8eb5089d		2026-07-02 09:01:14.167152	KhRG
ac77a81548ac57d675c2569d72bc9593		2026-07-02 09:01:28.343461	KhRG
94ecff662315a41bf2477a2f8eb5089d		2026-07-02 09:02:16.921813	KhRG
94ecff662315a41bf2477a2f8eb5089d		2026-07-02 09:02:26.014413	KhRG
94ecff662315a41bf2477a2f8eb5089d		2026-07-02 09:02:45.510388	KhRG
ac77a81548ac57d675c2569d72bc9593		2026-07-02 09:03:09.232030	KhRG
94ecff662315a41bf2477a2f8eb5089d		2026-07-02 09:04:22.709441	KhRG
94ecff662315a41bf2477a2f8eb5089d		2026-07-02 09:07:36.298569	KhRG
94ecff662315a41bf2477a2f8eb5089d		2026-07-02 09:27:16.444895	KhRG
b6fb68a3ee5b7eaa77e0298656c4669b		2026-07-02 10:39:19.128065	KhRG
b6fb68a3ee5b7eaa77e0298656c4669b		2026-07-02 10:39:48.195531	KhRG
b6fb68a3ee5b7eaa77e0298656c4669b		2026-07-02 10:45:15.083814	KhRG
b6fb68a3ee5b7eaa77e0298656c4669b		2026-07-02 10:45:45.943107	KhRG
b6fb68a3ee5b7eaa77e0298656c4669b		2026-07-02 10:53:44.279374	KhRG
6f29bd2f58e41d4a19efba16768f50fb		2026-07-02 11:03:12.844240	KhRG
6f29bd2f58e41d4a19efba16768f50fb		2026-07-02 11:03:19.691700	KhRG
6f29bd2f58e41d4a19efba16768f50fb		2026-07-02 11:03:27.459300	KhRG
6f29bd2f58e41d4a19efba16768f50fb		2026-07-02 11:03:36.903561	KhRG
6f29bd2f58e41d4a19efba16768f50fb		2026-07-02 11:03:51.954744	KhRG
6f29bd2f58e41d4a19efba16768f50fb		2026-07-02 11:04:00.396476	KhRG
6f29bd2f58e41d4a19efba16768f50fb		2026-07-02 11:04:11.274567	KhRG
b6fb68a3ee5b7eaa77e0298656c4669b		2026-07-02 11:07:31.700694	KhRG
6f29bd2f58e41d4a19efba16768f50fb		2026-07-02 11:10:14.373032	KhRG
b6fb68a3ee5b7eaa77e0298656c4669b		2026-07-02 11:16:01.219991	KhRG
6f29bd2f58e41d4a19efba16768f50fb		2026-07-02 11:28:27.078741	KhRG
ed0a0fec589664862c75c49979adf63d		2026-07-02 11:41:14.037860	KhRG
6f29bd2f58e41d4a19efba16768f50fb		2026-07-02 11:42:44.429391	KhRG
6f29bd2f58e41d4a19efba16768f50fb		2026-07-02 11:47:19.159641	KhRG
6f29bd2f58e41d4a19efba16768f50fb		2026-07-02 11:47:29.405550	KhRG
ed0a0fec589664862c75c49979adf63d		2026-07-02 11:58:20.597310	KhRG
6f29bd2f58e41d4a19efba16768f50fb		2026-07-02 12:08:46.792190	KhRG
11f2236a9783c209517c697f17b34363		2026-07-06 18:52:04.106030	KhRG
6f29bd2f58e41d4a19efba16768f50fb		2026-07-02 12:08:54.429326	KhRG
6f29bd2f58e41d4a19efba16768f50fb		2026-07-02 12:09:00.319652	KhRG
6f29bd2f58e41d4a19efba16768f50fb		2026-07-02 12:09:19.527653	KhRG
6f29bd2f58e41d4a19efba16768f50fb		2026-07-02 12:09:30.120006	KhRG
6f29bd2f58e41d4a19efba16768f50fb		2026-07-02 12:09:36.196603	KhRG
6f29bd2f58e41d4a19efba16768f50fb		2026-07-02 12:09:44.120683	KhRG
6f29bd2f58e41d4a19efba16768f50fb		2026-07-02 12:09:51.340624	KhRG
6f29bd2f58e41d4a19efba16768f50fb		2026-07-02 12:11:56.409165	KhRG
ed0a0fec589664862c75c49979adf63d		2026-07-02 13:09:11.874406	KhRG
ed0a0fec589664862c75c49979adf63d		2026-07-02 13:14:53.117953	KhRG
ed0a0fec589664862c75c49979adf63d		2026-07-02 13:22:44.580405	KhRG
6f29bd2f58e41d4a19efba16768f50fb		2026-07-02 13:42:28.527700	KhRG
6f29bd2f58e41d4a19efba16768f50fb		2026-07-02 13:42:30.121475	KhRG
6f29bd2f58e41d4a19efba16768f50fb		2026-07-02 13:42:35.446279	KhRG
6f29bd2f58e41d4a19efba16768f50fb		2026-07-02 13:42:43.687992	KhRG
6f29bd2f58e41d4a19efba16768f50fb		2026-07-02 13:42:54.659234	KhRG
6f29bd2f58e41d4a19efba16768f50fb		2026-07-02 13:42:59.554544	KhRG
6f29bd2f58e41d4a19efba16768f50fb		2026-07-02 13:43:04.045095	KhRG
0abbe1c6cef9b0bde82192634371f74b		2026-07-09 19:07:52.168725	KhRG
6f29bd2f58e41d4a19efba16768f50fb		2026-07-02 13:43:11.166504	KhRG
c865fb05433b70f6a93585fe6d47ab37		2026-07-02 13:43:18.492200	KhRG
6f29bd2f58e41d4a19efba16768f50fb		2026-07-02 13:43:21.528202	KhRG
c865fb05433b70f6a93585fe6d47ab37		2026-07-02 13:44:27.799729	KhRG
c865fb05433b70f6a93585fe6d47ab37		2026-07-02 13:47:27.566286	KhRG
ed0a0fec589664862c75c49979adf63d		2026-07-02 14:07:47.175169	KhRG
1e7bac6c48b9914b6e25c42714bcc836		2026-07-02 14:39:13.585131	KhRG
c865fb05433b70f6a93585fe6d47ab37		2026-07-02 14:41:50.087126	KhRG
c865fb05433b70f6a93585fe6d47ab37		2026-07-02 14:43:14.757393	KhRG
c865fb05433b70f6a93585fe6d47ab37		2026-07-02 14:45:14.710618	KhRG
c54954e50141c1c667ce5999fa776db1		2026-07-02 14:49:08.958224	KhRG
c54954e50141c1c667ce5999fa776db1		2026-07-02 14:50:11.574425	KhRG
c54954e50141c1c667ce5999fa776db1		2026-07-02 14:51:18.502241	KhRG
c54954e50141c1c667ce5999fa776db1		2026-07-02 14:52:10.167033	KhRG
c54954e50141c1c667ce5999fa776db1		2026-07-02 14:52:34.443574	KhRG
c54954e50141c1c667ce5999fa776db1		2026-07-02 14:53:18.409474	KhRG
c54954e50141c1c667ce5999fa776db1		2026-07-02 14:55:31.270916	KhRG
ed0a0fec589664862c75c49979adf63d		2026-07-02 14:58:00.957424	KhRG
1e7bac6c48b9914b6e25c42714bcc836		2026-07-02 15:10:02.894613	KhRG
0abbe1c6cef9b0bde82192634371f74b		2026-07-09 19:08:49.390693	KhRG
1e7bac6c48b9914b6e25c42714bcc836		2026-07-02 15:22:35.666799	KhRG
ed0a0fec589664862c75c49979adf63d		2026-07-02 16:03:17.198513	KhRG
55e2dac6fc96180fdda350594aa1b896		2026-07-02 16:13:10.112516	KhRG
55e2dac6fc96180fdda350594aa1b896		2026-07-02 16:25:51.204912	KhRG
d33d5bbc1e01ccd276c5442af3300152		2026-07-02 16:28:43.169436	KhRG
d33d5bbc1e01ccd276c5442af3300152		2026-07-02 16:31:17.026059	KhRG
c54954e50141c1c667ce5999fa776db1		2026-07-02 16:33:32.585824	KhRG
c54954e50141c1c667ce5999fa776db1		2026-07-02 16:37:37.986779	KhRG
c54954e50141c1c667ce5999fa776db1		2026-07-02 16:37:59.360377	KhRG
c54954e50141c1c667ce5999fa776db1		2026-07-02 16:41:43.685753	KhRG
c54954e50141c1c667ce5999fa776db1		2026-07-02 16:42:03.593394	KhRG
c54954e50141c1c667ce5999fa776db1		2026-07-02 16:42:10.278842	KhRG
c54954e50141c1c667ce5999fa776db1		2026-07-02 16:44:55.476727	KhRG
55e2dac6fc96180fdda350594aa1b896		2026-07-02 16:49:39.823911	KhRG
c54954e50141c1c667ce5999fa776db1		2026-07-02 16:49:50.801230	KhRG
c54954e50141c1c667ce5999fa776db1		2026-07-02 16:51:09.803221	KhRG
c54954e50141c1c667ce5999fa776db1		2026-07-02 16:52:12.265223	KhRG
c54954e50141c1c667ce5999fa776db1		2026-07-02 16:52:29.994648	KhRG
c54954e50141c1c667ce5999fa776db1		2026-07-02 16:53:01.131309	KhRG
c54954e50141c1c667ce5999fa776db1		2026-07-02 16:53:10.655419	KhRG
0abbe1c6cef9b0bde82192634371f74b		2026-07-09 19:10:17.641606	KhRG
c54954e50141c1c667ce5999fa776db1		2026-07-02 16:53:23.142988	KhRG
c54954e50141c1c667ce5999fa776db1		2026-07-02 16:55:03.344772	KhRG
c54954e50141c1c667ce5999fa776db1		2026-07-02 16:55:22.138243	KhRG
c54954e50141c1c667ce5999fa776db1		2026-07-02 16:55:37.282767	KhRG
55e2dac6fc96180fdda350594aa1b896		2026-07-02 17:02:45.397308	KhRG
1836887b3ce8f20381fcae53a53b7f00		2026-07-02 17:03:02.822459	KhRG
1e7bac6c48b9914b6e25c42714bcc836		2026-07-02 17:03:27.593544	KhRG
1e7bac6c48b9914b6e25c42714bcc836		2026-07-02 17:03:49.681377	KhRG
1836887b3ce8f20381fcae53a53b7f00		2026-07-02 17:04:24.454049	KhRG
1836887b3ce8f20381fcae53a53b7f00		2026-07-02 17:05:33.783517	KhRG
1836887b3ce8f20381fcae53a53b7f00		2026-07-02 17:05:55.099645	KhRG
1836887b3ce8f20381fcae53a53b7f00		2026-07-02 17:08:25.036879	KhRG
1836887b3ce8f20381fcae53a53b7f00		2026-07-02 17:08:33.051438	KhRG
1836887b3ce8f20381fcae53a53b7f00		2026-07-02 17:08:39.330165	KhRG
1836887b3ce8f20381fcae53a53b7f00		2026-07-02 17:08:52.629719	KhRG
1836887b3ce8f20381fcae53a53b7f00		2026-07-02 17:08:59.167065	KhRG
1836887b3ce8f20381fcae53a53b7f00		2026-07-02 17:09:04.984383	KhRG
1836887b3ce8f20381fcae53a53b7f00		2026-07-02 17:09:46.473286	KhRG
1836887b3ce8f20381fcae53a53b7f00		2026-07-02 17:12:03.017029	KhRG
1836887b3ce8f20381fcae53a53b7f00		2026-07-02 17:12:22.730318	KhRG
1836887b3ce8f20381fcae53a53b7f00		2026-07-02 17:13:02.794532	KhRG
55e2dac6fc96180fdda350594aa1b896		2026-07-02 17:13:24.793505	KhRG
1836887b3ce8f20381fcae53a53b7f00		2026-07-02 17:13:55.321923	KhRG
1836887b3ce8f20381fcae53a53b7f00		2026-07-02 17:18:09.417130	KhRG
55e2dac6fc96180fdda350594aa1b896		2026-07-02 17:20:33.269155	KhRG
55e2dac6fc96180fdda350594aa1b896		2026-07-02 17:24:38.018976	KhRG
55e2dac6fc96180fdda350594aa1b896		2026-07-02 17:31:04.041147	KhRG
c54954e50141c1c667ce5999fa776db1		2026-07-02 17:31:22.366411	KhRG
c54954e50141c1c667ce5999fa776db1		2026-07-02 17:31:38.859298	KhRG
c54954e50141c1c667ce5999fa776db1		2026-07-02 17:34:09.361027	KhRG
c54954e50141c1c667ce5999fa776db1		2026-07-02 17:35:25.283959	KhRG
c54954e50141c1c667ce5999fa776db1		2026-07-02 17:36:45.499045	KhRG
c54954e50141c1c667ce5999fa776db1		2026-07-02 17:37:31.644504	KhRG
c54954e50141c1c667ce5999fa776db1		2026-07-02 17:38:05.169070	KhRG
55e2dac6fc96180fdda350594aa1b896		2026-07-02 17:38:14.342616	KhRG
55e2dac6fc96180fdda350594aa1b896		2026-07-02 17:38:56.778131	KhRG
c54954e50141c1c667ce5999fa776db1		2026-07-02 17:39:51.945172	KhRG
c54954e50141c1c667ce5999fa776db1		2026-07-02 17:40:14.672258	KhRG
55e2dac6fc96180fdda350594aa1b896		2026-07-02 17:40:58.093784	KhRG
55e2dac6fc96180fdda350594aa1b896		2026-07-02 17:41:39.652895	KhRG
c54954e50141c1c667ce5999fa776db1		2026-07-02 17:41:40.503044	KhRG
1e7bac6c48b9914b6e25c42714bcc836		2026-07-02 17:41:47.370723	KhRG
1836887b3ce8f20381fcae53a53b7f00		2026-07-02 17:44:05.737226	KhRG
55e2dac6fc96180fdda350594aa1b896		2026-07-02 17:44:06.473168	KhRG
c54954e50141c1c667ce5999fa776db1		2026-07-02 17:46:32.154512	KhRG
1e7bac6c48b9914b6e25c42714bcc836		2026-07-02 17:51:11.083413	KhRG
1e7bac6c48b9914b6e25c42714bcc836		2026-07-02 17:51:49.738973	KhRG
a3fa5971d7d8477d3e40d3bc5766e676		2026-07-02 17:52:05.562086	KhRG
a3fa5971d7d8477d3e40d3bc5766e676		2026-07-02 17:55:58.641578	KhRG
a3fa5971d7d8477d3e40d3bc5766e676		2026-07-02 17:57:20.267065	KhRG
55e2dac6fc96180fdda350594aa1b896		2026-07-02 17:57:29.275898	KhRG
a3fa5971d7d8477d3e40d3bc5766e676		2026-07-02 17:57:30.159321	KhRG
a3fa5971d7d8477d3e40d3bc5766e676		2026-07-02 17:58:07.711063	KhRG
a7ee89d7d144d57b8c04f5e1596201b8		2026-07-02 17:58:17.613117	KhRG
a3fa5971d7d8477d3e40d3bc5766e676		2026-07-02 18:00:03.778243	KhRG
a3fa5971d7d8477d3e40d3bc5766e676		2026-07-02 18:00:43.068884	KhRG
a3fa5971d7d8477d3e40d3bc5766e676		2026-07-02 18:01:52.773461	KhRG
a7ee89d7d144d57b8c04f5e1596201b8		2026-07-02 18:02:54.549731	KhRG
a7ee89d7d144d57b8c04f5e1596201b8		2026-07-02 18:03:42.023107	KhRG
55e2dac6fc96180fdda350594aa1b896		2026-07-02 18:04:14.896858	KhRG
55e2dac6fc96180fdda350594aa1b896		2026-07-02 18:05:55.867986	KhRG
0abbe1c6cef9b0bde82192634371f74b		2026-07-09 19:13:15.725194	KhRG
a7ee89d7d144d57b8c04f5e1596201b8		2026-07-02 18:06:49.302791	KhRG
a7ee89d7d144d57b8c04f5e1596201b8		2026-07-02 18:09:15.844137	KhRG
a7ee89d7d144d57b8c04f5e1596201b8		2026-07-02 18:10:21.025168	KhRG
55e2dac6fc96180fdda350594aa1b896		2026-07-02 18:11:53.433764	KhRG
a3fa5971d7d8477d3e40d3bc5766e676		2026-07-02 18:12:55.419546	KhRG
a3fa5971d7d8477d3e40d3bc5766e676		2026-07-02 18:13:38.226826	KhRG
a7ee89d7d144d57b8c04f5e1596201b8		2026-07-02 18:14:10.463026	KhRG
a7ee89d7d144d57b8c04f5e1596201b8		2026-07-02 18:14:27.075754	KhRG
55e2dac6fc96180fdda350594aa1b896		2026-07-02 18:15:22.214845	KhRG
a3fa5971d7d8477d3e40d3bc5766e676		2026-07-02 18:17:27.217290	KhRG
a3fa5971d7d8477d3e40d3bc5766e676		2026-07-02 18:20:13.404141	KhRG
a7ee89d7d144d57b8c04f5e1596201b8		2026-07-02 18:20:15.614499	KhRG
ed0a0fec589664862c75c49979adf63d		2026-07-02 18:20:28.425042	KhRG
a3fa5971d7d8477d3e40d3bc5766e676		2026-07-02 18:22:05.298399	KhRG
a3fa5971d7d8477d3e40d3bc5766e676		2026-07-02 18:25:13.830280	KhRG
a7ee89d7d144d57b8c04f5e1596201b8		2026-07-02 18:25:41.599108	KhRG
a3fa5971d7d8477d3e40d3bc5766e676		2026-07-02 18:26:43.377188	KhRG
a3fa5971d7d8477d3e40d3bc5766e676		2026-07-02 18:28:37.640938	KhRG
a3fa5971d7d8477d3e40d3bc5766e676		2026-07-02 18:30:39.170517	KhRG
a3fa5971d7d8477d3e40d3bc5766e676		2026-07-02 18:31:29.788249	KhRG
a7ee89d7d144d57b8c04f5e1596201b8		2026-07-02 18:31:37.874312	KhRG
a3fa5971d7d8477d3e40d3bc5766e676		2026-07-02 18:32:33.461365	KhRG
a7ee89d7d144d57b8c04f5e1596201b8		2026-07-02 18:33:09.898104	KhRG
a3fa5971d7d8477d3e40d3bc5766e676		2026-07-02 18:33:45.064881	KhRG
a3fa5971d7d8477d3e40d3bc5766e676		2026-07-02 18:34:23.419635	KhRG
a7ee89d7d144d57b8c04f5e1596201b8		2026-07-02 18:35:00.811029	KhRG
55e2dac6fc96180fdda350594aa1b896		2026-07-02 18:35:05.978657	KhRG
55e2dac6fc96180fdda350594aa1b896		2026-07-02 18:38:17.310352	KhRG
a3fa5971d7d8477d3e40d3bc5766e676		2026-07-02 18:39:07.779158	KhRG
55e2dac6fc96180fdda350594aa1b896		2026-07-02 18:39:45.365296	KhRG
55e2dac6fc96180fdda350594aa1b896		2026-07-02 18:39:57.517988	KhRG
55e2dac6fc96180fdda350594aa1b896		2026-07-02 18:40:10.135271	KhRG
55e2dac6fc96180fdda350594aa1b896		2026-07-02 18:40:17.501102	KhRG
55e2dac6fc96180fdda350594aa1b896		2026-07-02 18:40:25.943937	KhRG
55e2dac6fc96180fdda350594aa1b896		2026-07-02 18:40:31.770769	KhRG
55e2dac6fc96180fdda350594aa1b896		2026-07-02 18:40:38.089742	KhRG
55e2dac6fc96180fdda350594aa1b896		2026-07-02 18:40:42.878915	KhRG
55e2dac6fc96180fdda350594aa1b896		2026-07-02 18:40:47.865679	KhRG
0abbe1c6cef9b0bde82192634371f74b		2026-07-10 20:52:25.910542	KhRG
55e2dac6fc96180fdda350594aa1b896		2026-07-02 18:42:10.808462	KhRG
55e2dac6fc96180fdda350594aa1b896		2026-07-02 18:43:08.481046	KhRG
a3fa5971d7d8477d3e40d3bc5766e676		2026-07-02 18:44:29.653303	KhRG
ed0a0fec589664862c75c49979adf63d		2026-07-02 19:29:40.980421	KhRG
ed0a0fec589664862c75c49979adf63d		2026-07-02 19:34:22.669341	KhRG
6b29fbfc3224aa8f9b8407ef065c61c0		2026-07-03 01:20:48.621874	KhRG
6b29fbfc3224aa8f9b8407ef065c61c0		2026-07-03 01:22:39.645737	KhRG
6b29fbfc3224aa8f9b8407ef065c61c0		2026-07-03 01:31:30.250058	KhRG
6b29fbfc3224aa8f9b8407ef065c61c0		2026-07-03 01:47:48.097506	KhRG
6b29fbfc3224aa8f9b8407ef065c61c0		2026-07-03 01:48:15.048920	KhRG
6b29fbfc3224aa8f9b8407ef065c61c0		2026-07-03 01:48:44.155880	KhRG
6b29fbfc3224aa8f9b8407ef065c61c0		2026-07-03 01:52:01.829064	KhRG
6b29fbfc3224aa8f9b8407ef065c61c0		2026-07-03 01:52:15.688960	KhRG
6b29fbfc3224aa8f9b8407ef065c61c0		2026-07-03 01:54:55.560935	KhRG
6b29fbfc3224aa8f9b8407ef065c61c0		2026-07-03 02:08:01.504659	KhRG
6b29fbfc3224aa8f9b8407ef065c61c0		2026-07-03 02:12:35.021328	KhRG
6b29fbfc3224aa8f9b8407ef065c61c0		2026-07-03 02:14:08.341065	KhRG
89899f3204b25010b2509e4df7f2783d		2026-07-03 03:46:00.348954	KhRG
89899f3204b25010b2509e4df7f2783d		2026-07-03 03:47:03.949579	KhRG
89899f3204b25010b2509e4df7f2783d		2026-07-03 03:47:50.385931	KhRG
89899f3204b25010b2509e4df7f2783d		2026-07-03 03:48:10.475934	KhRG
89899f3204b25010b2509e4df7f2783d		2026-07-03 03:49:19.603087	KhRG
89899f3204b25010b2509e4df7f2783d		2026-07-03 03:52:02.365504	KhRG
89899f3204b25010b2509e4df7f2783d		2026-07-03 03:52:42.402727	KhRG
89899f3204b25010b2509e4df7f2783d		2026-07-03 03:53:05.382674	KhRG
89899f3204b25010b2509e4df7f2783d		2026-07-03 03:55:13.740521	KhRG
89899f3204b25010b2509e4df7f2783d		2026-07-03 03:56:52.742891	KhRG
89899f3204b25010b2509e4df7f2783d		2026-07-03 03:58:27.238634	KhRG
89899f3204b25010b2509e4df7f2783d		2026-07-03 03:58:51.534003	KhRG
89899f3204b25010b2509e4df7f2783d		2026-07-03 03:59:37.942470	KhRG
89899f3204b25010b2509e4df7f2783d		2026-07-03 03:59:59.170266	KhRG
89899f3204b25010b2509e4df7f2783d		2026-07-03 04:00:17.047755	KhRG
89899f3204b25010b2509e4df7f2783d		2026-07-03 04:01:11.729231	KhRG
6f29bd2f58e41d4a19efba16768f50fb		2026-07-03 05:47:08.242534	KhRG
6f29bd2f58e41d4a19efba16768f50fb		2026-07-03 05:47:12.205700	KhRG
6f29bd2f58e41d4a19efba16768f50fb		2026-07-03 05:47:18.439517	KhRG
6f29bd2f58e41d4a19efba16768f50fb		2026-07-03 05:47:23.003221	KhRG
6f29bd2f58e41d4a19efba16768f50fb		2026-07-03 05:47:32.555587	KhRG
6f29bd2f58e41d4a19efba16768f50fb		2026-07-03 05:47:37.591698	KhRG
6f29bd2f58e41d4a19efba16768f50fb		2026-07-03 05:47:41.750885	KhRG
6f29bd2f58e41d4a19efba16768f50fb		2026-07-03 05:47:53.335431	KhRG
6f29bd2f58e41d4a19efba16768f50fb		2026-07-03 05:48:13.400029	KhRG
6f29bd2f58e41d4a19efba16768f50fb		2026-07-03 05:54:24.580057	KhRG
6f29bd2f58e41d4a19efba16768f50fb		2026-07-03 05:54:33.780104	KhRG
6f29bd2f58e41d4a19efba16768f50fb		2026-07-03 05:54:39.288404	KhRG
6f29bd2f58e41d4a19efba16768f50fb		2026-07-03 05:54:44.315333	KhRG
6f29bd2f58e41d4a19efba16768f50fb		2026-07-03 05:54:50.754090	KhRG
6f29bd2f58e41d4a19efba16768f50fb		2026-07-03 05:55:33.766521	KhRG
6f29bd2f58e41d4a19efba16768f50fb		2026-07-03 05:55:45.260844	KhRG
6f29bd2f58e41d4a19efba16768f50fb		2026-07-03 05:56:16.758944	KhRG
6f29bd2f58e41d4a19efba16768f50fb		2026-07-03 05:56:22.883628	KhRG
6f29bd2f58e41d4a19efba16768f50fb		2026-07-03 05:56:30.562490	KhRG
6f29bd2f58e41d4a19efba16768f50fb		2026-07-03 06:10:45.871591	KhRG
6f29bd2f58e41d4a19efba16768f50fb		2026-07-03 06:16:55.985525	KhRG
6f29bd2f58e41d4a19efba16768f50fb		2026-07-03 06:17:49.901278	KhRG
6f29bd2f58e41d4a19efba16768f50fb		2026-07-03 06:18:10.109439	KhRG
0abbe1c6cef9b0bde82192634371f74b		2026-07-10 20:53:31.651523	KhRG
6f29bd2f58e41d4a19efba16768f50fb		2026-07-03 06:19:54.055147	KhRG
6f29bd2f58e41d4a19efba16768f50fb		2026-07-03 06:20:00.055491	KhRG
6f29bd2f58e41d4a19efba16768f50fb		2026-07-03 06:20:06.384685	KhRG
89899f3204b25010b2509e4df7f2783d		2026-07-03 06:28:22.216035	KhRG
1e7bac6c48b9914b6e25c42714bcc836		2026-07-03 06:34:07.387684	KhRG
1e7bac6c48b9914b6e25c42714bcc836		2026-07-03 06:34:14.261472	KhRG
1e7bac6c48b9914b6e25c42714bcc836		2026-07-03 06:34:19.457163	KhRG
1e7bac6c48b9914b6e25c42714bcc836		2026-07-03 06:34:24.764866	KhRG
1e7bac6c48b9914b6e25c42714bcc836		2026-07-03 06:35:51.889352	KhRG
89899f3204b25010b2509e4df7f2783d		2026-07-03 06:57:48.367837	KhRG
89899f3204b25010b2509e4df7f2783d		2026-07-03 06:58:28.442954	KhRG
89899f3204b25010b2509e4df7f2783d		2026-07-03 06:58:54.044940	KhRG
89899f3204b25010b2509e4df7f2783d		2026-07-03 06:59:47.567777	KhRG
94ecff662315a41bf2477a2f8eb5089d		2026-07-03 08:04:27.026348	KhRG
94ecff662315a41bf2477a2f8eb5089d		2026-07-03 08:07:58.183832	KhRG
94ecff662315a41bf2477a2f8eb5089d		2026-07-03 08:08:57.596246	KhRG
94ecff662315a41bf2477a2f8eb5089d		2026-07-03 08:09:47.336862	KhRG
94ecff662315a41bf2477a2f8eb5089d		2026-07-03 08:13:33.659202	KhRG
94ecff662315a41bf2477a2f8eb5089d		2026-07-03 08:15:50.340477	KhRG
94ecff662315a41bf2477a2f8eb5089d		2026-07-03 08:16:24.085329	KhRG
94ecff662315a41bf2477a2f8eb5089d		2026-07-03 08:29:16.125911	KhRG
94ecff662315a41bf2477a2f8eb5089d		2026-07-03 08:29:54.487240	KhRG
94ecff662315a41bf2477a2f8eb5089d		2026-07-03 08:32:05.749038	KhRG
94ecff662315a41bf2477a2f8eb5089d		2026-07-03 08:32:50.422714	KhRG
94ecff662315a41bf2477a2f8eb5089d		2026-07-03 08:33:21.631222	KhRG
94ecff662315a41bf2477a2f8eb5089d		2026-07-03 08:33:58.203700	KhRG
94ecff662315a41bf2477a2f8eb5089d		2026-07-03 08:34:42.710060	KhRG
6f29bd2f58e41d4a19efba16768f50fb		2026-07-03 08:34:47.068067	KhRG
6f29bd2f58e41d4a19efba16768f50fb		2026-07-03 08:34:50.963572	KhRG
6f29bd2f58e41d4a19efba16768f50fb		2026-07-03 08:34:53.991037	KhRG
6f29bd2f58e41d4a19efba16768f50fb		2026-07-03 08:34:58.003968	KhRG
6f29bd2f58e41d4a19efba16768f50fb		2026-07-03 08:35:06.271073	KhRG
6f29bd2f58e41d4a19efba16768f50fb		2026-07-03 08:35:12.421025	KhRG
6f29bd2f58e41d4a19efba16768f50fb		2026-07-03 08:35:17.282431	KhRG
6f29bd2f58e41d4a19efba16768f50fb		2026-07-03 08:35:21.698433	KhRG
6f29bd2f58e41d4a19efba16768f50fb		2026-07-03 08:35:27.743242	KhRG
6f29bd2f58e41d4a19efba16768f50fb		2026-07-03 08:35:30.923338	KhRG
0abbe1c6cef9b0bde82192634371f74b		2026-07-10 20:54:50.797232	KhRG
6f29bd2f58e41d4a19efba16768f50fb		2026-07-03 08:35:37.780715	KhRG
6f29bd2f58e41d4a19efba16768f50fb		2026-07-03 08:35:50.944323	KhRG
6f29bd2f58e41d4a19efba16768f50fb		2026-07-03 08:35:56.813692	KhRG
6f29bd2f58e41d4a19efba16768f50fb		2026-07-03 08:36:02.712895	KhRG
6f29bd2f58e41d4a19efba16768f50fb		2026-07-03 08:37:13.143076	KhRG
94ecff662315a41bf2477a2f8eb5089d		2026-07-03 08:37:19.333351	KhRG
94ecff662315a41bf2477a2f8eb5089d		2026-07-03 08:38:18.241362	KhRG
94ecff662315a41bf2477a2f8eb5089d		2026-07-03 08:39:09.300082	KhRG
94ecff662315a41bf2477a2f8eb5089d		2026-07-03 08:39:50.255547	KhRG
94ecff662315a41bf2477a2f8eb5089d		2026-07-03 08:40:47.330798	KhRG
6f29bd2f58e41d4a19efba16768f50fb		2026-07-03 08:42:40.450581	KhRG
6f29bd2f58e41d4a19efba16768f50fb		2026-07-03 08:43:06.274791	KhRG
6f29bd2f58e41d4a19efba16768f50fb		2026-07-03 08:43:22.446867	KhRG
6f29bd2f58e41d4a19efba16768f50fb		2026-07-03 08:44:40.391273	KhRG
6f29bd2f58e41d4a19efba16768f50fb		2026-07-03 08:45:08.249239	KhRG
6f29bd2f58e41d4a19efba16768f50fb		2026-07-03 08:45:14.854424	KhRG
6f29bd2f58e41d4a19efba16768f50fb		2026-07-03 08:45:21.952627	KhRG
6f29bd2f58e41d4a19efba16768f50fb		2026-07-03 08:45:28.864106	KhRG
0abbe1c6cef9b0bde82192634371f74b		2026-07-10 20:57:25.857304	KhRG
6f29bd2f58e41d4a19efba16768f50fb		2026-07-03 08:45:34.688947	KhRG
6f29bd2f58e41d4a19efba16768f50fb		2026-07-03 08:45:41.719600	KhRG
6f29bd2f58e41d4a19efba16768f50fb		2026-07-03 08:47:24.022407	KhRG
6f29bd2f58e41d4a19efba16768f50fb		2026-07-03 08:47:41.566940	KhRG
6f29bd2f58e41d4a19efba16768f50fb		2026-07-03 08:49:32.306966	KhRG
ed0a0fec589664862c75c49979adf63d		2026-07-03 08:50:33.183049	KhRG
6f29bd2f58e41d4a19efba16768f50fb		2026-07-03 08:51:00.373946	KhRG
6f29bd2f58e41d4a19efba16768f50fb		2026-07-03 08:56:56.716998	KhRG
1e7bac6c48b9914b6e25c42714bcc836		2026-07-03 09:39:37.783331	KhRG
1e7bac6c48b9914b6e25c42714bcc836		2026-07-03 09:41:06.397131	KhRG
64b41acd319848b1fecef9e2facfc796		2026-07-03 09:43:50.437048	KhRG
64b41acd319848b1fecef9e2facfc796		2026-07-03 09:44:47.803215	KhRG
1e7bac6c48b9914b6e25c42714bcc836		2026-07-03 09:44:54.628287	KhRG
1e7bac6c48b9914b6e25c42714bcc836		2026-07-03 09:44:57.214345	KhRG
1e7bac6c48b9914b6e25c42714bcc836		2026-07-03 09:45:00.427350	KhRG
64b41acd319848b1fecef9e2facfc796		2026-07-03 09:46:10.675159	KhRG
1e7bac6c48b9914b6e25c42714bcc836		2026-07-03 09:46:39.385926	KhRG
1e7bac6c48b9914b6e25c42714bcc836		2026-07-03 09:47:41.191703	KhRG
64b41acd319848b1fecef9e2facfc796		2026-07-03 09:51:26.803780	KhRG
64b41acd319848b1fecef9e2facfc796		2026-07-03 10:00:50.648260	KhRG
64b41acd319848b1fecef9e2facfc796		2026-07-03 10:02:31.181393	KhRG
a01633d7055910a7fbe469b97c6d5779		2026-07-03 10:20:10.597432	KhRG
a01633d7055910a7fbe469b97c6d5779		2026-07-03 10:21:55.645307	KhRG
a01633d7055910a7fbe469b97c6d5779		2026-07-03 10:22:24.774748	KhRG
1e7bac6c48b9914b6e25c42714bcc836		2026-07-03 10:24:35.276184	KhRG
1e7bac6c48b9914b6e25c42714bcc836		2026-07-03 10:25:51.812363	KhRG
a01633d7055910a7fbe469b97c6d5779		2026-07-03 10:28:25.666248	KhRG
a01633d7055910a7fbe469b97c6d5779		2026-07-03 10:29:52.945099	KhRG
94ecff662315a41bf2477a2f8eb5089d		2026-07-03 10:30:48.372293	KhRG
94ecff662315a41bf2477a2f8eb5089d		2026-07-03 10:31:57.780355	KhRG
a01633d7055910a7fbe469b97c6d5779		2026-07-03 10:32:27.837832	KhRG
94ecff662315a41bf2477a2f8eb5089d		2026-07-03 10:33:45.659809	KhRG
94ecff662315a41bf2477a2f8eb5089d		2026-07-03 10:35:00.795828	KhRG
a01633d7055910a7fbe469b97c6d5779		2026-07-03 10:36:09.983983	KhRG
94ecff662315a41bf2477a2f8eb5089d		2026-07-03 10:36:35.966895	KhRG
94ecff662315a41bf2477a2f8eb5089d		2026-07-03 10:38:01.854484	KhRG
a01633d7055910a7fbe469b97c6d5779		2026-07-03 10:39:28.957969	KhRG
94ecff662315a41bf2477a2f8eb5089d		2026-07-03 10:43:02.151862	KhRG
94ecff662315a41bf2477a2f8eb5089d		2026-07-03 10:43:40.866631	KhRG
94ecff662315a41bf2477a2f8eb5089d		2026-07-03 10:45:59.838782	KhRG
94ecff662315a41bf2477a2f8eb5089d		2026-07-03 10:46:28.982342	KhRG
94ecff662315a41bf2477a2f8eb5089d		2026-07-03 10:47:12.523580	KhRG
94ecff662315a41bf2477a2f8eb5089d		2026-07-03 10:47:24.712329	KhRG
1e7bac6c48b9914b6e25c42714bcc836		2026-07-03 10:47:54.515401	KhRG
1e7bac6c48b9914b6e25c42714bcc836		2026-07-03 10:51:24.399992	KhRG
a8235f2eddebe69991ab226c8dc90ed7		2026-07-03 11:07:19.872498	KhRG
94ecff662315a41bf2477a2f8eb5089d		2026-07-03 11:16:02.224807	KhRG
94ecff662315a41bf2477a2f8eb5089d		2026-07-03 11:17:43.765100	KhRG
1e7bac6c48b9914b6e25c42714bcc836		2026-07-03 11:21:35.997527	KhRG
1e7bac6c48b9914b6e25c42714bcc836		2026-07-03 11:23:43.775567	KhRG
94ecff662315a41bf2477a2f8eb5089d		2026-07-03 11:31:56.536268	KhRG
94ecff662315a41bf2477a2f8eb5089d		2026-07-03 11:32:41.837683	KhRG
94ecff662315a41bf2477a2f8eb5089d		2026-07-03 11:32:55.628344	KhRG
94ecff662315a41bf2477a2f8eb5089d		2026-07-03 11:33:27.996355	KhRG
94ecff662315a41bf2477a2f8eb5089d		2026-07-03 11:33:50.263957	KhRG
94ecff662315a41bf2477a2f8eb5089d		2026-07-03 11:34:34.145928	KhRG
94ecff662315a41bf2477a2f8eb5089d		2026-07-03 11:43:46.188750	KhRG
94ecff662315a41bf2477a2f8eb5089d		2026-07-03 11:43:56.499694	KhRG
94ecff662315a41bf2477a2f8eb5089d		2026-07-03 11:45:19.365597	KhRG
1e7bac6c48b9914b6e25c42714bcc836		2026-07-03 11:48:29.787647	KhRG
94ecff662315a41bf2477a2f8eb5089d		2026-07-03 11:50:46.313676	KhRG
94ecff662315a41bf2477a2f8eb5089d		2026-07-03 11:51:15.197100	KhRG
94ecff662315a41bf2477a2f8eb5089d		2026-07-03 11:51:55.402314	KhRG
94ecff662315a41bf2477a2f8eb5089d		2026-07-03 11:52:24.665246	KhRG
94ecff662315a41bf2477a2f8eb5089d		2026-07-03 11:52:40.727405	KhRG
94ecff662315a41bf2477a2f8eb5089d		2026-07-03 11:52:55.378800	KhRG
94ecff662315a41bf2477a2f8eb5089d		2026-07-03 11:53:23.323960	KhRG
94ecff662315a41bf2477a2f8eb5089d		2026-07-03 11:54:05.461279	KhRG
94ecff662315a41bf2477a2f8eb5089d		2026-07-03 11:55:39.362833	KhRG
94ecff662315a41bf2477a2f8eb5089d		2026-07-03 11:55:54.906188	KhRG
94ecff662315a41bf2477a2f8eb5089d		2026-07-03 11:57:21.899381	KhRG
94ecff662315a41bf2477a2f8eb5089d		2026-07-03 11:57:46.176319	KhRG
1e7bac6c48b9914b6e25c42714bcc836		2026-07-03 12:01:13.763101	KhRG
94ecff662315a41bf2477a2f8eb5089d		2026-07-03 12:05:33.442694	KhRG
94ecff662315a41bf2477a2f8eb5089d		2026-07-03 12:05:53.227173	KhRG
0abbe1c6cef9b0bde82192634371f74b		2026-07-10 20:57:56.507076	KhRG
94ecff662315a41bf2477a2f8eb5089d		2026-07-03 12:08:48.277407	KhRG
94ecff662315a41bf2477a2f8eb5089d		2026-07-03 12:09:12.221619	KhRG
94ecff662315a41bf2477a2f8eb5089d		2026-07-03 12:09:27.881810	KhRG
94ecff662315a41bf2477a2f8eb5089d		2026-07-03 12:11:59.706845	KhRG
94ecff662315a41bf2477a2f8eb5089d		2026-07-03 12:13:11.377940	KhRG
a01633d7055910a7fbe469b97c6d5779		2026-07-03 12:15:42.414662	KhRG
6b29fbfc3224aa8f9b8407ef065c61c0		2026-07-03 12:21:30.384537	KhRG
a01633d7055910a7fbe469b97c6d5779		2026-07-03 12:22:51.883084	KhRG
a01633d7055910a7fbe469b97c6d5779		2026-07-03 12:23:57.893352	KhRG
6b29fbfc3224aa8f9b8407ef065c61c0		2026-07-03 12:24:16.952403	KhRG
a01633d7055910a7fbe469b97c6d5779		2026-07-03 12:25:04.231411	KhRG
a01633d7055910a7fbe469b97c6d5779		2026-07-03 12:25:38.251772	KhRG
ed0a0fec589664862c75c49979adf63d		2026-07-03 12:26:08.023402	KhRG
1836887b3ce8f20381fcae53a53b7f00		2026-07-03 12:36:17.429797	KhRG
6b29fbfc3224aa8f9b8407ef065c61c0		2026-07-03 12:47:19.198316	KhRG
1836887b3ce8f20381fcae53a53b7f00		2026-07-03 12:47:59.786178	KhRG
1836887b3ce8f20381fcae53a53b7f00		2026-07-03 12:48:39.074859	KhRG
1836887b3ce8f20381fcae53a53b7f00		2026-07-03 12:54:13.594612	KhRG
94ecff662315a41bf2477a2f8eb5089d		2026-07-03 12:55:29.962989	KhRG
94ecff662315a41bf2477a2f8eb5089d		2026-07-03 12:55:44.479021	KhRG
0abbe1c6cef9b0bde82192634371f74b		2026-07-10 20:58:27.989906	KhRG
1836887b3ce8f20381fcae53a53b7f00		2026-07-03 12:56:19.682866	KhRG
6b29fbfc3224aa8f9b8407ef065c61c0		2026-07-03 12:56:51.177999	KhRG
6b29fbfc3224aa8f9b8407ef065c61c0		2026-07-03 13:00:22.452758	KhRG
6b29fbfc3224aa8f9b8407ef065c61c0		2026-07-03 13:00:52.294636	KhRG
a7ee89d7d144d57b8c04f5e1596201b8		2026-07-03 13:22:57.202934	KhRG
a7ee89d7d144d57b8c04f5e1596201b8		2026-07-03 13:24:48.174628	KhRG
c865fb05433b70f6a93585fe6d47ab37		2026-07-03 13:29:30.022037	KhRG
c865fb05433b70f6a93585fe6d47ab37		2026-07-03 13:30:44.411103	KhRG
c865fb05433b70f6a93585fe6d47ab37		2026-07-03 13:31:30.083217	KhRG
a7ee89d7d144d57b8c04f5e1596201b8		2026-07-03 13:55:53.956808	KhRG
a7ee89d7d144d57b8c04f5e1596201b8		2026-07-03 13:56:34.048612	KhRG
a7ee89d7d144d57b8c04f5e1596201b8		2026-07-03 13:56:46.452659	KhRG
a7ee89d7d144d57b8c04f5e1596201b8		2026-07-03 13:57:45.739589	KhRG
a7ee89d7d144d57b8c04f5e1596201b8		2026-07-03 13:58:34.488826	KhRG
a7ee89d7d144d57b8c04f5e1596201b8		2026-07-03 13:59:34.000964	KhRG
55e2dac6fc96180fdda350594aa1b896		2026-07-03 14:06:58.730436	KhRG
55e2dac6fc96180fdda350594aa1b896		2026-07-03 14:08:36.850386	KhRG
55e2dac6fc96180fdda350594aa1b896		2026-07-03 14:09:14.311941	KhRG
55e2dac6fc96180fdda350594aa1b896		2026-07-03 14:10:03.327469	KhRG
55e2dac6fc96180fdda350594aa1b896		2026-07-03 14:10:41.336313	KhRG
55e2dac6fc96180fdda350594aa1b896		2026-07-03 14:10:45.943222	KhRG
55e2dac6fc96180fdda350594aa1b896		2026-07-03 14:10:57.689644	KhRG
55e2dac6fc96180fdda350594aa1b896		2026-07-03 14:11:03.223774	KhRG
55e2dac6fc96180fdda350594aa1b896		2026-07-03 14:11:07.730909	KhRG
55e2dac6fc96180fdda350594aa1b896		2026-07-03 14:11:14.582030	KhRG
55e2dac6fc96180fdda350594aa1b896		2026-07-03 15:08:35.818158	KhRG
55e2dac6fc96180fdda350594aa1b896		2026-07-03 15:08:40.816781	KhRG
55e2dac6fc96180fdda350594aa1b896		2026-07-03 15:08:45.459115	KhRG
55e2dac6fc96180fdda350594aa1b896		2026-07-03 15:08:50.892175	KhRG
55e2dac6fc96180fdda350594aa1b896		2026-07-03 15:08:57.268780	KhRG
55e2dac6fc96180fdda350594aa1b896		2026-07-03 15:09:08.156823	KhRG
55e2dac6fc96180fdda350594aa1b896		2026-07-03 15:09:12.775100	KhRG
55e2dac6fc96180fdda350594aa1b896		2026-07-03 15:09:35.410883	KhRG
55e2dac6fc96180fdda350594aa1b896		2026-07-03 15:09:41.118811	KhRG
55e2dac6fc96180fdda350594aa1b896		2026-07-03 15:09:46.240936	KhRG
55e2dac6fc96180fdda350594aa1b896		2026-07-03 15:09:50.845195	KhRG
6b29fbfc3224aa8f9b8407ef065c61c0		2026-07-03 15:17:31.430661	KhRG
6b29fbfc3224aa8f9b8407ef065c61c0		2026-07-03 15:27:34.800226	KhRG
55e2dac6fc96180fdda350594aa1b896		2026-07-03 15:43:25.864542	KhRG
55e2dac6fc96180fdda350594aa1b896		2026-07-03 15:43:42.719197	KhRG
55e2dac6fc96180fdda350594aa1b896		2026-07-03 15:45:49.948720	KhRG
55e2dac6fc96180fdda350594aa1b896		2026-07-03 15:49:15.940625	KhRG
55e2dac6fc96180fdda350594aa1b896		2026-07-03 15:49:37.827890	KhRG
55e2dac6fc96180fdda350594aa1b896		2026-07-03 16:03:23.867108	KhRG
55e2dac6fc96180fdda350594aa1b896		2026-07-03 16:04:35.820513	KhRG
55e2dac6fc96180fdda350594aa1b896		2026-07-03 16:06:25.033339	KhRG
55e2dac6fc96180fdda350594aa1b896		2026-07-03 16:08:35.787797	KhRG
55e2dac6fc96180fdda350594aa1b896		2026-07-03 16:08:45.712539	KhRG
55e2dac6fc96180fdda350594aa1b896		2026-07-03 16:09:02.428618	KhRG
24ecb3604b56af1e9e8d55eb12fe9629		2026-07-03 16:10:36.625957	KhRG
ebb7c4269ac1c91da9d699a6332066bf		2026-07-03 16:11:39.203778	KhRG
55e2dac6fc96180fdda350594aa1b896		2026-07-03 16:13:19.396812	KhRG
55e2dac6fc96180fdda350594aa1b896		2026-07-03 16:13:41.362875	KhRG
55e2dac6fc96180fdda350594aa1b896		2026-07-03 16:13:47.059723	KhRG
55e2dac6fc96180fdda350594aa1b896		2026-07-03 16:13:53.503159	KhRG
ebb7c4269ac1c91da9d699a6332066bf		2026-07-03 16:15:27.162692	KhRG
ebb7c4269ac1c91da9d699a6332066bf		2026-07-03 16:15:39.740797	KhRG
ebb7c4269ac1c91da9d699a6332066bf		2026-07-03 16:23:05.965592	KhRG
0abbe1c6cef9b0bde82192634371f74b		2026-07-10 20:58:59.935904	KhRG
24ecb3604b56af1e9e8d55eb12fe9629		2026-07-03 16:38:56.666163	KhRG
24ecb3604b56af1e9e8d55eb12fe9629		2026-07-03 16:56:06.574457	KhRG
24ecb3604b56af1e9e8d55eb12fe9629		2026-07-03 17:07:57.864093	KhRG
24ecb3604b56af1e9e8d55eb12fe9629		2026-07-03 17:11:16.295067	KhRG
1e7bac6c48b9914b6e25c42714bcc836		2026-07-03 17:38:13.714397	KhRG
1e7bac6c48b9914b6e25c42714bcc836		2026-07-03 17:44:45.825663	KhRG
b903728f1badaa76dd11464b054a0c3b		2026-07-03 18:01:19.382082	KhRG
b903728f1badaa76dd11464b054a0c3b		2026-07-03 18:04:11.218770	KhRG
b903728f1badaa76dd11464b054a0c3b		2026-07-03 18:04:59.355279	KhRG
1e7bac6c48b9914b6e25c42714bcc836		2026-07-03 18:05:06.411519	KhRG
1e7bac6c48b9914b6e25c42714bcc836		2026-07-03 18:06:03.491959	KhRG
1e7bac6c48b9914b6e25c42714bcc836		2026-07-03 18:08:07.735507	KhRG
1e7bac6c48b9914b6e25c42714bcc836		2026-07-03 18:16:57.169308	KhRG
ebb7c4269ac1c91da9d699a6332066bf		2026-07-03 20:28:36.819500	KhRG
ebb7c4269ac1c91da9d699a6332066bf		2026-07-03 20:28:51.550022	KhRG
ebb7c4269ac1c91da9d699a6332066bf		2026-07-03 20:34:59.534782	KhRG
ebb7c4269ac1c91da9d699a6332066bf		2026-07-03 20:42:36.481985	KhRG
ebb7c4269ac1c91da9d699a6332066bf		2026-07-03 20:49:58.310814	KhRG
6b29fbfc3224aa8f9b8407ef065c61c0		2026-07-03 23:28:39.831441	KhRG
6b29fbfc3224aa8f9b8407ef065c61c0		2026-07-03 23:29:20.700457	KhRG
6b29fbfc3224aa8f9b8407ef065c61c0		2026-07-03 23:34:56.957277	KhRG
6b29fbfc3224aa8f9b8407ef065c61c0		2026-07-03 23:42:50.934628	KhRG
6b29fbfc3224aa8f9b8407ef065c61c0		2026-07-03 23:46:12.307258	KhRG
6b29fbfc3224aa8f9b8407ef065c61c0		2026-07-03 23:46:17.644379	KhRG
6b29fbfc3224aa8f9b8407ef065c61c0		2026-07-03 23:48:00.159960	KhRG
6b29fbfc3224aa8f9b8407ef065c61c0		2026-07-03 23:48:41.470824	KhRG
6b29fbfc3224aa8f9b8407ef065c61c0		2026-07-03 23:53:50.543745	KhRG
6b29fbfc3224aa8f9b8407ef065c61c0		2026-07-03 23:58:05.657216	KhRG
ac77a81548ac57d675c2569d72bc9593		2026-07-04 06:08:04.693779	KhRG
b0d0c0b3c7b9d68d2added874ee183f8		2026-07-04 06:19:23.408146	KhRG
b0d0c0b3c7b9d68d2added874ee183f8		2026-07-04 06:35:20.904365	KhRG
b0d0c0b3c7b9d68d2added874ee183f8		2026-07-04 07:01:42.432035	KhRG
2d5874f114f8caca6114f7077629f5ce		2026-07-04 07:16:50.145773	KhRG
91fc16c7ee6f1dd5923d17a0cbb4842d		2026-07-04 07:20:32.369722	KhRG
91fc16c7ee6f1dd5923d17a0cbb4842d		2026-07-04 07:22:06.662830	KhRG
91fc16c7ee6f1dd5923d17a0cbb4842d		2026-07-04 07:27:14.452647	KhRG
91fc16c7ee6f1dd5923d17a0cbb4842d		2026-07-04 07:28:33.553197	KhRG
91fc16c7ee6f1dd5923d17a0cbb4842d		2026-07-04 07:31:53.002356	KhRG
91fc16c7ee6f1dd5923d17a0cbb4842d		2026-07-04 07:34:07.539629	KhRG
91fc16c7ee6f1dd5923d17a0cbb4842d		2026-07-04 07:36:31.737251	KhRG
2d5874f114f8caca6114f7077629f5ce		2026-07-04 07:36:48.772831	KhRG
2d5874f114f8caca6114f7077629f5ce		2026-07-04 07:37:18.958245	KhRG
91fc16c7ee6f1dd5923d17a0cbb4842d		2026-07-04 07:42:00.510320	KhRG
2d5874f114f8caca6114f7077629f5ce		2026-07-04 07:48:09.378717	KhRG
91fc16c7ee6f1dd5923d17a0cbb4842d		2026-07-04 07:48:48.387389	KhRG
b0d0c0b3c7b9d68d2added874ee183f8		2026-07-04 08:13:01.286053	KhRG
91fc16c7ee6f1dd5923d17a0cbb4842d		2026-07-04 08:37:52.546210	KhRG
2d5874f114f8caca6114f7077629f5ce		2026-07-04 09:12:26.397098	KhRG
91fc16c7ee6f1dd5923d17a0cbb4842d		2026-07-04 09:17:24.538282	KhRG
91fc16c7ee6f1dd5923d17a0cbb4842d		2026-07-04 09:29:58.755674	KhRG
2d5874f114f8caca6114f7077629f5ce		2026-07-04 09:37:24.374466	KhRG
91fc16c7ee6f1dd5923d17a0cbb4842d		2026-07-04 09:44:21.682837	KhRG
91fc16c7ee6f1dd5923d17a0cbb4842d		2026-07-04 10:05:19.461947	KhRG
91fc16c7ee6f1dd5923d17a0cbb4842d		2026-07-04 10:05:56.923127	KhRG
91fc16c7ee6f1dd5923d17a0cbb4842d		2026-07-04 10:07:19.708065	KhRG
91fc16c7ee6f1dd5923d17a0cbb4842d		2026-07-04 10:10:37.598717	KhRG
91fc16c7ee6f1dd5923d17a0cbb4842d		2026-07-04 10:10:57.825006	KhRG
0abbe1c6cef9b0bde82192634371f74b		2026-07-10 20:59:50.970467	KhRG
91fc16c7ee6f1dd5923d17a0cbb4842d		2026-07-04 10:13:36.402304	KhRG
bba10d60146288bedb1e51534223e906		2026-07-04 10:39:08.465815	KhRG
bba10d60146288bedb1e51534223e906		2026-07-04 11:48:15.917728	KhRG
bba10d60146288bedb1e51534223e906		2026-07-04 12:07:41.368242	KhRG
bba10d60146288bedb1e51534223e906		2026-07-04 12:08:57.517576	KhRG
bba10d60146288bedb1e51534223e906		2026-07-04 12:11:18.836958	KhRG
bba10d60146288bedb1e51534223e906		2026-07-04 12:12:14.911422	KhRG
bba10d60146288bedb1e51534223e906		2026-07-04 12:12:56.102679	KhRG
bba10d60146288bedb1e51534223e906		2026-07-04 12:13:13.072316	KhRG
bba10d60146288bedb1e51534223e906		2026-07-04 12:13:49.509511	KhRG
bba10d60146288bedb1e51534223e906		2026-07-04 12:25:21.302118	KhRG
bba10d60146288bedb1e51534223e906		2026-07-04 12:26:06.189604	KhRG
bba10d60146288bedb1e51534223e906		2026-07-04 12:26:36.268547	KhRG
bba10d60146288bedb1e51534223e906		2026-07-04 12:30:00.900423	KhRG
bba10d60146288bedb1e51534223e906		2026-07-04 12:36:10.785595	KhRG
bba10d60146288bedb1e51534223e906		2026-07-04 12:37:02.508396	KhRG
bba10d60146288bedb1e51534223e906		2026-07-04 12:51:04.213984	KhRG
bba10d60146288bedb1e51534223e906		2026-07-04 12:52:52.222008	KhRG
1836887b3ce8f20381fcae53a53b7f00		2026-07-04 13:12:52.411369	KhRG
1836887b3ce8f20381fcae53a53b7f00		2026-07-04 13:13:19.170256	KhRG
1836887b3ce8f20381fcae53a53b7f00		2026-07-04 13:15:25.521753	KhRG
1836887b3ce8f20381fcae53a53b7f00		2026-07-04 13:15:36.456895	KhRG
1836887b3ce8f20381fcae53a53b7f00		2026-07-04 13:23:30.571880	KhRG
1836887b3ce8f20381fcae53a53b7f00		2026-07-04 13:25:14.314603	KhRG
1836887b3ce8f20381fcae53a53b7f00		2026-07-04 13:33:23.514058	KhRG
1e7bac6c48b9914b6e25c42714bcc836		2026-07-04 14:35:22.531901	KhRG
7f2aa5a8a415c1ec1d20f08ec57d927c		2026-07-04 15:04:27.083622	KhRG
7f2aa5a8a415c1ec1d20f08ec57d927c		2026-07-04 15:05:08.275229	KhRG
7f2aa5a8a415c1ec1d20f08ec57d927c		2026-07-04 15:11:59.641190	KhRG
7f2aa5a8a415c1ec1d20f08ec57d927c		2026-07-04 15:12:50.017893	KhRG
1e7bac6c48b9914b6e25c42714bcc836		2026-07-04 15:19:26.292427	KhRG
1e7bac6c48b9914b6e25c42714bcc836		2026-07-04 15:19:26.457369	KhRG
91fc16c7ee6f1dd5923d17a0cbb4842d		2026-07-04 15:39:05.323076	KhRG
91fc16c7ee6f1dd5923d17a0cbb4842d		2026-07-04 15:39:30.747979	KhRG
91fc16c7ee6f1dd5923d17a0cbb4842d		2026-07-04 15:41:24.851738	KhRG
91fc16c7ee6f1dd5923d17a0cbb4842d		2026-07-04 15:43:39.471629	KhRG
91fc16c7ee6f1dd5923d17a0cbb4842d		2026-07-04 15:52:08.242466	KhRG
91fc16c7ee6f1dd5923d17a0cbb4842d		2026-07-04 15:52:27.514197	KhRG
91fc16c7ee6f1dd5923d17a0cbb4842d		2026-07-04 15:53:22.384030	KhRG
0abbe1c6cef9b0bde82192634371f74b		2026-07-10 21:04:14.567379	KhRG
91fc16c7ee6f1dd5923d17a0cbb4842d		2026-07-04 15:54:15.852330	KhRG
1e7bac6c48b9914b6e25c42714bcc836		2026-07-04 15:54:58.934679	KhRG
91fc16c7ee6f1dd5923d17a0cbb4842d		2026-07-04 15:55:12.809536	KhRG
24ecb3604b56af1e9e8d55eb12fe9629		2026-07-04 15:56:16.140270	KhRG
91fc16c7ee6f1dd5923d17a0cbb4842d		2026-07-04 15:57:21.161262	KhRG
e1318872b2a2be6589a6d267f7832035		2026-07-04 15:57:42.665176	KhRG
e1318872b2a2be6589a6d267f7832035		2026-07-04 15:58:04.873921	KhRG
e1318872b2a2be6589a6d267f7832035		2026-07-04 15:58:38.061316	KhRG
1e7bac6c48b9914b6e25c42714bcc836		2026-07-04 15:59:41.458897	KhRG
1e7bac6c48b9914b6e25c42714bcc836		2026-07-04 15:59:50.373910	KhRG
24ecb3604b56af1e9e8d55eb12fe9629		2026-07-04 16:05:59.050493	KhRG
ebb7c4269ac1c91da9d699a6332066bf		2026-07-04 16:24:20.949397	KhRG
24ecb3604b56af1e9e8d55eb12fe9629		2026-07-04 16:25:37.726537	KhRG
a8f760f5e469e4a4f35974f0bbf75f3a		2026-07-04 16:26:37.157956	KhRG
a8f760f5e469e4a4f35974f0bbf75f3a		2026-07-04 16:27:36.369427	KhRG
ebb7c4269ac1c91da9d699a6332066bf		2026-07-04 16:28:18.805251	KhRG
ebb7c4269ac1c91da9d699a6332066bf		2026-07-04 16:28:54.702741	KhRG
ebb7c4269ac1c91da9d699a6332066bf		2026-07-04 16:29:31.432565	KhRG
ebb7c4269ac1c91da9d699a6332066bf		2026-07-04 16:33:40.158813	KhRG
ebb7c4269ac1c91da9d699a6332066bf		2026-07-04 16:39:11.039677	KhRG
ebb7c4269ac1c91da9d699a6332066bf		2026-07-04 16:39:39.351171	KhRG
ebb7c4269ac1c91da9d699a6332066bf		2026-07-04 16:44:54.196012	KhRG
ebb7c4269ac1c91da9d699a6332066bf		2026-07-04 16:46:36.876686	KhRG
ebb7c4269ac1c91da9d699a6332066bf		2026-07-04 16:46:57.000457	KhRG
ebb7c4269ac1c91da9d699a6332066bf		2026-07-04 16:47:11.484805	KhRG
ebb7c4269ac1c91da9d699a6332066bf		2026-07-04 16:47:25.678658	KhRG
ebb7c4269ac1c91da9d699a6332066bf		2026-07-04 16:47:38.451192	KhRG
ebb7c4269ac1c91da9d699a6332066bf		2026-07-04 16:48:04.206110	KhRG
ebb7c4269ac1c91da9d699a6332066bf		2026-07-04 16:48:32.395102	KhRG
ebb7c4269ac1c91da9d699a6332066bf		2026-07-04 16:58:29.155283	KhRG
ebb7c4269ac1c91da9d699a6332066bf		2026-07-04 17:01:47.898509	KhRG
ebb7c4269ac1c91da9d699a6332066bf		2026-07-04 17:03:02.145826	KhRG
ebb7c4269ac1c91da9d699a6332066bf		2026-07-04 17:03:33.022248	KhRG
ebb7c4269ac1c91da9d699a6332066bf		2026-07-04 17:03:39.189471	KhRG
ebb7c4269ac1c91da9d699a6332066bf		2026-07-04 17:03:44.741081	KhRG
ebb7c4269ac1c91da9d699a6332066bf		2026-07-04 17:04:15.499363	KhRG
ebb7c4269ac1c91da9d699a6332066bf		2026-07-04 17:04:41.191296	KhRG
ebb7c4269ac1c91da9d699a6332066bf		2026-07-04 17:05:06.446398	KhRG
ebb7c4269ac1c91da9d699a6332066bf		2026-07-04 17:05:12.014070	KhRG
ebb7c4269ac1c91da9d699a6332066bf		2026-07-04 17:05:53.414760	KhRG
434cda94e757319ac27f5ce041d27002		2026-07-04 18:40:34.608707	KhRG
434cda94e757319ac27f5ce041d27002		2026-07-04 18:41:39.636751	KhRG
434cda94e757319ac27f5ce041d27002		2026-07-04 18:42:27.332953	KhRG
434cda94e757319ac27f5ce041d27002		2026-07-04 18:55:25.437596	KhRG
434cda94e757319ac27f5ce041d27002		2026-07-04 18:55:42.048029	KhRG
434cda94e757319ac27f5ce041d27002		2026-07-04 18:56:35.562579	KhRG
434cda94e757319ac27f5ce041d27002		2026-07-04 18:57:21.726125	KhRG
434cda94e757319ac27f5ce041d27002		2026-07-04 18:57:37.027288	KhRG
1836887b3ce8f20381fcae53a53b7f00		2026-07-04 20:02:18.733012	KhRG
1836887b3ce8f20381fcae53a53b7f00		2026-07-04 20:02:28.675358	KhRG
1836887b3ce8f20381fcae53a53b7f00		2026-07-04 20:02:54.010709	KhRG
1836887b3ce8f20381fcae53a53b7f00		2026-07-04 20:03:32.484702	KhRG
1836887b3ce8f20381fcae53a53b7f00		2026-07-04 20:03:55.859154	KhRG
6a5509f1e24c15da9daf8d458e3c954b		2026-07-04 20:32:05.591358	KhRG
6a5509f1e24c15da9daf8d458e3c954b		2026-07-04 20:33:37.594057	KhRG
6a5509f1e24c15da9daf8d458e3c954b		2026-07-04 20:34:49.242018	KhRG
ebb7c4269ac1c91da9d699a6332066bf		2026-07-04 23:02:55.239390	KhRG
ebb7c4269ac1c91da9d699a6332066bf		2026-07-04 23:03:53.362094	KhRG
ebb7c4269ac1c91da9d699a6332066bf		2026-07-04 23:04:28.440402	KhRG
ebb7c4269ac1c91da9d699a6332066bf		2026-07-04 23:05:38.306634	KhRG
ebb7c4269ac1c91da9d699a6332066bf		2026-07-04 23:06:20.272497	KhRG
ebb7c4269ac1c91da9d699a6332066bf		2026-07-04 23:07:57.339779	KhRG
ebb7c4269ac1c91da9d699a6332066bf		2026-07-04 23:26:57.209311	KhRG
24ecb3604b56af1e9e8d55eb12fe9629		2026-07-05 05:18:38.276612	KhRG
24ecb3604b56af1e9e8d55eb12fe9629		2026-07-05 05:33:12.111381	KhRG
24ecb3604b56af1e9e8d55eb12fe9629		2026-07-05 05:43:34.386753	KhRG
24ecb3604b56af1e9e8d55eb12fe9629		2026-07-05 06:02:59.856123	KhRG
24ecb3604b56af1e9e8d55eb12fe9629		2026-07-05 06:13:18.336744	KhRG
24ecb3604b56af1e9e8d55eb12fe9629		2026-07-05 06:28:53.032451	KhRG
24ecb3604b56af1e9e8d55eb12fe9629		2026-07-05 06:29:54.326301	KhRG
24ecb3604b56af1e9e8d55eb12fe9629		2026-07-05 06:31:22.323345	KhRG
24ecb3604b56af1e9e8d55eb12fe9629		2026-07-05 06:32:24.561867	KhRG
24ecb3604b56af1e9e8d55eb12fe9629		2026-07-05 07:11:33.464282	KhRG
24ecb3604b56af1e9e8d55eb12fe9629		2026-07-05 07:12:33.882016	KhRG
24ecb3604b56af1e9e8d55eb12fe9629		2026-07-05 07:16:04.874727	KhRG
24ecb3604b56af1e9e8d55eb12fe9629		2026-07-05 07:17:48.546735	KhRG
25fe4939651dffca818cbc036be9ded7		2026-07-05 07:44:18.677781	KhRG
25fe4939651dffca818cbc036be9ded7		2026-07-05 07:45:34.466792	KhRG
25fe4939651dffca818cbc036be9ded7		2026-07-05 07:56:32.013788	KhRG
0132c74a30b8b30891549b1f07fbac5e		2026-07-05 07:57:30.711664	KhRG
0132c74a30b8b30891549b1f07fbac5e		2026-07-05 07:58:24.495975	KhRG
25fe4939651dffca818cbc036be9ded7		2026-07-05 07:58:31.719959	KhRG
25fe4939651dffca818cbc036be9ded7		2026-07-05 07:59:36.261667	KhRG
25fe4939651dffca818cbc036be9ded7		2026-07-05 08:00:35.664160	KhRG
25fe4939651dffca818cbc036be9ded7		2026-07-05 08:01:46.511524	KhRG
25fe4939651dffca818cbc036be9ded7		2026-07-05 08:03:18.368888	KhRG
b6fb68a3ee5b7eaa77e0298656c4669b		2026-07-05 09:18:07.542934	KhRG
b6fb68a3ee5b7eaa77e0298656c4669b		2026-07-05 09:18:48.007393	KhRG
0fc2d33c3139daa7531e977803898878		2026-07-05 10:32:54.570799	KhRG
0fc2d33c3139daa7531e977803898878		2026-07-05 10:34:27.112372	KhRG
0fc2d33c3139daa7531e977803898878		2026-07-05 10:34:54.788893	KhRG
0fc2d33c3139daa7531e977803898878		2026-07-05 10:35:40.037955	KhRG
0fc2d33c3139daa7531e977803898878		2026-07-05 10:36:48.076093	KhRG
0fc2d33c3139daa7531e977803898878		2026-07-05 10:38:02.331584	KhRG
0fc2d33c3139daa7531e977803898878		2026-07-05 10:38:45.962520	KhRG
0abbe1c6cef9b0bde82192634371f74b		2026-07-10 21:06:47.297661	KhRG
0fc2d33c3139daa7531e977803898878		2026-07-05 10:40:28.776179	KhRG
0fc2d33c3139daa7531e977803898878		2026-07-05 10:40:57.693411	KhRG
0fc2d33c3139daa7531e977803898878		2026-07-05 10:41:57.257213	KhRG
0fc2d33c3139daa7531e977803898878		2026-07-05 10:42:31.582603	KhRG
0fc2d33c3139daa7531e977803898878		2026-07-05 10:43:05.016643	KhRG
0fc2d33c3139daa7531e977803898878		2026-07-05 10:43:37.888920	KhRG
6a5509f1e24c15da9daf8d458e3c954b		2026-07-05 11:36:07.309726	KhRG
6a5509f1e24c15da9daf8d458e3c954b		2026-07-05 11:37:43.843576	KhRG
6a5509f1e24c15da9daf8d458e3c954b		2026-07-05 11:38:16.790781	KhRG
6a5509f1e24c15da9daf8d458e3c954b		2026-07-05 11:39:07.008899	KhRG
6a5509f1e24c15da9daf8d458e3c954b		2026-07-05 11:39:40.660299	KhRG
8e2944b76fdd90d3426b4118383c3ce6		2026-07-05 12:28:32.981678	KhRG
ebb7c4269ac1c91da9d699a6332066bf		2026-07-05 13:22:05.939946	KhRG
ebb7c4269ac1c91da9d699a6332066bf		2026-07-05 13:24:22.726540	KhRG
ebb7c4269ac1c91da9d699a6332066bf		2026-07-05 13:24:47.288277	KhRG
b6fb68a3ee5b7eaa77e0298656c4669b		2026-07-05 13:27:14.818864	KhRG
b6fb68a3ee5b7eaa77e0298656c4669b		2026-07-05 13:28:19.674566	KhRG
b06e2f9b2f52aa47a56ebb333ef85eee		2026-07-05 13:29:27.456281	KhRG
b6fb68a3ee5b7eaa77e0298656c4669b		2026-07-05 13:29:33.741435	KhRG
0abbe1c6cef9b0bde82192634371f74b		2026-07-10 21:09:30.300535	KhRG
b06e2f9b2f52aa47a56ebb333ef85eee		2026-07-05 13:30:00.342537	KhRG
ebb7c4269ac1c91da9d699a6332066bf		2026-07-05 13:32:13.853179	KhRG
ebb7c4269ac1c91da9d699a6332066bf		2026-07-05 13:32:52.259128	KhRG
ebb7c4269ac1c91da9d699a6332066bf		2026-07-05 13:35:31.699638	KhRG
b6fb68a3ee5b7eaa77e0298656c4669b		2026-07-05 13:35:38.068184	KhRG
b6fb68a3ee5b7eaa77e0298656c4669b		2026-07-05 13:35:44.363938	KhRG
b6fb68a3ee5b7eaa77e0298656c4669b		2026-07-05 13:35:53.061514	KhRG
574c0e7f3b7d6652ec2bdc21d45a91bc		2026-07-05 14:00:32.512746	KhRG
25fe4939651dffca818cbc036be9ded7		2026-07-05 14:01:05.077864	KhRG
25fe4939651dffca818cbc036be9ded7		2026-07-05 14:02:05.243798	KhRG
574c0e7f3b7d6652ec2bdc21d45a91bc		2026-07-05 14:03:34.777712	KhRG
b06e2f9b2f52aa47a56ebb333ef85eee		2026-07-05 14:37:57.900649	KhRG
b06e2f9b2f52aa47a56ebb333ef85eee		2026-07-05 14:38:46.511802	KhRG
b06e2f9b2f52aa47a56ebb333ef85eee		2026-07-05 14:39:47.044172	KhRG
b06e2f9b2f52aa47a56ebb333ef85eee		2026-07-05 15:12:27.467505	KhRG
6b29fbfc3224aa8f9b8407ef065c61c0		2026-07-05 15:17:53.344995	KhRG
0abbe1c6cef9b0bde82192634371f74b		2026-07-05 15:17:58.639358	KhRG
b06e2f9b2f52aa47a56ebb333ef85eee		2026-07-05 15:24:55.755118	KhRG
b06e2f9b2f52aa47a56ebb333ef85eee		2026-07-05 15:50:49.068544	KhRG
0abbe1c6cef9b0bde82192634371f74b		2026-07-10 21:11:37.893805	KhRG
ebb7c4269ac1c91da9d699a6332066bf		2026-07-05 15:52:47.818471	KhRG
ebb7c4269ac1c91da9d699a6332066bf		2026-07-05 15:53:16.148504	KhRG
ebb7c4269ac1c91da9d699a6332066bf		2026-07-05 15:57:16.327667	KhRG
ebb7c4269ac1c91da9d699a6332066bf		2026-07-05 15:59:02.106649	KhRG
ebb7c4269ac1c91da9d699a6332066bf		2026-07-05 15:59:33.985782	KhRG
ebb7c4269ac1c91da9d699a6332066bf		2026-07-05 16:00:35.650398	KhRG
ebb7c4269ac1c91da9d699a6332066bf		2026-07-05 16:01:03.308239	KhRG
ebb7c4269ac1c91da9d699a6332066bf		2026-07-05 16:01:58.950425	KhRG
ebb7c4269ac1c91da9d699a6332066bf		2026-07-05 16:02:17.217366	KhRG
ebb7c4269ac1c91da9d699a6332066bf		2026-07-05 16:02:50.049142	KhRG
b06e2f9b2f52aa47a56ebb333ef85eee		2026-07-05 16:03:05.960045	KhRG
ebb7c4269ac1c91da9d699a6332066bf		2026-07-05 16:03:08.867084	KhRG
ebb7c4269ac1c91da9d699a6332066bf		2026-07-05 16:03:35.011046	KhRG
b06e2f9b2f52aa47a56ebb333ef85eee		2026-07-05 16:05:41.785055	KhRG
ebb7c4269ac1c91da9d699a6332066bf		2026-07-05 16:13:27.743877	KhRG
ebb7c4269ac1c91da9d699a6332066bf		2026-07-05 16:23:24.953567	KhRG
ebb7c4269ac1c91da9d699a6332066bf		2026-07-05 16:31:04.522420	KhRG
f393491c94ab06c117368fb3c77cb933		2026-07-05 16:40:07.285982	KhRG
a0adda3e5c9bbd7e32fb10bb49a0f82b		2026-07-05 16:58:13.122167	KhRG
a0adda3e5c9bbd7e32fb10bb49a0f82b		2026-07-05 16:58:35.313637	KhRG
a0adda3e5c9bbd7e32fb10bb49a0f82b		2026-07-05 16:58:55.199347	KhRG
a0adda3e5c9bbd7e32fb10bb49a0f82b		2026-07-05 17:03:06.100319	KhRG
f393491c94ab06c117368fb3c77cb933		2026-07-05 17:05:36.014631	KhRG
09d3bf2d8b3986c0308515723aef8d61		2026-07-05 22:15:05.126882	KhRG
09d3bf2d8b3986c0308515723aef8d61		2026-07-05 22:16:06.878375	KhRG
09d3bf2d8b3986c0308515723aef8d61		2026-07-05 22:22:30.025490	KhRG
09d3bf2d8b3986c0308515723aef8d61		2026-07-05 22:23:31.318044	KhRG
09d3bf2d8b3986c0308515723aef8d61		2026-07-05 22:24:16.642760	KhRG
09d3bf2d8b3986c0308515723aef8d61		2026-07-05 22:24:52.703884	KhRG
09d3bf2d8b3986c0308515723aef8d61		2026-07-05 22:26:26.023847	KhRG
09d3bf2d8b3986c0308515723aef8d61		2026-07-05 22:26:59.378801	KhRG
09d3bf2d8b3986c0308515723aef8d61		2026-07-05 22:28:33.015908	KhRG
09d3bf2d8b3986c0308515723aef8d61		2026-07-05 22:29:21.108706	KhRG
09d3bf2d8b3986c0308515723aef8d61		2026-07-05 22:30:00.390953	KhRG
09d3bf2d8b3986c0308515723aef8d61		2026-07-05 22:30:48.540039	KhRG
09d3bf2d8b3986c0308515723aef8d61		2026-07-05 22:45:43.760356	KhRG
09d3bf2d8b3986c0308515723aef8d61		2026-07-05 22:52:03.937225	KhRG
6b29fbfc3224aa8f9b8407ef065c61c0		2026-07-05 23:58:32.312150	KhRG
6b29fbfc3224aa8f9b8407ef065c61c0		2026-07-06 00:00:34.953722	KhRG
6b29fbfc3224aa8f9b8407ef065c61c0		2026-07-06 00:02:01.092176	KhRG
6b29fbfc3224aa8f9b8407ef065c61c0		2026-07-06 00:50:35.487513	KhRG
6b29fbfc3224aa8f9b8407ef065c61c0		2026-07-06 00:55:04.482600	KhRG
6b29fbfc3224aa8f9b8407ef065c61c0		2026-07-06 00:59:45.683715	KhRG
6b29fbfc3224aa8f9b8407ef065c61c0		2026-07-06 01:04:22.467064	KhRG
6b29fbfc3224aa8f9b8407ef065c61c0		2026-07-06 01:05:07.571646	KhRG
6b29fbfc3224aa8f9b8407ef065c61c0		2026-07-06 01:14:03.224257	KhRG
94ecff662315a41bf2477a2f8eb5089d		2026-07-06 06:44:11.818213	KhRG
94ecff662315a41bf2477a2f8eb5089d		2026-07-06 06:46:28.562822	KhRG
94ecff662315a41bf2477a2f8eb5089d		2026-07-06 06:46:51.037979	KhRG
94ecff662315a41bf2477a2f8eb5089d		2026-07-06 06:47:39.337003	KhRG
94ecff662315a41bf2477a2f8eb5089d		2026-07-06 06:51:06.333929	KhRG
94ecff662315a41bf2477a2f8eb5089d		2026-07-06 06:51:18.210682	KhRG
94ecff662315a41bf2477a2f8eb5089d		2026-07-06 06:51:57.209520	KhRG
94ecff662315a41bf2477a2f8eb5089d		2026-07-06 06:56:44.924963	KhRG
24ecb3604b56af1e9e8d55eb12fe9629		2026-07-06 07:01:34.562949	KhRG
24ecb3604b56af1e9e8d55eb12fe9629		2026-07-06 07:34:27.694624	KhRG
24ecb3604b56af1e9e8d55eb12fe9629		2026-07-06 07:34:50.827527	KhRG
24ecb3604b56af1e9e8d55eb12fe9629		2026-07-06 07:35:57.212523	KhRG
352853dd99c35d82caad413151f2aaae		2026-07-06 08:10:26.428188	KhRG
0abbe1c6cef9b0bde82192634371f74b		2026-07-10 21:13:32.730549	KhRG
94ecff662315a41bf2477a2f8eb5089d		2026-07-06 08:13:33.681123	KhRG
94ecff662315a41bf2477a2f8eb5089d		2026-07-06 08:13:44.869910	KhRG
94ecff662315a41bf2477a2f8eb5089d		2026-07-06 08:14:24.710207	KhRG
352853dd99c35d82caad413151f2aaae		2026-07-06 08:14:39.765476	KhRG
352853dd99c35d82caad413151f2aaae		2026-07-06 08:15:16.734935	KhRG
94ecff662315a41bf2477a2f8eb5089d		2026-07-06 08:21:16.396413	KhRG
94ecff662315a41bf2477a2f8eb5089d		2026-07-06 08:23:22.651511	KhRG
94ecff662315a41bf2477a2f8eb5089d		2026-07-06 08:27:55.811833	KhRG
94ecff662315a41bf2477a2f8eb5089d		2026-07-06 08:28:02.072821	KhRG
94ecff662315a41bf2477a2f8eb5089d		2026-07-06 08:29:13.157629	KhRG
5b9dcd718f6e1686aca2fea7eacd9a88		2026-07-06 09:03:53.635723	KhRG
5b9dcd718f6e1686aca2fea7eacd9a88		2026-07-06 09:04:03.210263	KhRG
5b9dcd718f6e1686aca2fea7eacd9a88		2026-07-06 09:04:42.180349	KhRG
5b9dcd718f6e1686aca2fea7eacd9a88		2026-07-06 09:04:57.277332	KhRG
5b9dcd718f6e1686aca2fea7eacd9a88		2026-07-06 09:05:37.878601	KhRG
352853dd99c35d82caad413151f2aaae		2026-07-06 09:15:29.416357	KhRG
352853dd99c35d82caad413151f2aaae		2026-07-06 09:17:00.829950	KhRG
352853dd99c35d82caad413151f2aaae		2026-07-06 09:22:55.773492	KhRG
352853dd99c35d82caad413151f2aaae		2026-07-06 09:25:46.299547	KhRG
352853dd99c35d82caad413151f2aaae		2026-07-06 09:54:24.258991	KhRG
352853dd99c35d82caad413151f2aaae		2026-07-06 10:25:44.307420	KhRG
352853dd99c35d82caad413151f2aaae		2026-07-06 10:26:42.211408	KhRG
352853dd99c35d82caad413151f2aaae		2026-07-06 10:38:50.757700	KhRG
352853dd99c35d82caad413151f2aaae		2026-07-06 10:39:49.709700	KhRG
352853dd99c35d82caad413151f2aaae		2026-07-06 10:49:51.169627	KhRG
352853dd99c35d82caad413151f2aaae		2026-07-06 10:55:09.029049	KhRG
352853dd99c35d82caad413151f2aaae		2026-07-06 11:15:55.601957	KhRG
352853dd99c35d82caad413151f2aaae		2026-07-06 11:17:27.133340	KhRG
2d5874f114f8caca6114f7077629f5ce		2026-07-06 11:17:48.893865	KhRG
0339eb07281c5c9bbe52cab7a9f8ff17		2026-07-06 12:15:08.902185	KhRG
da3f8f744b1fe983acc716658a75124d		2026-07-06 12:28:50.548647	KhRG
da3f8f744b1fe983acc716658a75124d		2026-07-06 12:33:30.765378	KhRG
da3f8f744b1fe983acc716658a75124d		2026-07-06 12:48:59.930709	KhRG
da3f8f744b1fe983acc716658a75124d		2026-07-06 12:49:05.850607	KhRG
da3f8f744b1fe983acc716658a75124d		2026-07-06 12:49:10.748175	KhRG
da3f8f744b1fe983acc716658a75124d		2026-07-06 12:49:15.755536	KhRG
da3f8f744b1fe983acc716658a75124d		2026-07-06 12:49:21.457345	KhRG
da3f8f744b1fe983acc716658a75124d		2026-07-06 12:49:26.404759	KhRG
0abbe1c6cef9b0bde82192634371f74b		2026-07-10 21:14:21.811434	KhRG
da3f8f744b1fe983acc716658a75124d		2026-07-06 12:49:31.154873	KhRG
da3f8f744b1fe983acc716658a75124d		2026-07-06 12:49:36.134751	KhRG
da3f8f744b1fe983acc716658a75124d		2026-07-06 13:15:34.271396	KhRG
da3f8f744b1fe983acc716658a75124d		2026-07-06 13:15:39.675531	KhRG
da3f8f744b1fe983acc716658a75124d		2026-07-06 13:16:22.000346	KhRG
da3f8f744b1fe983acc716658a75124d		2026-07-06 13:16:38.175556	KhRG
da3f8f744b1fe983acc716658a75124d		2026-07-06 13:16:43.359241	KhRG
da3f8f744b1fe983acc716658a75124d		2026-07-06 13:16:48.557186	KhRG
da3f8f744b1fe983acc716658a75124d		2026-07-06 13:16:53.501149	KhRG
da3f8f744b1fe983acc716658a75124d		2026-07-06 13:16:58.385569	KhRG
da3f8f744b1fe983acc716658a75124d		2026-07-06 13:17:03.276906	KhRG
da3f8f744b1fe983acc716658a75124d		2026-07-06 13:17:08.816560	KhRG
da3f8f744b1fe983acc716658a75124d		2026-07-06 13:17:13.749803	KhRG
da3f8f744b1fe983acc716658a75124d		2026-07-06 13:17:30.482907	KhRG
b903728f1badaa76dd11464b054a0c3b		2026-07-06 14:17:35.743077	KhRG
fca46132431e33d88f819b4dca2f500e		2026-07-06 14:23:49.542352	KhRG
b903728f1badaa76dd11464b054a0c3b		2026-07-06 14:25:47.176616	KhRG
fca46132431e33d88f819b4dca2f500e		2026-07-06 14:27:09.538222	KhRG
fca46132431e33d88f819b4dca2f500e		2026-07-06 14:27:39.163807	KhRG
b903728f1badaa76dd11464b054a0c3b		2026-07-06 14:29:03.630395	KhRG
fca46132431e33d88f819b4dca2f500e		2026-07-06 14:29:50.220080	KhRG
0abbe1c6cef9b0bde82192634371f74b		2026-07-10 21:16:19.368307	KhRG
b903728f1badaa76dd11464b054a0c3b		2026-07-06 15:41:04.689461	KhRG
fa5cabc198d97611c47ef3fdeb3615bf		2026-07-06 15:57:12.052634	KhRG
24ecb3604b56af1e9e8d55eb12fe9629		2026-07-06 16:03:36.344853	KhRG
fa5cabc198d97611c47ef3fdeb3615bf		2026-07-06 16:03:57.179191	KhRG
24ecb3604b56af1e9e8d55eb12fe9629		2026-07-06 16:04:12.955758	KhRG
fa5cabc198d97611c47ef3fdeb3615bf		2026-07-06 16:05:26.511274	KhRG
fa5cabc198d97611c47ef3fdeb3615bf		2026-07-06 16:06:17.296245	KhRG
fa5cabc198d97611c47ef3fdeb3615bf		2026-07-06 16:06:53.942808	KhRG
acdd7b72b7a3ea6d8b9e246bcb17a670		2026-07-06 16:09:11.042100	KhRG
24ecb3604b56af1e9e8d55eb12fe9629		2026-07-06 16:19:54.106668	KhRG
ebb7c4269ac1c91da9d699a6332066bf		2026-07-06 16:26:11.156199	KhRG
ebb7c4269ac1c91da9d699a6332066bf		2026-07-06 16:26:18.951620	KhRG
24ecb3604b56af1e9e8d55eb12fe9629		2026-07-06 16:31:38.619498	KhRG
24ecb3604b56af1e9e8d55eb12fe9629		2026-07-06 16:41:02.465300	KhRG
ebb7c4269ac1c91da9d699a6332066bf		2026-07-06 16:43:42.199535	KhRG
ebb7c4269ac1c91da9d699a6332066bf		2026-07-06 16:44:07.224648	KhRG
ebb7c4269ac1c91da9d699a6332066bf		2026-07-06 16:54:44.731168	KhRG
ebb7c4269ac1c91da9d699a6332066bf		2026-07-06 16:55:48.175225	KhRG
ebb7c4269ac1c91da9d699a6332066bf		2026-07-06 17:08:55.117090	KhRG
ebb7c4269ac1c91da9d699a6332066bf		2026-07-06 17:15:05.269357	KhRG
ebb7c4269ac1c91da9d699a6332066bf		2026-07-06 17:15:31.527283	KhRG
ebb7c4269ac1c91da9d699a6332066bf		2026-07-06 17:17:49.121086	KhRG
ebb7c4269ac1c91da9d699a6332066bf		2026-07-06 17:17:53.862060	KhRG
ebb7c4269ac1c91da9d699a6332066bf		2026-07-06 17:17:58.655933	KhRG
ebb7c4269ac1c91da9d699a6332066bf		2026-07-06 17:18:04.295986	KhRG
ebb7c4269ac1c91da9d699a6332066bf		2026-07-06 17:18:53.821127	KhRG
ebb7c4269ac1c91da9d699a6332066bf		2026-07-06 17:18:59.234754	KhRG
ebb7c4269ac1c91da9d699a6332066bf		2026-07-06 17:19:04.261736	KhRG
ebb7c4269ac1c91da9d699a6332066bf		2026-07-06 17:20:38.504079	KhRG
72772ef0daec60273a92092cfab8474b		2026-07-06 17:31:52.870299	KhRG
72772ef0daec60273a92092cfab8474b		2026-07-06 17:34:22.205304	KhRG
72772ef0daec60273a92092cfab8474b		2026-07-06 17:38:27.940328	KhRG
72772ef0daec60273a92092cfab8474b		2026-07-06 17:39:03.743523	KhRG
72772ef0daec60273a92092cfab8474b		2026-07-06 17:52:10.636260	KhRG
72772ef0daec60273a92092cfab8474b		2026-07-06 18:05:13.858870	KhRG
72772ef0daec60273a92092cfab8474b		2026-07-06 18:15:25.502274	KhRG
11f2236a9783c209517c697f17b34363		2026-07-06 18:49:16.829849	KhRG
11f2236a9783c209517c697f17b34363		2026-07-06 18:49:44.864164	KhRG
11f2236a9783c209517c697f17b34363		2026-07-06 18:50:07.670555	KhRG
11f2236a9783c209517c697f17b34363		2026-07-06 18:50:14.207160	KhRG
ed0a0fec589664862c75c49979adf63d		2026-07-06 19:32:46.816939	KhRG
f63a8b7f5d58d5c27b857c1880f8eb39		2026-07-06 19:39:39.704225	KhRG
ed0a0fec589664862c75c49979adf63d		2026-07-06 19:41:52.996101	KhRG
f63a8b7f5d58d5c27b857c1880f8eb39		2026-07-06 19:44:08.566109	KhRG
f63a8b7f5d58d5c27b857c1880f8eb39		2026-07-06 19:45:30.151083	KhRG
ed0a0fec589664862c75c49979adf63d		2026-07-06 19:46:33.822441	KhRG
490ba59f67b59ae357e1c7300b06c973		2026-07-06 20:10:00.627729	KhRG
f63a8b7f5d58d5c27b857c1880f8eb39		2026-07-06 20:14:50.722086	KhRG
34268989a29a58f8f051366500eae76f		2026-07-06 20:18:40.559104	KhRG
f63a8b7f5d58d5c27b857c1880f8eb39		2026-07-06 20:28:56.932033	KhRG
f63a8b7f5d58d5c27b857c1880f8eb39		2026-07-06 20:33:43.801361	KhRG
f63a8b7f5d58d5c27b857c1880f8eb39		2026-07-06 20:36:29.225292	KhRG
f63a8b7f5d58d5c27b857c1880f8eb39		2026-07-06 21:00:20.587809	KhRG
91fc16c7ee6f1dd5923d17a0cbb4842d		2026-07-06 23:33:28.881556	KhRG
91fc16c7ee6f1dd5923d17a0cbb4842d		2026-07-06 23:34:44.456858	KhRG
91fc16c7ee6f1dd5923d17a0cbb4842d		2026-07-06 23:35:30.386835	KhRG
91fc16c7ee6f1dd5923d17a0cbb4842d		2026-07-06 23:36:07.000923	KhRG
91fc16c7ee6f1dd5923d17a0cbb4842d		2026-07-06 23:56:36.640384	KhRG
91fc16c7ee6f1dd5923d17a0cbb4842d		2026-07-06 23:57:52.445372	KhRG
0abbe1c6cef9b0bde82192634371f74b		2026-07-10 21:20:41.179438	KhRG
91fc16c7ee6f1dd5923d17a0cbb4842d		2026-07-07 00:37:22.717940	KhRG
91fc16c7ee6f1dd5923d17a0cbb4842d		2026-07-07 00:48:45.458645	KhRG
91fc16c7ee6f1dd5923d17a0cbb4842d		2026-07-07 00:53:32.634688	KhRG
91fc16c7ee6f1dd5923d17a0cbb4842d		2026-07-07 00:53:59.718015	KhRG
91fc16c7ee6f1dd5923d17a0cbb4842d		2026-07-07 00:55:33.503603	KhRG
91fc16c7ee6f1dd5923d17a0cbb4842d		2026-07-07 01:01:42.325529	KhRG
91fc16c7ee6f1dd5923d17a0cbb4842d		2026-07-07 01:02:04.825108	KhRG
91fc16c7ee6f1dd5923d17a0cbb4842d		2026-07-07 01:10:19.283647	KhRG
91fc16c7ee6f1dd5923d17a0cbb4842d		2026-07-07 01:12:07.803202	KhRG
91fc16c7ee6f1dd5923d17a0cbb4842d		2026-07-07 01:12:43.253868	KhRG
91fc16c7ee6f1dd5923d17a0cbb4842d		2026-07-07 01:13:12.458707	KhRG
91fc16c7ee6f1dd5923d17a0cbb4842d		2026-07-07 01:32:23.530827	KhRG
91fc16c7ee6f1dd5923d17a0cbb4842d		2026-07-07 01:33:09.777159	KhRG
91fc16c7ee6f1dd5923d17a0cbb4842d		2026-07-07 01:34:34.699989	KhRG
91fc16c7ee6f1dd5923d17a0cbb4842d		2026-07-07 01:49:04.500361	KhRG
91fc16c7ee6f1dd5923d17a0cbb4842d		2026-07-07 01:49:42.441531	KhRG
91fc16c7ee6f1dd5923d17a0cbb4842d		2026-07-07 01:51:30.342891	KhRG
91fc16c7ee6f1dd5923d17a0cbb4842d		2026-07-07 02:05:06.903101	KhRG
91fc16c7ee6f1dd5923d17a0cbb4842d		2026-07-07 02:07:47.053797	KhRG
91fc16c7ee6f1dd5923d17a0cbb4842d		2026-07-07 02:09:19.210522	KhRG
91fc16c7ee6f1dd5923d17a0cbb4842d		2026-07-07 02:14:42.092686	KhRG
91fc16c7ee6f1dd5923d17a0cbb4842d		2026-07-07 02:15:40.879285	KhRG
91fc16c7ee6f1dd5923d17a0cbb4842d		2026-07-07 02:16:47.572200	KhRG
7fdb9c6ef7ab32962bf255c8ef6228e5		2026-07-07 03:49:39.175922	KhRG
7fdb9c6ef7ab32962bf255c8ef6228e5		2026-07-07 03:49:49.657983	KhRG
7fdb9c6ef7ab32962bf255c8ef6228e5		2026-07-07 03:49:58.101918	KhRG
7fdb9c6ef7ab32962bf255c8ef6228e5		2026-07-07 03:50:04.141939	KhRG
7fdb9c6ef7ab32962bf255c8ef6228e5		2026-07-07 03:50:09.954588	KhRG
7fdb9c6ef7ab32962bf255c8ef6228e5		2026-07-07 03:50:17.372455	KhRG
7fdb9c6ef7ab32962bf255c8ef6228e5		2026-07-07 03:50:23.006697	KhRG
7fdb9c6ef7ab32962bf255c8ef6228e5		2026-07-07 03:50:44.255096	KhRG
7fdb9c6ef7ab32962bf255c8ef6228e5		2026-07-07 03:50:49.886476	KhRG
7fdb9c6ef7ab32962bf255c8ef6228e5		2026-07-07 03:50:55.961532	KhRG
7fdb9c6ef7ab32962bf255c8ef6228e5		2026-07-07 03:53:13.865344	KhRG
7fdb9c6ef7ab32962bf255c8ef6228e5		2026-07-07 03:53:38.074460	KhRG
7fdb9c6ef7ab32962bf255c8ef6228e5		2026-07-07 03:53:54.414918	KhRG
7fdb9c6ef7ab32962bf255c8ef6228e5		2026-07-07 03:54:01.012415	KhRG
7fdb9c6ef7ab32962bf255c8ef6228e5		2026-07-07 03:54:07.034401	KhRG
7fdb9c6ef7ab32962bf255c8ef6228e5		2026-07-07 03:54:12.366000	KhRG
7fdb9c6ef7ab32962bf255c8ef6228e5		2026-07-07 03:54:18.094868	KhRG
7fdb9c6ef7ab32962bf255c8ef6228e5		2026-07-07 03:54:23.305600	KhRG
7fdb9c6ef7ab32962bf255c8ef6228e5		2026-07-07 03:54:28.447264	KhRG
7fdb9c6ef7ab32962bf255c8ef6228e5		2026-07-07 03:54:35.636391	KhRG
7fdb9c6ef7ab32962bf255c8ef6228e5		2026-07-07 03:54:42.314651	KhRG
7fdb9c6ef7ab32962bf255c8ef6228e5		2026-07-07 03:54:47.610022	KhRG
7fdb9c6ef7ab32962bf255c8ef6228e5		2026-07-07 03:56:52.678239	KhRG
f066f20f4f9e599efee97450117a5f6c		2026-07-07 04:20:32.794737	KhRG
f066f20f4f9e599efee97450117a5f6c		2026-07-07 04:23:03.470177	KhRG
91fc16c7ee6f1dd5923d17a0cbb4842d		2026-07-07 05:27:04.819083	KhRG
91fc16c7ee6f1dd5923d17a0cbb4842d		2026-07-07 05:27:20.151632	KhRG
3182edb9fbad168c2e14bdb071f55c7b		2026-07-07 05:28:50.422317	KhRG
91fc16c7ee6f1dd5923d17a0cbb4842d		2026-07-07 05:30:55.584430	KhRG
91fc16c7ee6f1dd5923d17a0cbb4842d		2026-07-07 05:31:37.967595	KhRG
91fc16c7ee6f1dd5923d17a0cbb4842d		2026-07-07 05:32:24.301482	KhRG
91fc16c7ee6f1dd5923d17a0cbb4842d		2026-07-07 05:33:07.222283	KhRG
91fc16c7ee6f1dd5923d17a0cbb4842d		2026-07-07 05:33:46.319777	KhRG
91fc16c7ee6f1dd5923d17a0cbb4842d		2026-07-07 05:34:03.997502	KhRG
3182edb9fbad168c2e14bdb071f55c7b		2026-07-07 05:43:13.082256	KhRG
3182edb9fbad168c2e14bdb071f55c7b		2026-07-07 05:51:02.809939	KhRG
91fc16c7ee6f1dd5923d17a0cbb4842d		2026-07-07 05:52:40.204351	KhRG
3182edb9fbad168c2e14bdb071f55c7b		2026-07-07 05:54:06.998196	KhRG
3182edb9fbad168c2e14bdb071f55c7b		2026-07-07 06:00:14.085226	KhRG
91fc16c7ee6f1dd5923d17a0cbb4842d		2026-07-07 06:14:07.600391	KhRG
91fc16c7ee6f1dd5923d17a0cbb4842d		2026-07-07 06:14:50.332240	KhRG
3182edb9fbad168c2e14bdb071f55c7b		2026-07-07 06:15:04.977472	KhRG
3182edb9fbad168c2e14bdb071f55c7b		2026-07-07 06:17:38.502576	KhRG
3182edb9fbad168c2e14bdb071f55c7b		2026-07-07 06:19:30.611432	KhRG
91fc16c7ee6f1dd5923d17a0cbb4842d		2026-07-07 06:25:05.676436	KhRG
91fc16c7ee6f1dd5923d17a0cbb4842d		2026-07-07 06:26:17.943013	KhRG
91fc16c7ee6f1dd5923d17a0cbb4842d		2026-07-07 06:29:59.261247	KhRG
3182edb9fbad168c2e14bdb071f55c7b		2026-07-07 06:30:20.454424	KhRG
91fc16c7ee6f1dd5923d17a0cbb4842d		2026-07-07 06:30:51.527026	KhRG
3182edb9fbad168c2e14bdb071f55c7b		2026-07-07 06:35:53.790764	KhRG
91fc16c7ee6f1dd5923d17a0cbb4842d		2026-07-07 06:37:25.999600	KhRG
c6194547c8c7fb43c1cd88fd32463c1d		2026-07-07 06:49:27.175062	KhRG
ed0a0fec589664862c75c49979adf63d		2026-07-07 06:50:41.776936	KhRG
0abbe1c6cef9b0bde82192634371f74b		2026-07-10 21:21:30.449815	KhRG
c6194547c8c7fb43c1cd88fd32463c1d		2026-07-07 06:50:58.053413	KhRG
3182edb9fbad168c2e14bdb071f55c7b		2026-07-07 06:51:02.416914	KhRG
91fc16c7ee6f1dd5923d17a0cbb4842d		2026-07-07 06:53:10.317780	KhRG
91fc16c7ee6f1dd5923d17a0cbb4842d		2026-07-07 06:55:19.624519	KhRG
91fc16c7ee6f1dd5923d17a0cbb4842d		2026-07-07 07:00:48.595880	KhRG
3182edb9fbad168c2e14bdb071f55c7b		2026-07-07 07:02:26.724693	KhRG
3182edb9fbad168c2e14bdb071f55c7b		2026-07-07 07:05:35.242700	KhRG
91fc16c7ee6f1dd5923d17a0cbb4842d		2026-07-07 07:06:07.276259	KhRG
91fc16c7ee6f1dd5923d17a0cbb4842d		2026-07-07 07:10:13.942352	KhRG
3182edb9fbad168c2e14bdb071f55c7b		2026-07-07 07:16:57.777692	KhRG
c6194547c8c7fb43c1cd88fd32463c1d		2026-07-07 07:16:59.332521	KhRG
c6194547c8c7fb43c1cd88fd32463c1d		2026-07-07 07:18:07.386740	KhRG
3182edb9fbad168c2e14bdb071f55c7b		2026-07-07 07:27:24.775492	KhRG
c6194547c8c7fb43c1cd88fd32463c1d		2026-07-07 07:34:21.078054	KhRG
a7ee89d7d144d57b8c04f5e1596201b8		2026-07-07 07:40:03.543879	KhRG
ed0a0fec589664862c75c49979adf63d		2026-07-07 07:42:56.004869	KhRG
a7ee89d7d144d57b8c04f5e1596201b8		2026-07-07 07:46:24.640638	KhRG
a7ee89d7d144d57b8c04f5e1596201b8		2026-07-07 07:50:07.354110	KhRG
7a0c8900d3734f5029e1abc5ae63fee9		2026-07-07 07:50:39.271133	KhRG
0abbe1c6cef9b0bde82192634371f74b		2026-07-10 21:24:12.432824	KhRG
3182edb9fbad168c2e14bdb071f55c7b		2026-07-07 07:51:26.455998	KhRG
a7ee89d7d144d57b8c04f5e1596201b8		2026-07-07 07:51:47.145388	KhRG
3182edb9fbad168c2e14bdb071f55c7b		2026-07-07 07:52:53.809563	KhRG
a7ee89d7d144d57b8c04f5e1596201b8		2026-07-07 07:54:41.361260	KhRG
7a0c8900d3734f5029e1abc5ae63fee9		2026-07-07 07:55:28.040058	KhRG
7a0c8900d3734f5029e1abc5ae63fee9		2026-07-07 07:56:03.948533	KhRG
a7ee89d7d144d57b8c04f5e1596201b8		2026-07-07 07:56:48.922465	KhRG
7a0c8900d3734f5029e1abc5ae63fee9		2026-07-07 07:57:15.894789	KhRG
7a0c8900d3734f5029e1abc5ae63fee9		2026-07-07 07:59:51.997654	KhRG
7a0c8900d3734f5029e1abc5ae63fee9		2026-07-07 08:00:10.765809	KhRG
7a0c8900d3734f5029e1abc5ae63fee9		2026-07-07 08:00:23.955836	KhRG
7a0c8900d3734f5029e1abc5ae63fee9		2026-07-07 08:00:35.770377	KhRG
7a0c8900d3734f5029e1abc5ae63fee9		2026-07-07 08:00:42.025160	KhRG
7a0c8900d3734f5029e1abc5ae63fee9		2026-07-07 08:00:53.514110	KhRG
7a0c8900d3734f5029e1abc5ae63fee9		2026-07-07 08:03:32.067511	KhRG
3182edb9fbad168c2e14bdb071f55c7b		2026-07-07 08:16:54.571611	KhRG
94ecff662315a41bf2477a2f8eb5089d		2026-07-07 08:17:59.882653	KhRG
94ecff662315a41bf2477a2f8eb5089d		2026-07-07 08:19:22.405996	KhRG
94ecff662315a41bf2477a2f8eb5089d		2026-07-07 08:21:06.158447	KhRG
94ecff662315a41bf2477a2f8eb5089d		2026-07-07 08:21:44.574512	KhRG
94ecff662315a41bf2477a2f8eb5089d		2026-07-07 08:22:32.980822	KhRG
94ecff662315a41bf2477a2f8eb5089d		2026-07-07 08:23:22.899285	KhRG
94ecff662315a41bf2477a2f8eb5089d		2026-07-07 08:23:53.861494	KhRG
ed0a0fec589664862c75c49979adf63d		2026-07-07 08:41:31.227337	KhRG
3182edb9fbad168c2e14bdb071f55c7b		2026-07-07 08:46:33.893606	KhRG
3182edb9fbad168c2e14bdb071f55c7b		2026-07-07 08:46:48.240019	KhRG
94ecff662315a41bf2477a2f8eb5089d		2026-07-07 08:52:43.707177	KhRG
94ecff662315a41bf2477a2f8eb5089d		2026-07-07 08:54:03.277274	KhRG
94ecff662315a41bf2477a2f8eb5089d		2026-07-07 08:54:17.159727	KhRG
94ecff662315a41bf2477a2f8eb5089d		2026-07-07 08:57:29.047997	KhRG
94ecff662315a41bf2477a2f8eb5089d		2026-07-07 08:57:54.906266	KhRG
7a0c8900d3734f5029e1abc5ae63fee9		2026-07-07 08:58:14.958575	KhRG
94ecff662315a41bf2477a2f8eb5089d		2026-07-07 08:59:30.429862	KhRG
94ecff662315a41bf2477a2f8eb5089d		2026-07-07 09:00:30.320189	KhRG
7a0c8900d3734f5029e1abc5ae63fee9		2026-07-07 09:15:10.357035	KhRG
7a0c8900d3734f5029e1abc5ae63fee9		2026-07-07 09:15:56.638496	KhRG
7a0c8900d3734f5029e1abc5ae63fee9		2026-07-07 09:16:17.793488	KhRG
ed0a0fec589664862c75c49979adf63d		2026-07-07 09:25:36.535519	KhRG
492862993edaf4088e6127bcc4be711d		2026-07-07 09:42:27.694194	KhRG
492862993edaf4088e6127bcc4be711d		2026-07-07 09:47:52.917354	KhRG
6a5509f1e24c15da9daf8d458e3c954b		2026-07-07 10:18:40.961966	KhRG
6a5509f1e24c15da9daf8d458e3c954b		2026-07-07 10:22:31.191375	KhRG
3182edb9fbad168c2e14bdb071f55c7b		2026-07-07 10:29:27.228391	KhRG
3182edb9fbad168c2e14bdb071f55c7b		2026-07-07 10:37:26.687166	KhRG
c74e2456c4be530cd04221ad6cff76f8		2026-07-07 10:39:32.758599	KhRG
3182edb9fbad168c2e14bdb071f55c7b		2026-07-07 10:42:21.710155	KhRG
3182edb9fbad168c2e14bdb071f55c7b		2026-07-07 10:45:29.171636	KhRG
3182edb9fbad168c2e14bdb071f55c7b		2026-07-07 10:45:39.614962	KhRG
3182edb9fbad168c2e14bdb071f55c7b		2026-07-07 10:45:45.127085	KhRG
3182edb9fbad168c2e14bdb071f55c7b		2026-07-07 10:45:53.037080	KhRG
3182edb9fbad168c2e14bdb071f55c7b		2026-07-07 10:46:14.155912	KhRG
3182edb9fbad168c2e14bdb071f55c7b		2026-07-07 10:46:27.348268	KhRG
3182edb9fbad168c2e14bdb071f55c7b		2026-07-07 10:46:32.899966	KhRG
3182edb9fbad168c2e14bdb071f55c7b		2026-07-07 10:47:36.574768	KhRG
3182edb9fbad168c2e14bdb071f55c7b		2026-07-07 10:47:45.770069	KhRG
f6dd51ea987f3f36a55aea639ea5ff22		2026-07-07 11:04:01.513730	KhRG
3182edb9fbad168c2e14bdb071f55c7b		2026-07-07 11:49:01.048136	KhRG
3182edb9fbad168c2e14bdb071f55c7b		2026-07-07 12:19:50.048469	KhRG
3182edb9fbad168c2e14bdb071f55c7b		2026-07-07 12:20:28.563367	KhRG
3182edb9fbad168c2e14bdb071f55c7b		2026-07-07 12:21:50.291942	KhRG
ebb7c4269ac1c91da9d699a6332066bf		2026-07-07 12:43:36.132852	KhRG
3182edb9fbad168c2e14bdb071f55c7b		2026-07-07 12:43:51.188895	KhRG
ebb7c4269ac1c91da9d699a6332066bf		2026-07-07 12:44:14.960801	KhRG
9a567c68a8de380a1070510117bf1102		2026-07-07 12:46:30.221249	KhRG
3182edb9fbad168c2e14bdb071f55c7b		2026-07-07 12:47:10.226222	KhRG
3182edb9fbad168c2e14bdb071f55c7b		2026-07-07 12:48:22.496875	KhRG
94ecff662315a41bf2477a2f8eb5089d		2026-07-07 12:49:35.292321	KhRG
3182edb9fbad168c2e14bdb071f55c7b		2026-07-07 12:49:47.422036	KhRG
3182edb9fbad168c2e14bdb071f55c7b		2026-07-07 12:50:02.165417	KhRG
94ecff662315a41bf2477a2f8eb5089d		2026-07-07 12:50:57.529959	KhRG
94ecff662315a41bf2477a2f8eb5089d		2026-07-07 12:51:17.132775	KhRG
94ecff662315a41bf2477a2f8eb5089d		2026-07-07 12:52:36.005803	KhRG
ebb7c4269ac1c91da9d699a6332066bf		2026-07-07 12:58:36.298666	KhRG
ebb7c4269ac1c91da9d699a6332066bf		2026-07-07 12:58:58.724897	KhRG
ebb7c4269ac1c91da9d699a6332066bf		2026-07-07 13:00:10.886142	KhRG
ebb7c4269ac1c91da9d699a6332066bf		2026-07-07 13:00:42.684682	KhRG
ebb7c4269ac1c91da9d699a6332066bf		2026-07-07 13:01:55.076298	KhRG
0abbe1c6cef9b0bde82192634371f74b		2026-07-10 21:25:21.514482	KhRG
ebb7c4269ac1c91da9d699a6332066bf		2026-07-07 13:03:31.134387	KhRG
ebb7c4269ac1c91da9d699a6332066bf		2026-07-07 13:03:35.978432	KhRG
ebb7c4269ac1c91da9d699a6332066bf		2026-07-07 13:04:51.994322	KhRG
ebb7c4269ac1c91da9d699a6332066bf		2026-07-07 13:04:59.442425	KhRG
ebb7c4269ac1c91da9d699a6332066bf		2026-07-07 13:05:04.860927	KhRG
ebb7c4269ac1c91da9d699a6332066bf		2026-07-07 13:05:46.753637	KhRG
94ecff662315a41bf2477a2f8eb5089d		2026-07-07 13:07:34.661982	KhRG
94ecff662315a41bf2477a2f8eb5089d		2026-07-07 13:08:37.368400	KhRG
94ecff662315a41bf2477a2f8eb5089d		2026-07-07 13:09:23.235782	KhRG
94ecff662315a41bf2477a2f8eb5089d		2026-07-07 13:09:40.668729	KhRG
94ecff662315a41bf2477a2f8eb5089d		2026-07-07 13:10:01.448897	KhRG
94ecff662315a41bf2477a2f8eb5089d		2026-07-07 13:10:19.220739	KhRG
94ecff662315a41bf2477a2f8eb5089d		2026-07-07 13:10:40.018671	KhRG
9a567c68a8de380a1070510117bf1102		2026-07-07 13:11:54.455587	KhRG
9a567c68a8de380a1070510117bf1102		2026-07-07 13:12:35.377852	KhRG
99a607f040762d5b8ff8c7f2712b7a45		2026-07-07 13:14:14.548871	KhRG
99a607f040762d5b8ff8c7f2712b7a45		2026-07-07 13:14:40.838799	KhRG
99a607f040762d5b8ff8c7f2712b7a45		2026-07-07 13:15:05.189356	KhRG
b06e2f9b2f52aa47a56ebb333ef85eee		2026-07-07 13:32:51.469917	KhRG
b06e2f9b2f52aa47a56ebb333ef85eee		2026-07-07 13:35:07.003607	KhRG
b06e2f9b2f52aa47a56ebb333ef85eee		2026-07-07 13:39:43.863738	KhRG
b06e2f9b2f52aa47a56ebb333ef85eee		2026-07-07 13:40:48.687123	KhRG
b06e2f9b2f52aa47a56ebb333ef85eee		2026-07-07 13:46:31.309451	KhRG
99a607f040762d5b8ff8c7f2712b7a45		2026-07-07 13:48:19.212328	KhRG
b06e2f9b2f52aa47a56ebb333ef85eee		2026-07-07 13:53:17.608495	KhRG
b06e2f9b2f52aa47a56ebb333ef85eee		2026-07-07 13:58:51.097187	KhRG
99a607f040762d5b8ff8c7f2712b7a45		2026-07-07 14:00:55.368771	KhRG
b06e2f9b2f52aa47a56ebb333ef85eee		2026-07-07 14:03:31.520430	KhRG
b06e2f9b2f52aa47a56ebb333ef85eee		2026-07-07 14:03:36.505400	KhRG
9a567c68a8de380a1070510117bf1102		2026-07-07 14:08:30.194551	KhRG
99a607f040762d5b8ff8c7f2712b7a45		2026-07-07 14:27:18.529676	KhRG
acdd7b72b7a3ea6d8b9e246bcb17a670		2026-07-07 14:38:17.422047	KhRG
9a567c68a8de380a1070510117bf1102		2026-07-07 14:41:08.161245	KhRG
9a567c68a8de380a1070510117bf1102		2026-07-07 14:43:34.447082	KhRG
acdd7b72b7a3ea6d8b9e246bcb17a670		2026-07-07 14:45:14.970728	KhRG
9a567c68a8de380a1070510117bf1102		2026-07-07 14:46:01.220091	KhRG
99a607f040762d5b8ff8c7f2712b7a45		2026-07-07 14:48:48.763539	KhRG
acdd7b72b7a3ea6d8b9e246bcb17a670		2026-07-07 14:49:27.680617	KhRG
acdd7b72b7a3ea6d8b9e246bcb17a670		2026-07-07 14:49:58.522728	KhRG
acdd7b72b7a3ea6d8b9e246bcb17a670		2026-07-07 14:55:02.157218	KhRG
acdd7b72b7a3ea6d8b9e246bcb17a670		2026-07-07 14:55:42.879478	KhRG
acdd7b72b7a3ea6d8b9e246bcb17a670		2026-07-07 14:56:59.081746	KhRG
99a607f040762d5b8ff8c7f2712b7a45		2026-07-07 14:58:49.456650	KhRG
b06e2f9b2f52aa47a56ebb333ef85eee		2026-07-07 14:58:59.889099	KhRG
99a607f040762d5b8ff8c7f2712b7a45		2026-07-07 14:59:31.298680	KhRG
b06e2f9b2f52aa47a56ebb333ef85eee		2026-07-07 14:59:50.815665	KhRG
acdd7b72b7a3ea6d8b9e246bcb17a670		2026-07-07 15:00:21.455769	KhRG
24ecb3604b56af1e9e8d55eb12fe9629		2026-07-07 15:01:45.891806	KhRG
acdd7b72b7a3ea6d8b9e246bcb17a670		2026-07-07 15:02:59.923455	KhRG
acdd7b72b7a3ea6d8b9e246bcb17a670		2026-07-07 15:03:25.909800	KhRG
24ecb3604b56af1e9e8d55eb12fe9629		2026-07-07 15:05:04.837275	KhRG
acdd7b72b7a3ea6d8b9e246bcb17a670		2026-07-07 15:06:22.976833	KhRG
acdd7b72b7a3ea6d8b9e246bcb17a670		2026-07-07 15:07:22.123160	KhRG
acdd7b72b7a3ea6d8b9e246bcb17a670		2026-07-07 15:08:07.219994	KhRG
b06e2f9b2f52aa47a56ebb333ef85eee		2026-07-07 15:33:29.562439	KhRG
b06e2f9b2f52aa47a56ebb333ef85eee		2026-07-07 15:34:04.268899	KhRG
ed0a0fec589664862c75c49979adf63d		2026-07-07 15:34:38.387040	KhRG
0132c74a30b8b30891549b1f07fbac5e		2026-07-12 10:59:40.258929	KhRG
b903728f1badaa76dd11464b054a0c3b		2026-07-07 15:35:07.562653	KhRG
b06e2f9b2f52aa47a56ebb333ef85eee		2026-07-07 15:35:28.859761	KhRG
ed0a0fec589664862c75c49979adf63d		2026-07-07 15:45:53.783000	KhRG
b903728f1badaa76dd11464b054a0c3b		2026-07-07 15:46:03.939012	KhRG
ed0a0fec589664862c75c49979adf63d		2026-07-07 15:48:29.174103	KhRG
b903728f1badaa76dd11464b054a0c3b		2026-07-07 15:57:40.373574	KhRG
b903728f1badaa76dd11464b054a0c3b		2026-07-07 15:58:11.483047	KhRG
b903728f1badaa76dd11464b054a0c3b		2026-07-07 16:00:00.012406	KhRG
ed0a0fec589664862c75c49979adf63d		2026-07-07 16:00:21.444130	KhRG
f0ae9d1c89f8bf921460ef8fe1dae815		2026-07-07 16:30:39.310356	KhRG
f0ae9d1c89f8bf921460ef8fe1dae815		2026-07-07 16:31:27.546446	KhRG
f0ae9d1c89f8bf921460ef8fe1dae815		2026-07-07 16:31:59.329304	KhRG
f0ae9d1c89f8bf921460ef8fe1dae815		2026-07-07 16:33:34.544626	KhRG
f0ae9d1c89f8bf921460ef8fe1dae815		2026-07-07 16:35:01.271135	KhRG
f0ae9d1c89f8bf921460ef8fe1dae815		2026-07-07 16:35:42.419573	KhRG
f0ae9d1c89f8bf921460ef8fe1dae815		2026-07-07 16:36:22.813335	KhRG
f0ae9d1c89f8bf921460ef8fe1dae815		2026-07-07 16:38:59.940643	KhRG
98f559517f3022737d320980be768b07		2026-07-07 16:54:47.683603	KhRG
98f559517f3022737d320980be768b07		2026-07-07 16:55:22.423515	KhRG
98f559517f3022737d320980be768b07		2026-07-07 16:59:06.697411	KhRG
98f559517f3022737d320980be768b07		2026-07-07 17:08:01.059493	KhRG
98f559517f3022737d320980be768b07		2026-07-07 17:08:48.755579	KhRG
98f559517f3022737d320980be768b07		2026-07-07 17:10:57.074255	KhRG
98f559517f3022737d320980be768b07		2026-07-07 17:13:14.826073	KhRG
98f559517f3022737d320980be768b07		2026-07-07 17:15:57.300565	KhRG
98f559517f3022737d320980be768b07		2026-07-07 17:23:06.253510	KhRG
98f559517f3022737d320980be768b07		2026-07-07 17:23:17.164074	KhRG
98f559517f3022737d320980be768b07		2026-07-07 17:25:35.369288	KhRG
98f559517f3022737d320980be768b07		2026-07-07 17:25:49.896529	KhRG
98f559517f3022737d320980be768b07		2026-07-07 17:26:10.421511	KhRG
98f559517f3022737d320980be768b07		2026-07-07 17:26:37.139752	KhRG
98f559517f3022737d320980be768b07		2026-07-07 17:27:43.709897	KhRG
98f559517f3022737d320980be768b07		2026-07-07 17:30:58.026747	KhRG
98f559517f3022737d320980be768b07		2026-07-07 17:38:14.905243	KhRG
98f559517f3022737d320980be768b07		2026-07-07 17:42:37.105987	KhRG
98f559517f3022737d320980be768b07		2026-07-07 17:44:14.472319	KhRG
98f559517f3022737d320980be768b07		2026-07-07 17:44:27.086174	KhRG
98f559517f3022737d320980be768b07		2026-07-07 17:44:57.352886	KhRG
98f559517f3022737d320980be768b07		2026-07-07 17:45:11.159207	KhRG
0132c74a30b8b30891549b1f07fbac5e		2026-07-12 11:04:10.133279	KhRG
98f559517f3022737d320980be768b07		2026-07-07 18:00:58.546841	KhRG
98f559517f3022737d320980be768b07		2026-07-07 18:19:17.013720	KhRG
52fb3dfcaceed7483d57f43f5c036db0		2026-07-07 18:23:44.739019	KhRG
98f559517f3022737d320980be768b07		2026-07-07 18:29:36.641813	KhRG
98f559517f3022737d320980be768b07		2026-07-07 19:22:03.900503	KhRG
86438625037ce76d1ad3958131f4d170		2026-07-07 19:23:56.781141	KhRG
98f559517f3022737d320980be768b07		2026-07-07 19:36:26.270792	KhRG
98f559517f3022737d320980be768b07		2026-07-07 19:38:05.769969	KhRG
98f559517f3022737d320980be768b07		2026-07-07 19:48:08.476484	KhRG
98f559517f3022737d320980be768b07		2026-07-07 19:52:54.120097	KhRG
0abbe1c6cef9b0bde82192634371f74b		2026-07-07 20:07:43.021739	KhRG
11f2236a9783c209517c697f17b34363		2026-07-07 20:08:30.782780	KhRG
11f2236a9783c209517c697f17b34363		2026-07-07 20:09:10.898805	KhRG
11f2236a9783c209517c697f17b34363		2026-07-07 20:10:04.971762	KhRG
0abbe1c6cef9b0bde82192634371f74b		2026-07-07 20:16:37.324552	KhRG
0abbe1c6cef9b0bde82192634371f74b		2026-07-07 20:17:57.728353	KhRG
1c8f6a432a522a03faefd566205e603a		2026-07-07 20:44:39.940045	KhRG
1c8f6a432a522a03faefd566205e603a		2026-07-07 20:45:44.956734	KhRG
1c8f6a432a522a03faefd566205e603a		2026-07-07 21:56:53.757592	KhRG
ebb7c4269ac1c91da9d699a6332066bf		2026-07-07 22:56:07.711046	KhRG
ebb7c4269ac1c91da9d699a6332066bf		2026-07-07 22:57:24.730688	KhRG
ebb7c4269ac1c91da9d699a6332066bf		2026-07-07 23:01:32.958609	KhRG
ebb7c4269ac1c91da9d699a6332066bf		2026-07-07 23:03:08.927456	KhRG
ebb7c4269ac1c91da9d699a6332066bf		2026-07-07 23:05:18.635716	KhRG
ebb7c4269ac1c91da9d699a6332066bf		2026-07-07 23:05:48.700130	KhRG
ebb7c4269ac1c91da9d699a6332066bf		2026-07-07 23:07:24.396844	KhRG
ebb7c4269ac1c91da9d699a6332066bf		2026-07-07 23:10:47.876110	KhRG
ebb7c4269ac1c91da9d699a6332066bf		2026-07-07 23:12:13.621602	KhRG
ebb7c4269ac1c91da9d699a6332066bf		2026-07-07 23:12:27.285542	KhRG
ebb7c4269ac1c91da9d699a6332066bf		2026-07-07 23:12:32.931247	KhRG
ebb7c4269ac1c91da9d699a6332066bf		2026-07-07 23:12:38.461921	KhRG
ebb7c4269ac1c91da9d699a6332066bf		2026-07-07 23:13:14.473013	KhRG
ebb7c4269ac1c91da9d699a6332066bf		2026-07-07 23:21:48.065362	KhRG
ebb7c4269ac1c91da9d699a6332066bf		2026-07-07 23:22:46.589903	KhRG
0132c74a30b8b30891549b1f07fbac5e		2026-07-08 03:58:38.358926	KhRG
0132c74a30b8b30891549b1f07fbac5e		2026-07-08 03:59:45.610210	KhRG
0132c74a30b8b30891549b1f07fbac5e		2026-07-08 04:01:00.527013	KhRG
0132c74a30b8b30891549b1f07fbac5e		2026-07-08 04:01:06.571977	KhRG
0132c74a30b8b30891549b1f07fbac5e		2026-07-08 04:11:32.053867	KhRG
0132c74a30b8b30891549b1f07fbac5e		2026-07-08 04:12:25.818260	KhRG
0132c74a30b8b30891549b1f07fbac5e		2026-07-08 04:24:09.780782	KhRG
0132c74a30b8b30891549b1f07fbac5e		2026-07-08 04:24:59.645419	KhRG
0132c74a30b8b30891549b1f07fbac5e		2026-07-08 04:25:50.467256	KhRG
0132c74a30b8b30891549b1f07fbac5e		2026-07-08 04:32:08.447247	KhRG
0132c74a30b8b30891549b1f07fbac5e		2026-07-08 04:33:35.211093	KhRG
0132c74a30b8b30891549b1f07fbac5e		2026-07-08 04:34:41.878505	KhRG
0132c74a30b8b30891549b1f07fbac5e		2026-07-08 04:35:28.181531	KhRG
0132c74a30b8b30891549b1f07fbac5e		2026-07-08 04:36:15.212012	KhRG
0132c74a30b8b30891549b1f07fbac5e		2026-07-08 04:37:11.162737	KhRG
0132c74a30b8b30891549b1f07fbac5e		2026-07-08 04:38:04.453648	KhRG
0132c74a30b8b30891549b1f07fbac5e		2026-07-08 04:39:11.235847	KhRG
0132c74a30b8b30891549b1f07fbac5e		2026-07-08 04:40:07.512312	KhRG
0132c74a30b8b30891549b1f07fbac5e		2026-07-08 04:42:09.522988	KhRG
0132c74a30b8b30891549b1f07fbac5e		2026-07-08 04:42:53.376009	KhRG
0132c74a30b8b30891549b1f07fbac5e		2026-07-08 04:43:33.920505	KhRG
0132c74a30b8b30891549b1f07fbac5e		2026-07-08 04:44:08.738413	KhRG
0132c74a30b8b30891549b1f07fbac5e		2026-07-08 04:44:40.034633	KhRG
0132c74a30b8b30891549b1f07fbac5e		2026-07-08 04:45:15.400239	KhRG
0132c74a30b8b30891549b1f07fbac5e		2026-07-08 04:46:05.859441	KhRG
0132c74a30b8b30891549b1f07fbac5e		2026-07-08 04:47:06.256365	KhRG
3182edb9fbad168c2e14bdb071f55c7b		2026-07-08 05:17:28.291911	KhRG
3182edb9fbad168c2e14bdb071f55c7b		2026-07-08 05:18:35.156081	KhRG
3182edb9fbad168c2e14bdb071f55c7b		2026-07-08 05:19:00.387124	KhRG
3182edb9fbad168c2e14bdb071f55c7b		2026-07-08 05:40:41.340377	KhRG
24ecb3604b56af1e9e8d55eb12fe9629		2026-07-08 06:26:06.052143	KhRG
24ecb3604b56af1e9e8d55eb12fe9629		2026-07-08 06:34:10.172648	KhRG
24ecb3604b56af1e9e8d55eb12fe9629		2026-07-08 06:36:28.213707	KhRG
24ecb3604b56af1e9e8d55eb12fe9629		2026-07-08 06:43:43.280140	KhRG
ba6d1a93f80371b95237c0fddc9f2a41		2026-07-08 06:47:53.478395	KhRG
ba6d1a93f80371b95237c0fddc9f2a41		2026-07-08 06:52:06.664435	KhRG
3984c0985383b8af3d4af02cc7fee9ae		2026-07-08 06:53:09.507850	KhRG
ba6d1a93f80371b95237c0fddc9f2a41		2026-07-08 06:54:07.244801	KhRG
ba6d1a93f80371b95237c0fddc9f2a41		2026-07-08 07:00:12.951281	KhRG
ba6d1a93f80371b95237c0fddc9f2a41		2026-07-08 07:01:33.223163	KhRG
ba6d1a93f80371b95237c0fddc9f2a41		2026-07-08 07:03:04.487707	KhRG
ba6d1a93f80371b95237c0fddc9f2a41		2026-07-08 07:08:31.230144	KhRG
ba6d1a93f80371b95237c0fddc9f2a41		2026-07-08 07:09:49.356979	KhRG
24ecb3604b56af1e9e8d55eb12fe9629		2026-07-08 07:10:52.720766	KhRG
ba6d1a93f80371b95237c0fddc9f2a41		2026-07-08 07:11:35.441563	KhRG
ba6d1a93f80371b95237c0fddc9f2a41		2026-07-08 07:12:43.830484	KhRG
24ecb3604b56af1e9e8d55eb12fe9629		2026-07-08 07:13:05.568288	KhRG
3182edb9fbad168c2e14bdb071f55c7b		2026-07-08 07:35:07.279698	KhRG
3182edb9fbad168c2e14bdb071f55c7b		2026-07-08 07:41:19.597577	KhRG
7a0c8900d3734f5029e1abc5ae63fee9		2026-07-08 07:45:31.898905	KhRG
7a0c8900d3734f5029e1abc5ae63fee9		2026-07-08 07:48:07.151318	KhRG
7a0c8900d3734f5029e1abc5ae63fee9		2026-07-08 07:49:01.437026	KhRG
7a0c8900d3734f5029e1abc5ae63fee9		2026-07-08 07:49:29.825283	KhRG
7a0c8900d3734f5029e1abc5ae63fee9		2026-07-08 07:53:01.248029	KhRG
7a0c8900d3734f5029e1abc5ae63fee9		2026-07-08 07:53:16.666605	KhRG
7a0c8900d3734f5029e1abc5ae63fee9		2026-07-08 07:53:56.110206	KhRG
7a0c8900d3734f5029e1abc5ae63fee9		2026-07-08 07:54:51.144175	KhRG
7a0c8900d3734f5029e1abc5ae63fee9		2026-07-08 08:12:27.886798	KhRG
7a0c8900d3734f5029e1abc5ae63fee9		2026-07-08 08:13:17.916782	KhRG
7a0c8900d3734f5029e1abc5ae63fee9		2026-07-08 08:14:16.800554	KhRG
7a0c8900d3734f5029e1abc5ae63fee9		2026-07-08 08:15:09.351767	KhRG
7a0c8900d3734f5029e1abc5ae63fee9		2026-07-08 08:15:39.444462	KhRG
7a0c8900d3734f5029e1abc5ae63fee9		2026-07-08 08:16:41.329110	KhRG
959cd0e377bbac6cbea617db69236767		2026-07-08 08:17:21.683267	KhRG
7a0c8900d3734f5029e1abc5ae63fee9		2026-07-08 08:17:54.748950	KhRG
7a0c8900d3734f5029e1abc5ae63fee9		2026-07-08 08:18:24.453451	KhRG
7a0c8900d3734f5029e1abc5ae63fee9		2026-07-08 08:29:28.262876	KhRG
7a0c8900d3734f5029e1abc5ae63fee9		2026-07-08 08:34:33.777832	KhRG
3182edb9fbad168c2e14bdb071f55c7b		2026-07-08 08:38:14.901528	KhRG
ba6d1a93f80371b95237c0fddc9f2a41		2026-07-08 08:43:26.635004	KhRG
ba6d1a93f80371b95237c0fddc9f2a41		2026-07-08 08:44:39.284905	KhRG
ba6d1a93f80371b95237c0fddc9f2a41		2026-07-08 08:45:36.005726	KhRG
7a0c8900d3734f5029e1abc5ae63fee9		2026-07-08 08:47:52.293407	KhRG
7a0c8900d3734f5029e1abc5ae63fee9		2026-07-08 08:51:19.374551	KhRG
ba6d1a93f80371b95237c0fddc9f2a41		2026-07-08 08:53:01.505176	KhRG
ba6d1a93f80371b95237c0fddc9f2a41		2026-07-08 08:54:14.253601	KhRG
ba6d1a93f80371b95237c0fddc9f2a41		2026-07-08 08:55:17.948698	KhRG
ba6d1a93f80371b95237c0fddc9f2a41		2026-07-08 08:56:11.478622	KhRG
7a0c8900d3734f5029e1abc5ae63fee9		2026-07-08 08:58:24.817014	KhRG
7a0c8900d3734f5029e1abc5ae63fee9		2026-07-08 09:02:19.786674	KhRG
ba6d1a93f80371b95237c0fddc9f2a41		2026-07-08 09:16:45.086987	KhRG
ba6d1a93f80371b95237c0fddc9f2a41		2026-07-08 09:18:19.631509	KhRG
ba6d1a93f80371b95237c0fddc9f2a41		2026-07-08 09:19:09.593937	KhRG
ba6d1a93f80371b95237c0fddc9f2a41		2026-07-08 09:21:35.044342	KhRG
ba6d1a93f80371b95237c0fddc9f2a41		2026-07-08 09:29:50.615558	KhRG
ba6d1a93f80371b95237c0fddc9f2a41		2026-07-08 09:38:22.895364	KhRG
ba6d1a93f80371b95237c0fddc9f2a41		2026-07-08 09:39:50.795185	KhRG
ba6d1a93f80371b95237c0fddc9f2a41		2026-07-08 09:41:06.883988	KhRG
ba6d1a93f80371b95237c0fddc9f2a41		2026-07-08 09:43:04.743616	KhRG
ba6d1a93f80371b95237c0fddc9f2a41		2026-07-08 09:46:21.641612	KhRG
3182edb9fbad168c2e14bdb071f55c7b		2026-07-08 09:58:16.546092	KhRG
3182edb9fbad168c2e14bdb071f55c7b		2026-07-08 09:58:53.104846	KhRG
3182edb9fbad168c2e14bdb071f55c7b		2026-07-08 09:59:56.734600	KhRG
3182edb9fbad168c2e14bdb071f55c7b		2026-07-08 10:01:03.445446	KhRG
3182edb9fbad168c2e14bdb071f55c7b		2026-07-08 10:02:13.229802	KhRG
3182edb9fbad168c2e14bdb071f55c7b		2026-07-08 10:02:19.050382	KhRG
3182edb9fbad168c2e14bdb071f55c7b		2026-07-08 10:02:25.391416	KhRG
3182edb9fbad168c2e14bdb071f55c7b		2026-07-08 10:02:31.138988	KhRG
3182edb9fbad168c2e14bdb071f55c7b		2026-07-08 10:02:37.019749	KhRG
3182edb9fbad168c2e14bdb071f55c7b		2026-07-08 10:02:43.328335	KhRG
64b41acd319848b1fecef9e2facfc796		2026-07-08 10:12:37.251741	KhRG
64b41acd319848b1fecef9e2facfc796		2026-07-08 10:13:59.575066	KhRG
64b41acd319848b1fecef9e2facfc796		2026-07-08 10:16:37.016702	KhRG
64b41acd319848b1fecef9e2facfc796		2026-07-08 10:17:58.060903	KhRG
64b41acd319848b1fecef9e2facfc796		2026-07-08 10:20:49.528303	KhRG
0132c74a30b8b30891549b1f07fbac5e		2026-07-12 11:05:27.383217	KhRG
ed0a0fec589664862c75c49979adf63d		2026-07-08 10:21:51.833158	KhRG
ba6d1a93f80371b95237c0fddc9f2a41		2026-07-08 10:37:42.726359	KhRG
ed0a0fec589664862c75c49979adf63d		2026-07-08 10:39:36.948349	KhRG
ba6d1a93f80371b95237c0fddc9f2a41		2026-07-08 10:45:37.651942	KhRG
ed0a0fec589664862c75c49979adf63d		2026-07-08 10:47:00.913916	KhRG
ba6d1a93f80371b95237c0fddc9f2a41		2026-07-08 10:48:40.250341	KhRG
7a0c8900d3734f5029e1abc5ae63fee9		2026-07-08 10:50:19.028079	KhRG
94ecff662315a41bf2477a2f8eb5089d		2026-07-08 10:50:28.140317	KhRG
ba6d1a93f80371b95237c0fddc9f2a41		2026-07-08 10:50:49.090336	KhRG
7a0c8900d3734f5029e1abc5ae63fee9		2026-07-08 10:51:10.766702	KhRG
94ecff662315a41bf2477a2f8eb5089d		2026-07-08 10:51:13.988002	KhRG
94ecff662315a41bf2477a2f8eb5089d		2026-07-08 10:51:23.792375	KhRG
ba6d1a93f80371b95237c0fddc9f2a41		2026-07-08 10:51:49.409315	KhRG
ba6d1a93f80371b95237c0fddc9f2a41		2026-07-08 10:52:18.117603	KhRG
94ecff662315a41bf2477a2f8eb5089d		2026-07-08 10:58:03.712732	KhRG
94ecff662315a41bf2477a2f8eb5089d		2026-07-08 10:59:35.168153	KhRG
94ecff662315a41bf2477a2f8eb5089d		2026-07-08 11:00:26.924730	KhRG
94ecff662315a41bf2477a2f8eb5089d		2026-07-08 11:00:40.905120	KhRG
94ecff662315a41bf2477a2f8eb5089d		2026-07-08 11:01:03.729736	KhRG
94ecff662315a41bf2477a2f8eb5089d		2026-07-08 11:03:11.263711	KhRG
7a0c8900d3734f5029e1abc5ae63fee9		2026-07-08 11:03:12.252314	KhRG
7a0c8900d3734f5029e1abc5ae63fee9		2026-07-08 11:04:24.793277	KhRG
7a0c8900d3734f5029e1abc5ae63fee9		2026-07-08 11:05:53.702740	KhRG
7a0c8900d3734f5029e1abc5ae63fee9		2026-07-08 11:06:32.124370	KhRG
7a0c8900d3734f5029e1abc5ae63fee9		2026-07-08 11:08:20.788369	KhRG
7a0c8900d3734f5029e1abc5ae63fee9		2026-07-08 11:09:12.757501	KhRG
7a0c8900d3734f5029e1abc5ae63fee9		2026-07-08 11:10:13.012794	KhRG
3182edb9fbad168c2e14bdb071f55c7b		2026-07-08 11:28:21.607800	KhRG
ba6d1a93f80371b95237c0fddc9f2a41		2026-07-08 11:36:59.430199	KhRG
3182edb9fbad168c2e14bdb071f55c7b		2026-07-08 11:37:34.698744	KhRG
3182edb9fbad168c2e14bdb071f55c7b		2026-07-08 11:44:35.778441	KhRG
3182edb9fbad168c2e14bdb071f55c7b		2026-07-08 11:45:41.882972	KhRG
3182edb9fbad168c2e14bdb071f55c7b		2026-07-08 11:47:43.296412	KhRG
60803563674ce8ab4a5e595d2b8be61f		2026-07-08 11:49:55.156127	KhRG
ba6d1a93f80371b95237c0fddc9f2a41		2026-07-08 11:54:27.860535	KhRG
60803563674ce8ab4a5e595d2b8be61f		2026-07-08 11:57:53.146203	KhRG
ba6d1a93f80371b95237c0fddc9f2a41		2026-07-08 11:58:07.265083	KhRG
60803563674ce8ab4a5e595d2b8be61f		2026-07-08 12:03:47.153069	KhRG
0132c74a30b8b30891549b1f07fbac5e		2026-07-12 11:17:26.941291	KhRG
60803563674ce8ab4a5e595d2b8be61f		2026-07-08 12:05:34.668303	KhRG
60803563674ce8ab4a5e595d2b8be61f		2026-07-08 12:08:39.152788	KhRG
ba6d1a93f80371b95237c0fddc9f2a41		2026-07-08 12:09:27.381297	KhRG
ba6d1a93f80371b95237c0fddc9f2a41		2026-07-08 12:12:27.484986	KhRG
ba6d1a93f80371b95237c0fddc9f2a41		2026-07-08 12:14:21.477206	KhRG
3182edb9fbad168c2e14bdb071f55c7b		2026-07-08 12:16:02.171136	KhRG
9a567c68a8de380a1070510117bf1102		2026-07-08 12:16:18.471319	KhRG
3182edb9fbad168c2e14bdb071f55c7b		2026-07-08 12:16:36.765018	KhRG
3182edb9fbad168c2e14bdb071f55c7b		2026-07-08 12:16:42.087920	KhRG
3182edb9fbad168c2e14bdb071f55c7b		2026-07-08 12:16:49.821717	KhRG
3182edb9fbad168c2e14bdb071f55c7b		2026-07-08 12:16:58.210208	KhRG
60803563674ce8ab4a5e595d2b8be61f		2026-07-08 12:17:26.666916	KhRG
3182edb9fbad168c2e14bdb071f55c7b		2026-07-08 12:17:43.099468	KhRG
3182edb9fbad168c2e14bdb071f55c7b		2026-07-08 12:18:27.967362	KhRG
60803563674ce8ab4a5e595d2b8be61f		2026-07-08 12:19:02.740108	KhRG
3182edb9fbad168c2e14bdb071f55c7b		2026-07-08 12:19:16.142969	KhRG
3182edb9fbad168c2e14bdb071f55c7b		2026-07-08 12:19:27.533845	KhRG
3182edb9fbad168c2e14bdb071f55c7b		2026-07-08 12:19:32.915870	KhRG
3182edb9fbad168c2e14bdb071f55c7b		2026-07-08 12:22:17.659278	KhRG
3182edb9fbad168c2e14bdb071f55c7b		2026-07-08 12:30:48.537150	KhRG
3182edb9fbad168c2e14bdb071f55c7b		2026-07-08 12:30:53.840109	KhRG
3182edb9fbad168c2e14bdb071f55c7b		2026-07-08 12:33:50.311128	KhRG
3182edb9fbad168c2e14bdb071f55c7b		2026-07-08 12:34:03.615528	KhRG
3182edb9fbad168c2e14bdb071f55c7b		2026-07-08 12:34:09.931397	KhRG
3182edb9fbad168c2e14bdb071f55c7b		2026-07-08 12:34:16.886119	KhRG
3182edb9fbad168c2e14bdb071f55c7b		2026-07-08 12:34:32.708233	KhRG
3182edb9fbad168c2e14bdb071f55c7b		2026-07-08 12:34:40.190182	KhRG
3182edb9fbad168c2e14bdb071f55c7b		2026-07-08 12:34:45.730432	KhRG
3182edb9fbad168c2e14bdb071f55c7b		2026-07-08 12:34:51.382509	KhRG
d51d7cf5d7eb03f98ede1a38e616e75b		2026-07-08 12:36:40.169062	KhRG
d51d7cf5d7eb03f98ede1a38e616e75b		2026-07-08 12:37:48.789497	KhRG
ba6d1a93f80371b95237c0fddc9f2a41		2026-07-08 12:43:07.444315	KhRG
b6fb68a3ee5b7eaa77e0298656c4669b		2026-07-08 12:44:15.063839	KhRG
ba6d1a93f80371b95237c0fddc9f2a41		2026-07-08 12:45:15.833277	KhRG
b6fb68a3ee5b7eaa77e0298656c4669b		2026-07-08 12:46:26.285012	KhRG
ba6d1a93f80371b95237c0fddc9f2a41		2026-07-08 12:46:27.992479	KhRG
b6fb68a3ee5b7eaa77e0298656c4669b		2026-07-08 12:49:50.095409	KhRG
ba6d1a93f80371b95237c0fddc9f2a41		2026-07-08 12:50:56.982552	KhRG
d51d7cf5d7eb03f98ede1a38e616e75b		2026-07-08 12:52:52.977715	KhRG
0132c74a30b8b30891549b1f07fbac5e		2026-07-12 11:18:21.716841	KhRG
ba6d1a93f80371b95237c0fddc9f2a41		2026-07-08 12:53:17.373880	KhRG
b6fb68a3ee5b7eaa77e0298656c4669b		2026-07-08 12:55:47.063064	KhRG
ba6d1a93f80371b95237c0fddc9f2a41		2026-07-08 12:55:55.224790	KhRG
d51d7cf5d7eb03f98ede1a38e616e75b		2026-07-08 12:59:47.775100	KhRG
b6fb68a3ee5b7eaa77e0298656c4669b		2026-07-08 13:02:39.408136	KhRG
b6fb68a3ee5b7eaa77e0298656c4669b		2026-07-08 13:03:01.409059	KhRG
d51d7cf5d7eb03f98ede1a38e616e75b		2026-07-08 13:03:47.389161	KhRG
d51d7cf5d7eb03f98ede1a38e616e75b		2026-07-08 13:15:05.152709	KhRG
ba6d1a93f80371b95237c0fddc9f2a41		2026-07-08 13:16:35.641471	KhRG
ba6d1a93f80371b95237c0fddc9f2a41		2026-07-08 13:20:58.830350	KhRG
d51d7cf5d7eb03f98ede1a38e616e75b		2026-07-08 13:24:29.074922	KhRG
ba6d1a93f80371b95237c0fddc9f2a41		2026-07-08 13:28:12.621812	KhRG
ba6d1a93f80371b95237c0fddc9f2a41		2026-07-08 13:33:28.778228	KhRG
d34184fc3e191e5f81a628adea342456		2026-07-08 13:41:14.509097	KhRG
ba6d1a93f80371b95237c0fddc9f2a41		2026-07-08 13:45:47.653124	KhRG
ba6d1a93f80371b95237c0fddc9f2a41		2026-07-08 13:52:36.718348	KhRG
ba6d1a93f80371b95237c0fddc9f2a41		2026-07-08 13:55:17.942650	KhRG
b6fb68a3ee5b7eaa77e0298656c4669b		2026-07-08 13:57:20.750601	KhRG
b6fb68a3ee5b7eaa77e0298656c4669b		2026-07-08 13:57:29.535631	KhRG
b6fb68a3ee5b7eaa77e0298656c4669b		2026-07-08 14:01:06.338628	KhRG
ba6d1a93f80371b95237c0fddc9f2a41		2026-07-08 14:01:56.381755	KhRG
ba6d1a93f80371b95237c0fddc9f2a41		2026-07-08 14:05:12.949950	KhRG
ba6d1a93f80371b95237c0fddc9f2a41		2026-07-08 14:44:54.369221	KhRG
ba6d1a93f80371b95237c0fddc9f2a41		2026-07-08 14:46:55.949092	KhRG
ba6d1a93f80371b95237c0fddc9f2a41		2026-07-08 14:48:49.030707	KhRG
ba6d1a93f80371b95237c0fddc9f2a41		2026-07-08 14:53:07.750731	KhRG
1c8f6a432a522a03faefd566205e603a		2026-07-08 15:06:57.283783	KhRG
9c55f9b53bf3a18ff35500e0658886f5		2026-07-08 15:14:49.961342	KhRG
9c55f9b53bf3a18ff35500e0658886f5		2026-07-08 15:15:26.446692	KhRG
9c55f9b53bf3a18ff35500e0658886f5		2026-07-08 15:16:15.428068	KhRG
9c55f9b53bf3a18ff35500e0658886f5		2026-07-08 15:17:01.660375	KhRG
ba6d1a93f80371b95237c0fddc9f2a41		2026-07-08 15:20:58.113699	KhRG
ba6d1a93f80371b95237c0fddc9f2a41		2026-07-08 15:21:48.162595	KhRG
1c8f6a432a522a03faefd566205e603a		2026-07-08 15:23:02.057837	KhRG
acdd7b72b7a3ea6d8b9e246bcb17a670		2026-07-08 15:34:50.708631	KhRG
acdd7b72b7a3ea6d8b9e246bcb17a670		2026-07-08 15:37:09.053319	KhRG
ba6d1a93f80371b95237c0fddc9f2a41		2026-07-08 15:37:52.193078	KhRG
acdd7b72b7a3ea6d8b9e246bcb17a670		2026-07-08 15:38:10.515436	KhRG
acdd7b72b7a3ea6d8b9e246bcb17a670		2026-07-08 15:39:29.619670	KhRG
ba6d1a93f80371b95237c0fddc9f2a41		2026-07-08 15:41:06.789970	KhRG
ba6d1a93f80371b95237c0fddc9f2a41		2026-07-08 15:42:50.894057	KhRG
ba6d1a93f80371b95237c0fddc9f2a41		2026-07-08 15:44:24.855043	KhRG
ba6d1a93f80371b95237c0fddc9f2a41		2026-07-08 15:47:01.031900	KhRG
ba6d1a93f80371b95237c0fddc9f2a41		2026-07-08 15:51:39.878813	KhRG
fa5cabc198d97611c47ef3fdeb3615bf		2026-07-14 12:05:56.488756	KhRG
b903728f1badaa76dd11464b054a0c3b		2026-07-08 15:53:19.306726	KhRG
b903728f1badaa76dd11464b054a0c3b		2026-07-08 15:55:52.760446	KhRG
b903728f1badaa76dd11464b054a0c3b		2026-07-08 15:57:49.993614	KhRG
b903728f1badaa76dd11464b054a0c3b		2026-07-08 16:10:08.849786	KhRG
d51d7cf5d7eb03f98ede1a38e616e75b		2026-07-08 16:18:24.279916	KhRG
b903728f1badaa76dd11464b054a0c3b		2026-07-08 16:20:55.448849	KhRG
b903728f1badaa76dd11464b054a0c3b		2026-07-08 16:22:08.870987	KhRG
d51d7cf5d7eb03f98ede1a38e616e75b		2026-07-08 16:22:17.798359	KhRG
d51d7cf5d7eb03f98ede1a38e616e75b		2026-07-08 16:23:01.944104	KhRG
d51d7cf5d7eb03f98ede1a38e616e75b		2026-07-08 16:30:00.638005	KhRG
d51d7cf5d7eb03f98ede1a38e616e75b		2026-07-08 16:33:16.195041	KhRG
ed0a0fec589664862c75c49979adf63d		2026-07-08 16:34:31.938089	KhRG
d51d7cf5d7eb03f98ede1a38e616e75b		2026-07-08 16:38:36.793119	KhRG
d51d7cf5d7eb03f98ede1a38e616e75b		2026-07-08 16:40:42.607278	KhRG
a0adda3e5c9bbd7e32fb10bb49a0f82b		2026-07-08 16:40:54.999279	KhRG
a0adda3e5c9bbd7e32fb10bb49a0f82b		2026-07-08 16:42:02.814090	KhRG
d51d7cf5d7eb03f98ede1a38e616e75b		2026-07-08 16:43:10.055898	KhRG
a0adda3e5c9bbd7e32fb10bb49a0f82b		2026-07-08 16:43:42.534708	KhRG
d51d7cf5d7eb03f98ede1a38e616e75b		2026-07-08 16:44:00.003279	KhRG
a0adda3e5c9bbd7e32fb10bb49a0f82b		2026-07-08 16:44:00.276042	KhRG
d51d7cf5d7eb03f98ede1a38e616e75b		2026-07-08 16:45:11.085476	KhRG
aaf16c0ea249e6b2ed0b476178258e2b		2026-07-14 13:11:12.428863	KhRG
c865fb05433b70f6a93585fe6d47ab37		2026-07-08 16:45:37.524293	KhRG
d51d7cf5d7eb03f98ede1a38e616e75b		2026-07-08 16:46:09.372248	KhRG
c865fb05433b70f6a93585fe6d47ab37		2026-07-08 16:47:55.176145	KhRG
d51d7cf5d7eb03f98ede1a38e616e75b		2026-07-08 16:49:17.872870	KhRG
c865fb05433b70f6a93585fe6d47ab37		2026-07-08 16:50:06.397358	KhRG
d51d7cf5d7eb03f98ede1a38e616e75b		2026-07-08 16:51:04.740967	KhRG
d51d7cf5d7eb03f98ede1a38e616e75b		2026-07-08 16:51:58.906732	KhRG
d51d7cf5d7eb03f98ede1a38e616e75b		2026-07-08 16:52:34.925461	KhRG
d51d7cf5d7eb03f98ede1a38e616e75b		2026-07-08 16:53:07.716400	KhRG
d51d7cf5d7eb03f98ede1a38e616e75b		2026-07-08 16:54:00.418919	KhRG
ed0a0fec589664862c75c49979adf63d		2026-07-08 16:55:10.857569	KhRG
d51d7cf5d7eb03f98ede1a38e616e75b		2026-07-08 16:57:13.569142	KhRG
d51d7cf5d7eb03f98ede1a38e616e75b		2026-07-08 16:58:01.676798	KhRG
d51d7cf5d7eb03f98ede1a38e616e75b		2026-07-08 16:59:13.151774	KhRG
d51d7cf5d7eb03f98ede1a38e616e75b		2026-07-08 17:00:06.579324	KhRG
d51d7cf5d7eb03f98ede1a38e616e75b		2026-07-08 17:04:04.151932	KhRG
24ecb3604b56af1e9e8d55eb12fe9629		2026-07-08 17:06:23.565753	KhRG
ba6d1a93f80371b95237c0fddc9f2a41		2026-07-08 17:21:00.586767	KhRG
24ecb3604b56af1e9e8d55eb12fe9629		2026-07-08 17:24:28.348557	KhRG
d51d7cf5d7eb03f98ede1a38e616e75b		2026-07-08 17:36:49.802593	KhRG
d51d7cf5d7eb03f98ede1a38e616e75b		2026-07-08 17:37:18.877184	KhRG
d51d7cf5d7eb03f98ede1a38e616e75b		2026-07-08 17:37:36.759271	KhRG
d51d7cf5d7eb03f98ede1a38e616e75b		2026-07-08 17:38:20.243184	KhRG
d51d7cf5d7eb03f98ede1a38e616e75b		2026-07-08 17:40:51.175898	KhRG
d51d7cf5d7eb03f98ede1a38e616e75b		2026-07-08 17:41:47.929161	KhRG
d51d7cf5d7eb03f98ede1a38e616e75b		2026-07-08 17:42:19.441482	KhRG
d51d7cf5d7eb03f98ede1a38e616e75b		2026-07-08 17:42:51.039017	KhRG
d51d7cf5d7eb03f98ede1a38e616e75b		2026-07-08 17:43:56.723994	KhRG
ba6d1a93f80371b95237c0fddc9f2a41		2026-07-08 18:01:19.700400	KhRG
ebb7c4269ac1c91da9d699a6332066bf		2026-07-08 18:40:05.931817	KhRG
ebb7c4269ac1c91da9d699a6332066bf		2026-07-08 18:40:31.191026	KhRG
ebb7c4269ac1c91da9d699a6332066bf		2026-07-08 18:43:40.546695	KhRG
ebb7c4269ac1c91da9d699a6332066bf		2026-07-08 18:45:03.235771	KhRG
ebb7c4269ac1c91da9d699a6332066bf		2026-07-08 18:46:18.732014	KhRG
ebb7c4269ac1c91da9d699a6332066bf		2026-07-08 18:55:27.482272	KhRG
ebb7c4269ac1c91da9d699a6332066bf		2026-07-08 19:02:38.906322	KhRG
ebb7c4269ac1c91da9d699a6332066bf		2026-07-08 19:10:23.131306	KhRG
ebb7c4269ac1c91da9d699a6332066bf		2026-07-08 19:10:48.065039	KhRG
ed0a0fec589664862c75c49979adf63d		2026-07-08 19:13:30.653353	KhRG
c55d7f8e991e37560d7b5e0d06bf3939		2026-07-14 17:07:05.983901	KhRG
ed0a0fec589664862c75c49979adf63d		2026-07-08 19:22:29.942606	KhRG
0abbe1c6cef9b0bde82192634371f74b		2026-07-08 19:40:46.489505	KhRG
0abbe1c6cef9b0bde82192634371f74b		2026-07-08 19:44:25.697420	KhRG
0abbe1c6cef9b0bde82192634371f74b		2026-07-08 19:45:41.420687	KhRG
0abbe1c6cef9b0bde82192634371f74b		2026-07-08 19:46:44.725249	KhRG
0abbe1c6cef9b0bde82192634371f74b		2026-07-08 19:47:40.915901	KhRG
0abbe1c6cef9b0bde82192634371f74b		2026-07-08 19:50:11.444880	KhRG
0abbe1c6cef9b0bde82192634371f74b		2026-07-08 19:51:05.074057	KhRG
0abbe1c6cef9b0bde82192634371f74b		2026-07-08 19:55:56.704815	KhRG
0abbe1c6cef9b0bde82192634371f74b		2026-07-08 19:56:58.224355	KhRG
0abbe1c6cef9b0bde82192634371f74b		2026-07-08 20:03:31.152736	KhRG
0abbe1c6cef9b0bde82192634371f74b		2026-07-08 20:05:47.026609	KhRG
0abbe1c6cef9b0bde82192634371f74b		2026-07-08 20:07:51.814353	KhRG
0abbe1c6cef9b0bde82192634371f74b		2026-07-08 20:08:55.241415	KhRG
0abbe1c6cef9b0bde82192634371f74b		2026-07-08 20:09:28.518585	KhRG
0abbe1c6cef9b0bde82192634371f74b		2026-07-08 20:10:32.139479	KhRG
0abbe1c6cef9b0bde82192634371f74b		2026-07-08 20:13:02.921561	KhRG
0abbe1c6cef9b0bde82192634371f74b		2026-07-08 20:13:24.036405	KhRG
0abbe1c6cef9b0bde82192634371f74b		2026-07-08 20:15:33.239161	KhRG
0abbe1c6cef9b0bde82192634371f74b		2026-07-08 20:18:07.823986	KhRG
0abbe1c6cef9b0bde82192634371f74b		2026-07-08 20:19:09.259875	KhRG
0abbe1c6cef9b0bde82192634371f74b		2026-07-08 20:27:47.686687	KhRG
0abbe1c6cef9b0bde82192634371f74b		2026-07-08 20:30:12.580014	KhRG
0abbe1c6cef9b0bde82192634371f74b		2026-07-08 20:31:10.240955	KhRG
0abbe1c6cef9b0bde82192634371f74b		2026-07-08 20:31:56.170425	KhRG
0abbe1c6cef9b0bde82192634371f74b		2026-07-08 20:33:10.066662	KhRG
0abbe1c6cef9b0bde82192634371f74b		2026-07-08 20:33:56.505813	KhRG
0abbe1c6cef9b0bde82192634371f74b		2026-07-08 20:35:02.484699	KhRG
0abbe1c6cef9b0bde82192634371f74b		2026-07-08 20:40:51.846827	KhRG
0abbe1c6cef9b0bde82192634371f74b		2026-07-08 20:42:07.849358	KhRG
0abbe1c6cef9b0bde82192634371f74b		2026-07-08 20:43:40.054377	KhRG
0abbe1c6cef9b0bde82192634371f74b		2026-07-08 20:45:50.600466	KhRG
0abbe1c6cef9b0bde82192634371f74b		2026-07-08 20:48:05.748396	KhRG
0abbe1c6cef9b0bde82192634371f74b		2026-07-08 20:48:50.317308	KhRG
0abbe1c6cef9b0bde82192634371f74b		2026-07-08 20:50:05.596970	KhRG
0abbe1c6cef9b0bde82192634371f74b		2026-07-08 20:52:03.569353	KhRG
0abbe1c6cef9b0bde82192634371f74b		2026-07-08 20:57:48.456833	KhRG
0abbe1c6cef9b0bde82192634371f74b		2026-07-08 21:00:45.778633	KhRG
0abbe1c6cef9b0bde82192634371f74b		2026-07-08 21:01:14.616743	KhRG
0abbe1c6cef9b0bde82192634371f74b		2026-07-08 21:01:58.561661	KhRG
0abbe1c6cef9b0bde82192634371f74b		2026-07-08 21:02:51.833873	KhRG
0abbe1c6cef9b0bde82192634371f74b		2026-07-08 21:03:51.895267	KhRG
0abbe1c6cef9b0bde82192634371f74b		2026-07-08 21:06:24.100997	KhRG
0abbe1c6cef9b0bde82192634371f74b		2026-07-08 21:06:58.266277	KhRG
0abbe1c6cef9b0bde82192634371f74b		2026-07-08 21:07:30.888552	KhRG
0abbe1c6cef9b0bde82192634371f74b		2026-07-08 21:09:28.723892	KhRG
0abbe1c6cef9b0bde82192634371f74b		2026-07-08 21:09:56.179615	KhRG
0abbe1c6cef9b0bde82192634371f74b		2026-07-08 21:12:53.394245	KhRG
0abbe1c6cef9b0bde82192634371f74b		2026-07-08 21:15:24.504297	KhRG
0abbe1c6cef9b0bde82192634371f74b		2026-07-08 21:18:23.803603	KhRG
0abbe1c6cef9b0bde82192634371f74b		2026-07-08 21:21:34.926974	KhRG
0abbe1c6cef9b0bde82192634371f74b		2026-07-08 21:21:50.342185	KhRG
0abbe1c6cef9b0bde82192634371f74b		2026-07-08 21:22:37.262515	KhRG
0abbe1c6cef9b0bde82192634371f74b		2026-07-08 21:26:14.521379	KhRG
0abbe1c6cef9b0bde82192634371f74b		2026-07-08 21:28:09.809568	KhRG
5d250312e7c12bf3ba65b3c0319c0608		2026-07-08 21:51:31.076873	KhRG
5d250312e7c12bf3ba65b3c0319c0608		2026-07-08 21:51:45.966532	KhRG
5d250312e7c12bf3ba65b3c0319c0608		2026-07-08 22:24:57.382546	KhRG
5d250312e7c12bf3ba65b3c0319c0608		2026-07-08 22:27:14.183865	KhRG
6b29fbfc3224aa8f9b8407ef065c61c0		2026-07-09 02:09:02.816493	KhRG
6b29fbfc3224aa8f9b8407ef065c61c0		2026-07-09 02:58:32.840427	KhRG
e7098d6e66ac25501b28e7609f08ae39		2026-07-09 02:59:50.231588	KhRG
6b29fbfc3224aa8f9b8407ef065c61c0		2026-07-09 03:03:48.455425	KhRG
c865fb05433b70f6a93585fe6d47ab37		2026-07-09 04:30:52.690369	KhRG
24ecb3604b56af1e9e8d55eb12fe9629		2026-07-09 05:26:48.485517	KhRG
9d80f0b22a129420db8bc6084a5275ba		2026-07-09 05:27:26.394404	KhRG
24ecb3604b56af1e9e8d55eb12fe9629		2026-07-09 05:29:07.469233	KhRG
9d80f0b22a129420db8bc6084a5275ba		2026-07-09 05:32:28.382132	KhRG
24ecb3604b56af1e9e8d55eb12fe9629		2026-07-09 05:34:20.818251	KhRG
24ecb3604b56af1e9e8d55eb12fe9629		2026-07-09 06:06:41.084757	KhRG
3182edb9fbad168c2e14bdb071f55c7b		2026-07-09 06:30:52.099505	KhRG
24ecb3604b56af1e9e8d55eb12fe9629		2026-07-09 06:57:31.938883	KhRG
24ecb3604b56af1e9e8d55eb12fe9629		2026-07-09 07:01:38.081745	KhRG
e12f75635bd262dad1059e9bb1881fdf		2026-07-09 07:05:06.009756	KhRG
3182edb9fbad168c2e14bdb071f55c7b		2026-07-09 07:07:54.124416	KhRG
e12f75635bd262dad1059e9bb1881fdf		2026-07-09 07:07:59.359574	KhRG
e12f75635bd262dad1059e9bb1881fdf		2026-07-09 07:09:27.010841	KhRG
e12f75635bd262dad1059e9bb1881fdf		2026-07-09 07:10:52.509665	KhRG
3182edb9fbad168c2e14bdb071f55c7b		2026-07-09 07:11:28.111014	KhRG
3182edb9fbad168c2e14bdb071f55c7b		2026-07-09 07:12:23.581366	KhRG
3182edb9fbad168c2e14bdb071f55c7b		2026-07-09 07:16:15.945082	KhRG
3182edb9fbad168c2e14bdb071f55c7b		2026-07-09 07:16:51.420510	KhRG
3182edb9fbad168c2e14bdb071f55c7b		2026-07-09 07:19:03.521854	KhRG
94ecff662315a41bf2477a2f8eb5089d		2026-07-09 07:54:00.551380	KhRG
94ecff662315a41bf2477a2f8eb5089d		2026-07-09 07:54:18.103995	KhRG
94ecff662315a41bf2477a2f8eb5089d		2026-07-09 07:55:58.110228	KhRG
94ecff662315a41bf2477a2f8eb5089d		2026-07-09 07:56:20.215815	KhRG
94ecff662315a41bf2477a2f8eb5089d		2026-07-09 07:57:20.146014	KhRG
94ecff662315a41bf2477a2f8eb5089d		2026-07-09 08:02:21.840937	KhRG
94ecff662315a41bf2477a2f8eb5089d		2026-07-09 08:04:26.077521	KhRG
94ecff662315a41bf2477a2f8eb5089d		2026-07-09 08:07:20.097106	KhRG
94ecff662315a41bf2477a2f8eb5089d		2026-07-09 08:08:15.594772	KhRG
3182edb9fbad168c2e14bdb071f55c7b		2026-07-09 08:09:25.212928	KhRG
94ecff662315a41bf2477a2f8eb5089d		2026-07-09 08:10:44.709980	KhRG
94ecff662315a41bf2477a2f8eb5089d		2026-07-09 08:11:09.974752	KhRG
3182edb9fbad168c2e14bdb071f55c7b		2026-07-09 08:12:21.183536	KhRG
3182edb9fbad168c2e14bdb071f55c7b		2026-07-09 08:49:46.501942	KhRG
0be927fd51efffa8546a49007cb2d08b		2026-07-09 08:50:46.322436	KhRG
3182edb9fbad168c2e14bdb071f55c7b		2026-07-09 08:53:08.533152	KhRG
3182edb9fbad168c2e14bdb071f55c7b		2026-07-09 08:53:20.029315	KhRG
3182edb9fbad168c2e14bdb071f55c7b		2026-07-09 08:53:26.162335	KhRG
3182edb9fbad168c2e14bdb071f55c7b		2026-07-09 08:54:33.215006	KhRG
3182edb9fbad168c2e14bdb071f55c7b		2026-07-09 08:54:52.577319	KhRG
3182edb9fbad168c2e14bdb071f55c7b		2026-07-09 08:54:55.480426	KhRG
3182edb9fbad168c2e14bdb071f55c7b		2026-07-09 08:55:51.125309	KhRG
3182edb9fbad168c2e14bdb071f55c7b		2026-07-09 08:55:59.314767	KhRG
3182edb9fbad168c2e14bdb071f55c7b		2026-07-09 08:56:14.974732	KhRG
0be927fd51efffa8546a49007cb2d08b		2026-07-09 09:22:46.552174	KhRG
b6fb68a3ee5b7eaa77e0298656c4669b		2026-07-09 10:38:36.641868	KhRG
b6fb68a3ee5b7eaa77e0298656c4669b		2026-07-09 10:42:22.875468	KhRG
b6fb68a3ee5b7eaa77e0298656c4669b		2026-07-09 10:45:13.223040	KhRG
9fd8f28fb67acd46667b2bfd8d251320		2026-07-09 10:50:11.903800	KhRG
5c0f924430a5f8cafc7155228f846952		2026-07-09 10:53:57.456680	KhRG
5c0f924430a5f8cafc7155228f846952		2026-07-09 10:54:45.005534	KhRG
5c0f924430a5f8cafc7155228f846952		2026-07-09 10:57:28.938775	KhRG
5c0f924430a5f8cafc7155228f846952		2026-07-09 10:57:57.754100	KhRG
3182edb9fbad168c2e14bdb071f55c7b		2026-07-09 11:01:18.735654	KhRG
5c0f924430a5f8cafc7155228f846952		2026-07-09 11:01:44.241975	KhRG
b6fb68a3ee5b7eaa77e0298656c4669b		2026-07-09 11:09:37.523306	KhRG
b6fb68a3ee5b7eaa77e0298656c4669b		2026-07-09 11:11:19.242050	KhRG
3182edb9fbad168c2e14bdb071f55c7b		2026-07-09 11:11:56.764358	KhRG
5c0f924430a5f8cafc7155228f846952		2026-07-09 11:12:20.879538	KhRG
3182edb9fbad168c2e14bdb071f55c7b		2026-07-09 11:13:28.143177	KhRG
b6fb68a3ee5b7eaa77e0298656c4669b		2026-07-09 11:14:32.791847	KhRG
b6fb68a3ee5b7eaa77e0298656c4669b		2026-07-09 11:14:46.935086	KhRG
3182edb9fbad168c2e14bdb071f55c7b		2026-07-09 11:16:17.019432	KhRG
5c0f924430a5f8cafc7155228f846952		2026-07-09 11:18:32.662509	KhRG
5c0f924430a5f8cafc7155228f846952		2026-07-09 11:18:52.884982	KhRG
5c0f924430a5f8cafc7155228f846952		2026-07-09 11:21:23.203506	KhRG
b0d0c0b3c7b9d68d2added874ee183f8		2026-07-09 11:26:17.966001	KhRG
ba6d1a93f80371b95237c0fddc9f2a41		2026-07-09 11:27:26.054583	KhRG
3182edb9fbad168c2e14bdb071f55c7b		2026-07-09 11:28:34.175928	KhRG
3182edb9fbad168c2e14bdb071f55c7b		2026-07-09 11:29:48.703003	KhRG
b6fb68a3ee5b7eaa77e0298656c4669b		2026-07-09 11:34:14.484390	KhRG
3182edb9fbad168c2e14bdb071f55c7b		2026-07-09 11:39:07.814021	KhRG
3182edb9fbad168c2e14bdb071f55c7b		2026-07-09 11:39:44.814129	KhRG
ba6d1a93f80371b95237c0fddc9f2a41		2026-07-09 11:42:53.679409	KhRG
3182edb9fbad168c2e14bdb071f55c7b		2026-07-09 11:42:59.990906	KhRG
3182edb9fbad168c2e14bdb071f55c7b		2026-07-09 11:43:40.075613	KhRG
3182edb9fbad168c2e14bdb071f55c7b		2026-07-09 11:45:55.499338	KhRG
3182edb9fbad168c2e14bdb071f55c7b		2026-07-09 11:46:52.562044	KhRG
ba6d1a93f80371b95237c0fddc9f2a41		2026-07-09 11:47:06.366291	KhRG
3182edb9fbad168c2e14bdb071f55c7b		2026-07-09 11:47:37.686621	KhRG
3182edb9fbad168c2e14bdb071f55c7b		2026-07-09 11:47:58.368007	KhRG
3182edb9fbad168c2e14bdb071f55c7b		2026-07-09 11:48:51.725267	KhRG
3182edb9fbad168c2e14bdb071f55c7b		2026-07-09 11:50:07.455092	KhRG
3182edb9fbad168c2e14bdb071f55c7b		2026-07-09 11:50:41.731984	KhRG
3182edb9fbad168c2e14bdb071f55c7b		2026-07-09 11:52:24.570319	KhRG
ba6d1a93f80371b95237c0fddc9f2a41		2026-07-09 11:56:49.025568	KhRG
ba6d1a93f80371b95237c0fddc9f2a41		2026-07-09 11:57:14.718944	KhRG
9fd8f28fb67acd46667b2bfd8d251320		2026-07-09 12:11:49.496172	KhRG
3182edb9fbad168c2e14bdb071f55c7b		2026-07-09 12:19:56.036025	KhRG
0132c74a30b8b30891549b1f07fbac5e		2026-07-09 12:33:37.719127	KhRG
3182edb9fbad168c2e14bdb071f55c7b		2026-07-09 12:34:54.140510	KhRG
3182edb9fbad168c2e14bdb071f55c7b		2026-07-09 12:36:08.391769	KhRG
b6fb68a3ee5b7eaa77e0298656c4669b		2026-07-09 12:38:26.775674	KhRG
3182edb9fbad168c2e14bdb071f55c7b		2026-07-09 12:38:27.204647	KhRG
ba6d1a93f80371b95237c0fddc9f2a41		2026-07-09 12:38:29.149840	KhRG
ba6d1a93f80371b95237c0fddc9f2a41		2026-07-09 12:39:34.030205	KhRG
0132c74a30b8b30891549b1f07fbac5e		2026-07-09 12:40:28.539454	KhRG
ba6d1a93f80371b95237c0fddc9f2a41		2026-07-09 12:40:37.454609	KhRG
0132c74a30b8b30891549b1f07fbac5e		2026-07-09 12:43:56.402874	KhRG
0132c74a30b8b30891549b1f07fbac5e		2026-07-09 12:44:44.341261	KhRG
3182edb9fbad168c2e14bdb071f55c7b		2026-07-09 12:50:07.830848	KhRG
3182edb9fbad168c2e14bdb071f55c7b		2026-07-09 12:57:26.311026	KhRG
ba6d1a93f80371b95237c0fddc9f2a41		2026-07-09 13:19:03.091773	KhRG
5819b55690a1404d2c2985813b0d4bfe		2026-07-09 13:39:19.464205	KhRG
5819b55690a1404d2c2985813b0d4bfe		2026-07-09 13:49:49.306430	KhRG
5819b55690a1404d2c2985813b0d4bfe		2026-07-09 14:02:28.963537	KhRG
ed0a0fec589664862c75c49979adf63d		2026-07-09 14:14:45.251758	KhRG
5819b55690a1404d2c2985813b0d4bfe		2026-07-09 14:20:20.206679	KhRG
ed0a0fec589664862c75c49979adf63d		2026-07-09 14:47:27.651786	KhRG
3e2ad549b15d324e273b81aef2baabe9		2026-07-09 14:49:40.981104	KhRG
3e2ad549b15d324e273b81aef2baabe9		2026-07-09 15:00:31.843242	KhRG
3e2ad549b15d324e273b81aef2baabe9		2026-07-09 15:01:19.298663	KhRG
3e2ad549b15d324e273b81aef2baabe9		2026-07-09 15:03:34.957514	KhRG
11f2236a9783c209517c697f17b34363		2026-07-09 15:03:46.723392	KhRG
11f2236a9783c209517c697f17b34363		2026-07-09 15:04:16.489334	KhRG
3e2ad549b15d324e273b81aef2baabe9		2026-07-09 15:04:30.277744	KhRG
3e2ad549b15d324e273b81aef2baabe9		2026-07-09 15:05:51.750118	KhRG
3e2ad549b15d324e273b81aef2baabe9		2026-07-09 15:06:01.842686	KhRG
11f2236a9783c209517c697f17b34363		2026-07-09 15:06:53.356736	KhRG
11f2236a9783c209517c697f17b34363		2026-07-09 15:07:31.568975	KhRG
11f2236a9783c209517c697f17b34363		2026-07-09 15:09:20.819103	KhRG
3e2ad549b15d324e273b81aef2baabe9		2026-07-09 15:13:39.722503	KhRG
3e2ad549b15d324e273b81aef2baabe9		2026-07-09 15:59:11.393808	KhRG
3e2ad549b15d324e273b81aef2baabe9		2026-07-09 15:59:40.874962	KhRG
20ba4542a73e7d02e07ce18abdb90c25		2026-07-09 16:06:43.827467	KhRG
20ba4542a73e7d02e07ce18abdb90c25		2026-07-09 16:08:40.448407	KhRG
20ba4542a73e7d02e07ce18abdb90c25		2026-07-09 16:08:58.886006	KhRG
20ba4542a73e7d02e07ce18abdb90c25		2026-07-09 16:09:47.032872	KhRG
3e2ad549b15d324e273b81aef2baabe9		2026-07-09 16:11:20.736659	KhRG
20ba4542a73e7d02e07ce18abdb90c25		2026-07-09 16:15:00.469835	KhRG
20ba4542a73e7d02e07ce18abdb90c25		2026-07-09 16:15:54.702696	KhRG
d170939555ce65d6f81a73d97ecb780c		2026-07-09 16:20:34.300140	KhRG
3e2ad549b15d324e273b81aef2baabe9		2026-07-09 16:22:46.435695	KhRG
3e2ad549b15d324e273b81aef2baabe9		2026-07-09 16:25:43.433016	KhRG
3e2ad549b15d324e273b81aef2baabe9		2026-07-09 16:53:28.038874	KhRG
0abbe1c6cef9b0bde82192634371f74b		2026-07-09 17:04:50.459003	KhRG
0abbe1c6cef9b0bde82192634371f74b		2026-07-09 17:07:05.152238	KhRG
0abbe1c6cef9b0bde82192634371f74b		2026-07-09 17:07:37.959875	KhRG
0abbe1c6cef9b0bde82192634371f74b		2026-07-09 17:09:12.314684	KhRG
0abbe1c6cef9b0bde82192634371f74b		2026-07-09 17:10:59.705783	KhRG
0abbe1c6cef9b0bde82192634371f74b		2026-07-09 17:12:01.130442	KhRG
0abbe1c6cef9b0bde82192634371f74b		2026-07-09 17:13:14.562952	KhRG
ed0a0fec589664862c75c49979adf63d		2026-07-09 17:14:09.242460	KhRG
0abbe1c6cef9b0bde82192634371f74b		2026-07-09 17:14:11.762400	KhRG
0abbe1c6cef9b0bde82192634371f74b		2026-07-09 17:15:48.818115	KhRG
0abbe1c6cef9b0bde82192634371f74b		2026-07-09 17:20:48.511936	KhRG
20ba4542a73e7d02e07ce18abdb90c25		2026-07-09 17:21:09.409094	KhRG
20ba4542a73e7d02e07ce18abdb90c25		2026-07-09 17:21:38.221929	KhRG
0abbe1c6cef9b0bde82192634371f74b		2026-07-09 17:22:15.879065	KhRG
20ba4542a73e7d02e07ce18abdb90c25		2026-07-09 17:22:18.050503	KhRG
0abbe1c6cef9b0bde82192634371f74b		2026-07-09 17:23:34.311387	KhRG
20ba4542a73e7d02e07ce18abdb90c25		2026-07-09 17:24:10.856548	KhRG
0abbe1c6cef9b0bde82192634371f74b		2026-07-09 17:24:21.277552	KhRG
3e2ad549b15d324e273b81aef2baabe9		2026-07-09 17:29:26.231877	KhRG
3e2ad549b15d324e273b81aef2baabe9		2026-07-09 17:29:50.154634	KhRG
3e2ad549b15d324e273b81aef2baabe9		2026-07-09 17:32:24.429598	KhRG
3e2ad549b15d324e273b81aef2baabe9		2026-07-09 17:35:52.374919	KhRG
3e2ad549b15d324e273b81aef2baabe9		2026-07-09 17:49:21.295086	KhRG
3e2ad549b15d324e273b81aef2baabe9		2026-07-09 17:50:11.150815	KhRG
781c7b3880979b2c169dc2de5ffbfd6f		2026-07-09 17:56:23.261282	KhRG
781c7b3880979b2c169dc2de5ffbfd6f		2026-07-09 17:58:00.099949	KhRG
781c7b3880979b2c169dc2de5ffbfd6f		2026-07-09 17:59:11.250061	KhRG
781c7b3880979b2c169dc2de5ffbfd6f		2026-07-09 18:14:21.882316	KhRG
20ba4542a73e7d02e07ce18abdb90c25		2026-07-09 18:17:51.782096	KhRG
20ba4542a73e7d02e07ce18abdb90c25		2026-07-09 18:19:27.173653	KhRG
20ba4542a73e7d02e07ce18abdb90c25		2026-07-09 18:21:29.065185	KhRG
20ba4542a73e7d02e07ce18abdb90c25		2026-07-09 18:23:47.801301	KhRG
3e2ad549b15d324e273b81aef2baabe9		2026-07-09 18:24:47.273852	KhRG
20ba4542a73e7d02e07ce18abdb90c25		2026-07-09 18:25:14.548945	KhRG
20ba4542a73e7d02e07ce18abdb90c25		2026-07-09 18:25:53.942102	KhRG
3e2ad549b15d324e273b81aef2baabe9		2026-07-09 18:26:13.946706	KhRG
20ba4542a73e7d02e07ce18abdb90c25		2026-07-09 18:27:47.841659	KhRG
3e2ad549b15d324e273b81aef2baabe9		2026-07-09 18:29:11.378007	KhRG
20ba4542a73e7d02e07ce18abdb90c25		2026-07-09 18:30:55.542777	KhRG
20ba4542a73e7d02e07ce18abdb90c25		2026-07-09 18:31:40.786612	KhRG
3e2ad549b15d324e273b81aef2baabe9		2026-07-09 18:32:55.952307	KhRG
20ba4542a73e7d02e07ce18abdb90c25		2026-07-09 18:34:11.371324	KhRG
20ba4542a73e7d02e07ce18abdb90c25		2026-07-09 18:34:48.089316	KhRG
20ba4542a73e7d02e07ce18abdb90c25		2026-07-09 18:36:36.094095	KhRG
20ba4542a73e7d02e07ce18abdb90c25		2026-07-09 18:39:14.404985	KhRG
20ba4542a73e7d02e07ce18abdb90c25		2026-07-09 18:42:25.163804	KhRG
20ba4542a73e7d02e07ce18abdb90c25		2026-07-09 18:43:00.282898	KhRG
20ba4542a73e7d02e07ce18abdb90c25		2026-07-09 18:43:06.182355	KhRG
20ba4542a73e7d02e07ce18abdb90c25		2026-07-09 18:43:25.766707	KhRG
20ba4542a73e7d02e07ce18abdb90c25		2026-07-09 18:44:08.183243	KhRG
20ba4542a73e7d02e07ce18abdb90c25		2026-07-09 18:44:24.150648	KhRG
0abbe1c6cef9b0bde82192634371f74b		2026-07-09 19:06:30.135808	KhRG
0abbe1c6cef9b0bde82192634371f74b		2026-07-09 19:07:10.721438	KhRG
0abbe1c6cef9b0bde82192634371f74b		2026-07-09 19:42:04.038521	KhRG
0abbe1c6cef9b0bde82192634371f74b		2026-07-09 19:44:10.965741	KhRG
b164ad30a6c3770c5c6b96b01256a10f		2026-07-09 19:48:08.953253	KhRG
b164ad30a6c3770c5c6b96b01256a10f		2026-07-09 19:50:05.741857	KhRG
b164ad30a6c3770c5c6b96b01256a10f		2026-07-09 19:53:06.654273	KhRG
0abbe1c6cef9b0bde82192634371f74b		2026-07-09 19:55:01.473510	KhRG
b164ad30a6c3770c5c6b96b01256a10f		2026-07-09 19:59:16.845213	KhRG
b164ad30a6c3770c5c6b96b01256a10f		2026-07-09 20:06:53.722726	KhRG
b164ad30a6c3770c5c6b96b01256a10f		2026-07-09 20:09:30.465698	KhRG
b164ad30a6c3770c5c6b96b01256a10f		2026-07-09 20:12:32.147301	KhRG
b164ad30a6c3770c5c6b96b01256a10f		2026-07-09 21:09:51.504795	KhRG
b164ad30a6c3770c5c6b96b01256a10f		2026-07-09 21:20:08.188478	KhRG
b164ad30a6c3770c5c6b96b01256a10f		2026-07-09 21:34:24.317821	KhRG
b164ad30a6c3770c5c6b96b01256a10f		2026-07-09 21:50:01.596304	KhRG
b164ad30a6c3770c5c6b96b01256a10f		2026-07-09 22:00:22.536761	KhRG
b164ad30a6c3770c5c6b96b01256a10f		2026-07-09 22:06:08.566659	KhRG
b164ad30a6c3770c5c6b96b01256a10f		2026-07-09 22:10:49.554233	KhRG
b164ad30a6c3770c5c6b96b01256a10f		2026-07-09 22:41:43.573681	KhRG
b164ad30a6c3770c5c6b96b01256a10f		2026-07-09 23:02:02.577486	KhRG
b164ad30a6c3770c5c6b96b01256a10f		2026-07-09 23:09:10.244309	KhRG
b164ad30a6c3770c5c6b96b01256a10f		2026-07-09 23:20:49.087635	KhRG
b164ad30a6c3770c5c6b96b01256a10f		2026-07-09 23:29:03.449067	KhRG
b164ad30a6c3770c5c6b96b01256a10f		2026-07-09 23:30:36.510934	KhRG
b164ad30a6c3770c5c6b96b01256a10f		2026-07-09 23:32:28.075315	KhRG
b164ad30a6c3770c5c6b96b01256a10f		2026-07-09 23:41:32.164051	KhRG
b164ad30a6c3770c5c6b96b01256a10f		2026-07-09 23:45:59.041279	KhRG
b164ad30a6c3770c5c6b96b01256a10f		2026-07-09 23:51:09.924751	KhRG
b164ad30a6c3770c5c6b96b01256a10f		2026-07-10 00:03:58.240965	KhRG
b164ad30a6c3770c5c6b96b01256a10f		2026-07-10 00:08:42.020340	KhRG
fea74e2027c6dec8b44981f0e8f1795e		2026-07-10 05:01:20.259264	KhRG
3182edb9fbad168c2e14bdb071f55c7b		2026-07-10 05:05:50.849644	KhRG
3182edb9fbad168c2e14bdb071f55c7b		2026-07-10 05:17:55.297015	KhRG
3182edb9fbad168c2e14bdb071f55c7b		2026-07-10 05:19:56.707216	KhRG
3182edb9fbad168c2e14bdb071f55c7b		2026-07-10 05:27:44.085022	KhRG
3182edb9fbad168c2e14bdb071f55c7b		2026-07-10 05:28:10.292394	KhRG
3182edb9fbad168c2e14bdb071f55c7b		2026-07-10 05:28:28.682799	KhRG
3182edb9fbad168c2e14bdb071f55c7b		2026-07-10 05:28:59.597282	KhRG
3182edb9fbad168c2e14bdb071f55c7b		2026-07-10 05:30:34.947405	KhRG
3e2ad549b15d324e273b81aef2baabe9		2026-07-10 06:57:49.200249	KhRG
3e2ad549b15d324e273b81aef2baabe9		2026-07-10 07:00:33.281516	KhRG
3e2ad549b15d324e273b81aef2baabe9		2026-07-10 07:42:01.649757	KhRG
3e2ad549b15d324e273b81aef2baabe9		2026-07-10 07:44:27.567505	KhRG
3e2ad549b15d324e273b81aef2baabe9		2026-07-10 07:45:04.527568	KhRG
3e2ad549b15d324e273b81aef2baabe9		2026-07-10 07:46:34.642140	KhRG
3e2ad549b15d324e273b81aef2baabe9		2026-07-10 07:47:10.719104	KhRG
ac77a81548ac57d675c2569d72bc9593		2026-07-10 09:52:51.344768	KhRG
24ecb3604b56af1e9e8d55eb12fe9629		2026-07-10 10:02:57.637664	KhRG
75f8c00e2580ca6cc40ee4f31727409b		2026-07-10 10:03:29.909355	KhRG
75f8c00e2580ca6cc40ee4f31727409b		2026-07-10 10:03:57.549693	KhRG
75f8c00e2580ca6cc40ee4f31727409b		2026-07-10 10:05:32.130312	KhRG
75f8c00e2580ca6cc40ee4f31727409b		2026-07-10 10:09:50.318807	KhRG
ac77a81548ac57d675c2569d72bc9593		2026-07-10 10:10:10.075989	KhRG
75f8c00e2580ca6cc40ee4f31727409b		2026-07-10 10:10:43.577251	KhRG
24ecb3604b56af1e9e8d55eb12fe9629		2026-07-10 10:11:34.467496	KhRG
ac77a81548ac57d675c2569d72bc9593		2026-07-10 10:11:36.538217	KhRG
ac77a81548ac57d675c2569d72bc9593		2026-07-10 10:11:51.052508	KhRG
75f8c00e2580ca6cc40ee4f31727409b		2026-07-10 10:11:58.035116	KhRG
75f8c00e2580ca6cc40ee4f31727409b		2026-07-10 10:12:56.279273	KhRG
ac77a81548ac57d675c2569d72bc9593		2026-07-10 10:13:50.508723	KhRG
ac77a81548ac57d675c2569d72bc9593		2026-07-10 10:14:09.336565	KhRG
ac77a81548ac57d675c2569d72bc9593		2026-07-10 10:15:02.008229	KhRG
ac77a81548ac57d675c2569d72bc9593		2026-07-10 10:16:10.119494	KhRG
ac77a81548ac57d675c2569d72bc9593		2026-07-10 10:16:40.253606	KhRG
ac77a81548ac57d675c2569d72bc9593		2026-07-10 10:17:06.055846	KhRG
ac77a81548ac57d675c2569d72bc9593		2026-07-10 10:17:59.612594	KhRG
24ecb3604b56af1e9e8d55eb12fe9629		2026-07-10 10:18:21.757111	KhRG
ac77a81548ac57d675c2569d72bc9593		2026-07-10 10:20:18.306156	KhRG
ac77a81548ac57d675c2569d72bc9593		2026-07-10 10:22:23.100796	KhRG
ac77a81548ac57d675c2569d72bc9593		2026-07-10 10:22:51.736150	KhRG
ac77a81548ac57d675c2569d72bc9593		2026-07-10 10:23:33.038353	KhRG
ac77a81548ac57d675c2569d72bc9593		2026-07-10 10:34:42.657337	KhRG
3182edb9fbad168c2e14bdb071f55c7b		2026-07-10 11:00:36.104255	KhRG
3182edb9fbad168c2e14bdb071f55c7b		2026-07-10 11:04:21.133235	KhRG
3182edb9fbad168c2e14bdb071f55c7b		2026-07-10 11:12:01.474824	KhRG
3182edb9fbad168c2e14bdb071f55c7b		2026-07-10 11:12:17.386302	KhRG
3182edb9fbad168c2e14bdb071f55c7b		2026-07-10 11:12:22.821156	KhRG
3182edb9fbad168c2e14bdb071f55c7b		2026-07-10 11:12:28.973009	KhRG
3182edb9fbad168c2e14bdb071f55c7b		2026-07-10 11:12:36.443761	KhRG
3182edb9fbad168c2e14bdb071f55c7b		2026-07-10 11:12:47.046345	KhRG
3182edb9fbad168c2e14bdb071f55c7b		2026-07-10 11:12:56.001805	KhRG
3182edb9fbad168c2e14bdb071f55c7b		2026-07-10 11:13:03.082679	KhRG
3e2ad549b15d324e273b81aef2baabe9		2026-07-10 11:27:36.583533	KhRG
3e2ad549b15d324e273b81aef2baabe9		2026-07-10 11:29:54.387482	KhRG
3e2ad549b15d324e273b81aef2baabe9		2026-07-10 11:32:20.543079	KhRG
3182edb9fbad168c2e14bdb071f55c7b		2026-07-10 11:34:36.768888	KhRG
3182edb9fbad168c2e14bdb071f55c7b		2026-07-10 11:34:46.234920	KhRG
20ba4542a73e7d02e07ce18abdb90c25		2026-07-10 11:36:52.605532	KhRG
3182edb9fbad168c2e14bdb071f55c7b		2026-07-10 11:41:04.938935	KhRG
3e2ad549b15d324e273b81aef2baabe9		2026-07-10 11:42:52.638785	KhRG
3182edb9fbad168c2e14bdb071f55c7b		2026-07-10 11:43:16.089215	KhRG
3182edb9fbad168c2e14bdb071f55c7b		2026-07-10 11:45:33.514597	KhRG
3e2ad549b15d324e273b81aef2baabe9		2026-07-10 11:45:42.598740	KhRG
3182edb9fbad168c2e14bdb071f55c7b		2026-07-10 12:26:23.796532	KhRG
20ba4542a73e7d02e07ce18abdb90c25		2026-07-10 12:33:21.259825	KhRG
20ba4542a73e7d02e07ce18abdb90c25		2026-07-10 13:00:46.128374	KhRG
b6fb68a3ee5b7eaa77e0298656c4669b		2026-07-10 13:24:10.112753	KhRG
20ba4542a73e7d02e07ce18abdb90c25		2026-07-10 13:37:48.776433	KhRG
20ba4542a73e7d02e07ce18abdb90c25		2026-07-10 13:38:13.665725	KhRG
5819b55690a1404d2c2985813b0d4bfe		2026-07-10 13:55:21.061394	KhRG
5819b55690a1404d2c2985813b0d4bfe		2026-07-10 14:01:46.011998	KhRG
b6fb68a3ee5b7eaa77e0298656c4669b		2026-07-10 14:01:59.122614	KhRG
b6fb68a3ee5b7eaa77e0298656c4669b		2026-07-10 14:02:40.994784	KhRG
b6fb68a3ee5b7eaa77e0298656c4669b		2026-07-10 14:03:27.749949	KhRG
b6fb68a3ee5b7eaa77e0298656c4669b		2026-07-10 14:03:39.035867	KhRG
5819b55690a1404d2c2985813b0d4bfe		2026-07-10 14:03:49.176117	KhRG
3e2ad549b15d324e273b81aef2baabe9		2026-07-10 14:04:38.720087	KhRG
b6fb68a3ee5b7eaa77e0298656c4669b		2026-07-10 14:09:13.132756	KhRG
3e2ad549b15d324e273b81aef2baabe9		2026-07-10 14:09:16.835141	KhRG
b6fb68a3ee5b7eaa77e0298656c4669b		2026-07-10 14:09:29.603974	KhRG
b6fb68a3ee5b7eaa77e0298656c4669b		2026-07-10 14:10:05.091324	KhRG
b6fb68a3ee5b7eaa77e0298656c4669b		2026-07-10 14:10:57.744557	KhRG
3e2ad549b15d324e273b81aef2baabe9		2026-07-10 14:21:44.852181	KhRG
b6fb68a3ee5b7eaa77e0298656c4669b		2026-07-10 14:23:16.767864	KhRG
b6fb68a3ee5b7eaa77e0298656c4669b		2026-07-10 14:24:44.720512	KhRG
ed0a0fec589664862c75c49979adf63d		2026-07-10 14:36:06.729726	KhRG
08483d52ab4c3eab9b1dcee27a793d38		2026-07-10 14:37:10.673050	KhRG
08483d52ab4c3eab9b1dcee27a793d38		2026-07-10 14:37:37.872434	KhRG
b6fb68a3ee5b7eaa77e0298656c4669b		2026-07-10 14:42:44.238359	KhRG
b6fb68a3ee5b7eaa77e0298656c4669b		2026-07-10 14:43:15.213039	KhRG
b6fb68a3ee5b7eaa77e0298656c4669b		2026-07-10 14:43:33.070790	KhRG
b6fb68a3ee5b7eaa77e0298656c4669b		2026-07-10 14:44:33.152391	KhRG
b6fb68a3ee5b7eaa77e0298656c4669b		2026-07-10 14:44:45.699017	KhRG
b6fb68a3ee5b7eaa77e0298656c4669b		2026-07-10 14:44:59.250839	KhRG
b6fb68a3ee5b7eaa77e0298656c4669b		2026-07-10 14:45:23.405659	KhRG
b6fb68a3ee5b7eaa77e0298656c4669b		2026-07-10 14:45:36.186478	KhRG
b6fb68a3ee5b7eaa77e0298656c4669b		2026-07-10 14:45:44.617706	KhRG
b6fb68a3ee5b7eaa77e0298656c4669b		2026-07-10 14:46:46.611862	KhRG
b6fb68a3ee5b7eaa77e0298656c4669b		2026-07-10 14:46:54.870071	KhRG
b6fb68a3ee5b7eaa77e0298656c4669b		2026-07-10 14:47:15.440945	KhRG
ed0a0fec589664862c75c49979adf63d		2026-07-10 14:47:49.455587	KhRG
5819b55690a1404d2c2985813b0d4bfe		2026-07-10 14:51:37.268973	KhRG
ed0a0fec589664862c75c49979adf63d		2026-07-10 15:00:50.997321	KhRG
ed0a0fec589664862c75c49979adf63d		2026-07-10 15:10:23.558097	KhRG
3e2ad549b15d324e273b81aef2baabe9		2026-07-10 15:29:13.072671	KhRG
3e2ad549b15d324e273b81aef2baabe9		2026-07-10 15:32:31.373201	KhRG
ebb7c4269ac1c91da9d699a6332066bf		2026-07-10 15:43:47.328447	KhRG
ebb7c4269ac1c91da9d699a6332066bf		2026-07-10 15:44:15.779281	KhRG
3e2ad549b15d324e273b81aef2baabe9		2026-07-10 15:44:28.575644	KhRG
3e2ad549b15d324e273b81aef2baabe9		2026-07-10 15:45:43.125706	KhRG
ebb7c4269ac1c91da9d699a6332066bf		2026-07-10 15:46:03.937474	KhRG
ebb7c4269ac1c91da9d699a6332066bf		2026-07-10 15:46:20.492614	KhRG
3e2ad549b15d324e273b81aef2baabe9		2026-07-10 15:46:55.393361	KhRG
ebb7c4269ac1c91da9d699a6332066bf		2026-07-10 15:47:24.735448	KhRG
3e2ad549b15d324e273b81aef2baabe9		2026-07-10 15:47:45.098708	KhRG
ebb7c4269ac1c91da9d699a6332066bf		2026-07-10 15:58:58.094384	KhRG
ebb7c4269ac1c91da9d699a6332066bf		2026-07-10 15:59:15.509245	KhRG
ebb7c4269ac1c91da9d699a6332066bf		2026-07-10 15:59:47.092641	KhRG
ebb7c4269ac1c91da9d699a6332066bf		2026-07-10 16:01:02.615843	KhRG
ebb7c4269ac1c91da9d699a6332066bf		2026-07-10 16:04:33.946893	KhRG
ebb7c4269ac1c91da9d699a6332066bf		2026-07-10 16:04:52.504844	KhRG
ebb7c4269ac1c91da9d699a6332066bf		2026-07-10 16:05:28.881451	KhRG
ebb7c4269ac1c91da9d699a6332066bf		2026-07-10 16:05:36.187081	KhRG
ebb7c4269ac1c91da9d699a6332066bf		2026-07-10 16:05:42.328127	KhRG
ebb7c4269ac1c91da9d699a6332066bf		2026-07-10 16:05:48.142264	KhRG
ebb7c4269ac1c91da9d699a6332066bf		2026-07-10 16:06:20.256668	KhRG
3e2ad549b15d324e273b81aef2baabe9		2026-07-10 16:27:34.042473	KhRG
3e2ad549b15d324e273b81aef2baabe9		2026-07-10 16:32:24.497220	KhRG
3e2ad549b15d324e273b81aef2baabe9		2026-07-10 16:32:30.494973	KhRG
3e2ad549b15d324e273b81aef2baabe9		2026-07-10 16:33:57.128714	KhRG
3e2ad549b15d324e273b81aef2baabe9		2026-07-10 16:44:58.873634	KhRG
3e2ad549b15d324e273b81aef2baabe9		2026-07-10 16:45:23.447507	KhRG
b06e2f9b2f52aa47a56ebb333ef85eee		2026-07-10 17:43:11.093241	KhRG
78fa2c425aeb6799926074b9ac1fdb33		2026-07-10 17:48:01.327232	KhRG
78fa2c425aeb6799926074b9ac1fdb33		2026-07-10 17:49:10.852967	KhRG
78fa2c425aeb6799926074b9ac1fdb33		2026-07-10 17:50:11.186666	KhRG
78fa2c425aeb6799926074b9ac1fdb33		2026-07-10 17:50:57.043069	KhRG
78fa2c425aeb6799926074b9ac1fdb33		2026-07-10 17:51:50.827279	KhRG
20ba4542a73e7d02e07ce18abdb90c25		2026-07-10 18:39:21.664172	KhRG
ba6d1a93f80371b95237c0fddc9f2a41		2026-07-10 18:40:34.532742	KhRG
ba6d1a93f80371b95237c0fddc9f2a41		2026-07-10 18:42:53.937850	KhRG
ba6d1a93f80371b95237c0fddc9f2a41		2026-07-10 18:47:12.305403	KhRG
ba6d1a93f80371b95237c0fddc9f2a41		2026-07-10 18:50:30.432149	KhRG
20ba4542a73e7d02e07ce18abdb90c25		2026-07-10 18:51:58.333683	KhRG
20ba4542a73e7d02e07ce18abdb90c25		2026-07-10 18:54:46.166339	KhRG
20ba4542a73e7d02e07ce18abdb90c25		2026-07-10 18:55:24.178578	KhRG
20ba4542a73e7d02e07ce18abdb90c25		2026-07-10 19:10:39.124341	KhRG
3e2ad549b15d324e273b81aef2baabe9		2026-07-10 19:13:54.097509	KhRG
20ba4542a73e7d02e07ce18abdb90c25		2026-07-10 19:15:53.543636	KhRG
20ba4542a73e7d02e07ce18abdb90c25		2026-07-10 19:18:57.900995	KhRG
3e2ad549b15d324e273b81aef2baabe9		2026-07-10 19:19:48.077892	KhRG
20ba4542a73e7d02e07ce18abdb90c25		2026-07-10 19:20:13.962274	KhRG
20ba4542a73e7d02e07ce18abdb90c25		2026-07-10 19:21:16.984393	KhRG
3e2ad549b15d324e273b81aef2baabe9		2026-07-10 19:22:34.960434	KhRG
3e2ad549b15d324e273b81aef2baabe9		2026-07-10 19:22:52.085714	KhRG
20ba4542a73e7d02e07ce18abdb90c25		2026-07-10 19:26:38.590972	KhRG
3e2ad549b15d324e273b81aef2baabe9		2026-07-10 19:26:58.187298	KhRG
20ba4542a73e7d02e07ce18abdb90c25		2026-07-10 19:28:36.211730	KhRG
ba6d1a93f80371b95237c0fddc9f2a41		2026-07-10 19:28:37.590653	KhRG
20ba4542a73e7d02e07ce18abdb90c25		2026-07-10 19:29:38.577806	KhRG
ba6d1a93f80371b95237c0fddc9f2a41		2026-07-10 19:32:02.527875	KhRG
20ba4542a73e7d02e07ce18abdb90c25		2026-07-10 19:36:59.267552	KhRG
ba6d1a93f80371b95237c0fddc9f2a41		2026-07-10 19:37:13.753871	KhRG
20ba4542a73e7d02e07ce18abdb90c25		2026-07-10 19:43:18.424031	KhRG
20ba4542a73e7d02e07ce18abdb90c25		2026-07-10 19:46:56.095203	KhRG
3e2ad549b15d324e273b81aef2baabe9		2026-07-10 19:48:46.094120	KhRG
3e2ad549b15d324e273b81aef2baabe9		2026-07-10 19:49:30.600650	KhRG
ba6d1a93f80371b95237c0fddc9f2a41		2026-07-10 19:51:07.910735	KhRG
ebb7c4269ac1c91da9d699a6332066bf		2026-07-10 20:14:50.615240	KhRG
ebb7c4269ac1c91da9d699a6332066bf		2026-07-10 20:15:16.649339	KhRG
ebb7c4269ac1c91da9d699a6332066bf		2026-07-10 20:15:53.432348	KhRG
ebb7c4269ac1c91da9d699a6332066bf		2026-07-10 20:16:29.776069	KhRG
0abbe1c6cef9b0bde82192634371f74b		2026-07-10 20:23:53.203907	KhRG
0abbe1c6cef9b0bde82192634371f74b		2026-07-10 20:24:18.818041	KhRG
ba6d1a93f80371b95237c0fddc9f2a41		2026-07-10 20:25:06.751666	KhRG
0abbe1c6cef9b0bde82192634371f74b		2026-07-10 20:25:52.880952	KhRG
0abbe1c6cef9b0bde82192634371f74b		2026-07-10 20:28:15.203690	KhRG
0abbe1c6cef9b0bde82192634371f74b		2026-07-10 20:28:44.100013	KhRG
0abbe1c6cef9b0bde82192634371f74b		2026-07-10 20:29:19.288704	KhRG
0abbe1c6cef9b0bde82192634371f74b		2026-07-10 20:31:36.565044	KhRG
0abbe1c6cef9b0bde82192634371f74b		2026-07-10 20:32:08.628984	KhRG
0abbe1c6cef9b0bde82192634371f74b		2026-07-10 20:33:10.747815	KhRG
0abbe1c6cef9b0bde82192634371f74b		2026-07-10 20:34:15.782314	KhRG
0abbe1c6cef9b0bde82192634371f74b		2026-07-10 20:35:57.904460	KhRG
3e2ad549b15d324e273b81aef2baabe9		2026-07-10 20:36:34.813781	KhRG
3e2ad549b15d324e273b81aef2baabe9		2026-07-10 20:37:01.856944	KhRG
0abbe1c6cef9b0bde82192634371f74b		2026-07-10 20:37:21.240959	KhRG
3e2ad549b15d324e273b81aef2baabe9		2026-07-10 20:41:57.355167	KhRG
3e2ad549b15d324e273b81aef2baabe9		2026-07-10 20:42:12.098795	KhRG
0abbe1c6cef9b0bde82192634371f74b		2026-07-10 20:44:13.356961	KhRG
0abbe1c6cef9b0bde82192634371f74b		2026-07-10 20:46:57.798420	KhRG
0abbe1c6cef9b0bde82192634371f74b		2026-07-10 20:50:19.531237	KhRG
20ba4542a73e7d02e07ce18abdb90c25		2026-07-10 21:33:38.402703	KhRG
20ba4542a73e7d02e07ce18abdb90c25		2026-07-10 21:33:38.783853	KhRG
20ba4542a73e7d02e07ce18abdb90c25		2026-07-10 21:33:58.119411	KhRG
20ba4542a73e7d02e07ce18abdb90c25		2026-07-10 21:34:04.081608	KhRG
20ba4542a73e7d02e07ce18abdb90c25		2026-07-10 21:34:13.466466	KhRG
20ba4542a73e7d02e07ce18abdb90c25		2026-07-10 21:42:07.966993	KhRG
20ba4542a73e7d02e07ce18abdb90c25		2026-07-10 21:42:35.571048	KhRG
20ba4542a73e7d02e07ce18abdb90c25		2026-07-10 21:42:50.653709	KhRG
20ba4542a73e7d02e07ce18abdb90c25		2026-07-10 21:43:01.576499	KhRG
20ba4542a73e7d02e07ce18abdb90c25		2026-07-10 21:43:18.275730	KhRG
20ba4542a73e7d02e07ce18abdb90c25		2026-07-10 21:44:20.025969	KhRG
20ba4542a73e7d02e07ce18abdb90c25		2026-07-10 22:03:43.003007	KhRG
20ba4542a73e7d02e07ce18abdb90c25		2026-07-10 22:04:55.997628	KhRG
20ba4542a73e7d02e07ce18abdb90c25		2026-07-10 22:10:20.544914	KhRG
6b29fbfc3224aa8f9b8407ef065c61c0		2026-07-11 00:21:27.956166	KhRG
6b29fbfc3224aa8f9b8407ef065c61c0		2026-07-11 01:42:53.271825	KhRG
6b29fbfc3224aa8f9b8407ef065c61c0		2026-07-11 01:57:17.502280	KhRG
6b29fbfc3224aa8f9b8407ef065c61c0		2026-07-11 02:21:53.630671	KhRG
6b29fbfc3224aa8f9b8407ef065c61c0		2026-07-11 02:22:08.888536	KhRG
6b29fbfc3224aa8f9b8407ef065c61c0		2026-07-11 03:25:19.460028	KhRG
6b29fbfc3224aa8f9b8407ef065c61c0		2026-07-11 03:27:00.524559	KhRG
6b29fbfc3224aa8f9b8407ef065c61c0		2026-07-11 03:37:29.796550	KhRG
6b29fbfc3224aa8f9b8407ef065c61c0		2026-07-11 03:40:09.622709	KhRG
6b29fbfc3224aa8f9b8407ef065c61c0		2026-07-11 04:32:51.340136	KhRG
6b29fbfc3224aa8f9b8407ef065c61c0		2026-07-11 04:36:14.143787	KhRG
6b29fbfc3224aa8f9b8407ef065c61c0		2026-07-11 04:51:42.663496	KhRG
b06e2f9b2f52aa47a56ebb333ef85eee		2026-07-11 06:13:25.887911	KhRG
b06e2f9b2f52aa47a56ebb333ef85eee		2026-07-11 06:19:30.977849	KhRG
b06e2f9b2f52aa47a56ebb333ef85eee		2026-07-11 06:30:50.493038	KhRG
b06e2f9b2f52aa47a56ebb333ef85eee		2026-07-11 06:31:59.870441	KhRG
b06e2f9b2f52aa47a56ebb333ef85eee		2026-07-11 06:32:50.299213	KhRG
ac77a81548ac57d675c2569d72bc9593		2026-07-11 06:41:48.392867	KhRG
352853dd99c35d82caad413151f2aaae		2026-07-11 08:26:50.684481	KhRG
352853dd99c35d82caad413151f2aaae		2026-07-11 08:54:42.805665	KhRG
ed0a0fec589664862c75c49979adf63d		2026-07-11 09:00:47.130587	KhRG
ed0a0fec589664862c75c49979adf63d		2026-07-11 09:03:02.237540	KhRG
3e2ad549b15d324e273b81aef2baabe9		2026-07-11 09:03:10.063044	KhRG
3e2ad549b15d324e273b81aef2baabe9		2026-07-11 09:03:35.800634	KhRG
3e2ad549b15d324e273b81aef2baabe9		2026-07-11 09:04:00.110411	KhRG
352853dd99c35d82caad413151f2aaae		2026-07-11 09:12:27.810933	KhRG
3e2ad549b15d324e273b81aef2baabe9		2026-07-11 09:13:29.520018	KhRG
3e2ad549b15d324e273b81aef2baabe9		2026-07-11 09:14:24.339750	KhRG
3e2ad549b15d324e273b81aef2baabe9		2026-07-11 09:14:30.125644	KhRG
352853dd99c35d82caad413151f2aaae		2026-07-11 09:14:59.043840	KhRG
352853dd99c35d82caad413151f2aaae		2026-07-11 09:18:02.927151	KhRG
352853dd99c35d82caad413151f2aaae		2026-07-11 09:20:58.999078	KhRG
3e2ad549b15d324e273b81aef2baabe9		2026-07-11 09:21:00.879231	KhRG
352853dd99c35d82caad413151f2aaae		2026-07-11 09:55:50.214462	KhRG
fc6e7b05aea934cd9e71024ced7c83bf		2026-07-11 10:11:31.631820	KhRG
24ecb3604b56af1e9e8d55eb12fe9629		2026-07-11 10:11:55.440984	KhRG
24ecb3604b56af1e9e8d55eb12fe9629		2026-07-11 10:12:26.714226	KhRG
2194afa616757365545abb57e7dfa702		2026-07-11 10:19:45.790568	KhRG
24ecb3604b56af1e9e8d55eb12fe9629		2026-07-11 10:20:11.913997	KhRG
2194afa616757365545abb57e7dfa702		2026-07-11 10:21:25.288694	KhRG
2194afa616757365545abb57e7dfa702		2026-07-11 10:22:12.063866	KhRG
2194afa616757365545abb57e7dfa702		2026-07-11 10:23:40.509659	KhRG
2194afa616757365545abb57e7dfa702		2026-07-11 10:23:48.929742	KhRG
2194afa616757365545abb57e7dfa702		2026-07-11 10:24:08.432288	KhRG
2194afa616757365545abb57e7dfa702		2026-07-11 10:24:50.904308	KhRG
2194afa616757365545abb57e7dfa702		2026-07-11 10:25:26.916759	KhRG
2194afa616757365545abb57e7dfa702		2026-07-11 10:26:43.987968	KhRG
2194afa616757365545abb57e7dfa702		2026-07-11 10:27:29.265938	KhRG
2194afa616757365545abb57e7dfa702		2026-07-11 10:28:52.450286	KhRG
2194afa616757365545abb57e7dfa702		2026-07-11 10:29:32.686904	KhRG
ba6d1a93f80371b95237c0fddc9f2a41		2026-07-11 10:49:37.810632	KhRG
b6fb68a3ee5b7eaa77e0298656c4669b		2026-07-11 13:24:24.583452	KhRG
b6fb68a3ee5b7eaa77e0298656c4669b		2026-07-11 13:25:11.622019	KhRG
b6fb68a3ee5b7eaa77e0298656c4669b		2026-07-11 13:39:48.061851	KhRG
ba6d1a93f80371b95237c0fddc9f2a41		2026-07-11 13:44:15.599423	KhRG
6b29fbfc3224aa8f9b8407ef065c61c0		2026-07-11 14:00:43.188741	KhRG
b6fb68a3ee5b7eaa77e0298656c4669b		2026-07-11 14:08:07.551409	KhRG
b6fb68a3ee5b7eaa77e0298656c4669b		2026-07-11 14:08:21.475967	KhRG
6b29fbfc3224aa8f9b8407ef065c61c0		2026-07-11 14:12:02.990572	KhRG
acdd7b72b7a3ea6d8b9e246bcb17a670		2026-07-11 15:05:31.072455	KhRG
acdd7b72b7a3ea6d8b9e246bcb17a670		2026-07-11 15:06:42.873820	KhRG
acdd7b72b7a3ea6d8b9e246bcb17a670		2026-07-11 15:07:33.822111	KhRG
ed0a0fec589664862c75c49979adf63d		2026-07-11 15:16:22.638796	KhRG
acdd7b72b7a3ea6d8b9e246bcb17a670		2026-07-11 15:38:43.225996	KhRG
20ba4542a73e7d02e07ce18abdb90c25		2026-07-11 15:52:34.692917	KhRG
20ba4542a73e7d02e07ce18abdb90c25		2026-07-11 15:57:40.438412	KhRG
20ba4542a73e7d02e07ce18abdb90c25		2026-07-11 15:58:29.546170	KhRG
b164ad30a6c3770c5c6b96b01256a10f		2026-07-11 15:59:19.396169	KhRG
20ba4542a73e7d02e07ce18abdb90c25		2026-07-11 15:59:32.837763	KhRG
20ba4542a73e7d02e07ce18abdb90c25		2026-07-11 16:00:22.463420	KhRG
b164ad30a6c3770c5c6b96b01256a10f		2026-07-11 16:01:25.964900	KhRG
b164ad30a6c3770c5c6b96b01256a10f		2026-07-11 16:02:03.382194	KhRG
20ba4542a73e7d02e07ce18abdb90c25		2026-07-11 16:05:56.717029	KhRG
ed0a0fec589664862c75c49979adf63d		2026-07-11 16:07:31.155484	KhRG
b164ad30a6c3770c5c6b96b01256a10f		2026-07-11 16:08:16.662369	KhRG
20ba4542a73e7d02e07ce18abdb90c25		2026-07-11 16:09:03.851008	KhRG
20ba4542a73e7d02e07ce18abdb90c25		2026-07-11 16:09:10.356022	KhRG
20ba4542a73e7d02e07ce18abdb90c25		2026-07-11 16:09:29.542438	KhRG
20ba4542a73e7d02e07ce18abdb90c25		2026-07-11 16:09:54.249676	KhRG
20ba4542a73e7d02e07ce18abdb90c25		2026-07-11 16:10:01.206736	KhRG
20ba4542a73e7d02e07ce18abdb90c25		2026-07-11 16:10:21.873184	KhRG
20ba4542a73e7d02e07ce18abdb90c25		2026-07-11 16:10:36.712423	KhRG
20ba4542a73e7d02e07ce18abdb90c25		2026-07-11 16:10:45.735628	KhRG
20ba4542a73e7d02e07ce18abdb90c25		2026-07-11 16:10:52.492628	KhRG
20ba4542a73e7d02e07ce18abdb90c25		2026-07-11 16:11:59.258729	KhRG
ed0a0fec589664862c75c49979adf63d		2026-07-11 16:12:22.033449	KhRG
20ba4542a73e7d02e07ce18abdb90c25		2026-07-11 16:15:15.525256	KhRG
20ba4542a73e7d02e07ce18abdb90c25		2026-07-11 16:20:13.382650	KhRG
b164ad30a6c3770c5c6b96b01256a10f		2026-07-11 16:20:19.736540	KhRG
f0ae9d1c89f8bf921460ef8fe1dae815		2026-07-11 16:21:48.836971	KhRG
f0ae9d1c89f8bf921460ef8fe1dae815		2026-07-11 16:24:08.227192	KhRG
20ba4542a73e7d02e07ce18abdb90c25		2026-07-11 16:24:11.746392	KhRG
f0ae9d1c89f8bf921460ef8fe1dae815		2026-07-11 16:25:23.634030	KhRG
20ba4542a73e7d02e07ce18abdb90c25		2026-07-11 16:25:52.102228	KhRG
f0ae9d1c89f8bf921460ef8fe1dae815		2026-07-11 16:26:05.483068	KhRG
f0ae9d1c89f8bf921460ef8fe1dae815		2026-07-11 16:26:12.166190	KhRG
f0ae9d1c89f8bf921460ef8fe1dae815		2026-07-11 16:26:17.155625	KhRG
f0ae9d1c89f8bf921460ef8fe1dae815		2026-07-11 16:26:21.879126	KhRG
f0ae9d1c89f8bf921460ef8fe1dae815		2026-07-11 16:26:26.717539	KhRG
f0ae9d1c89f8bf921460ef8fe1dae815		2026-07-11 16:26:31.712885	KhRG
f0ae9d1c89f8bf921460ef8fe1dae815		2026-07-11 16:26:37.023796	KhRG
f0ae9d1c89f8bf921460ef8fe1dae815		2026-07-11 16:26:57.201783	KhRG
f0ae9d1c89f8bf921460ef8fe1dae815		2026-07-11 16:28:21.881795	KhRG
f0ae9d1c89f8bf921460ef8fe1dae815		2026-07-11 16:29:18.651620	KhRG
ed0a0fec589664862c75c49979adf63d		2026-07-11 16:29:19.580150	KhRG
b164ad30a6c3770c5c6b96b01256a10f		2026-07-11 16:29:32.574786	KhRG
20ba4542a73e7d02e07ce18abdb90c25		2026-07-11 16:29:43.786875	KhRG
c865fb05433b70f6a93585fe6d47ab37		2026-07-11 16:34:08.078251	KhRG
20ba4542a73e7d02e07ce18abdb90c25		2026-07-11 16:35:25.472265	KhRG
20ba4542a73e7d02e07ce18abdb90c25		2026-07-11 16:36:00.407255	KhRG
20ba4542a73e7d02e07ce18abdb90c25		2026-07-11 16:36:26.580398	KhRG
b164ad30a6c3770c5c6b96b01256a10f		2026-07-11 16:37:11.543238	KhRG
20ba4542a73e7d02e07ce18abdb90c25		2026-07-11 16:37:27.854825	KhRG
20ba4542a73e7d02e07ce18abdb90c25		2026-07-11 16:37:49.341957	KhRG
20ba4542a73e7d02e07ce18abdb90c25		2026-07-11 16:37:54.631555	KhRG
20ba4542a73e7d02e07ce18abdb90c25		2026-07-11 16:38:03.009212	KhRG
c865fb05433b70f6a93585fe6d47ab37		2026-07-11 16:38:22.406914	KhRG
b164ad30a6c3770c5c6b96b01256a10f		2026-07-11 16:39:20.190464	KhRG
b164ad30a6c3770c5c6b96b01256a10f		2026-07-11 16:40:03.467081	KhRG
20ba4542a73e7d02e07ce18abdb90c25		2026-07-11 16:40:23.388205	KhRG
20ba4542a73e7d02e07ce18abdb90c25		2026-07-11 16:41:09.931392	KhRG
20ba4542a73e7d02e07ce18abdb90c25		2026-07-11 16:41:18.186201	KhRG
20ba4542a73e7d02e07ce18abdb90c25		2026-07-11 16:41:44.236621	KhRG
b164ad30a6c3770c5c6b96b01256a10f		2026-07-11 16:42:29.778865	KhRG
20ba4542a73e7d02e07ce18abdb90c25		2026-07-11 16:47:33.263311	KhRG
b164ad30a6c3770c5c6b96b01256a10f		2026-07-11 16:47:34.199584	KhRG
ed0a0fec589664862c75c49979adf63d		2026-07-11 16:49:29.367850	KhRG
b164ad30a6c3770c5c6b96b01256a10f		2026-07-11 16:50:02.667941	KhRG
b164ad30a6c3770c5c6b96b01256a10f		2026-07-11 16:51:38.614744	KhRG
20ba4542a73e7d02e07ce18abdb90c25		2026-07-11 16:54:25.017065	KhRG
20ba4542a73e7d02e07ce18abdb90c25		2026-07-11 16:55:50.395321	KhRG
20ba4542a73e7d02e07ce18abdb90c25		2026-07-11 16:56:54.267798	KhRG
b164ad30a6c3770c5c6b96b01256a10f		2026-07-11 16:59:01.673294	KhRG
20ba4542a73e7d02e07ce18abdb90c25		2026-07-11 17:00:00.141249	KhRG
20ba4542a73e7d02e07ce18abdb90c25		2026-07-11 17:02:27.505690	KhRG
20ba4542a73e7d02e07ce18abdb90c25		2026-07-11 17:05:37.909498	KhRG
b164ad30a6c3770c5c6b96b01256a10f		2026-07-11 17:05:48.900323	KhRG
20ba4542a73e7d02e07ce18abdb90c25		2026-07-11 17:06:36.180267	KhRG
b164ad30a6c3770c5c6b96b01256a10f		2026-07-11 17:06:52.067397	KhRG
7ac81d2a097b2a50163f8c408580e062		2026-07-11 17:06:58.633529	KhRG
20ba4542a73e7d02e07ce18abdb90c25		2026-07-11 17:08:47.027307	KhRG
20ba4542a73e7d02e07ce18abdb90c25		2026-07-11 17:10:42.546079	KhRG
20ba4542a73e7d02e07ce18abdb90c25		2026-07-11 17:10:49.278148	KhRG
b164ad30a6c3770c5c6b96b01256a10f		2026-07-11 17:10:49.977946	KhRG
20ba4542a73e7d02e07ce18abdb90c25		2026-07-11 17:11:10.473326	KhRG
b164ad30a6c3770c5c6b96b01256a10f		2026-07-11 17:11:11.338014	KhRG
20ba4542a73e7d02e07ce18abdb90c25		2026-07-11 17:11:16.824543	KhRG
20ba4542a73e7d02e07ce18abdb90c25		2026-07-11 17:11:22.705348	KhRG
20ba4542a73e7d02e07ce18abdb90c25		2026-07-11 17:12:31.663223	KhRG
20ba4542a73e7d02e07ce18abdb90c25		2026-07-11 17:12:38.038006	KhRG
20ba4542a73e7d02e07ce18abdb90c25		2026-07-11 17:12:51.199555	KhRG
7ac81d2a097b2a50163f8c408580e062		2026-07-11 17:16:04.723259	KhRG
b164ad30a6c3770c5c6b96b01256a10f		2026-07-11 17:17:49.854537	KhRG
20ba4542a73e7d02e07ce18abdb90c25		2026-07-11 17:17:54.419045	KhRG
b164ad30a6c3770c5c6b96b01256a10f		2026-07-11 17:19:12.858909	KhRG
20ba4542a73e7d02e07ce18abdb90c25		2026-07-11 17:20:48.297846	KhRG
b164ad30a6c3770c5c6b96b01256a10f		2026-07-11 17:24:00.544987	KhRG
b164ad30a6c3770c5c6b96b01256a10f		2026-07-11 17:25:33.242080	KhRG
20ba4542a73e7d02e07ce18abdb90c25		2026-07-11 17:26:57.955996	KhRG
20ba4542a73e7d02e07ce18abdb90c25		2026-07-11 17:30:03.355206	KhRG
20ba4542a73e7d02e07ce18abdb90c25		2026-07-11 17:30:33.592727	KhRG
20ba4542a73e7d02e07ce18abdb90c25		2026-07-11 17:31:48.784363	KhRG
20ba4542a73e7d02e07ce18abdb90c25		2026-07-11 17:34:44.609574	KhRG
20ba4542a73e7d02e07ce18abdb90c25		2026-07-11 17:37:29.378167	KhRG
20ba4542a73e7d02e07ce18abdb90c25		2026-07-11 17:41:51.391289	KhRG
b164ad30a6c3770c5c6b96b01256a10f		2026-07-11 17:50:57.825109	KhRG
b164ad30a6c3770c5c6b96b01256a10f		2026-07-11 17:57:00.601500	KhRG
b164ad30a6c3770c5c6b96b01256a10f		2026-07-11 18:03:55.599484	KhRG
b164ad30a6c3770c5c6b96b01256a10f		2026-07-11 18:06:11.483621	KhRG
b164ad30a6c3770c5c6b96b01256a10f		2026-07-11 18:06:38.782729	KhRG
ebb7c4269ac1c91da9d699a6332066bf		2026-07-11 18:15:03.392962	KhRG
ebb7c4269ac1c91da9d699a6332066bf		2026-07-11 18:15:45.166200	KhRG
ebb7c4269ac1c91da9d699a6332066bf		2026-07-11 18:16:11.883327	KhRG
ebb7c4269ac1c91da9d699a6332066bf		2026-07-11 18:16:17.885871	KhRG
ebb7c4269ac1c91da9d699a6332066bf		2026-07-11 18:16:24.889481	KhRG
ebb7c4269ac1c91da9d699a6332066bf		2026-07-11 18:16:30.415089	KhRG
ebb7c4269ac1c91da9d699a6332066bf		2026-07-11 18:16:59.980013	KhRG
b164ad30a6c3770c5c6b96b01256a10f		2026-07-11 18:17:06.575245	KhRG
ebb7c4269ac1c91da9d699a6332066bf		2026-07-11 18:17:30.358310	KhRG
ebb7c4269ac1c91da9d699a6332066bf		2026-07-11 18:18:04.802320	KhRG
b164ad30a6c3770c5c6b96b01256a10f		2026-07-11 18:26:14.033428	KhRG
ebb7c4269ac1c91da9d699a6332066bf		2026-07-11 18:26:42.398827	KhRG
ebb7c4269ac1c91da9d699a6332066bf		2026-07-11 18:26:56.185548	KhRG
b164ad30a6c3770c5c6b96b01256a10f		2026-07-11 18:27:09.118830	KhRG
ebb7c4269ac1c91da9d699a6332066bf		2026-07-11 18:46:44.634737	KhRG
ebb7c4269ac1c91da9d699a6332066bf		2026-07-11 18:50:29.661392	KhRG
d51d7cf5d7eb03f98ede1a38e616e75b		2026-07-11 20:09:46.571369	KhRG
d51d7cf5d7eb03f98ede1a38e616e75b		2026-07-11 20:10:32.679285	KhRG
d51d7cf5d7eb03f98ede1a38e616e75b		2026-07-11 20:11:18.697462	KhRG
d51d7cf5d7eb03f98ede1a38e616e75b		2026-07-11 20:12:41.075429	KhRG
d51d7cf5d7eb03f98ede1a38e616e75b		2026-07-11 20:16:30.795565	KhRG
d51d7cf5d7eb03f98ede1a38e616e75b		2026-07-11 20:16:50.946503	KhRG
0abbe1c6cef9b0bde82192634371f74b		2026-07-11 20:45:58.544079	KhRG
0abbe1c6cef9b0bde82192634371f74b		2026-07-11 20:46:43.032700	KhRG
0abbe1c6cef9b0bde82192634371f74b		2026-07-11 20:50:21.771977	KhRG
0abbe1c6cef9b0bde82192634371f74b		2026-07-11 20:53:09.594215	KhRG
0abbe1c6cef9b0bde82192634371f74b		2026-07-11 20:54:10.177848	KhRG
0abbe1c6cef9b0bde82192634371f74b		2026-07-11 20:55:32.838207	KhRG
0abbe1c6cef9b0bde82192634371f74b		2026-07-11 20:56:11.385285	KhRG
0abbe1c6cef9b0bde82192634371f74b		2026-07-11 20:56:42.869341	KhRG
0abbe1c6cef9b0bde82192634371f74b		2026-07-11 20:57:14.564606	KhRG
0abbe1c6cef9b0bde82192634371f74b		2026-07-11 20:57:45.149241	KhRG
ebb7c4269ac1c91da9d699a6332066bf		2026-07-11 21:54:19.233313	KhRG
ebb7c4269ac1c91da9d699a6332066bf		2026-07-11 21:55:05.872462	KhRG
ebb7c4269ac1c91da9d699a6332066bf		2026-07-11 21:55:32.682767	KhRG
ebb7c4269ac1c91da9d699a6332066bf		2026-07-11 21:56:18.002322	KhRG
ebb7c4269ac1c91da9d699a6332066bf		2026-07-11 21:57:44.262889	KhRG
ebb7c4269ac1c91da9d699a6332066bf		2026-07-11 21:58:13.199915	KhRG
3d159b2200851883d27c206a73cc2f05		2026-07-12 06:30:23.586972	KhRG
3d159b2200851883d27c206a73cc2f05		2026-07-12 06:33:47.331035	KhRG
3e2ad549b15d324e273b81aef2baabe9		2026-07-12 07:07:14.293419	KhRG
3e2ad549b15d324e273b81aef2baabe9		2026-07-12 07:07:43.631517	KhRG
3e2ad549b15d324e273b81aef2baabe9		2026-07-12 07:09:51.487949	KhRG
3e2ad549b15d324e273b81aef2baabe9		2026-07-12 07:11:03.900844	KhRG
3e2ad549b15d324e273b81aef2baabe9		2026-07-12 07:15:17.666300	KhRG
3e2ad549b15d324e273b81aef2baabe9		2026-07-12 07:18:02.097835	KhRG
3e2ad549b15d324e273b81aef2baabe9		2026-07-12 07:23:37.689070	KhRG
3e2ad549b15d324e273b81aef2baabe9		2026-07-12 07:27:46.682735	KhRG
3e2ad549b15d324e273b81aef2baabe9		2026-07-12 07:30:32.103799	KhRG
9a567c68a8de380a1070510117bf1102		2026-07-12 07:40:20.819749	KhRG
9a567c68a8de380a1070510117bf1102		2026-07-12 07:40:56.743030	KhRG
3e2ad549b15d324e273b81aef2baabe9		2026-07-12 07:44:39.807303	KhRG
ed0a0fec589664862c75c49979adf63d		2026-07-12 07:44:43.579483	KhRG
9a567c68a8de380a1070510117bf1102		2026-07-12 07:46:59.880462	KhRG
3e2ad549b15d324e273b81aef2baabe9		2026-07-12 07:48:50.212182	KhRG
3e2ad549b15d324e273b81aef2baabe9		2026-07-12 07:51:02.348448	KhRG
3d159b2200851883d27c206a73cc2f05		2026-07-12 07:52:29.390103	KhRG
ed0a0fec589664862c75c49979adf63d		2026-07-12 07:53:24.353494	KhRG
3e2ad549b15d324e273b81aef2baabe9		2026-07-12 07:58:13.110625	KhRG
3e2ad549b15d324e273b81aef2baabe9		2026-07-12 07:58:38.582171	KhRG
3e2ad549b15d324e273b81aef2baabe9		2026-07-12 07:59:11.130997	KhRG
3e2ad549b15d324e273b81aef2baabe9		2026-07-12 08:04:58.914731	KhRG
3e2ad549b15d324e273b81aef2baabe9		2026-07-12 08:06:09.920010	KhRG
3e2ad549b15d324e273b81aef2baabe9		2026-07-12 08:13:23.964717	KhRG
3e2ad549b15d324e273b81aef2baabe9		2026-07-12 08:18:09.864941	KhRG
9a567c68a8de380a1070510117bf1102		2026-07-12 09:29:22.845233	KhRG
91fc16c7ee6f1dd5923d17a0cbb4842d		2026-07-12 09:55:28.958812	KhRG
91fc16c7ee6f1dd5923d17a0cbb4842d		2026-07-12 10:01:24.357789	KhRG
3d159b2200851883d27c206a73cc2f05		2026-07-12 10:02:04.046639	KhRG
91fc16c7ee6f1dd5923d17a0cbb4842d		2026-07-12 10:10:31.287620	KhRG
91fc16c7ee6f1dd5923d17a0cbb4842d		2026-07-12 10:12:39.393454	KhRG
91fc16c7ee6f1dd5923d17a0cbb4842d		2026-07-12 10:15:05.202836	KhRG
91fc16c7ee6f1dd5923d17a0cbb4842d		2026-07-12 10:17:38.343371	KhRG
91fc16c7ee6f1dd5923d17a0cbb4842d		2026-07-12 10:21:09.268434	KhRG
91fc16c7ee6f1dd5923d17a0cbb4842d		2026-07-12 10:22:20.754542	KhRG
1a905cd87547fa010839752934d82fef		2026-07-12 10:25:21.597995	KhRG
0132c74a30b8b30891549b1f07fbac5e		2026-07-12 10:29:39.426661	KhRG
0132c74a30b8b30891549b1f07fbac5e		2026-07-12 10:30:29.120055	KhRG
0132c74a30b8b30891549b1f07fbac5e		2026-07-12 10:33:05.155799	KhRG
1a905cd87547fa010839752934d82fef		2026-07-12 10:34:32.661487	KhRG
0132c74a30b8b30891549b1f07fbac5e		2026-07-12 10:35:20.825258	KhRG
0132c74a30b8b30891549b1f07fbac5e		2026-07-12 10:48:34.738633	KhRG
0132c74a30b8b30891549b1f07fbac5e		2026-07-12 10:49:34.857461	KhRG
0132c74a30b8b30891549b1f07fbac5e		2026-07-12 10:55:51.038191	KhRG
0132c74a30b8b30891549b1f07fbac5e		2026-07-12 10:57:51.875542	KhRG
b903728f1badaa76dd11464b054a0c3b		2026-07-12 11:22:24.704251	KhRG
ed0a0fec589664862c75c49979adf63d		2026-07-12 11:51:11.140811	KhRG
ed0a0fec589664862c75c49979adf63d		2026-07-12 11:52:57.832013	KhRG
b903728f1badaa76dd11464b054a0c3b		2026-07-12 12:38:16.323876	KhRG
b903728f1badaa76dd11464b054a0c3b		2026-07-12 12:39:48.835003	KhRG
b903728f1badaa76dd11464b054a0c3b		2026-07-12 12:45:22.106184	KhRG
b903728f1badaa76dd11464b054a0c3b		2026-07-12 12:48:23.536469	KhRG
ed0a0fec589664862c75c49979adf63d		2026-07-12 12:49:26.071251	KhRG
5d250312e7c12bf3ba65b3c0319c0608		2026-07-12 13:04:06.800076	KhRG
b903728f1badaa76dd11464b054a0c3b		2026-07-12 13:06:12.350100	KhRG
5d250312e7c12bf3ba65b3c0319c0608		2026-07-12 13:06:16.645221	KhRG
d51d7cf5d7eb03f98ede1a38e616e75b		2026-07-12 13:14:22.297636	KhRG
ed0a0fec589664862c75c49979adf63d		2026-07-12 13:14:45.054952	KhRG
ed0a0fec589664862c75c49979adf63d		2026-07-12 13:16:13.602679	KhRG
24ecb3604b56af1e9e8d55eb12fe9629		2026-07-12 13:20:10.216913	KhRG
ed0a0fec589664862c75c49979adf63d		2026-07-12 13:23:13.109800	KhRG
b903728f1badaa76dd11464b054a0c3b		2026-07-12 13:25:00.457941	KhRG
ba6d1a93f80371b95237c0fddc9f2a41		2026-07-12 13:28:59.415280	KhRG
b903728f1badaa76dd11464b054a0c3b		2026-07-12 13:30:19.807476	KhRG
ed0a0fec589664862c75c49979adf63d		2026-07-12 13:31:33.993094	KhRG
5d250312e7c12bf3ba65b3c0319c0608		2026-07-12 13:32:18.467169	KhRG
5d250312e7c12bf3ba65b3c0319c0608		2026-07-12 13:36:39.543476	KhRG
24ecb3604b56af1e9e8d55eb12fe9629		2026-07-12 13:52:18.078625	KhRG
d51d7cf5d7eb03f98ede1a38e616e75b		2026-07-12 13:59:47.936816	KhRG
f0ae9d1c89f8bf921460ef8fe1dae815		2026-07-12 14:00:19.150051	KhRG
d51d7cf5d7eb03f98ede1a38e616e75b		2026-07-12 14:00:34.697545	KhRG
24ecb3604b56af1e9e8d55eb12fe9629		2026-07-12 14:00:35.555150	KhRG
f0ae9d1c89f8bf921460ef8fe1dae815		2026-07-12 14:01:24.417343	KhRG
f0ae9d1c89f8bf921460ef8fe1dae815		2026-07-12 14:02:17.109742	KhRG
d51d7cf5d7eb03f98ede1a38e616e75b		2026-07-12 14:03:00.842030	KhRG
f0ae9d1c89f8bf921460ef8fe1dae815		2026-07-12 14:03:13.148116	KhRG
f0ae9d1c89f8bf921460ef8fe1dae815		2026-07-12 14:03:51.001721	KhRG
d51d7cf5d7eb03f98ede1a38e616e75b		2026-07-12 14:04:47.086729	KhRG
f0ae9d1c89f8bf921460ef8fe1dae815		2026-07-12 14:06:51.243379	KhRG
d51d7cf5d7eb03f98ede1a38e616e75b		2026-07-12 14:07:13.359105	KhRG
f0ae9d1c89f8bf921460ef8fe1dae815		2026-07-12 14:07:19.159680	KhRG
c74e2456c4be530cd04221ad6cff76f8		2026-07-12 14:08:23.518800	KhRG
f0ae9d1c89f8bf921460ef8fe1dae815		2026-07-12 14:08:26.573094	KhRG
24ecb3604b56af1e9e8d55eb12fe9629		2026-07-12 14:08:45.068167	KhRG
f0ae9d1c89f8bf921460ef8fe1dae815		2026-07-12 14:22:28.699898	KhRG
f0ae9d1c89f8bf921460ef8fe1dae815		2026-07-12 14:22:47.976913	KhRG
f0ae9d1c89f8bf921460ef8fe1dae815		2026-07-12 14:23:14.676178	KhRG
f0ae9d1c89f8bf921460ef8fe1dae815		2026-07-12 14:23:57.278011	KhRG
f0ae9d1c89f8bf921460ef8fe1dae815		2026-07-12 14:32:10.838683	KhRG
f0ae9d1c89f8bf921460ef8fe1dae815		2026-07-12 14:34:57.289742	KhRG
f0ae9d1c89f8bf921460ef8fe1dae815		2026-07-12 14:35:29.059319	KhRG
f0ae9d1c89f8bf921460ef8fe1dae815		2026-07-12 14:36:25.896202	KhRG
f0ae9d1c89f8bf921460ef8fe1dae815		2026-07-12 14:37:17.639146	KhRG
f0ae9d1c89f8bf921460ef8fe1dae815		2026-07-12 14:38:37.134632	KhRG
f0ae9d1c89f8bf921460ef8fe1dae815		2026-07-12 14:39:29.654213	KhRG
f0ae9d1c89f8bf921460ef8fe1dae815		2026-07-12 14:40:03.288169	KhRG
f0ae9d1c89f8bf921460ef8fe1dae815		2026-07-12 14:41:35.838190	KhRG
f0ae9d1c89f8bf921460ef8fe1dae815		2026-07-12 14:42:48.892648	KhRG
b903728f1badaa76dd11464b054a0c3b		2026-07-12 14:57:03.615079	KhRG
b903728f1badaa76dd11464b054a0c3b		2026-07-12 15:18:09.927606	KhRG
338dbb9fb1733906713b0273d6413920		2026-07-12 15:44:02.428362	KhRG
b903728f1badaa76dd11464b054a0c3b		2026-07-12 15:45:24.097157	KhRG
1a905cd87547fa010839752934d82fef		2026-07-12 15:55:00.460050	KhRG
338dbb9fb1733906713b0273d6413920		2026-07-12 15:58:11.848333	KhRG
338dbb9fb1733906713b0273d6413920		2026-07-12 16:01:03.936649	KhRG
338dbb9fb1733906713b0273d6413920		2026-07-12 16:01:11.997622	KhRG
338dbb9fb1733906713b0273d6413920		2026-07-12 16:04:28.503311	KhRG
1a905cd87547fa010839752934d82fef		2026-07-12 16:04:57.891908	KhRG
1a905cd87547fa010839752934d82fef		2026-07-12 16:06:39.694448	KhRG
1a905cd87547fa010839752934d82fef		2026-07-12 16:08:20.041545	KhRG
1a905cd87547fa010839752934d82fef		2026-07-12 16:10:08.709812	KhRG
1a905cd87547fa010839752934d82fef		2026-07-12 16:11:58.895096	KhRG
1a905cd87547fa010839752934d82fef		2026-07-12 16:13:35.921312	KhRG
f393491c94ab06c117368fb3c77cb933		2026-07-12 17:37:01.154772	KhRG
f393491c94ab06c117368fb3c77cb933		2026-07-12 17:38:13.677014	KhRG
f393491c94ab06c117368fb3c77cb933		2026-07-12 17:38:47.836482	KhRG
f393491c94ab06c117368fb3c77cb933		2026-07-12 17:39:34.166404	KhRG
f393491c94ab06c117368fb3c77cb933		2026-07-12 17:47:48.094538	KhRG
08483d52ab4c3eab9b1dcee27a793d38		2026-07-12 17:48:30.138927	KhRG
08483d52ab4c3eab9b1dcee27a793d38		2026-07-12 17:50:10.406145	KhRG
f393491c94ab06c117368fb3c77cb933		2026-07-12 17:50:44.303869	KhRG
f393491c94ab06c117368fb3c77cb933		2026-07-12 17:52:31.452473	KhRG
f393491c94ab06c117368fb3c77cb933		2026-07-12 17:55:21.297642	KhRG
f393491c94ab06c117368fb3c77cb933		2026-07-12 18:04:17.730707	KhRG
f393491c94ab06c117368fb3c77cb933		2026-07-12 18:10:39.443896	KhRG
f393491c94ab06c117368fb3c77cb933		2026-07-12 18:11:50.838685	KhRG
f393491c94ab06c117368fb3c77cb933		2026-07-12 18:13:35.537743	KhRG
f393491c94ab06c117368fb3c77cb933		2026-07-12 18:38:32.605528	KhRG
ed0a0fec589664862c75c49979adf63d		2026-07-12 18:45:36.488501	KhRG
f393491c94ab06c117368fb3c77cb933		2026-07-12 19:00:56.441168	KhRG
e9a9b9ba424c29dfafdeaaf018a6e447		2026-07-13 04:36:26.745324	KhRG
e9a9b9ba424c29dfafdeaaf018a6e447		2026-07-13 04:37:09.087871	KhRG
adcab7566644edeef4cfc3adc8de3f0f		2026-07-13 05:21:06.243157	KhRG
adcab7566644edeef4cfc3adc8de3f0f		2026-07-13 05:29:45.199711	KhRG
adcab7566644edeef4cfc3adc8de3f0f		2026-07-13 05:31:17.169723	KhRG
adcab7566644edeef4cfc3adc8de3f0f		2026-07-13 05:32:22.600545	KhRG
adcab7566644edeef4cfc3adc8de3f0f		2026-07-13 05:32:47.436621	KhRG
adcab7566644edeef4cfc3adc8de3f0f		2026-07-13 05:35:50.723872	KhRG
3182edb9fbad168c2e14bdb071f55c7b		2026-07-13 05:39:16.637595	KhRG
3182edb9fbad168c2e14bdb071f55c7b		2026-07-13 05:39:48.963725	KhRG
3182edb9fbad168c2e14bdb071f55c7b		2026-07-13 05:40:00.031870	KhRG
3182edb9fbad168c2e14bdb071f55c7b		2026-07-13 05:43:31.487486	KhRG
3182edb9fbad168c2e14bdb071f55c7b		2026-07-13 05:45:10.077932	KhRG
3182edb9fbad168c2e14bdb071f55c7b		2026-07-13 05:45:55.749949	KhRG
3182edb9fbad168c2e14bdb071f55c7b		2026-07-13 05:49:56.903028	KhRG
b903728f1badaa76dd11464b054a0c3b		2026-07-13 05:56:41.124218	KhRG
3182edb9fbad168c2e14bdb071f55c7b		2026-07-13 06:09:55.825084	KhRG
b903728f1badaa76dd11464b054a0c3b		2026-07-13 06:10:06.844209	KhRG
3182edb9fbad168c2e14bdb071f55c7b		2026-07-13 06:13:43.822226	KhRG
3182edb9fbad168c2e14bdb071f55c7b		2026-07-13 06:17:39.878804	KhRG
3182edb9fbad168c2e14bdb071f55c7b		2026-07-13 06:19:02.573982	KhRG
3182edb9fbad168c2e14bdb071f55c7b		2026-07-13 06:20:36.253227	KhRG
b903728f1badaa76dd11464b054a0c3b		2026-07-13 06:35:14.090051	KhRG
5867bf538a6ecf632a7dd430bb92ce3c		2026-07-13 06:36:27.199346	KhRG
5867bf538a6ecf632a7dd430bb92ce3c		2026-07-13 06:39:54.214568	KhRG
5867bf538a6ecf632a7dd430bb92ce3c		2026-07-13 06:40:16.242927	KhRG
3182edb9fbad168c2e14bdb071f55c7b		2026-07-13 06:41:23.527475	KhRG
b903728f1badaa76dd11464b054a0c3b		2026-07-13 06:41:37.111482	KhRG
3182edb9fbad168c2e14bdb071f55c7b		2026-07-13 07:01:58.663185	KhRG
3182edb9fbad168c2e14bdb071f55c7b		2026-07-13 07:17:30.970492	KhRG
3182edb9fbad168c2e14bdb071f55c7b		2026-07-13 07:19:39.834174	KhRG
5867bf538a6ecf632a7dd430bb92ce3c		2026-07-13 07:39:07.395720	KhRG
3182edb9fbad168c2e14bdb071f55c7b		2026-07-13 08:43:22.906592	KhRG
20ba4542a73e7d02e07ce18abdb90c25		2026-07-13 08:55:23.497491	KhRG
20ba4542a73e7d02e07ce18abdb90c25		2026-07-13 08:57:15.946827	KhRG
20ba4542a73e7d02e07ce18abdb90c25		2026-07-13 08:57:42.365748	KhRG
20ba4542a73e7d02e07ce18abdb90c25		2026-07-13 09:03:04.787618	KhRG
ed0a0fec589664862c75c49979adf63d		2026-07-13 09:04:50.214694	KhRG
0724b9fb10d1a986ea6366f9670e0282		2026-07-13 09:04:51.831332	KhRG
20ba4542a73e7d02e07ce18abdb90c25		2026-07-13 09:08:00.622972	KhRG
ed0a0fec589664862c75c49979adf63d		2026-07-13 09:26:26.776900	KhRG
0724b9fb10d1a986ea6366f9670e0282		2026-07-13 09:33:26.304655	KhRG
0724b9fb10d1a986ea6366f9670e0282		2026-07-13 09:34:22.524363	KhRG
0724b9fb10d1a986ea6366f9670e0282		2026-07-13 09:35:21.387449	KhRG
0724b9fb10d1a986ea6366f9670e0282		2026-07-13 09:35:32.130113	KhRG
0724b9fb10d1a986ea6366f9670e0282		2026-07-13 09:35:51.989666	KhRG
0724b9fb10d1a986ea6366f9670e0282		2026-07-13 09:35:52.547747	KhRG
0724b9fb10d1a986ea6366f9670e0282		2026-07-13 09:35:52.813653	KhRG
0724b9fb10d1a986ea6366f9670e0282		2026-07-13 09:35:52.823205	KhRG
0724b9fb10d1a986ea6366f9670e0282		2026-07-13 09:35:52.987214	KhRG
0724b9fb10d1a986ea6366f9670e0282		2026-07-13 09:35:53.001746	KhRG
0724b9fb10d1a986ea6366f9670e0282		2026-07-13 09:35:53.193350	KhRG
0724b9fb10d1a986ea6366f9670e0282		2026-07-13 09:35:53.257742	KhRG
0724b9fb10d1a986ea6366f9670e0282		2026-07-13 09:35:53.395306	KhRG
0724b9fb10d1a986ea6366f9670e0282		2026-07-13 09:35:53.675477	KhRG
0724b9fb10d1a986ea6366f9670e0282		2026-07-13 09:35:53.767474	KhRG
0724b9fb10d1a986ea6366f9670e0282		2026-07-13 09:37:05.807198	KhRG
0724b9fb10d1a986ea6366f9670e0282		2026-07-13 09:39:00.977156	KhRG
0724b9fb10d1a986ea6366f9670e0282		2026-07-13 09:39:42.261453	KhRG
ac77a81548ac57d675c2569d72bc9593		2026-07-13 09:58:56.990043	KhRG
ac77a81548ac57d675c2569d72bc9593		2026-07-13 09:59:16.427968	KhRG
ac77a81548ac57d675c2569d72bc9593		2026-07-13 09:59:53.475371	KhRG
ac77a81548ac57d675c2569d72bc9593		2026-07-13 10:00:58.921728	KhRG
ed0a0fec589664862c75c49979adf63d		2026-07-13 10:01:42.974956	KhRG
ac77a81548ac57d675c2569d72bc9593		2026-07-13 10:01:56.458045	KhRG
ac77a81548ac57d675c2569d72bc9593		2026-07-13 10:03:21.502827	KhRG
ac77a81548ac57d675c2569d72bc9593		2026-07-13 10:04:53.241333	KhRG
ac77a81548ac57d675c2569d72bc9593		2026-07-13 10:05:16.745294	KhRG
ac77a81548ac57d675c2569d72bc9593		2026-07-13 10:06:38.467593	KhRG
ac77a81548ac57d675c2569d72bc9593		2026-07-13 10:06:55.096237	KhRG
ac77a81548ac57d675c2569d72bc9593		2026-07-13 10:07:47.226578	KhRG
ac77a81548ac57d675c2569d72bc9593		2026-07-13 10:08:17.887049	KhRG
ac77a81548ac57d675c2569d72bc9593		2026-07-13 10:10:09.227080	KhRG
ac77a81548ac57d675c2569d72bc9593		2026-07-13 10:10:54.789842	KhRG
ac77a81548ac57d675c2569d72bc9593		2026-07-13 10:15:07.134719	KhRG
5867bf538a6ecf632a7dd430bb92ce3c		2026-07-13 10:18:58.647074	KhRG
3182edb9fbad168c2e14bdb071f55c7b		2026-07-13 10:19:30.576792	KhRG
5867bf538a6ecf632a7dd430bb92ce3c		2026-07-13 10:24:18.788248	KhRG
5867bf538a6ecf632a7dd430bb92ce3c		2026-07-13 10:27:40.220051	KhRG
5867bf538a6ecf632a7dd430bb92ce3c		2026-07-13 10:28:28.174086	KhRG
ac77a81548ac57d675c2569d72bc9593		2026-07-13 10:31:41.995948	KhRG
ac77a81548ac57d675c2569d72bc9593		2026-07-13 10:32:12.597481	KhRG
ac77a81548ac57d675c2569d72bc9593		2026-07-13 10:32:57.738432	KhRG
3182edb9fbad168c2e14bdb071f55c7b		2026-07-13 10:33:05.735932	KhRG
5867bf538a6ecf632a7dd430bb92ce3c		2026-07-13 10:33:17.458935	KhRG
5867bf538a6ecf632a7dd430bb92ce3c		2026-07-13 10:35:14.097614	KhRG
5867bf538a6ecf632a7dd430bb92ce3c		2026-07-13 10:45:16.816290	KhRG
5867bf538a6ecf632a7dd430bb92ce3c		2026-07-13 10:46:08.241591	KhRG
3182edb9fbad168c2e14bdb071f55c7b		2026-07-13 10:57:47.305066	KhRG
ed0a0fec589664862c75c49979adf63d		2026-07-13 11:00:23.157902	KhRG
ed0a0fec589664862c75c49979adf63d		2026-07-13 11:06:57.484800	KhRG
3182edb9fbad168c2e14bdb071f55c7b		2026-07-13 11:09:22.173861	KhRG
3182edb9fbad168c2e14bdb071f55c7b		2026-07-13 11:10:03.207780	KhRG
3182edb9fbad168c2e14bdb071f55c7b		2026-07-13 11:31:21.120552	KhRG
24ecb3604b56af1e9e8d55eb12fe9629		2026-07-13 12:23:41.914795	KhRG
ebb7c4269ac1c91da9d699a6332066bf		2026-07-13 12:23:56.169903	KhRG
ebb7c4269ac1c91da9d699a6332066bf		2026-07-13 12:25:04.608433	KhRG
ebb7c4269ac1c91da9d699a6332066bf		2026-07-13 12:34:03.765024	KhRG
ebb7c4269ac1c91da9d699a6332066bf		2026-07-13 12:35:24.508793	KhRG
ebb7c4269ac1c91da9d699a6332066bf		2026-07-13 12:36:17.665853	KhRG
3182edb9fbad168c2e14bdb071f55c7b		2026-07-13 12:37:16.448603	KhRG
7ac81d2a097b2a50163f8c408580e062		2026-07-13 12:39:34.980760	KhRG
3182edb9fbad168c2e14bdb071f55c7b		2026-07-13 12:39:41.952108	KhRG
1390075babb4754ece4433c7da54ad48		2026-07-13 12:46:14.693688	KhRG
3182edb9fbad168c2e14bdb071f55c7b		2026-07-13 12:46:52.588499	KhRG
7ac81d2a097b2a50163f8c408580e062		2026-07-13 12:52:38.748304	KhRG
fc6e7b05aea934cd9e71024ced7c83bf		2026-07-13 12:55:50.343825	KhRG
c140a78e0fe80e8e27e8870474c5e68c		2026-07-13 13:15:14.113277	KhRG
0132c74a30b8b30891549b1f07fbac5e		2026-07-13 13:21:42.137713	KhRG
3e2ad549b15d324e273b81aef2baabe9		2026-07-13 13:21:42.788039	KhRG
0132c74a30b8b30891549b1f07fbac5e		2026-07-13 13:22:42.561450	KhRG
3e2ad549b15d324e273b81aef2baabe9		2026-07-13 13:24:00.174009	KhRG
0132c74a30b8b30891549b1f07fbac5e		2026-07-13 13:27:57.112855	KhRG
3e2ad549b15d324e273b81aef2baabe9		2026-07-13 13:32:11.503129	KhRG
3e2ad549b15d324e273b81aef2baabe9		2026-07-13 13:32:37.602993	KhRG
c140a78e0fe80e8e27e8870474c5e68c		2026-07-13 13:37:48.333245	KhRG
0339eb07281c5c9bbe52cab7a9f8ff17		2026-07-13 13:42:37.325284	KhRG
0339eb07281c5c9bbe52cab7a9f8ff17		2026-07-13 13:43:05.203183	KhRG
0339eb07281c5c9bbe52cab7a9f8ff17		2026-07-13 13:53:25.847514	KhRG
0339eb07281c5c9bbe52cab7a9f8ff17		2026-07-13 13:53:55.887977	KhRG
0339eb07281c5c9bbe52cab7a9f8ff17		2026-07-13 13:54:24.745942	KhRG
b903728f1badaa76dd11464b054a0c3b		2026-07-13 14:00:52.604369	KhRG
b903728f1badaa76dd11464b054a0c3b		2026-07-13 14:01:11.018359	KhRG
ebb7c4269ac1c91da9d699a6332066bf		2026-07-13 14:02:03.729806	KhRG
ebb7c4269ac1c91da9d699a6332066bf		2026-07-13 14:02:43.589046	KhRG
0339eb07281c5c9bbe52cab7a9f8ff17		2026-07-13 14:03:09.490907	KhRG
0339eb07281c5c9bbe52cab7a9f8ff17		2026-07-13 14:04:13.731310	KhRG
0339eb07281c5c9bbe52cab7a9f8ff17		2026-07-13 14:06:26.586840	KhRG
b903728f1badaa76dd11464b054a0c3b		2026-07-13 14:07:47.088536	KhRG
0339eb07281c5c9bbe52cab7a9f8ff17		2026-07-13 14:07:56.833724	KhRG
0339eb07281c5c9bbe52cab7a9f8ff17		2026-07-13 14:10:35.767812	KhRG
0339eb07281c5c9bbe52cab7a9f8ff17		2026-07-13 14:11:31.921772	KhRG
0339eb07281c5c9bbe52cab7a9f8ff17		2026-07-13 14:13:19.987022	KhRG
0339eb07281c5c9bbe52cab7a9f8ff17		2026-07-13 14:15:31.884525	KhRG
ebb7c4269ac1c91da9d699a6332066bf		2026-07-13 14:16:04.188683	KhRG
ebb7c4269ac1c91da9d699a6332066bf		2026-07-13 14:17:05.014353	KhRG
0339eb07281c5c9bbe52cab7a9f8ff17		2026-07-13 14:19:11.564112	KhRG
0339eb07281c5c9bbe52cab7a9f8ff17		2026-07-13 14:20:37.868961	KhRG
0339eb07281c5c9bbe52cab7a9f8ff17		2026-07-13 14:21:51.975698	KhRG
0339eb07281c5c9bbe52cab7a9f8ff17		2026-07-13 14:22:28.707433	KhRG
0339eb07281c5c9bbe52cab7a9f8ff17		2026-07-13 14:23:09.740822	KhRG
0339eb07281c5c9bbe52cab7a9f8ff17		2026-07-13 14:24:34.578097	KhRG
ebb7c4269ac1c91da9d699a6332066bf		2026-07-13 14:27:06.884685	KhRG
ebb7c4269ac1c91da9d699a6332066bf		2026-07-13 14:28:13.937421	KhRG
ebb7c4269ac1c91da9d699a6332066bf		2026-07-13 14:31:08.470099	KhRG
ebb7c4269ac1c91da9d699a6332066bf		2026-07-13 14:48:35.401256	KhRG
ebb7c4269ac1c91da9d699a6332066bf		2026-07-13 14:52:57.638714	KhRG
ebb7c4269ac1c91da9d699a6332066bf		2026-07-13 14:53:19.164799	KhRG
3e2ad549b15d324e273b81aef2baabe9		2026-07-13 15:26:20.082342	KhRG
3e2ad549b15d324e273b81aef2baabe9		2026-07-13 15:26:35.598430	KhRG
3e2ad549b15d324e273b81aef2baabe9		2026-07-13 15:30:22.197364	KhRG
3e2ad549b15d324e273b81aef2baabe9		2026-07-13 15:33:30.280802	KhRG
b903728f1badaa76dd11464b054a0c3b		2026-07-13 15:37:35.473472	KhRG
3e2ad549b15d324e273b81aef2baabe9		2026-07-13 15:46:58.635770	KhRG
ce90ad507e93d79d829bf311186a7b2a		2026-07-13 15:58:28.310296	KhRG
ce90ad507e93d79d829bf311186a7b2a		2026-07-13 16:00:07.130575	KhRG
ce90ad507e93d79d829bf311186a7b2a		2026-07-13 16:00:55.928453	KhRG
b06e2f9b2f52aa47a56ebb333ef85eee		2026-07-13 16:01:28.463361	KhRG
ce90ad507e93d79d829bf311186a7b2a		2026-07-13 16:20:34.073079	KhRG
ce90ad507e93d79d829bf311186a7b2a		2026-07-13 16:22:06.474677	KhRG
ce90ad507e93d79d829bf311186a7b2a		2026-07-13 16:22:47.209123	KhRG
ce90ad507e93d79d829bf311186a7b2a		2026-07-13 16:23:36.451978	KhRG
ce90ad507e93d79d829bf311186a7b2a		2026-07-13 16:24:27.176710	KhRG
ce90ad507e93d79d829bf311186a7b2a		2026-07-13 16:24:59.801677	KhRG
ce90ad507e93d79d829bf311186a7b2a		2026-07-13 16:25:36.559083	KhRG
20ba4542a73e7d02e07ce18abdb90c25		2026-07-13 16:29:12.393416	KhRG
20ba4542a73e7d02e07ce18abdb90c25		2026-07-13 16:29:37.454677	KhRG
20ba4542a73e7d02e07ce18abdb90c25		2026-07-13 16:30:13.471412	KhRG
20ba4542a73e7d02e07ce18abdb90c25		2026-07-13 16:31:11.151338	KhRG
93f7ae1456fee4ad8a3a007a6abec47b		2026-07-13 16:39:16.274729	KhRG
93f7ae1456fee4ad8a3a007a6abec47b		2026-07-13 16:40:19.316365	KhRG
93f7ae1456fee4ad8a3a007a6abec47b		2026-07-13 16:41:25.498665	KhRG
20ba4542a73e7d02e07ce18abdb90c25		2026-07-13 16:45:39.662124	KhRG
20ba4542a73e7d02e07ce18abdb90c25		2026-07-13 16:45:47.186009	KhRG
20ba4542a73e7d02e07ce18abdb90c25		2026-07-13 16:47:47.822889	KhRG
20ba4542a73e7d02e07ce18abdb90c25		2026-07-13 16:47:52.830151	KhRG
20ba4542a73e7d02e07ce18abdb90c25		2026-07-13 16:47:58.072327	KhRG
20ba4542a73e7d02e07ce18abdb90c25		2026-07-13 16:48:05.299123	KhRG
20ba4542a73e7d02e07ce18abdb90c25		2026-07-13 16:48:39.601803	KhRG
20ba4542a73e7d02e07ce18abdb90c25		2026-07-13 16:49:04.105008	KhRG
93f7ae1456fee4ad8a3a007a6abec47b		2026-07-13 16:49:26.884437	KhRG
93f7ae1456fee4ad8a3a007a6abec47b		2026-07-13 16:49:59.796226	KhRG
20ba4542a73e7d02e07ce18abdb90c25		2026-07-13 16:50:17.787961	KhRG
93f7ae1456fee4ad8a3a007a6abec47b		2026-07-13 16:52:19.625695	KhRG
93f7ae1456fee4ad8a3a007a6abec47b		2026-07-13 16:54:34.101581	KhRG
20ba4542a73e7d02e07ce18abdb90c25		2026-07-13 16:55:09.315286	KhRG
20ba4542a73e7d02e07ce18abdb90c25		2026-07-13 16:56:30.229981	KhRG
20ba4542a73e7d02e07ce18abdb90c25		2026-07-13 16:57:42.024512	KhRG
20ba4542a73e7d02e07ce18abdb90c25		2026-07-13 16:57:59.631683	KhRG
20ba4542a73e7d02e07ce18abdb90c25		2026-07-13 16:58:21.088300	KhRG
93f7ae1456fee4ad8a3a007a6abec47b		2026-07-13 16:58:41.411372	KhRG
93f7ae1456fee4ad8a3a007a6abec47b		2026-07-13 16:59:08.059171	KhRG
20ba4542a73e7d02e07ce18abdb90c25		2026-07-13 16:59:14.229403	KhRG
93f7ae1456fee4ad8a3a007a6abec47b		2026-07-13 17:00:12.350520	KhRG
20ba4542a73e7d02e07ce18abdb90c25		2026-07-13 17:00:36.739163	KhRG
20ba4542a73e7d02e07ce18abdb90c25		2026-07-13 17:00:46.101352	KhRG
20ba4542a73e7d02e07ce18abdb90c25		2026-07-13 17:01:10.594628	KhRG
20ba4542a73e7d02e07ce18abdb90c25		2026-07-13 17:01:20.055569	KhRG
20ba4542a73e7d02e07ce18abdb90c25		2026-07-13 17:05:27.808669	KhRG
20ba4542a73e7d02e07ce18abdb90c25		2026-07-13 17:05:37.304524	KhRG
93f7ae1456fee4ad8a3a007a6abec47b		2026-07-13 17:08:49.457169	KhRG
20ba4542a73e7d02e07ce18abdb90c25		2026-07-13 17:09:10.232676	KhRG
20ba4542a73e7d02e07ce18abdb90c25		2026-07-13 17:10:31.005901	KhRG
20ba4542a73e7d02e07ce18abdb90c25		2026-07-13 17:13:39.704910	KhRG
b06e2f9b2f52aa47a56ebb333ef85eee		2026-07-13 17:14:37.134033	KhRG
93f7ae1456fee4ad8a3a007a6abec47b		2026-07-13 17:19:53.479429	KhRG
93f7ae1456fee4ad8a3a007a6abec47b		2026-07-13 17:20:41.182923	KhRG
93f7ae1456fee4ad8a3a007a6abec47b		2026-07-13 17:21:22.919719	KhRG
fa5cabc198d97611c47ef3fdeb3615bf		2026-07-13 17:23:51.376540	KhRG
fa5cabc198d97611c47ef3fdeb3615bf		2026-07-13 17:24:00.919971	KhRG
93f7ae1456fee4ad8a3a007a6abec47b		2026-07-13 17:28:55.328266	KhRG
93f7ae1456fee4ad8a3a007a6abec47b		2026-07-13 17:33:58.283323	KhRG
b06e2f9b2f52aa47a56ebb333ef85eee		2026-07-13 17:34:03.850763	KhRG
93f7ae1456fee4ad8a3a007a6abec47b		2026-07-13 17:37:32.142023	KhRG
93f7ae1456fee4ad8a3a007a6abec47b		2026-07-13 17:38:02.592816	KhRG
93f7ae1456fee4ad8a3a007a6abec47b		2026-07-13 17:41:54.261665	KhRG
93f7ae1456fee4ad8a3a007a6abec47b		2026-07-13 17:43:07.340301	KhRG
93f7ae1456fee4ad8a3a007a6abec47b		2026-07-13 17:46:57.689818	KhRG
93f7ae1456fee4ad8a3a007a6abec47b		2026-07-13 17:47:22.797283	KhRG
c447d6c6d4a67cf420d476c92887584a		2026-07-13 17:50:15.836568	KhRG
c447d6c6d4a67cf420d476c92887584a		2026-07-13 17:52:47.978564	KhRG
61683e89009c326a86014592e5e77abe		2026-07-13 18:58:40.920399	KhRG
61683e89009c326a86014592e5e77abe		2026-07-13 18:59:15.065679	KhRG
61683e89009c326a86014592e5e77abe		2026-07-13 19:22:36.066267	KhRG
24ecb3604b56af1e9e8d55eb12fe9629		2026-07-13 19:36:41.384900	KhRG
f63a8b7f5d58d5c27b857c1880f8eb39		2026-07-13 19:48:07.507913	KhRG
f63a8b7f5d58d5c27b857c1880f8eb39		2026-07-13 19:49:31.043011	KhRG
82daee5f25cf14553dfe348b67ebb5ae		2026-07-13 19:50:37.139963	KhRG
24ecb3604b56af1e9e8d55eb12fe9629		2026-07-13 19:54:37.616501	KhRG
f63a8b7f5d58d5c27b857c1880f8eb39		2026-07-13 19:58:38.487163	KhRG
f63a8b7f5d58d5c27b857c1880f8eb39		2026-07-13 19:59:02.917749	KhRG
fa5cabc198d97611c47ef3fdeb3615bf		2026-07-13 20:01:20.739589	KhRG
f63a8b7f5d58d5c27b857c1880f8eb39		2026-07-13 20:01:51.266644	KhRG
f63a8b7f5d58d5c27b857c1880f8eb39		2026-07-13 20:06:55.268639	KhRG
fa5cabc198d97611c47ef3fdeb3615bf		2026-07-13 20:07:00.076929	KhRG
f63a8b7f5d58d5c27b857c1880f8eb39		2026-07-13 20:07:14.966710	KhRG
f63a8b7f5d58d5c27b857c1880f8eb39		2026-07-13 20:07:57.670827	KhRG
fa5cabc198d97611c47ef3fdeb3615bf		2026-07-13 20:09:40.433871	KhRG
f63a8b7f5d58d5c27b857c1880f8eb39		2026-07-13 20:10:09.100550	KhRG
fa5cabc198d97611c47ef3fdeb3615bf		2026-07-13 20:11:03.323229	KhRG
efabd73427558c38182f22daacafb18a		2026-07-13 20:11:14.503063	KhRG
24ecb3604b56af1e9e8d55eb12fe9629		2026-07-13 20:12:36.718550	KhRG
efabd73427558c38182f22daacafb18a		2026-07-13 20:12:44.885647	KhRG
f63a8b7f5d58d5c27b857c1880f8eb39		2026-07-13 20:13:23.683843	KhRG
efabd73427558c38182f22daacafb18a		2026-07-13 20:13:55.336938	KhRG
fa5cabc198d97611c47ef3fdeb3615bf		2026-07-13 20:19:32.888366	KhRG
24ecb3604b56af1e9e8d55eb12fe9629		2026-07-13 20:22:40.845542	KhRG
fa5cabc198d97611c47ef3fdeb3615bf		2026-07-13 20:23:31.888671	KhRG
fa5cabc198d97611c47ef3fdeb3615bf		2026-07-13 20:24:16.722181	KhRG
fa5cabc198d97611c47ef3fdeb3615bf		2026-07-13 20:32:49.980255	KhRG
ebb7c4269ac1c91da9d699a6332066bf		2026-07-13 20:37:38.684345	KhRG
ebb7c4269ac1c91da9d699a6332066bf		2026-07-13 20:38:03.498832	KhRG
ebb7c4269ac1c91da9d699a6332066bf		2026-07-13 20:38:20.119784	KhRG
ebb7c4269ac1c91da9d699a6332066bf		2026-07-13 20:38:35.648418	KhRG
fa5cabc198d97611c47ef3fdeb3615bf		2026-07-13 20:39:24.802410	KhRG
ebb7c4269ac1c91da9d699a6332066bf		2026-07-13 20:39:37.572316	KhRG
fa5cabc198d97611c47ef3fdeb3615bf		2026-07-13 20:40:05.432632	KhRG
fa5cabc198d97611c47ef3fdeb3615bf		2026-07-13 20:50:39.288037	KhRG
fa5cabc198d97611c47ef3fdeb3615bf		2026-07-13 20:54:08.044560	KhRG
efabd73427558c38182f22daacafb18a		2026-07-13 21:15:46.468637	KhRG
efabd73427558c38182f22daacafb18a		2026-07-13 21:15:59.273296	KhRG
ac77a81548ac57d675c2569d72bc9593		2026-07-14 03:52:00.895055	KhRG
b58c9a35c3e0920f9f6ba42ae58e9546		2026-07-14 04:50:21.062609	KhRG
3182edb9fbad168c2e14bdb071f55c7b		2026-07-14 05:42:13.562091	KhRG
3182edb9fbad168c2e14bdb071f55c7b		2026-07-14 05:43:05.240283	KhRG
3182edb9fbad168c2e14bdb071f55c7b		2026-07-14 05:44:41.240902	KhRG
20ba4542a73e7d02e07ce18abdb90c25		2026-07-14 05:57:02.206590	KhRG
20ba4542a73e7d02e07ce18abdb90c25		2026-07-14 05:57:32.218008	KhRG
3182edb9fbad168c2e14bdb071f55c7b		2026-07-14 05:59:12.755308	KhRG
20ba4542a73e7d02e07ce18abdb90c25		2026-07-14 06:11:08.393261	KhRG
3182edb9fbad168c2e14bdb071f55c7b		2026-07-14 06:14:13.390146	KhRG
20ba4542a73e7d02e07ce18abdb90c25		2026-07-14 06:21:37.001585	KhRG
20ba4542a73e7d02e07ce18abdb90c25		2026-07-14 06:26:06.596840	KhRG
20ba4542a73e7d02e07ce18abdb90c25		2026-07-14 06:27:05.066144	KhRG
20ba4542a73e7d02e07ce18abdb90c25		2026-07-14 06:32:34.129875	KhRG
ba6d1a93f80371b95237c0fddc9f2a41		2026-07-14 06:37:16.236082	KhRG
20ba4542a73e7d02e07ce18abdb90c25		2026-07-14 06:40:26.617442	KhRG
20ba4542a73e7d02e07ce18abdb90c25		2026-07-14 06:40:38.759047	KhRG
ba6d1a93f80371b95237c0fddc9f2a41		2026-07-14 06:42:20.672346	KhRG
3182edb9fbad168c2e14bdb071f55c7b		2026-07-14 06:42:56.081010	KhRG
ba6d1a93f80371b95237c0fddc9f2a41		2026-07-14 06:43:36.876029	KhRG
ba6d1a93f80371b95237c0fddc9f2a41		2026-07-14 06:44:23.999345	KhRG
ba6d1a93f80371b95237c0fddc9f2a41		2026-07-14 06:46:54.262163	KhRG
ba6d1a93f80371b95237c0fddc9f2a41		2026-07-14 06:47:46.807724	KhRG
ba6d1a93f80371b95237c0fddc9f2a41		2026-07-14 06:53:12.663211	KhRG
3182edb9fbad168c2e14bdb071f55c7b		2026-07-14 07:22:19.356684	KhRG
ba6d1a93f80371b95237c0fddc9f2a41		2026-07-14 07:24:49.991177	KhRG
93f7ae1456fee4ad8a3a007a6abec47b		2026-07-14 07:28:23.833536	KhRG
93f7ae1456fee4ad8a3a007a6abec47b		2026-07-14 07:42:08.374382	KhRG
3182edb9fbad168c2e14bdb071f55c7b		2026-07-14 07:50:27.817596	KhRG
3182edb9fbad168c2e14bdb071f55c7b		2026-07-14 07:55:30.081006	KhRG
3182edb9fbad168c2e14bdb071f55c7b		2026-07-14 07:56:00.314059	KhRG
3182edb9fbad168c2e14bdb071f55c7b		2026-07-14 07:56:36.806540	KhRG
93f7ae1456fee4ad8a3a007a6abec47b		2026-07-14 07:58:13.953303	KhRG
3182edb9fbad168c2e14bdb071f55c7b		2026-07-14 07:59:37.148542	KhRG
93f7ae1456fee4ad8a3a007a6abec47b		2026-07-14 08:07:41.461808	KhRG
3182edb9fbad168c2e14bdb071f55c7b		2026-07-14 08:13:21.506741	KhRG
3182edb9fbad168c2e14bdb071f55c7b		2026-07-14 08:13:55.258108	KhRG
3182edb9fbad168c2e14bdb071f55c7b		2026-07-14 08:14:26.603480	KhRG
93f7ae1456fee4ad8a3a007a6abec47b		2026-07-14 08:16:33.051378	KhRG
93f7ae1456fee4ad8a3a007a6abec47b		2026-07-14 08:24:13.905830	KhRG
560c78966a41ab21cb920b389b6d15e2		2026-07-14 08:31:20.633889	KhRG
560c78966a41ab21cb920b389b6d15e2		2026-07-14 08:32:28.396212	KhRG
93f7ae1456fee4ad8a3a007a6abec47b		2026-07-14 08:33:54.769551	KhRG
93f7ae1456fee4ad8a3a007a6abec47b		2026-07-14 08:36:29.539885	KhRG
efabd73427558c38182f22daacafb18a		2026-07-14 08:37:06.434851	KhRG
93f7ae1456fee4ad8a3a007a6abec47b		2026-07-14 08:37:48.891132	KhRG
560c78966a41ab21cb920b389b6d15e2		2026-07-14 08:40:21.990990	KhRG
93f7ae1456fee4ad8a3a007a6abec47b		2026-07-14 08:48:24.080973	KhRG
93f7ae1456fee4ad8a3a007a6abec47b		2026-07-14 08:50:43.890026	KhRG
560c78966a41ab21cb920b389b6d15e2		2026-07-14 08:58:57.254165	KhRG
93f7ae1456fee4ad8a3a007a6abec47b		2026-07-14 09:00:21.255751	KhRG
93f7ae1456fee4ad8a3a007a6abec47b		2026-07-14 09:02:13.627789	KhRG
560c78966a41ab21cb920b389b6d15e2		2026-07-14 09:03:15.090118	KhRG
560c78966a41ab21cb920b389b6d15e2		2026-07-14 09:13:26.022152	KhRG
560c78966a41ab21cb920b389b6d15e2		2026-07-14 09:17:38.162662	KhRG
352853dd99c35d82caad413151f2aaae		2026-07-14 09:27:32.878868	KhRG
3182edb9fbad168c2e14bdb071f55c7b		2026-07-14 09:47:24.071932	KhRG
352853dd99c35d82caad413151f2aaae		2026-07-14 09:59:27.059026	KhRG
93f7ae1456fee4ad8a3a007a6abec47b		2026-07-14 10:01:27.823897	KhRG
93f7ae1456fee4ad8a3a007a6abec47b		2026-07-14 10:07:27.055213	KhRG
93f7ae1456fee4ad8a3a007a6abec47b		2026-07-14 10:12:23.984818	KhRG
93f7ae1456fee4ad8a3a007a6abec47b		2026-07-14 10:13:13.609661	KhRG
93f7ae1456fee4ad8a3a007a6abec47b		2026-07-14 10:20:59.675789	KhRG
93f7ae1456fee4ad8a3a007a6abec47b		2026-07-14 10:25:39.088478	KhRG
93f7ae1456fee4ad8a3a007a6abec47b		2026-07-14 10:26:21.847980	KhRG
352853dd99c35d82caad413151f2aaae		2026-07-14 10:26:37.415638	KhRG
93f7ae1456fee4ad8a3a007a6abec47b		2026-07-14 10:30:27.500192	KhRG
93f7ae1456fee4ad8a3a007a6abec47b		2026-07-14 10:31:01.452881	KhRG
93f7ae1456fee4ad8a3a007a6abec47b		2026-07-14 10:31:07.219850	KhRG
93f7ae1456fee4ad8a3a007a6abec47b		2026-07-14 10:31:35.332730	KhRG
93f7ae1456fee4ad8a3a007a6abec47b		2026-07-14 10:31:55.093505	KhRG
93f7ae1456fee4ad8a3a007a6abec47b		2026-07-14 10:33:13.432945	KhRG
3182edb9fbad168c2e14bdb071f55c7b		2026-07-14 10:37:12.972001	KhRG
3182edb9fbad168c2e14bdb071f55c7b		2026-07-14 10:41:09.231366	KhRG
efabd73427558c38182f22daacafb18a		2026-07-14 10:43:11.203591	KhRG
efabd73427558c38182f22daacafb18a		2026-07-14 10:44:02.808957	KhRG
efabd73427558c38182f22daacafb18a		2026-07-14 10:45:31.588484	KhRG
3182edb9fbad168c2e14bdb071f55c7b		2026-07-14 10:50:20.134583	KhRG
93f7ae1456fee4ad8a3a007a6abec47b		2026-07-14 10:50:54.381379	KhRG
93f7ae1456fee4ad8a3a007a6abec47b		2026-07-14 10:52:53.010007	KhRG
3182edb9fbad168c2e14bdb071f55c7b		2026-07-14 10:54:33.698266	KhRG
93f7ae1456fee4ad8a3a007a6abec47b		2026-07-14 10:55:27.329611	KhRG
93f7ae1456fee4ad8a3a007a6abec47b		2026-07-14 10:55:46.802562	KhRG
352853dd99c35d82caad413151f2aaae		2026-07-14 10:56:11.528234	KhRG
352853dd99c35d82caad413151f2aaae		2026-07-14 10:57:31.033173	KhRG
352853dd99c35d82caad413151f2aaae		2026-07-14 10:58:56.318034	KhRG
93f7ae1456fee4ad8a3a007a6abec47b		2026-07-14 10:59:51.126084	KhRG
352853dd99c35d82caad413151f2aaae		2026-07-14 11:00:33.011139	KhRG
4290fa4965624e0ce5a1ef8b160f7566		2026-07-14 11:10:45.353710	KhRG
4290fa4965624e0ce5a1ef8b160f7566		2026-07-14 11:17:13.851219	KhRG
3182edb9fbad168c2e14bdb071f55c7b		2026-07-14 11:21:13.016759	KhRG
efabd73427558c38182f22daacafb18a		2026-07-14 11:22:21.914545	KhRG
fa5cabc198d97611c47ef3fdeb3615bf		2026-07-14 11:25:28.111176	KhRG
3182edb9fbad168c2e14bdb071f55c7b		2026-07-14 11:28:08.785925	KhRG
ba6d1a93f80371b95237c0fddc9f2a41		2026-07-14 11:29:19.021820	KhRG
3182edb9fbad168c2e14bdb071f55c7b		2026-07-14 11:30:05.698789	KhRG
fa5cabc198d97611c47ef3fdeb3615bf		2026-07-14 11:34:04.446364	KhRG
fa5cabc198d97611c47ef3fdeb3615bf		2026-07-14 11:36:21.295198	KhRG
3182edb9fbad168c2e14bdb071f55c7b		2026-07-14 11:36:22.867770	KhRG
3182edb9fbad168c2e14bdb071f55c7b		2026-07-14 11:38:02.736441	KhRG
3182edb9fbad168c2e14bdb071f55c7b		2026-07-14 11:41:41.062025	KhRG
3182edb9fbad168c2e14bdb071f55c7b		2026-07-14 11:42:12.416907	KhRG
3182edb9fbad168c2e14bdb071f55c7b		2026-07-14 11:42:35.307773	KhRG
4290fa4965624e0ce5a1ef8b160f7566		2026-07-14 11:43:06.420799	KhRG
ba6d1a93f80371b95237c0fddc9f2a41		2026-07-14 11:43:16.729047	KhRG
4290fa4965624e0ce5a1ef8b160f7566		2026-07-14 12:01:40.098928	KhRG
fa5cabc198d97611c47ef3fdeb3615bf		2026-07-14 12:05:43.671799	KhRG
ac77a81548ac57d675c2569d72bc9593		2026-07-14 12:06:05.325685	KhRG
93f7ae1456fee4ad8a3a007a6abec47b		2026-07-14 12:10:03.375545	KhRG
93f7ae1456fee4ad8a3a007a6abec47b		2026-07-14 12:16:33.930788	KhRG
93f7ae1456fee4ad8a3a007a6abec47b		2026-07-14 12:16:54.263828	KhRG
ac77a81548ac57d675c2569d72bc9593		2026-07-14 12:17:34.894729	KhRG
ba6d1a93f80371b95237c0fddc9f2a41		2026-07-14 12:18:37.584070	KhRG
c140a78e0fe80e8e27e8870474c5e68c		2026-07-14 12:24:24.002460	KhRG
4290fa4965624e0ce5a1ef8b160f7566		2026-07-14 12:26:16.991963	KhRG
93f7ae1456fee4ad8a3a007a6abec47b		2026-07-14 12:26:24.123513	KhRG
93f7ae1456fee4ad8a3a007a6abec47b		2026-07-14 12:26:38.834502	KhRG
93f7ae1456fee4ad8a3a007a6abec47b		2026-07-14 12:28:54.732432	KhRG
93f7ae1456fee4ad8a3a007a6abec47b		2026-07-14 12:29:49.928916	KhRG
93f7ae1456fee4ad8a3a007a6abec47b		2026-07-14 12:30:12.189055	KhRG
93f7ae1456fee4ad8a3a007a6abec47b		2026-07-14 12:31:39.022242	KhRG
3182edb9fbad168c2e14bdb071f55c7b		2026-07-14 12:32:17.239541	KhRG
fa5cabc198d97611c47ef3fdeb3615bf		2026-07-14 12:32:34.630323	KhRG
3182edb9fbad168c2e14bdb071f55c7b		2026-07-14 12:32:41.588717	KhRG
ac77a81548ac57d675c2569d72bc9593		2026-07-14 12:33:13.747372	KhRG
fa5cabc198d97611c47ef3fdeb3615bf		2026-07-14 12:34:25.419324	KhRG
4290fa4965624e0ce5a1ef8b160f7566		2026-07-14 12:34:45.371957	KhRG
ba6d1a93f80371b95237c0fddc9f2a41		2026-07-14 12:36:10.212182	KhRG
fa5cabc198d97611c47ef3fdeb3615bf		2026-07-14 12:41:50.778517	KhRG
ac77a81548ac57d675c2569d72bc9593		2026-07-14 12:42:30.523601	KhRG
ac77a81548ac57d675c2569d72bc9593		2026-07-14 12:42:54.558701	KhRG
ba6d1a93f80371b95237c0fddc9f2a41		2026-07-14 12:45:47.154545	KhRG
3e2ad549b15d324e273b81aef2baabe9		2026-07-14 12:47:06.308110	KhRG
ba6d1a93f80371b95237c0fddc9f2a41		2026-07-14 12:47:27.019058	KhRG
ba6d1a93f80371b95237c0fddc9f2a41		2026-07-14 12:48:15.177039	KhRG
93f7ae1456fee4ad8a3a007a6abec47b		2026-07-14 12:48:59.391905	KhRG
ba6d1a93f80371b95237c0fddc9f2a41		2026-07-14 12:49:33.815689	KhRG
7b2abbf8ede5ade8acf73ce1570b9075		2026-07-14 12:54:48.239108	KhRG
7b2abbf8ede5ade8acf73ce1570b9075		2026-07-14 12:55:44.643449	KhRG
7b2abbf8ede5ade8acf73ce1570b9075		2026-07-14 12:56:37.414528	KhRG
7b2abbf8ede5ade8acf73ce1570b9075		2026-07-14 12:57:26.541737	KhRG
7b2abbf8ede5ade8acf73ce1570b9075		2026-07-14 12:58:17.664819	KhRG
3e2ad549b15d324e273b81aef2baabe9		2026-07-14 13:03:39.131997	KhRG
4290fa4965624e0ce5a1ef8b160f7566		2026-07-14 13:04:59.914483	KhRG
aaf16c0ea249e6b2ed0b476178258e2b		2026-07-14 13:08:21.308219	KhRG
4290fa4965624e0ce5a1ef8b160f7566		2026-07-14 13:11:43.998998	KhRG
aaf16c0ea249e6b2ed0b476178258e2b		2026-07-14 13:14:26.011092	KhRG
c140a78e0fe80e8e27e8870474c5e68c		2026-07-14 13:21:23.197261	KhRG
fa5cabc198d97611c47ef3fdeb3615bf		2026-07-14 13:24:47.408000	KhRG
fa5cabc198d97611c47ef3fdeb3615bf		2026-07-14 13:27:10.136779	KhRG
ac77a81548ac57d675c2569d72bc9593		2026-07-14 13:28:56.470314	KhRG
93f7ae1456fee4ad8a3a007a6abec47b		2026-07-14 13:29:11.820912	KhRG
ac77a81548ac57d675c2569d72bc9593		2026-07-14 13:29:39.774687	KhRG
93f7ae1456fee4ad8a3a007a6abec47b		2026-07-14 13:29:57.166438	KhRG
ac77a81548ac57d675c2569d72bc9593		2026-07-14 13:30:20.379963	KhRG
ac77a81548ac57d675c2569d72bc9593		2026-07-14 13:30:51.745453	KhRG
fa5cabc198d97611c47ef3fdeb3615bf		2026-07-14 13:30:58.684892	KhRG
ac77a81548ac57d675c2569d72bc9593		2026-07-14 13:31:21.357487	KhRG
93f7ae1456fee4ad8a3a007a6abec47b		2026-07-14 13:33:17.825736	KhRG
93f7ae1456fee4ad8a3a007a6abec47b		2026-07-14 13:36:26.154772	KhRG
fa5cabc198d97611c47ef3fdeb3615bf		2026-07-14 13:36:53.592483	KhRG
ba6d1a93f80371b95237c0fddc9f2a41		2026-07-14 13:40:22.506746	KhRG
fa5cabc198d97611c47ef3fdeb3615bf		2026-07-14 13:41:09.055381	KhRG
ac77a81548ac57d675c2569d72bc9593		2026-07-14 13:48:35.987555	KhRG
ac77a81548ac57d675c2569d72bc9593		2026-07-14 13:48:58.048554	KhRG
ac77a81548ac57d675c2569d72bc9593		2026-07-14 13:56:49.978491	KhRG
ac77a81548ac57d675c2569d72bc9593		2026-07-14 13:57:21.080929	KhRG
ac77a81548ac57d675c2569d72bc9593		2026-07-14 13:57:40.890662	KhRG
ac77a81548ac57d675c2569d72bc9593		2026-07-14 13:58:31.443594	KhRG
ac77a81548ac57d675c2569d72bc9593		2026-07-14 13:59:17.246916	KhRG
ac77a81548ac57d675c2569d72bc9593		2026-07-14 13:59:40.607565	KhRG
93f7ae1456fee4ad8a3a007a6abec47b		2026-07-14 14:01:25.745870	KhRG
93f7ae1456fee4ad8a3a007a6abec47b		2026-07-14 14:02:14.554393	KhRG
93f7ae1456fee4ad8a3a007a6abec47b		2026-07-14 14:03:39.309826	KhRG
ebb7c4269ac1c91da9d699a6332066bf		2026-07-14 14:06:01.024942	KhRG
ebb7c4269ac1c91da9d699a6332066bf		2026-07-14 14:07:36.634018	KhRG
ebb7c4269ac1c91da9d699a6332066bf		2026-07-14 14:08:00.526537	KhRG
ebb7c4269ac1c91da9d699a6332066bf		2026-07-14 14:08:34.811707	KhRG
ebb7c4269ac1c91da9d699a6332066bf		2026-07-14 14:08:39.821983	KhRG
ebb7c4269ac1c91da9d699a6332066bf		2026-07-14 14:08:45.528904	KhRG
ebb7c4269ac1c91da9d699a6332066bf		2026-07-14 14:08:51.413824	KhRG
ebb7c4269ac1c91da9d699a6332066bf		2026-07-14 14:08:56.963128	KhRG
ebb7c4269ac1c91da9d699a6332066bf		2026-07-14 14:09:11.013404	KhRG
ebb7c4269ac1c91da9d699a6332066bf		2026-07-14 14:09:57.323351	KhRG
ebb7c4269ac1c91da9d699a6332066bf		2026-07-14 14:10:25.411304	KhRG
93f7ae1456fee4ad8a3a007a6abec47b		2026-07-14 14:13:30.332774	KhRG
fa5cabc198d97611c47ef3fdeb3615bf		2026-07-14 14:17:01.270555	KhRG
ebb7c4269ac1c91da9d699a6332066bf		2026-07-14 14:17:03.134241	KhRG
ebb7c4269ac1c91da9d699a6332066bf		2026-07-14 14:20:12.308096	KhRG
93f7ae1456fee4ad8a3a007a6abec47b		2026-07-14 14:20:47.153086	KhRG
ebb7c4269ac1c91da9d699a6332066bf		2026-07-14 14:21:18.491027	KhRG
ebb7c4269ac1c91da9d699a6332066bf		2026-07-14 14:24:37.763975	KhRG
ebb7c4269ac1c91da9d699a6332066bf		2026-07-14 14:25:26.016683	KhRG
ebb7c4269ac1c91da9d699a6332066bf		2026-07-14 14:26:08.977255	KhRG
fa5cabc198d97611c47ef3fdeb3615bf		2026-07-14 14:26:11.808391	KhRG
ebb7c4269ac1c91da9d699a6332066bf		2026-07-14 14:26:15.048045	KhRG
ebb7c4269ac1c91da9d699a6332066bf		2026-07-14 14:26:20.388706	KhRG
ebb7c4269ac1c91da9d699a6332066bf		2026-07-14 14:26:25.209440	KhRG
ebb7c4269ac1c91da9d699a6332066bf		2026-07-14 14:26:30.480197	KhRG
ebb7c4269ac1c91da9d699a6332066bf		2026-07-14 14:27:19.826970	KhRG
fa5cabc198d97611c47ef3fdeb3615bf		2026-07-14 14:34:16.590057	KhRG
c140a78e0fe80e8e27e8870474c5e68c		2026-07-14 14:41:59.807949	KhRG
c140a78e0fe80e8e27e8870474c5e68c		2026-07-14 14:43:35.231471	KhRG
c140a78e0fe80e8e27e8870474c5e68c		2026-07-14 14:47:09.840327	KhRG
93f7ae1456fee4ad8a3a007a6abec47b		2026-07-14 14:52:58.619299	KhRG
4290fa4965624e0ce5a1ef8b160f7566		2026-07-14 15:00:09.709605	KhRG
93f7ae1456fee4ad8a3a007a6abec47b		2026-07-14 15:01:39.241792	KhRG
4290fa4965624e0ce5a1ef8b160f7566		2026-07-14 15:08:42.127299	KhRG
4290fa4965624e0ce5a1ef8b160f7566		2026-07-14 15:10:19.872396	KhRG
4290fa4965624e0ce5a1ef8b160f7566		2026-07-14 15:10:34.874374	KhRG
93f7ae1456fee4ad8a3a007a6abec47b		2026-07-14 15:12:57.541525	KhRG
c55d7f8e991e37560d7b5e0d06bf3939		2026-07-14 15:13:44.677585	KhRG
c447d6c6d4a67cf420d476c92887584a		2026-07-14 15:14:22.542863	KhRG
c55d7f8e991e37560d7b5e0d06bf3939		2026-07-14 15:16:55.673770	KhRG
c447d6c6d4a67cf420d476c92887584a		2026-07-14 15:17:12.381618	KhRG
93f7ae1456fee4ad8a3a007a6abec47b		2026-07-14 15:20:56.255185	KhRG
93f7ae1456fee4ad8a3a007a6abec47b		2026-07-14 15:21:30.124899	KhRG
93f7ae1456fee4ad8a3a007a6abec47b		2026-07-14 15:22:09.377579	KhRG
93f7ae1456fee4ad8a3a007a6abec47b		2026-07-14 15:22:22.565609	KhRG
93f7ae1456fee4ad8a3a007a6abec47b		2026-07-14 15:22:51.104191	KhRG
c447d6c6d4a67cf420d476c92887584a		2026-07-14 15:23:54.706095	KhRG
93f7ae1456fee4ad8a3a007a6abec47b		2026-07-14 15:24:01.404646	KhRG
c447d6c6d4a67cf420d476c92887584a		2026-07-14 15:25:48.937066	KhRG
93f7ae1456fee4ad8a3a007a6abec47b		2026-07-14 15:33:23.523172	KhRG
c447d6c6d4a67cf420d476c92887584a		2026-07-14 15:35:52.572895	KhRG
93f7ae1456fee4ad8a3a007a6abec47b		2026-07-14 15:37:16.580020	KhRG
93f7ae1456fee4ad8a3a007a6abec47b		2026-07-14 15:46:53.450620	KhRG
93f7ae1456fee4ad8a3a007a6abec47b		2026-07-14 15:47:34.967672	KhRG
93f7ae1456fee4ad8a3a007a6abec47b		2026-07-14 15:47:53.918435	KhRG
b903728f1badaa76dd11464b054a0c3b		2026-07-14 16:07:30.966992	KhRG
ba6d1a93f80371b95237c0fddc9f2a41		2026-07-14 16:16:26.396166	KhRG
ba6d1a93f80371b95237c0fddc9f2a41		2026-07-14 16:17:18.012146	KhRG
ba6d1a93f80371b95237c0fddc9f2a41		2026-07-14 16:18:18.846615	KhRG
ba6d1a93f80371b95237c0fddc9f2a41		2026-07-14 16:24:28.347088	KhRG
ba6d1a93f80371b95237c0fddc9f2a41		2026-07-14 16:25:39.690364	KhRG
ba6d1a93f80371b95237c0fddc9f2a41		2026-07-14 16:27:06.024033	KhRG
ba6d1a93f80371b95237c0fddc9f2a41		2026-07-14 16:29:14.097499	KhRG
ba6d1a93f80371b95237c0fddc9f2a41		2026-07-14 16:29:28.395272	KhRG
ba6d1a93f80371b95237c0fddc9f2a41		2026-07-14 16:29:58.077710	KhRG
ba6d1a93f80371b95237c0fddc9f2a41		2026-07-14 16:32:17.220685	KhRG
ba6d1a93f80371b95237c0fddc9f2a41		2026-07-14 16:34:55.562845	KhRG
ba6d1a93f80371b95237c0fddc9f2a41		2026-07-14 16:36:56.189774	KhRG
b3e9f4c03c7b48e16a9c7ee86f6b689d		2026-07-14 16:37:16.277622	KhRG
ba6d1a93f80371b95237c0fddc9f2a41		2026-07-14 16:37:32.741088	KhRG
b3e9f4c03c7b48e16a9c7ee86f6b689d		2026-07-14 16:39:33.006411	KhRG
20ba4542a73e7d02e07ce18abdb90c25		2026-07-14 16:41:16.897285	KhRG
ba6d1a93f80371b95237c0fddc9f2a41		2026-07-14 16:42:29.796520	KhRG
20ba4542a73e7d02e07ce18abdb90c25		2026-07-14 16:43:10.526171	KhRG
ba6d1a93f80371b95237c0fddc9f2a41		2026-07-14 16:43:12.340721	KhRG
20ba4542a73e7d02e07ce18abdb90c25		2026-07-14 16:43:34.636295	KhRG
20ba4542a73e7d02e07ce18abdb90c25		2026-07-14 16:43:52.108160	KhRG
20ba4542a73e7d02e07ce18abdb90c25		2026-07-14 16:47:18.668810	KhRG
20ba4542a73e7d02e07ce18abdb90c25		2026-07-14 16:53:32.866086	KhRG
20ba4542a73e7d02e07ce18abdb90c25		2026-07-14 16:53:47.615485	KhRG
ba6d1a93f80371b95237c0fddc9f2a41		2026-07-14 17:00:21.989495	KhRG
20ba4542a73e7d02e07ce18abdb90c25		2026-07-14 17:00:55.372340	KhRG
c55d7f8e991e37560d7b5e0d06bf3939		2026-07-14 17:01:16.465980	KhRG
ba6d1a93f80371b95237c0fddc9f2a41		2026-07-14 17:03:00.107557	KhRG
ba6d1a93f80371b95237c0fddc9f2a41		2026-07-14 17:03:47.877772	KhRG
ba6d1a93f80371b95237c0fddc9f2a41		2026-07-14 17:04:14.797295	KhRG
d33d5bbc1e01ccd276c5442af3300152		2026-07-14 17:05:15.361488	KhRG
ba6d1a93f80371b95237c0fddc9f2a41		2026-07-14 17:05:37.720985	KhRG
e12f75635bd262dad1059e9bb1881fdf		2026-07-14 17:06:57.311016	KhRG
ba6d1a93f80371b95237c0fddc9f2a41		2026-07-14 17:07:54.140047	KhRG
20ba4542a73e7d02e07ce18abdb90c25		2026-07-14 17:08:24.713770	KhRG
c55d7f8e991e37560d7b5e0d06bf3939		2026-07-14 17:09:17.508273	KhRG
d33d5bbc1e01ccd276c5442af3300152		2026-07-14 17:09:26.161060	KhRG
e12f75635bd262dad1059e9bb1881fdf		2026-07-14 17:09:58.473492	KhRG
3e2ad549b15d324e273b81aef2baabe9		2026-07-14 17:11:44.503158	KhRG
3e2ad549b15d324e273b81aef2baabe9		2026-07-14 17:12:36.394556	KhRG
20ba4542a73e7d02e07ce18abdb90c25		2026-07-14 17:14:55.874798	KhRG
20ba4542a73e7d02e07ce18abdb90c25		2026-07-14 17:15:16.838224	KhRG
d33d5bbc1e01ccd276c5442af3300152		2026-07-14 17:15:33.205434	KhRG
20ba4542a73e7d02e07ce18abdb90c25		2026-07-14 17:15:36.649854	KhRG
d33d5bbc1e01ccd276c5442af3300152		2026-07-14 17:15:39.455302	KhRG
20ba4542a73e7d02e07ce18abdb90c25		2026-07-14 17:15:50.185469	KhRG
20ba4542a73e7d02e07ce18abdb90c25		2026-07-14 17:17:00.440206	KhRG
20ba4542a73e7d02e07ce18abdb90c25		2026-07-14 17:21:18.250549	KhRG
d33d5bbc1e01ccd276c5442af3300152		2026-07-14 17:21:21.660272	KhRG
20ba4542a73e7d02e07ce18abdb90c25		2026-07-14 17:22:30.373362	KhRG
20ba4542a73e7d02e07ce18abdb90c25		2026-07-14 17:23:04.333256	KhRG
d33d5bbc1e01ccd276c5442af3300152		2026-07-14 17:23:45.290011	KhRG
b903728f1badaa76dd11464b054a0c3b		2026-07-14 17:59:46.210263	KhRG
3e2ad549b15d324e273b81aef2baabe9		2026-07-14 17:24:15.614499	KhRG
20ba4542a73e7d02e07ce18abdb90c25		2026-07-14 17:24:48.418387	KhRG
20ba4542a73e7d02e07ce18abdb90c25		2026-07-14 17:28:15.345359	KhRG
d33d5bbc1e01ccd276c5442af3300152		2026-07-14 17:29:48.902561	KhRG
d33d5bbc1e01ccd276c5442af3300152		2026-07-14 17:31:14.734167	KhRG
d33d5bbc1e01ccd276c5442af3300152		2026-07-14 17:32:00.147114	KhRG
20ba4542a73e7d02e07ce18abdb90c25		2026-07-14 17:33:18.603791	KhRG
20ba4542a73e7d02e07ce18abdb90c25		2026-07-14 17:37:54.878082	KhRG
20ba4542a73e7d02e07ce18abdb90c25		2026-07-14 17:45:06.911144	KhRG
20ba4542a73e7d02e07ce18abdb90c25		2026-07-14 17:45:49.220883	KhRG
d33d5bbc1e01ccd276c5442af3300152		2026-07-14 17:49:10.601369	KhRG
d33d5bbc1e01ccd276c5442af3300152		2026-07-14 17:49:35.622987	KhRG
20ba4542a73e7d02e07ce18abdb90c25		2026-07-14 17:50:26.842231	KhRG
d33d5bbc1e01ccd276c5442af3300152		2026-07-14 17:50:34.786808	KhRG
d33d5bbc1e01ccd276c5442af3300152		2026-07-14 17:55:12.004531	KhRG
b903728f1badaa76dd11464b054a0c3b		2026-07-14 17:57:06.301345	KhRG
20ba4542a73e7d02e07ce18abdb90c25		2026-07-14 17:57:40.983164	KhRG
20ba4542a73e7d02e07ce18abdb90c25		2026-07-14 17:58:15.386395	KhRG
20ba4542a73e7d02e07ce18abdb90c25		2026-07-14 17:58:56.021578	KhRG
be082045417881d6fc31a3c25910e2f5		2026-07-20 10:15:27.557648	KhRG
20ba4542a73e7d02e07ce18abdb90c25		2026-07-14 18:00:46.883821	KhRG
20ba4542a73e7d02e07ce18abdb90c25		2026-07-14 18:01:26.545702	KhRG
d33d5bbc1e01ccd276c5442af3300152		2026-07-14 18:02:48.438135	KhRG
d33d5bbc1e01ccd276c5442af3300152		2026-07-14 18:05:55.334072	KhRG
d33d5bbc1e01ccd276c5442af3300152		2026-07-14 18:06:29.141354	KhRG
d33d5bbc1e01ccd276c5442af3300152		2026-07-14 18:07:33.659147	KhRG
d33d5bbc1e01ccd276c5442af3300152		2026-07-14 18:08:52.216710	KhRG
d33d5bbc1e01ccd276c5442af3300152		2026-07-14 18:10:12.741941	KhRG
d33d5bbc1e01ccd276c5442af3300152		2026-07-14 18:13:36.915769	KhRG
5d250312e7c12bf3ba65b3c0319c0608		2026-07-14 18:23:08.098472	KhRG
b58c9a35c3e0920f9f6ba42ae58e9546		2026-07-14 19:10:38.612645	KhRG
b58c9a35c3e0920f9f6ba42ae58e9546		2026-07-14 19:11:38.111055	KhRG
4290fa4965624e0ce5a1ef8b160f7566		2026-07-14 19:17:28.535339	KhRG
4290fa4965624e0ce5a1ef8b160f7566		2026-07-14 19:35:32.954955	KhRG
4290fa4965624e0ce5a1ef8b160f7566		2026-07-14 19:36:21.292402	KhRG
4290fa4965624e0ce5a1ef8b160f7566		2026-07-14 19:37:04.614209	KhRG
4290fa4965624e0ce5a1ef8b160f7566		2026-07-14 19:42:36.892256	KhRG
4290fa4965624e0ce5a1ef8b160f7566		2026-07-14 19:44:08.349682	KhRG
4290fa4965624e0ce5a1ef8b160f7566		2026-07-14 19:52:57.295739	KhRG
e12f75635bd262dad1059e9bb1881fdf		2026-07-14 20:38:35.066320	KhRG
e12f75635bd262dad1059e9bb1881fdf		2026-07-14 20:40:26.000320	KhRG
be082045417881d6fc31a3c25910e2f5		2026-07-20 10:17:04.778670	KhRG
e12f75635bd262dad1059e9bb1881fdf		2026-07-14 20:42:03.538999	KhRG
e12f75635bd262dad1059e9bb1881fdf		2026-07-14 20:43:34.717974	KhRG
e12f75635bd262dad1059e9bb1881fdf		2026-07-14 20:45:03.102576	KhRG
09d3bf2d8b3986c0308515723aef8d61		2026-07-15 01:26:00.420541	KhRG
093fababbaa1823f3fcf712af30b0183		2026-07-15 01:56:45.992349	KhRG
093fababbaa1823f3fcf712af30b0183		2026-07-15 01:59:30.966776	KhRG
093fababbaa1823f3fcf712af30b0183		2026-07-15 02:04:14.025362	KhRG
093fababbaa1823f3fcf712af30b0183		2026-07-15 02:05:57.768478	KhRG
093fababbaa1823f3fcf712af30b0183		2026-07-15 02:08:30.456009	KhRG
093fababbaa1823f3fcf712af30b0183		2026-07-15 02:12:03.046790	KhRG
093fababbaa1823f3fcf712af30b0183		2026-07-15 02:14:55.921230	KhRG
b58c9a35c3e0920f9f6ba42ae58e9546		2026-07-15 03:46:37.214202	KhRG
b58c9a35c3e0920f9f6ba42ae58e9546		2026-07-15 03:48:19.718106	KhRG
b58c9a35c3e0920f9f6ba42ae58e9546		2026-07-15 04:09:28.434374	KhRG
b58c9a35c3e0920f9f6ba42ae58e9546		2026-07-15 04:10:01.048712	KhRG
b58c9a35c3e0920f9f6ba42ae58e9546		2026-07-15 04:12:08.303277	KhRG
b58c9a35c3e0920f9f6ba42ae58e9546		2026-07-15 04:12:15.899228	KhRG
b58c9a35c3e0920f9f6ba42ae58e9546		2026-07-15 04:12:21.250111	KhRG
b58c9a35c3e0920f9f6ba42ae58e9546		2026-07-15 04:13:44.242737	KhRG
a688763a3bd436a92a3cd13719539d55		2026-07-20 19:18:35.449916	KhRG
b58c9a35c3e0920f9f6ba42ae58e9546		2026-07-15 04:14:47.464028	KhRG
b58c9a35c3e0920f9f6ba42ae58e9546		2026-07-15 04:15:15.745065	KhRG
3182edb9fbad168c2e14bdb071f55c7b		2026-07-15 05:09:26.634697	KhRG
3182edb9fbad168c2e14bdb071f55c7b		2026-07-15 05:10:04.518631	KhRG
3182edb9fbad168c2e14bdb071f55c7b		2026-07-15 05:12:58.216850	KhRG
3182edb9fbad168c2e14bdb071f55c7b		2026-07-15 05:14:24.137392	KhRG
3182edb9fbad168c2e14bdb071f55c7b		2026-07-15 05:20:08.173979	KhRG
3182edb9fbad168c2e14bdb071f55c7b		2026-07-15 05:29:34.501108	KhRG
efabd73427558c38182f22daacafb18a		2026-07-15 05:31:20.582608	KhRG
3182edb9fbad168c2e14bdb071f55c7b		2026-07-15 05:33:19.237517	KhRG
3182edb9fbad168c2e14bdb071f55c7b		2026-07-15 05:35:42.975168	KhRG
3182edb9fbad168c2e14bdb071f55c7b		2026-07-15 05:36:39.652160	KhRG
3182edb9fbad168c2e14bdb071f55c7b		2026-07-15 05:36:45.292177	KhRG
3182edb9fbad168c2e14bdb071f55c7b		2026-07-15 05:40:11.870175	KhRG
efabd73427558c38182f22daacafb18a		2026-07-15 05:56:23.466721	KhRG
3182edb9fbad168c2e14bdb071f55c7b		2026-07-15 05:58:18.952874	KhRG
efabd73427558c38182f22daacafb18a		2026-07-15 06:18:46.486849	KhRG
3182edb9fbad168c2e14bdb071f55c7b		2026-07-15 06:19:56.060029	KhRG
bbd717bce069b1027bc055e2134fb6d3		2026-07-15 06:20:52.344901	KhRG
3e76d5cac2d3be42a324d52aca0fae21		2026-07-15 06:22:14.981555	KhRG
bbd717bce069b1027bc055e2134fb6d3		2026-07-15 06:22:17.586388	KhRG
3182edb9fbad168c2e14bdb071f55c7b		2026-07-15 06:22:24.030575	KhRG
bbd717bce069b1027bc055e2134fb6d3		2026-07-15 06:23:58.191218	KhRG
3e76d5cac2d3be42a324d52aca0fae21		2026-07-15 06:23:59.737384	KhRG
3e76d5cac2d3be42a324d52aca0fae21		2026-07-15 06:25:58.373152	KhRG
bbd717bce069b1027bc055e2134fb6d3		2026-07-15 06:26:51.936879	KhRG
3e76d5cac2d3be42a324d52aca0fae21		2026-07-15 06:28:32.224119	KhRG
3e76d5cac2d3be42a324d52aca0fae21		2026-07-15 06:30:46.111052	KhRG
3e76d5cac2d3be42a324d52aca0fae21		2026-07-15 06:31:42.323209	KhRG
3182edb9fbad168c2e14bdb071f55c7b		2026-07-15 06:33:06.879075	KhRG
3e76d5cac2d3be42a324d52aca0fae21		2026-07-15 06:34:31.098585	KhRG
3e76d5cac2d3be42a324d52aca0fae21		2026-07-15 06:37:39.485569	KhRG
3182edb9fbad168c2e14bdb071f55c7b		2026-07-15 06:39:52.752046	KhRG
3e76d5cac2d3be42a324d52aca0fae21		2026-07-15 06:41:17.070095	KhRG
bbd717bce069b1027bc055e2134fb6d3		2026-07-15 06:43:46.662756	KhRG
bbd717bce069b1027bc055e2134fb6d3		2026-07-15 06:43:56.115986	KhRG
3e76d5cac2d3be42a324d52aca0fae21		2026-07-15 06:44:37.513936	KhRG
3182edb9fbad168c2e14bdb071f55c7b		2026-07-15 06:45:25.793535	KhRG
3e76d5cac2d3be42a324d52aca0fae21		2026-07-15 06:47:38.932484	KhRG
3e76d5cac2d3be42a324d52aca0fae21		2026-07-15 06:49:20.492518	KhRG
efabd73427558c38182f22daacafb18a		2026-07-15 06:49:46.023038	KhRG
3182edb9fbad168c2e14bdb071f55c7b		2026-07-15 06:51:01.424624	KhRG
3182edb9fbad168c2e14bdb071f55c7b		2026-07-15 06:51:08.113401	KhRG
3e76d5cac2d3be42a324d52aca0fae21		2026-07-15 06:51:09.921385	KhRG
3182edb9fbad168c2e14bdb071f55c7b		2026-07-15 06:51:14.559778	KhRG
3182edb9fbad168c2e14bdb071f55c7b		2026-07-15 06:51:20.478239	KhRG
3182edb9fbad168c2e14bdb071f55c7b		2026-07-15 06:51:26.686685	KhRG
3e76d5cac2d3be42a324d52aca0fae21		2026-07-15 06:51:26.829782	KhRG
3182edb9fbad168c2e14bdb071f55c7b		2026-07-15 06:51:32.382815	KhRG
3e76d5cac2d3be42a324d52aca0fae21		2026-07-15 06:51:37.889949	KhRG
3182edb9fbad168c2e14bdb071f55c7b		2026-07-15 06:51:38.075192	KhRG
3182edb9fbad168c2e14bdb071f55c7b		2026-07-15 06:52:12.243064	KhRG
3182edb9fbad168c2e14bdb071f55c7b		2026-07-15 06:54:33.425798	KhRG
3e76d5cac2d3be42a324d52aca0fae21		2026-07-15 06:56:08.974511	KhRG
3e76d5cac2d3be42a324d52aca0fae21		2026-07-15 06:57:31.104080	KhRG
3e76d5cac2d3be42a324d52aca0fae21		2026-07-15 06:57:50.314030	KhRG
bbd717bce069b1027bc055e2134fb6d3		2026-07-15 07:06:04.085526	KhRG
bbd717bce069b1027bc055e2134fb6d3		2026-07-15 07:08:46.480438	KhRG
3e76d5cac2d3be42a324d52aca0fae21		2026-07-15 07:10:46.217192	KhRG
bbd717bce069b1027bc055e2134fb6d3		2026-07-15 07:13:08.705772	KhRG
3e76d5cac2d3be42a324d52aca0fae21		2026-07-15 07:14:33.686549	KhRG
3e76d5cac2d3be42a324d52aca0fae21		2026-07-15 07:22:58.120547	KhRG
3e76d5cac2d3be42a324d52aca0fae21		2026-07-15 07:24:16.615529	KhRG
3e76d5cac2d3be42a324d52aca0fae21		2026-07-15 07:25:28.806899	KhRG
a688763a3bd436a92a3cd13719539d55		2026-07-21 14:43:10.042461	KhRG
3e76d5cac2d3be42a324d52aca0fae21		2026-07-15 07:33:44.418358	KhRG
3e76d5cac2d3be42a324d52aca0fae21		2026-07-15 07:34:53.355803	KhRG
3e76d5cac2d3be42a324d52aca0fae21		2026-07-15 07:35:38.921979	KhRG
3e76d5cac2d3be42a324d52aca0fae21		2026-07-15 07:37:12.586047	KhRG
3e76d5cac2d3be42a324d52aca0fae21		2026-07-15 07:38:09.471974	KhRG
3e76d5cac2d3be42a324d52aca0fae21		2026-07-15 07:42:04.380349	KhRG
3e2ad549b15d324e273b81aef2baabe9		2026-07-15 07:48:17.235371	KhRG
3e2ad549b15d324e273b81aef2baabe9		2026-07-15 07:49:05.054316	KhRG
3e2ad549b15d324e273b81aef2baabe9		2026-07-15 07:50:47.424538	KhRG
3182edb9fbad168c2e14bdb071f55c7b		2026-07-15 07:51:29.573636	KhRG
3182edb9fbad168c2e14bdb071f55c7b		2026-07-15 07:55:47.198105	KhRG
3182edb9fbad168c2e14bdb071f55c7b		2026-07-15 07:55:52.596402	KhRG
3182edb9fbad168c2e14bdb071f55c7b		2026-07-15 07:55:58.088101	KhRG
3182edb9fbad168c2e14bdb071f55c7b		2026-07-15 07:56:03.542401	KhRG
3182edb9fbad168c2e14bdb071f55c7b		2026-07-15 07:56:09.377854	KhRG
3182edb9fbad168c2e14bdb071f55c7b		2026-07-15 07:56:14.879805	KhRG
3182edb9fbad168c2e14bdb071f55c7b		2026-07-15 07:56:19.829737	KhRG
3182edb9fbad168c2e14bdb071f55c7b		2026-07-15 07:56:25.051112	KhRG
3182edb9fbad168c2e14bdb071f55c7b		2026-07-15 07:56:29.751844	KhRG
93f7ae1456fee4ad8a3a007a6abec47b		2026-07-22 07:22:35.662981	KhRG
3182edb9fbad168c2e14bdb071f55c7b		2026-07-15 07:58:43.252968	KhRG
efabd73427558c38182f22daacafb18a		2026-07-15 08:01:58.870250	KhRG
3182edb9fbad168c2e14bdb071f55c7b		2026-07-15 08:02:55.861046	KhRG
5819b55690a1404d2c2985813b0d4bfe		2026-07-15 08:11:06.652320	KhRG
3182edb9fbad168c2e14bdb071f55c7b		2026-07-15 08:19:43.578416	KhRG
3182edb9fbad168c2e14bdb071f55c7b		2026-07-15 08:21:12.161686	KhRG
3182edb9fbad168c2e14bdb071f55c7b		2026-07-15 08:22:19.982269	KhRG
3182edb9fbad168c2e14bdb071f55c7b		2026-07-15 08:23:59.149084	KhRG
3182edb9fbad168c2e14bdb071f55c7b		2026-07-15 08:24:16.744536	KhRG
3182edb9fbad168c2e14bdb071f55c7b		2026-07-15 08:24:57.197531	KhRG
efabd73427558c38182f22daacafb18a		2026-07-15 08:25:09.963968	KhRG
3182edb9fbad168c2e14bdb071f55c7b		2026-07-15 08:25:35.773652	KhRG
3182edb9fbad168c2e14bdb071f55c7b		2026-07-15 08:26:22.470409	KhRG
3182edb9fbad168c2e14bdb071f55c7b		2026-07-15 08:26:35.920489	KhRG
3182edb9fbad168c2e14bdb071f55c7b		2026-07-15 08:26:41.015929	KhRG
3182edb9fbad168c2e14bdb071f55c7b		2026-07-15 08:27:44.029721	KhRG
5819b55690a1404d2c2985813b0d4bfe		2026-07-15 08:29:59.328881	KhRG
bbd717bce069b1027bc055e2134fb6d3		2026-07-15 08:30:46.400375	KhRG
86438625037ce76d1ad3958131f4d170		2026-07-15 08:31:21.844633	KhRG
86438625037ce76d1ad3958131f4d170		2026-07-15 08:34:24.616065	KhRG
c140a78e0fe80e8e27e8870474c5e68c		2026-07-15 08:35:12.255835	KhRG
c140a78e0fe80e8e27e8870474c5e68c		2026-07-15 08:35:51.051222	KhRG
c140a78e0fe80e8e27e8870474c5e68c		2026-07-15 08:36:30.795147	KhRG
86438625037ce76d1ad3958131f4d170		2026-07-15 08:36:48.310452	KhRG
86438625037ce76d1ad3958131f4d170		2026-07-15 08:37:32.119607	KhRG
86438625037ce76d1ad3958131f4d170		2026-07-15 08:40:58.256093	KhRG
86438625037ce76d1ad3958131f4d170		2026-07-15 08:41:36.119383	KhRG
3182edb9fbad168c2e14bdb071f55c7b		2026-07-15 08:46:36.690425	KhRG
3182edb9fbad168c2e14bdb071f55c7b		2026-07-15 08:46:52.914473	KhRG
93f7ae1456fee4ad8a3a007a6abec47b		2026-07-15 09:10:11.973150	KhRG
93f7ae1456fee4ad8a3a007a6abec47b		2026-07-15 09:18:29.099363	KhRG
93f7ae1456fee4ad8a3a007a6abec47b		2026-07-15 09:18:35.359041	KhRG
93f7ae1456fee4ad8a3a007a6abec47b		2026-07-15 09:18:40.275821	KhRG
93f7ae1456fee4ad8a3a007a6abec47b		2026-07-15 09:18:48.270774	KhRG
93f7ae1456fee4ad8a3a007a6abec47b		2026-07-15 09:18:53.131817	KhRG
93f7ae1456fee4ad8a3a007a6abec47b		2026-07-15 09:18:58.898765	KhRG
93f7ae1456fee4ad8a3a007a6abec47b		2026-07-15 09:19:04.329835	KhRG
93f7ae1456fee4ad8a3a007a6abec47b		2026-07-15 09:19:24.351211	KhRG
93f7ae1456fee4ad8a3a007a6abec47b		2026-07-15 09:19:31.522646	KhRG
93f7ae1456fee4ad8a3a007a6abec47b		2026-07-22 07:23:58.176543	KhRG
ebb7c4269ac1c91da9d699a6332066bf		2026-07-15 09:21:18.883394	KhRG
93f7ae1456fee4ad8a3a007a6abec47b		2026-07-15 09:23:41.830976	KhRG
b137f3864e4986f57708ce134e573dae		2026-07-15 09:36:47.939727	KhRG
93f7ae1456fee4ad8a3a007a6abec47b		2026-07-15 09:42:54.685036	KhRG
93f7ae1456fee4ad8a3a007a6abec47b		2026-07-15 09:43:16.886088	KhRG
93f7ae1456fee4ad8a3a007a6abec47b		2026-07-15 09:52:38.954946	KhRG
93f7ae1456fee4ad8a3a007a6abec47b		2026-07-15 09:52:44.460029	KhRG
93f7ae1456fee4ad8a3a007a6abec47b		2026-07-15 09:52:48.982323	KhRG
3182edb9fbad168c2e14bdb071f55c7b		2026-07-15 09:58:31.372274	KhRG
93f7ae1456fee4ad8a3a007a6abec47b		2026-07-15 10:02:56.414329	KhRG
93f7ae1456fee4ad8a3a007a6abec47b		2026-07-15 10:03:02.071772	KhRG
93f7ae1456fee4ad8a3a007a6abec47b		2026-07-15 10:03:31.606353	KhRG
93f7ae1456fee4ad8a3a007a6abec47b		2026-07-15 10:03:36.728287	KhRG
3182edb9fbad168c2e14bdb071f55c7b		2026-07-15 10:06:32.812955	KhRG
93f7ae1456fee4ad8a3a007a6abec47b		2026-07-15 10:06:56.484707	KhRG
3182edb9fbad168c2e14bdb071f55c7b		2026-07-15 10:07:12.303264	KhRG
3182edb9fbad168c2e14bdb071f55c7b		2026-07-15 10:07:25.707039	KhRG
3182edb9fbad168c2e14bdb071f55c7b		2026-07-15 10:07:32.143083	KhRG
3182edb9fbad168c2e14bdb071f55c7b		2026-07-15 10:07:40.335064	KhRG
93f7ae1456fee4ad8a3a007a6abec47b		2026-07-22 07:24:03.754020	KhRG
3182edb9fbad168c2e14bdb071f55c7b		2026-07-15 10:07:47.508644	KhRG
3182edb9fbad168c2e14bdb071f55c7b		2026-07-15 10:07:53.072426	KhRG
3182edb9fbad168c2e14bdb071f55c7b		2026-07-15 10:08:01.573804	KhRG
3182edb9fbad168c2e14bdb071f55c7b		2026-07-15 10:08:10.251337	KhRG
93f7ae1456fee4ad8a3a007a6abec47b		2026-07-15 10:11:00.695230	KhRG
93f7ae1456fee4ad8a3a007a6abec47b		2026-07-15 10:11:23.546337	KhRG
3182edb9fbad168c2e14bdb071f55c7b		2026-07-15 10:16:38.255096	KhRG
3182edb9fbad168c2e14bdb071f55c7b		2026-07-15 10:24:28.207395	KhRG
3182edb9fbad168c2e14bdb071f55c7b		2026-07-15 10:24:33.674764	KhRG
3182edb9fbad168c2e14bdb071f55c7b		2026-07-15 10:24:39.106822	KhRG
3182edb9fbad168c2e14bdb071f55c7b		2026-07-15 10:24:44.073144	KhRG
3182edb9fbad168c2e14bdb071f55c7b		2026-07-15 10:25:08.010369	KhRG
3182edb9fbad168c2e14bdb071f55c7b		2026-07-15 10:25:14.271807	KhRG
3182edb9fbad168c2e14bdb071f55c7b		2026-07-15 10:25:19.970301	KhRG
3182edb9fbad168c2e14bdb071f55c7b		2026-07-15 11:02:29.968668	KhRG
3182edb9fbad168c2e14bdb071f55c7b		2026-07-15 11:02:40.218486	KhRG
3182edb9fbad168c2e14bdb071f55c7b		2026-07-15 11:02:46.462333	KhRG
3182edb9fbad168c2e14bdb071f55c7b		2026-07-15 11:07:01.775422	KhRG
3e76d5cac2d3be42a324d52aca0fae21		2026-07-15 11:16:11.637040	KhRG
3e76d5cac2d3be42a324d52aca0fae21		2026-07-15 11:18:52.229289	KhRG
3e76d5cac2d3be42a324d52aca0fae21		2026-07-15 11:20:40.922944	KhRG
3e76d5cac2d3be42a324d52aca0fae21		2026-07-15 11:22:10.440449	KhRG
3e76d5cac2d3be42a324d52aca0fae21		2026-07-15 11:23:49.410054	KhRG
3e76d5cac2d3be42a324d52aca0fae21		2026-07-15 11:24:08.062290	KhRG
3e76d5cac2d3be42a324d52aca0fae21		2026-07-15 11:26:43.148639	KhRG
3e76d5cac2d3be42a324d52aca0fae21		2026-07-15 11:28:33.435964	KhRG
3e76d5cac2d3be42a324d52aca0fae21		2026-07-15 11:31:39.053057	KhRG
3e76d5cac2d3be42a324d52aca0fae21		2026-07-15 11:32:28.175381	KhRG
efabd73427558c38182f22daacafb18a		2026-07-15 11:46:24.542816	KhRG
093fababbaa1823f3fcf712af30b0183		2026-07-15 11:59:37.411754	KhRG
3e2ad549b15d324e273b81aef2baabe9		2026-07-15 12:35:35.319286	KhRG
3e2ad549b15d324e273b81aef2baabe9		2026-07-15 12:35:58.072358	KhRG
efabd73427558c38182f22daacafb18a		2026-07-15 12:50:09.774041	KhRG
efabd73427558c38182f22daacafb18a		2026-07-15 13:14:18.399542	KhRG
3e2ad549b15d324e273b81aef2baabe9		2026-07-15 13:27:47.541334	KhRG
4290fa4965624e0ce5a1ef8b160f7566		2026-07-15 13:32:31.507691	KhRG
4290fa4965624e0ce5a1ef8b160f7566		2026-07-15 13:35:48.459385	KhRG
4290fa4965624e0ce5a1ef8b160f7566		2026-07-15 13:50:29.593170	KhRG
3e76d5cac2d3be42a324d52aca0fae21		2026-07-15 13:56:40.732889	KhRG
3e76d5cac2d3be42a324d52aca0fae21		2026-07-15 13:57:16.207673	KhRG
efabd73427558c38182f22daacafb18a		2026-07-15 13:57:57.765765	KhRG
3e76d5cac2d3be42a324d52aca0fae21		2026-07-15 13:58:00.150693	KhRG
3e76d5cac2d3be42a324d52aca0fae21		2026-07-15 13:58:51.021075	KhRG
3e76d5cac2d3be42a324d52aca0fae21		2026-07-15 13:59:28.513775	KhRG
3e76d5cac2d3be42a324d52aca0fae21		2026-07-15 14:00:40.344888	KhRG
3e76d5cac2d3be42a324d52aca0fae21		2026-07-15 14:01:31.807175	KhRG
efabd73427558c38182f22daacafb18a		2026-07-15 14:02:22.303994	KhRG
3e76d5cac2d3be42a324d52aca0fae21		2026-07-15 14:02:32.693036	KhRG
3e76d5cac2d3be42a324d52aca0fae21		2026-07-15 14:03:10.952478	KhRG
3e76d5cac2d3be42a324d52aca0fae21		2026-07-15 14:03:48.324525	KhRG
3e76d5cac2d3be42a324d52aca0fae21		2026-07-15 14:06:49.888081	KhRG
3e76d5cac2d3be42a324d52aca0fae21		2026-07-15 14:07:24.988699	KhRG
3e76d5cac2d3be42a324d52aca0fae21		2026-07-15 14:08:26.813151	KhRG
3e76d5cac2d3be42a324d52aca0fae21		2026-07-15 14:11:10.639546	KhRG
3e76d5cac2d3be42a324d52aca0fae21		2026-07-15 14:11:48.231576	KhRG
3e76d5cac2d3be42a324d52aca0fae21		2026-07-15 14:12:23.760269	KhRG
efabd73427558c38182f22daacafb18a		2026-07-15 14:12:43.478313	KhRG
3e76d5cac2d3be42a324d52aca0fae21		2026-07-15 14:13:04.020228	KhRG
3e76d5cac2d3be42a324d52aca0fae21		2026-07-15 14:13:46.881381	KhRG
3e76d5cac2d3be42a324d52aca0fae21		2026-07-15 14:15:46.074999	KhRG
3e76d5cac2d3be42a324d52aca0fae21		2026-07-15 14:16:15.680199	KhRG
3e76d5cac2d3be42a324d52aca0fae21		2026-07-15 14:17:17.634644	KhRG
3e76d5cac2d3be42a324d52aca0fae21		2026-07-15 14:19:10.354024	KhRG
3e76d5cac2d3be42a324d52aca0fae21		2026-07-15 14:19:56.564182	KhRG
2435d34117545c5952ae542624bdec76		2026-07-15 14:21:11.185733	KhRG
3e76d5cac2d3be42a324d52aca0fae21		2026-07-15 14:22:35.981812	KhRG
3e76d5cac2d3be42a324d52aca0fae21		2026-07-15 14:23:18.655437	KhRG
3e76d5cac2d3be42a324d52aca0fae21		2026-07-15 14:23:59.214461	KhRG
3e76d5cac2d3be42a324d52aca0fae21		2026-07-15 14:24:25.093390	KhRG
3e76d5cac2d3be42a324d52aca0fae21		2026-07-15 14:24:49.279581	KhRG
2435d34117545c5952ae542624bdec76		2026-07-15 14:25:00.813593	KhRG
2435d34117545c5952ae542624bdec76		2026-07-15 14:25:03.367002	KhRG
2435d34117545c5952ae542624bdec76		2026-07-15 14:25:50.779411	KhRG
2435d34117545c5952ae542624bdec76		2026-07-15 14:27:07.754106	KhRG
efabd73427558c38182f22daacafb18a		2026-07-15 14:27:36.706503	KhRG
3e76d5cac2d3be42a324d52aca0fae21		2026-07-15 14:28:53.600913	KhRG
3e76d5cac2d3be42a324d52aca0fae21		2026-07-15 14:32:43.421911	KhRG
93f7ae1456fee4ad8a3a007a6abec47b		2026-07-22 07:24:09.368132	KhRG
3e76d5cac2d3be42a324d52aca0fae21		2026-07-15 14:33:36.147264	KhRG
2435d34117545c5952ae542624bdec76		2026-07-15 14:34:06.284962	KhRG
2435d34117545c5952ae542624bdec76		2026-07-15 14:36:33.656814	KhRG
2435d34117545c5952ae542624bdec76		2026-07-15 14:37:34.423068	KhRG
3e76d5cac2d3be42a324d52aca0fae21		2026-07-15 14:37:37.027291	KhRG
3e76d5cac2d3be42a324d52aca0fae21		2026-07-15 14:38:00.562629	KhRG
3e76d5cac2d3be42a324d52aca0fae21		2026-07-15 14:40:47.393473	KhRG
3e2ad549b15d324e273b81aef2baabe9		2026-07-15 14:41:47.872657	KhRG
b06e2f9b2f52aa47a56ebb333ef85eee		2026-07-15 14:44:43.212770	KhRG
93f7ae1456fee4ad8a3a007a6abec47b		2026-07-15 14:47:44.946151	KhRG
4290fa4965624e0ce5a1ef8b160f7566		2026-07-15 14:49:37.267376	KhRG
5819b55690a1404d2c2985813b0d4bfe		2026-07-15 14:57:12.425328	KhRG
3e2ad549b15d324e273b81aef2baabe9		2026-07-15 14:57:12.613840	KhRG
3e2ad549b15d324e273b81aef2baabe9		2026-07-15 15:02:58.873661	KhRG
3e2ad549b15d324e273b81aef2baabe9		2026-07-15 15:05:18.180832	KhRG
4290fa4965624e0ce5a1ef8b160f7566		2026-07-15 15:12:26.176562	KhRG
b06e2f9b2f52aa47a56ebb333ef85eee		2026-07-15 15:12:27.149825	KhRG
b06e2f9b2f52aa47a56ebb333ef85eee		2026-07-15 15:16:14.994377	KhRG
2435d34117545c5952ae542624bdec76		2026-07-15 15:21:01.400710	KhRG
93f7ae1456fee4ad8a3a007a6abec47b		2026-07-15 15:22:42.812619	KhRG
93f7ae1456fee4ad8a3a007a6abec47b		2026-07-15 15:26:08.116419	KhRG
b06e2f9b2f52aa47a56ebb333ef85eee		2026-07-15 15:27:29.173155	KhRG
b06e2f9b2f52aa47a56ebb333ef85eee		2026-07-15 15:28:23.869191	KhRG
b06e2f9b2f52aa47a56ebb333ef85eee		2026-07-15 15:31:03.600038	KhRG
b903728f1badaa76dd11464b054a0c3b		2026-07-15 15:34:58.655901	KhRG
3e2ad549b15d324e273b81aef2baabe9		2026-07-15 15:35:43.627022	KhRG
b06e2f9b2f52aa47a56ebb333ef85eee		2026-07-15 15:44:05.896501	KhRG
b06e2f9b2f52aa47a56ebb333ef85eee		2026-07-15 15:46:17.541573	KhRG
b06e2f9b2f52aa47a56ebb333ef85eee		2026-07-15 15:48:04.483904	KhRG
b06e2f9b2f52aa47a56ebb333ef85eee		2026-07-15 15:48:40.343696	KhRG
b06e2f9b2f52aa47a56ebb333ef85eee		2026-07-15 15:49:45.092164	KhRG
4290fa4965624e0ce5a1ef8b160f7566		2026-07-15 15:53:46.057176	KhRG
4290fa4965624e0ce5a1ef8b160f7566		2026-07-15 15:55:40.971843	KhRG
b06e2f9b2f52aa47a56ebb333ef85eee		2026-07-15 15:58:30.453210	KhRG
b06e2f9b2f52aa47a56ebb333ef85eee		2026-07-15 15:59:30.184427	KhRG
3e2ad549b15d324e273b81aef2baabe9		2026-07-15 16:00:27.562071	KhRG
b06e2f9b2f52aa47a56ebb333ef85eee		2026-07-15 16:02:56.148593	KhRG
b903728f1badaa76dd11464b054a0c3b		2026-07-15 16:24:20.566544	KhRG
b903728f1badaa76dd11464b054a0c3b		2026-07-15 17:12:41.892653	KhRG
4290fa4965624e0ce5a1ef8b160f7566		2026-07-15 17:27:10.000149	KhRG
2435d34117545c5952ae542624bdec76		2026-07-15 18:11:21.212659	KhRG
0a8fdc5ba04450f96b0dffe7a7a513bd		2026-07-15 19:04:02.511155	KhRG
0a8fdc5ba04450f96b0dffe7a7a513bd		2026-07-15 19:05:32.154929	KhRG
0a8fdc5ba04450f96b0dffe7a7a513bd		2026-07-15 19:07:32.475179	KhRG
0a8fdc5ba04450f96b0dffe7a7a513bd		2026-07-15 19:07:53.221658	KhRG
0a8fdc5ba04450f96b0dffe7a7a513bd		2026-07-15 19:09:05.861999	KhRG
0a8fdc5ba04450f96b0dffe7a7a513bd		2026-07-15 19:10:12.690819	KhRG
0a8fdc5ba04450f96b0dffe7a7a513bd		2026-07-15 19:10:31.478528	KhRG
0a8fdc5ba04450f96b0dffe7a7a513bd		2026-07-15 19:11:57.415617	KhRG
0a8fdc5ba04450f96b0dffe7a7a513bd		2026-07-15 19:12:34.308497	KhRG
0a8fdc5ba04450f96b0dffe7a7a513bd		2026-07-15 19:12:55.962304	KhRG
0a8fdc5ba04450f96b0dffe7a7a513bd		2026-07-15 19:15:35.192483	KhRG
0a8fdc5ba04450f96b0dffe7a7a513bd		2026-07-15 19:15:48.685777	KhRG
0a8fdc5ba04450f96b0dffe7a7a513bd		2026-07-15 19:16:17.071702	KhRG
0a8fdc5ba04450f96b0dffe7a7a513bd		2026-07-15 19:16:31.016243	KhRG
0a8fdc5ba04450f96b0dffe7a7a513bd		2026-07-15 19:21:37.430325	KhRG
0a8fdc5ba04450f96b0dffe7a7a513bd		2026-07-15 19:21:54.093173	KhRG
93f7ae1456fee4ad8a3a007a6abec47b		2026-07-22 07:24:15.044561	KhRG
0a8fdc5ba04450f96b0dffe7a7a513bd		2026-07-15 19:23:00.274252	KhRG
0a8fdc5ba04450f96b0dffe7a7a513bd		2026-07-15 19:23:08.611064	KhRG
0a8fdc5ba04450f96b0dffe7a7a513bd		2026-07-15 19:27:50.265073	KhRG
0a8fdc5ba04450f96b0dffe7a7a513bd		2026-07-15 19:28:17.237276	KhRG
0a8fdc5ba04450f96b0dffe7a7a513bd		2026-07-15 19:28:37.916718	KhRG
0a8fdc5ba04450f96b0dffe7a7a513bd		2026-07-15 19:31:14.575527	KhRG
0a8fdc5ba04450f96b0dffe7a7a513bd		2026-07-15 19:32:52.307503	KhRG
0a8fdc5ba04450f96b0dffe7a7a513bd		2026-07-15 19:33:01.993130	KhRG
0a8fdc5ba04450f96b0dffe7a7a513bd		2026-07-15 19:33:18.710456	KhRG
52fb3dfcaceed7483d57f43f5c036db0		2026-07-15 19:34:54.263795	KhRG
2435d34117545c5952ae542624bdec76		2026-07-15 20:11:31.327045	KhRG
4290fa4965624e0ce5a1ef8b160f7566		2026-07-15 20:28:06.467509	KhRG
3182edb9fbad168c2e14bdb071f55c7b		2026-07-16 05:38:04.765143	KhRG
3182edb9fbad168c2e14bdb071f55c7b		2026-07-16 05:49:50.632809	KhRG
3182edb9fbad168c2e14bdb071f55c7b		2026-07-16 06:02:20.312265	KhRG
3182edb9fbad168c2e14bdb071f55c7b		2026-07-16 06:31:51.764387	KhRG
efabd73427558c38182f22daacafb18a		2026-07-16 06:44:20.801044	KhRG
efabd73427558c38182f22daacafb18a		2026-07-16 06:47:48.640917	KhRG
3182edb9fbad168c2e14bdb071f55c7b		2026-07-16 06:49:49.034952	KhRG
93f7ae1456fee4ad8a3a007a6abec47b		2026-07-22 07:24:21.168645	KhRG
3182edb9fbad168c2e14bdb071f55c7b		2026-07-16 06:59:28.043562	KhRG
3182edb9fbad168c2e14bdb071f55c7b		2026-07-16 07:31:11.475971	KhRG
3182edb9fbad168c2e14bdb071f55c7b		2026-07-16 07:31:41.009471	KhRG
3e2ad549b15d324e273b81aef2baabe9		2026-07-16 07:40:59.905515	KhRG
3e2ad549b15d324e273b81aef2baabe9		2026-07-16 07:42:52.102283	KhRG
3182edb9fbad168c2e14bdb071f55c7b		2026-07-16 07:59:07.453887	KhRG
3182edb9fbad168c2e14bdb071f55c7b		2026-07-16 08:02:05.573651	KhRG
3182edb9fbad168c2e14bdb071f55c7b		2026-07-16 08:02:12.584254	KhRG
3182edb9fbad168c2e14bdb071f55c7b		2026-07-16 08:02:19.083866	KhRG
ebb7c4269ac1c91da9d699a6332066bf		2026-07-16 08:04:10.810047	KhRG
3182edb9fbad168c2e14bdb071f55c7b		2026-07-16 08:08:04.497129	KhRG
ebb7c4269ac1c91da9d699a6332066bf		2026-07-16 08:12:14.532930	KhRG
ebb7c4269ac1c91da9d699a6332066bf		2026-07-16 08:12:38.350933	KhRG
ebb7c4269ac1c91da9d699a6332066bf		2026-07-16 08:16:39.939250	KhRG
0a8fdc5ba04450f96b0dffe7a7a513bd		2026-07-16 08:19:32.082757	KhRG
0a8fdc5ba04450f96b0dffe7a7a513bd		2026-07-16 08:20:10.172873	KhRG
0a8fdc5ba04450f96b0dffe7a7a513bd		2026-07-16 08:20:33.706106	KhRG
0a8fdc5ba04450f96b0dffe7a7a513bd		2026-07-16 08:23:47.824714	KhRG
0a8fdc5ba04450f96b0dffe7a7a513bd		2026-07-16 08:24:35.245995	KhRG
93f7ae1456fee4ad8a3a007a6abec47b		2026-07-22 07:24:27.371457	KhRG
0a8fdc5ba04450f96b0dffe7a7a513bd		2026-07-16 08:26:21.864648	KhRG
0a8fdc5ba04450f96b0dffe7a7a513bd		2026-07-16 08:27:00.520426	KhRG
27649205868cd314297256beaaf49c22		2026-07-16 08:43:11.571775	KhRG
27649205868cd314297256beaaf49c22		2026-07-16 08:43:47.173585	KhRG
27649205868cd314297256beaaf49c22		2026-07-16 08:43:52.923313	KhRG
27649205868cd314297256beaaf49c22		2026-07-16 08:50:28.951951	KhRG
93f7ae1456fee4ad8a3a007a6abec47b		2026-07-16 08:52:14.160055	KhRG
93f7ae1456fee4ad8a3a007a6abec47b		2026-07-16 08:56:06.027969	KhRG
3182edb9fbad168c2e14bdb071f55c7b		2026-07-16 08:59:33.945866	KhRG
b137f3864e4986f57708ce134e573dae		2026-07-16 09:22:05.147368	KhRG
b137f3864e4986f57708ce134e573dae		2026-07-16 09:24:25.292554	KhRG
93f7ae1456fee4ad8a3a007a6abec47b		2026-07-16 09:27:12.762430	KhRG
93f7ae1456fee4ad8a3a007a6abec47b		2026-07-16 09:28:52.058780	KhRG
93f7ae1456fee4ad8a3a007a6abec47b		2026-07-16 09:29:25.615518	KhRG
93f7ae1456fee4ad8a3a007a6abec47b		2026-07-16 09:34:01.474255	KhRG
3182edb9fbad168c2e14bdb071f55c7b		2026-07-16 09:47:27.959835	KhRG
b137f3864e4986f57708ce134e573dae		2026-07-16 09:48:33.411616	KhRG
3182edb9fbad168c2e14bdb071f55c7b		2026-07-16 09:57:12.042220	KhRG
b6fb68a3ee5b7eaa77e0298656c4669b		2026-07-16 10:16:22.634139	KhRG
93f7ae1456fee4ad8a3a007a6abec47b		2026-07-22 07:24:33.329516	KhRG
b6fb68a3ee5b7eaa77e0298656c4669b		2026-07-16 10:17:05.695422	KhRG
b6fb68a3ee5b7eaa77e0298656c4669b		2026-07-16 10:21:27.209215	KhRG
3e2ad549b15d324e273b81aef2baabe9		2026-07-16 10:21:54.441161	KhRG
b6fb68a3ee5b7eaa77e0298656c4669b		2026-07-16 10:21:55.229378	KhRG
3e2ad549b15d324e273b81aef2baabe9		2026-07-16 10:22:09.511363	KhRG
b6fb68a3ee5b7eaa77e0298656c4669b		2026-07-16 10:24:27.515407	KhRG
b6fb68a3ee5b7eaa77e0298656c4669b		2026-07-16 10:29:05.413936	KhRG
b6fb68a3ee5b7eaa77e0298656c4669b		2026-07-16 10:29:42.479638	KhRG
b6fb68a3ee5b7eaa77e0298656c4669b		2026-07-16 10:30:57.649150	KhRG
1e5a3c43bc86d150fb5797ec1d0be274		2026-07-16 10:37:24.983612	KhRG
adcab7566644edeef4cfc3adc8de3f0f		2026-07-16 10:57:31.895062	KhRG
adcab7566644edeef4cfc3adc8de3f0f		2026-07-16 11:06:40.339903	KhRG
fa5cabc198d97611c47ef3fdeb3615bf		2026-07-16 11:15:09.579593	KhRG
fa5cabc198d97611c47ef3fdeb3615bf		2026-07-16 11:15:18.937381	KhRG
fa5cabc198d97611c47ef3fdeb3615bf		2026-07-16 11:15:52.312814	KhRG
fa5cabc198d97611c47ef3fdeb3615bf		2026-07-16 11:18:55.546868	KhRG
b6fb68a3ee5b7eaa77e0298656c4669b		2026-07-16 11:23:26.708094	KhRG
b6fb68a3ee5b7eaa77e0298656c4669b		2026-07-16 11:25:49.225853	KhRG
b6fb68a3ee5b7eaa77e0298656c4669b		2026-07-16 11:29:39.075715	KhRG
b6fb68a3ee5b7eaa77e0298656c4669b		2026-07-16 11:30:15.409816	KhRG
3182edb9fbad168c2e14bdb071f55c7b		2026-07-16 11:33:20.516450	KhRG
adcab7566644edeef4cfc3adc8de3f0f		2026-07-16 11:35:53.882981	KhRG
93f7ae1456fee4ad8a3a007a6abec47b		2026-07-16 11:36:11.654863	KhRG
adcab7566644edeef4cfc3adc8de3f0f		2026-07-16 11:36:51.673320	KhRG
93f7ae1456fee4ad8a3a007a6abec47b		2026-07-16 11:37:52.011515	KhRG
fa5cabc198d97611c47ef3fdeb3615bf		2026-07-16 11:39:19.265910	KhRG
27649205868cd314297256beaaf49c22		2026-07-16 11:42:19.024648	KhRG
b6fb68a3ee5b7eaa77e0298656c4669b		2026-07-16 11:42:53.236109	KhRG
b6fb68a3ee5b7eaa77e0298656c4669b		2026-07-16 11:42:58.662023	KhRG
b6fb68a3ee5b7eaa77e0298656c4669b		2026-07-16 11:43:23.233133	KhRG
adcab7566644edeef4cfc3adc8de3f0f		2026-07-16 11:46:13.301677	KhRG
27649205868cd314297256beaaf49c22		2026-07-16 11:53:11.726404	KhRG
93f7ae1456fee4ad8a3a007a6abec47b		2026-07-16 11:57:50.570119	KhRG
93f7ae1456fee4ad8a3a007a6abec47b		2026-07-16 11:58:30.858784	KhRG
93f7ae1456fee4ad8a3a007a6abec47b		2026-07-16 11:58:35.941236	KhRG
93f7ae1456fee4ad8a3a007a6abec47b		2026-07-16 11:58:40.277754	KhRG
93f7ae1456fee4ad8a3a007a6abec47b		2026-07-16 11:59:00.507848	KhRG
93f7ae1456fee4ad8a3a007a6abec47b		2026-07-16 11:59:08.071449	KhRG
93f7ae1456fee4ad8a3a007a6abec47b		2026-07-16 11:59:33.581422	KhRG
93f7ae1456fee4ad8a3a007a6abec47b		2026-07-16 11:59:38.545111	KhRG
93f7ae1456fee4ad8a3a007a6abec47b		2026-07-16 12:00:25.718488	KhRG
93f7ae1456fee4ad8a3a007a6abec47b		2026-07-16 12:03:08.008298	KhRG
b6fb68a3ee5b7eaa77e0298656c4669b		2026-07-16 12:03:21.242584	KhRG
b6fb68a3ee5b7eaa77e0298656c4669b		2026-07-16 12:03:28.215602	KhRG
b6fb68a3ee5b7eaa77e0298656c4669b		2026-07-16 12:04:42.657739	KhRG
efabd73427558c38182f22daacafb18a		2026-07-16 12:52:35.236290	KhRG
fa5cabc198d97611c47ef3fdeb3615bf		2026-07-16 12:59:52.069865	KhRG
5819b55690a1404d2c2985813b0d4bfe		2026-07-16 13:00:33.245416	KhRG
3e2ad549b15d324e273b81aef2baabe9		2026-07-16 13:01:38.320780	KhRG
3e2ad549b15d324e273b81aef2baabe9		2026-07-16 13:04:35.113104	KhRG
5819b55690a1404d2c2985813b0d4bfe		2026-07-16 13:04:42.318409	KhRG
fa5cabc198d97611c47ef3fdeb3615bf		2026-07-16 13:05:44.502630	KhRG
fa5cabc198d97611c47ef3fdeb3615bf		2026-07-16 13:09:35.109572	KhRG
fa5cabc198d97611c47ef3fdeb3615bf		2026-07-16 13:09:56.610626	KhRG
fa5cabc198d97611c47ef3fdeb3615bf		2026-07-16 13:10:33.615100	KhRG
574c0e7f3b7d6652ec2bdc21d45a91bc		2026-07-16 14:41:29.336549	KhRG
574c0e7f3b7d6652ec2bdc21d45a91bc		2026-07-16 14:43:35.706371	KhRG
574c0e7f3b7d6652ec2bdc21d45a91bc		2026-07-16 14:47:45.406106	KhRG
574c0e7f3b7d6652ec2bdc21d45a91bc		2026-07-16 14:48:03.536063	KhRG
574c0e7f3b7d6652ec2bdc21d45a91bc		2026-07-16 14:48:09.889097	KhRG
574c0e7f3b7d6652ec2bdc21d45a91bc		2026-07-16 14:48:21.865114	KhRG
574c0e7f3b7d6652ec2bdc21d45a91bc		2026-07-16 14:48:28.423842	KhRG
574c0e7f3b7d6652ec2bdc21d45a91bc		2026-07-16 14:48:34.938015	KhRG
5819b55690a1404d2c2985813b0d4bfe		2026-07-16 14:48:39.918341	KhRG
574c0e7f3b7d6652ec2bdc21d45a91bc		2026-07-16 14:48:41.153581	KhRG
574c0e7f3b7d6652ec2bdc21d45a91bc		2026-07-16 14:48:46.737777	KhRG
574c0e7f3b7d6652ec2bdc21d45a91bc		2026-07-16 14:48:52.037525	KhRG
574c0e7f3b7d6652ec2bdc21d45a91bc		2026-07-16 14:49:25.574150	KhRG
574c0e7f3b7d6652ec2bdc21d45a91bc		2026-07-16 14:50:26.840017	KhRG
574c0e7f3b7d6652ec2bdc21d45a91bc		2026-07-16 14:55:02.176503	KhRG
574c0e7f3b7d6652ec2bdc21d45a91bc		2026-07-16 14:57:22.065749	KhRG
574c0e7f3b7d6652ec2bdc21d45a91bc		2026-07-16 15:00:26.986731	KhRG
574c0e7f3b7d6652ec2bdc21d45a91bc		2026-07-16 15:00:51.146662	KhRG
574c0e7f3b7d6652ec2bdc21d45a91bc		2026-07-16 15:03:52.292409	KhRG
574c0e7f3b7d6652ec2bdc21d45a91bc		2026-07-16 15:05:48.174811	KhRG
574c0e7f3b7d6652ec2bdc21d45a91bc		2026-07-16 15:07:49.597110	KhRG
574c0e7f3b7d6652ec2bdc21d45a91bc		2026-07-16 15:11:04.777802	KhRG
574c0e7f3b7d6652ec2bdc21d45a91bc		2026-07-16 15:13:32.223054	KhRG
574c0e7f3b7d6652ec2bdc21d45a91bc		2026-07-16 15:14:50.931420	KhRG
574c0e7f3b7d6652ec2bdc21d45a91bc		2026-07-16 15:16:18.279317	KhRG
574c0e7f3b7d6652ec2bdc21d45a91bc		2026-07-16 15:16:44.861791	KhRG
574c0e7f3b7d6652ec2bdc21d45a91bc		2026-07-16 15:18:15.986348	KhRG
574c0e7f3b7d6652ec2bdc21d45a91bc		2026-07-16 15:20:24.072714	KhRG
574c0e7f3b7d6652ec2bdc21d45a91bc		2026-07-16 15:22:55.446835	KhRG
574c0e7f3b7d6652ec2bdc21d45a91bc		2026-07-16 15:24:42.470090	KhRG
574c0e7f3b7d6652ec2bdc21d45a91bc		2026-07-16 15:31:57.869131	KhRG
4290fa4965624e0ce5a1ef8b160f7566		2026-07-16 15:39:36.920729	KhRG
4290fa4965624e0ce5a1ef8b160f7566		2026-07-16 15:41:15.616659	KhRG
3e2ad549b15d324e273b81aef2baabe9		2026-07-16 15:47:14.709254	KhRG
3e2ad549b15d324e273b81aef2baabe9		2026-07-16 15:49:26.098661	KhRG
3e2ad549b15d324e273b81aef2baabe9		2026-07-16 15:57:35.692194	KhRG
4290fa4965624e0ce5a1ef8b160f7566		2026-07-16 15:58:06.590039	KhRG
3e2ad549b15d324e273b81aef2baabe9		2026-07-16 15:59:13.262533	KhRG
b903728f1badaa76dd11464b054a0c3b		2026-07-16 16:01:29.933667	KhRG
4290fa4965624e0ce5a1ef8b160f7566		2026-07-16 16:14:51.474324	KhRG
4290fa4965624e0ce5a1ef8b160f7566		2026-07-16 16:21:51.035533	KhRG
4290fa4965624e0ce5a1ef8b160f7566		2026-07-16 16:22:27.539848	KhRG
1a905cd87547fa010839752934d82fef		2026-07-16 18:12:35.391617	KhRG
1a905cd87547fa010839752934d82fef		2026-07-16 18:13:58.482614	KhRG
e12f75635bd262dad1059e9bb1881fdf		2026-07-16 19:12:57.557836	KhRG
e12f75635bd262dad1059e9bb1881fdf		2026-07-16 19:15:09.497108	KhRG
e12f75635bd262dad1059e9bb1881fdf		2026-07-16 19:17:46.910697	KhRG
e12f75635bd262dad1059e9bb1881fdf		2026-07-16 19:20:16.320057	KhRG
e12f75635bd262dad1059e9bb1881fdf		2026-07-16 19:25:03.817632	KhRG
e12f75635bd262dad1059e9bb1881fdf		2026-07-16 19:27:00.501839	KhRG
e12f75635bd262dad1059e9bb1881fdf		2026-07-16 19:29:19.092733	KhRG
3182edb9fbad168c2e14bdb071f55c7b		2026-07-17 05:57:11.079773	KhRG
3182edb9fbad168c2e14bdb071f55c7b		2026-07-17 05:58:16.270155	KhRG
3182edb9fbad168c2e14bdb071f55c7b		2026-07-17 05:59:22.527578	KhRG
3182edb9fbad168c2e14bdb071f55c7b		2026-07-17 06:00:10.088384	KhRG
3182edb9fbad168c2e14bdb071f55c7b		2026-07-17 06:00:18.158780	KhRG
3182edb9fbad168c2e14bdb071f55c7b		2026-07-17 06:00:24.959154	KhRG
3182edb9fbad168c2e14bdb071f55c7b		2026-07-17 06:00:31.810665	KhRG
3182edb9fbad168c2e14bdb071f55c7b		2026-07-17 06:00:38.079928	KhRG
3182edb9fbad168c2e14bdb071f55c7b		2026-07-17 06:00:44.307320	KhRG
3182edb9fbad168c2e14bdb071f55c7b		2026-07-17 06:00:51.657161	KhRG
3182edb9fbad168c2e14bdb071f55c7b		2026-07-17 06:01:29.931554	KhRG
9809466313cdef96e44d9a21d80a8964		2026-07-17 07:24:26.532852	KhRG
27649205868cd314297256beaaf49c22		2026-07-17 07:28:27.087432	KhRG
27649205868cd314297256beaaf49c22		2026-07-17 07:40:36.686601	KhRG
29899c5593ceebc5bd769a2c65b41cee		2026-07-17 07:42:04.492188	KhRG
29899c5593ceebc5bd769a2c65b41cee		2026-07-17 07:43:24.516746	KhRG
29899c5593ceebc5bd769a2c65b41cee		2026-07-17 07:45:58.845083	KhRG
29899c5593ceebc5bd769a2c65b41cee		2026-07-17 07:46:55.469990	KhRG
29899c5593ceebc5bd769a2c65b41cee		2026-07-17 07:48:56.567788	KhRG
29899c5593ceebc5bd769a2c65b41cee		2026-07-17 08:10:00.440233	KhRG
29899c5593ceebc5bd769a2c65b41cee		2026-07-17 08:11:56.264308	KhRG
29899c5593ceebc5bd769a2c65b41cee		2026-07-17 08:12:49.347671	KhRG
29899c5593ceebc5bd769a2c65b41cee		2026-07-17 08:13:32.385317	KhRG
29899c5593ceebc5bd769a2c65b41cee		2026-07-17 08:14:34.426575	KhRG
29899c5593ceebc5bd769a2c65b41cee		2026-07-17 08:15:53.634671	KhRG
29899c5593ceebc5bd769a2c65b41cee		2026-07-17 08:16:33.434399	KhRG
29899c5593ceebc5bd769a2c65b41cee		2026-07-17 08:17:04.062236	KhRG
c16b164575737b0699535f156ea81702		2026-07-17 08:23:45.396216	KhRG
c16b164575737b0699535f156ea81702		2026-07-17 08:25:27.566668	KhRG
29899c5593ceebc5bd769a2c65b41cee		2026-07-17 08:26:06.816498	KhRG
c16b164575737b0699535f156ea81702		2026-07-17 08:26:13.850372	KhRG
29899c5593ceebc5bd769a2c65b41cee		2026-07-17 08:26:52.475287	KhRG
29899c5593ceebc5bd769a2c65b41cee		2026-07-17 08:31:15.781415	KhRG
29899c5593ceebc5bd769a2c65b41cee		2026-07-17 08:32:54.960144	KhRG
29899c5593ceebc5bd769a2c65b41cee		2026-07-17 08:38:10.435876	KhRG
29899c5593ceebc5bd769a2c65b41cee		2026-07-17 08:52:26.526686	KhRG
29899c5593ceebc5bd769a2c65b41cee		2026-07-17 08:53:04.369836	KhRG
29899c5593ceebc5bd769a2c65b41cee		2026-07-17 08:53:40.142904	KhRG
29899c5593ceebc5bd769a2c65b41cee		2026-07-17 08:54:08.323139	KhRG
29899c5593ceebc5bd769a2c65b41cee		2026-07-17 08:54:45.696380	KhRG
29899c5593ceebc5bd769a2c65b41cee		2026-07-17 08:55:17.096314	KhRG
29899c5593ceebc5bd769a2c65b41cee		2026-07-17 08:55:48.527150	KhRG
29899c5593ceebc5bd769a2c65b41cee		2026-07-17 08:56:22.551320	KhRG
29899c5593ceebc5bd769a2c65b41cee		2026-07-17 08:57:06.752892	KhRG
29899c5593ceebc5bd769a2c65b41cee		2026-07-17 08:57:21.348637	KhRG
29899c5593ceebc5bd769a2c65b41cee		2026-07-17 08:57:48.885295	KhRG
29899c5593ceebc5bd769a2c65b41cee		2026-07-17 08:58:23.508236	KhRG
29899c5593ceebc5bd769a2c65b41cee		2026-07-17 08:59:30.448105	KhRG
29899c5593ceebc5bd769a2c65b41cee		2026-07-17 08:59:58.945878	KhRG
29899c5593ceebc5bd769a2c65b41cee		2026-07-17 09:00:28.546019	KhRG
29899c5593ceebc5bd769a2c65b41cee		2026-07-17 09:01:19.498699	KhRG
29899c5593ceebc5bd769a2c65b41cee		2026-07-17 09:01:50.150627	KhRG
29899c5593ceebc5bd769a2c65b41cee		2026-07-17 09:02:04.915227	KhRG
29899c5593ceebc5bd769a2c65b41cee		2026-07-17 09:02:47.308297	KhRG
29899c5593ceebc5bd769a2c65b41cee		2026-07-17 09:03:18.810900	KhRG
29899c5593ceebc5bd769a2c65b41cee		2026-07-17 09:04:04.083439	KhRG
29899c5593ceebc5bd769a2c65b41cee		2026-07-17 09:04:57.440503	KhRG
ebb7c4269ac1c91da9d699a6332066bf		2026-07-17 09:21:57.271236	KhRG
ebb7c4269ac1c91da9d699a6332066bf		2026-07-17 09:24:10.875047	KhRG
ebb7c4269ac1c91da9d699a6332066bf		2026-07-17 09:26:10.827849	KhRG
ebb7c4269ac1c91da9d699a6332066bf		2026-07-17 09:26:16.394002	KhRG
ebb7c4269ac1c91da9d699a6332066bf		2026-07-17 09:26:22.290453	KhRG
ebb7c4269ac1c91da9d699a6332066bf		2026-07-17 09:26:28.006639	KhRG
ebb7c4269ac1c91da9d699a6332066bf		2026-07-17 09:26:34.530376	KhRG
ebb7c4269ac1c91da9d699a6332066bf		2026-07-17 09:26:39.703757	KhRG
ebb7c4269ac1c91da9d699a6332066bf		2026-07-17 09:26:44.843870	KhRG
ebb7c4269ac1c91da9d699a6332066bf		2026-07-17 09:26:50.020277	KhRG
ebb7c4269ac1c91da9d699a6332066bf		2026-07-17 09:27:57.155591	KhRG
ebb7c4269ac1c91da9d699a6332066bf		2026-07-17 09:34:11.155339	KhRG
2842bb062ad26a1fcb06eca4d5056731		2026-07-17 10:57:51.397001	KhRG
b137f3864e4986f57708ce134e573dae		2026-07-17 11:27:41.537549	KhRG
b164ad30a6c3770c5c6b96b01256a10f		2026-07-17 11:30:17.819242	KhRG
b164ad30a6c3770c5c6b96b01256a10f		2026-07-17 11:30:54.553982	KhRG
4290fa4965624e0ce5a1ef8b160f7566		2026-07-17 11:37:22.934154	KhRG
b164ad30a6c3770c5c6b96b01256a10f		2026-07-17 11:37:35.394208	KhRG
b164ad30a6c3770c5c6b96b01256a10f		2026-07-17 11:43:19.177369	KhRG
4290fa4965624e0ce5a1ef8b160f7566		2026-07-17 11:45:38.350017	KhRG
93f7ae1456fee4ad8a3a007a6abec47b		2026-07-22 07:24:39.747211	KhRG
4290fa4965624e0ce5a1ef8b160f7566		2026-07-17 11:46:19.199373	KhRG
b164ad30a6c3770c5c6b96b01256a10f		2026-07-17 11:52:27.058727	KhRG
b164ad30a6c3770c5c6b96b01256a10f		2026-07-17 11:54:27.424128	KhRG
2842bb062ad26a1fcb06eca4d5056731		2026-07-17 11:55:07.451295	KhRG
b164ad30a6c3770c5c6b96b01256a10f		2026-07-17 12:01:26.724373	KhRG
b164ad30a6c3770c5c6b96b01256a10f		2026-07-17 12:02:11.064357	KhRG
2842bb062ad26a1fcb06eca4d5056731		2026-07-17 12:02:47.920274	KhRG
b164ad30a6c3770c5c6b96b01256a10f		2026-07-17 12:04:25.546341	KhRG
b164ad30a6c3770c5c6b96b01256a10f		2026-07-17 12:06:48.754710	KhRG
b164ad30a6c3770c5c6b96b01256a10f		2026-07-17 12:15:16.100318	KhRG
b164ad30a6c3770c5c6b96b01256a10f		2026-07-17 12:23:20.621529	KhRG
b164ad30a6c3770c5c6b96b01256a10f		2026-07-17 12:34:45.418173	KhRG
b164ad30a6c3770c5c6b96b01256a10f		2026-07-17 12:38:22.872362	KhRG
b164ad30a6c3770c5c6b96b01256a10f		2026-07-17 12:43:59.734075	KhRG
4290fa4965624e0ce5a1ef8b160f7566		2026-07-17 12:51:42.104935	KhRG
4290fa4965624e0ce5a1ef8b160f7566		2026-07-17 12:52:09.157948	KhRG
4290fa4965624e0ce5a1ef8b160f7566		2026-07-17 12:52:46.727227	KhRG
ebb7c4269ac1c91da9d699a6332066bf		2026-07-17 12:53:08.376260	KhRG
b164ad30a6c3770c5c6b96b01256a10f		2026-07-17 12:53:24.917329	KhRG
4290fa4965624e0ce5a1ef8b160f7566		2026-07-17 12:53:24.987081	KhRG
ebb7c4269ac1c91da9d699a6332066bf		2026-07-17 12:53:32.134855	KhRG
b164ad30a6c3770c5c6b96b01256a10f		2026-07-17 12:54:40.312033	KhRG
b164ad30a6c3770c5c6b96b01256a10f		2026-07-17 12:56:36.894792	KhRG
093fababbaa1823f3fcf712af30b0183		2026-07-17 13:00:20.251710	KhRG
b164ad30a6c3770c5c6b96b01256a10f		2026-07-17 13:00:29.236563	KhRG
093fababbaa1823f3fcf712af30b0183		2026-07-17 13:03:51.625526	KhRG
b164ad30a6c3770c5c6b96b01256a10f		2026-07-17 13:08:45.747650	KhRG
b164ad30a6c3770c5c6b96b01256a10f		2026-07-17 13:14:35.108528	KhRG
b164ad30a6c3770c5c6b96b01256a10f		2026-07-17 13:18:24.899632	KhRG
b164ad30a6c3770c5c6b96b01256a10f		2026-07-17 13:20:00.854509	KhRG
b164ad30a6c3770c5c6b96b01256a10f		2026-07-17 13:22:33.073134	KhRG
b164ad30a6c3770c5c6b96b01256a10f		2026-07-17 13:24:13.240874	KhRG
4290fa4965624e0ce5a1ef8b160f7566		2026-07-17 13:31:53.066847	KhRG
4290fa4965624e0ce5a1ef8b160f7566		2026-07-17 13:41:05.336065	KhRG
3e76d5cac2d3be42a324d52aca0fae21		2026-07-17 13:42:00.331560	KhRG
3e76d5cac2d3be42a324d52aca0fae21		2026-07-17 13:43:21.148093	KhRG
3e76d5cac2d3be42a324d52aca0fae21		2026-07-17 13:44:04.223431	KhRG
3e76d5cac2d3be42a324d52aca0fae21		2026-07-17 13:45:24.656895	KhRG
3e76d5cac2d3be42a324d52aca0fae21		2026-07-17 13:48:18.480843	KhRG
3e76d5cac2d3be42a324d52aca0fae21		2026-07-17 13:48:42.169416	KhRG
3e76d5cac2d3be42a324d52aca0fae21		2026-07-17 13:49:11.810235	KhRG
3e76d5cac2d3be42a324d52aca0fae21		2026-07-17 13:50:15.340803	KhRG
adcab7566644edeef4cfc3adc8de3f0f		2026-07-17 13:50:50.793630	KhRG
3e76d5cac2d3be42a324d52aca0fae21		2026-07-17 13:51:51.057929	KhRG
3e76d5cac2d3be42a324d52aca0fae21		2026-07-17 13:52:42.255052	KhRG
adcab7566644edeef4cfc3adc8de3f0f		2026-07-17 13:53:06.039847	KhRG
3e76d5cac2d3be42a324d52aca0fae21		2026-07-17 13:54:45.833721	KhRG
3e76d5cac2d3be42a324d52aca0fae21		2026-07-17 13:57:43.774088	KhRG
3e76d5cac2d3be42a324d52aca0fae21		2026-07-17 13:58:39.395718	KhRG
3e76d5cac2d3be42a324d52aca0fae21		2026-07-17 13:59:57.719286	KhRG
3e76d5cac2d3be42a324d52aca0fae21		2026-07-17 14:00:43.456234	KhRG
3e76d5cac2d3be42a324d52aca0fae21		2026-07-17 14:01:17.216017	KhRG
3e76d5cac2d3be42a324d52aca0fae21		2026-07-17 14:02:11.457662	KhRG
3e76d5cac2d3be42a324d52aca0fae21		2026-07-17 14:02:52.372488	KhRG
3e76d5cac2d3be42a324d52aca0fae21		2026-07-17 14:04:16.763153	KhRG
3e76d5cac2d3be42a324d52aca0fae21		2026-07-17 14:06:02.830535	KhRG
b164ad30a6c3770c5c6b96b01256a10f		2026-07-17 14:06:29.260816	KhRG
3e76d5cac2d3be42a324d52aca0fae21		2026-07-17 14:07:03.180549	KhRG
3e76d5cac2d3be42a324d52aca0fae21		2026-07-17 14:08:44.064665	KhRG
3e76d5cac2d3be42a324d52aca0fae21		2026-07-17 14:09:24.443606	KhRG
3e76d5cac2d3be42a324d52aca0fae21		2026-07-17 14:10:08.373637	KhRG
3e76d5cac2d3be42a324d52aca0fae21		2026-07-17 14:11:08.448673	KhRG
3e76d5cac2d3be42a324d52aca0fae21		2026-07-17 14:12:05.663862	KhRG
3e76d5cac2d3be42a324d52aca0fae21		2026-07-17 14:12:36.816401	KhRG
3e76d5cac2d3be42a324d52aca0fae21		2026-07-17 14:13:23.085893	KhRG
3e76d5cac2d3be42a324d52aca0fae21		2026-07-17 14:14:34.725744	KhRG
3e76d5cac2d3be42a324d52aca0fae21		2026-07-17 14:15:09.358587	KhRG
b164ad30a6c3770c5c6b96b01256a10f		2026-07-17 14:15:41.210526	KhRG
3e76d5cac2d3be42a324d52aca0fae21		2026-07-17 14:15:55.789835	KhRG
3e76d5cac2d3be42a324d52aca0fae21		2026-07-17 14:16:29.939759	KhRG
3e76d5cac2d3be42a324d52aca0fae21		2026-07-17 14:17:12.043292	KhRG
3e76d5cac2d3be42a324d52aca0fae21		2026-07-17 14:17:20.076059	KhRG
3e76d5cac2d3be42a324d52aca0fae21		2026-07-17 14:20:23.429830	KhRG
3e76d5cac2d3be42a324d52aca0fae21		2026-07-17 14:24:56.830569	KhRG
3e76d5cac2d3be42a324d52aca0fae21		2026-07-17 14:25:02.821519	KhRG
b164ad30a6c3770c5c6b96b01256a10f		2026-07-17 14:25:14.883107	KhRG
3e76d5cac2d3be42a324d52aca0fae21		2026-07-17 14:26:06.650750	KhRG
3e76d5cac2d3be42a324d52aca0fae21		2026-07-17 14:27:33.527402	KhRG
3e76d5cac2d3be42a324d52aca0fae21		2026-07-17 14:28:34.342503	KhRG
b164ad30a6c3770c5c6b96b01256a10f		2026-07-17 14:51:25.508322	KhRG
b164ad30a6c3770c5c6b96b01256a10f		2026-07-17 14:55:22.023586	KhRG
b164ad30a6c3770c5c6b96b01256a10f		2026-07-17 14:59:45.700568	KhRG
b164ad30a6c3770c5c6b96b01256a10f		2026-07-17 15:33:51.099717	KhRG
b164ad30a6c3770c5c6b96b01256a10f		2026-07-17 15:42:38.077260	KhRG
b164ad30a6c3770c5c6b96b01256a10f		2026-07-17 15:45:27.150484	KhRG
b164ad30a6c3770c5c6b96b01256a10f		2026-07-17 15:50:43.497109	KhRG
b164ad30a6c3770c5c6b96b01256a10f		2026-07-17 15:57:09.928195	KhRG
b164ad30a6c3770c5c6b96b01256a10f		2026-07-17 15:58:02.505278	KhRG
b164ad30a6c3770c5c6b96b01256a10f		2026-07-17 15:58:43.919475	KhRG
b164ad30a6c3770c5c6b96b01256a10f		2026-07-17 15:59:02.209388	KhRG
b164ad30a6c3770c5c6b96b01256a10f		2026-07-17 16:03:01.404683	KhRG
b164ad30a6c3770c5c6b96b01256a10f		2026-07-17 16:03:51.868813	KhRG
b164ad30a6c3770c5c6b96b01256a10f		2026-07-17 16:06:47.150360	KhRG
b164ad30a6c3770c5c6b96b01256a10f		2026-07-17 16:23:23.420699	KhRG
b164ad30a6c3770c5c6b96b01256a10f		2026-07-17 16:29:10.721661	KhRG
b164ad30a6c3770c5c6b96b01256a10f		2026-07-17 16:33:27.447890	KhRG
b164ad30a6c3770c5c6b96b01256a10f		2026-07-17 16:35:39.796218	KhRG
ebb7c4269ac1c91da9d699a6332066bf		2026-07-17 17:06:40.571625	KhRG
ebb7c4269ac1c91da9d699a6332066bf		2026-07-17 17:07:13.142927	KhRG
3e2ad549b15d324e273b81aef2baabe9		2026-07-17 17:08:42.573287	KhRG
ebb7c4269ac1c91da9d699a6332066bf		2026-07-17 17:10:32.602519	KhRG
ebb7c4269ac1c91da9d699a6332066bf		2026-07-17 17:10:37.979824	KhRG
ebb7c4269ac1c91da9d699a6332066bf		2026-07-17 17:10:43.554225	KhRG
ebb7c4269ac1c91da9d699a6332066bf		2026-07-17 17:10:48.904371	KhRG
ebb7c4269ac1c91da9d699a6332066bf		2026-07-17 17:10:54.201857	KhRG
ebb7c4269ac1c91da9d699a6332066bf		2026-07-17 17:10:59.335015	KhRG
ebb7c4269ac1c91da9d699a6332066bf		2026-07-17 17:11:04.038900	KhRG
ebb7c4269ac1c91da9d699a6332066bf		2026-07-17 17:11:09.134871	KhRG
ebb7c4269ac1c91da9d699a6332066bf		2026-07-17 17:12:05.464472	KhRG
093fababbaa1823f3fcf712af30b0183		2026-07-17 17:13:13.126774	KhRG
093fababbaa1823f3fcf712af30b0183		2026-07-17 17:16:52.392621	KhRG
093fababbaa1823f3fcf712af30b0183		2026-07-17 17:22:07.285835	KhRG
093fababbaa1823f3fcf712af30b0183		2026-07-17 17:26:30.644911	KhRG
093fababbaa1823f3fcf712af30b0183		2026-07-17 17:29:26.100147	KhRG
ebb7c4269ac1c91da9d699a6332066bf		2026-07-17 17:31:22.828095	KhRG
ebb7c4269ac1c91da9d699a6332066bf		2026-07-17 17:31:28.332001	KhRG
ebb7c4269ac1c91da9d699a6332066bf		2026-07-17 17:31:33.757940	KhRG
ebb7c4269ac1c91da9d699a6332066bf		2026-07-17 17:31:39.188404	KhRG
ebb7c4269ac1c91da9d699a6332066bf		2026-07-17 17:31:49.311294	KhRG
ebb7c4269ac1c91da9d699a6332066bf		2026-07-17 17:31:54.531892	KhRG
ebb7c4269ac1c91da9d699a6332066bf		2026-07-17 17:32:02.057605	KhRG
ebb7c4269ac1c91da9d699a6332066bf		2026-07-17 17:32:07.751787	KhRG
ebb7c4269ac1c91da9d699a6332066bf		2026-07-17 17:32:13.247603	KhRG
ebb7c4269ac1c91da9d699a6332066bf		2026-07-17 17:32:18.476974	KhRG
ebb7c4269ac1c91da9d699a6332066bf		2026-07-17 17:32:47.047423	KhRG
093fababbaa1823f3fcf712af30b0183		2026-07-17 17:36:04.573648	KhRG
3e2ad549b15d324e273b81aef2baabe9		2026-07-17 17:36:29.978467	KhRG
093fababbaa1823f3fcf712af30b0183		2026-07-17 17:38:38.068271	KhRG
093fababbaa1823f3fcf712af30b0183		2026-07-17 18:28:45.227314	KhRG
1a905cd87547fa010839752934d82fef		2026-07-17 18:32:21.010498	KhRG
093fababbaa1823f3fcf712af30b0183		2026-07-17 18:33:27.249665	KhRG
3e2ad549b15d324e273b81aef2baabe9		2026-07-17 19:31:20.345988	KhRG
3e2ad549b15d324e273b81aef2baabe9		2026-07-17 19:40:22.725211	KhRG
093fababbaa1823f3fcf712af30b0183		2026-07-17 21:10:46.385242	KhRG
093fababbaa1823f3fcf712af30b0183		2026-07-17 21:26:54.681512	KhRG
093fababbaa1823f3fcf712af30b0183		2026-07-17 21:31:32.130509	KhRG
093fababbaa1823f3fcf712af30b0183		2026-07-17 21:43:37.880312	KhRG
2f83cdc58a9202fd2ef41d15f43d4862		2026-07-17 23:59:26.404925	KhRG
2f83cdc58a9202fd2ef41d15f43d4862		2026-07-17 23:59:43.829494	KhRG
2f83cdc58a9202fd2ef41d15f43d4862		2026-07-18 00:01:01.530482	KhRG
2f83cdc58a9202fd2ef41d15f43d4862		2026-07-18 00:02:01.625424	KhRG
2f83cdc58a9202fd2ef41d15f43d4862		2026-07-18 00:03:03.527194	KhRG
2f83cdc58a9202fd2ef41d15f43d4862		2026-07-18 00:03:27.545854	KhRG
3e76d5cac2d3be42a324d52aca0fae21		2026-07-18 07:45:29.958998	KhRG
3e76d5cac2d3be42a324d52aca0fae21		2026-07-18 07:46:16.041416	KhRG
3e76d5cac2d3be42a324d52aca0fae21		2026-07-18 07:46:53.003742	KhRG
3e76d5cac2d3be42a324d52aca0fae21		2026-07-18 07:47:30.787675	KhRG
3e76d5cac2d3be42a324d52aca0fae21		2026-07-18 07:48:05.111351	KhRG
3e76d5cac2d3be42a324d52aca0fae21		2026-07-18 07:48:37.845651	KhRG
3e76d5cac2d3be42a324d52aca0fae21		2026-07-18 07:49:02.512098	KhRG
3e76d5cac2d3be42a324d52aca0fae21		2026-07-18 07:49:32.520238	KhRG
3e76d5cac2d3be42a324d52aca0fae21		2026-07-18 07:50:12.615794	KhRG
3e76d5cac2d3be42a324d52aca0fae21		2026-07-18 07:50:37.035272	KhRG
3e76d5cac2d3be42a324d52aca0fae21		2026-07-18 07:51:09.168797	KhRG
3e76d5cac2d3be42a324d52aca0fae21		2026-07-18 07:51:39.180884	KhRG
3e76d5cac2d3be42a324d52aca0fae21		2026-07-18 07:52:45.912645	KhRG
3e76d5cac2d3be42a324d52aca0fae21		2026-07-18 07:54:35.266040	KhRG
3e76d5cac2d3be42a324d52aca0fae21		2026-07-18 07:55:00.210620	KhRG
3e76d5cac2d3be42a324d52aca0fae21		2026-07-18 07:55:26.044482	KhRG
3e76d5cac2d3be42a324d52aca0fae21		2026-07-18 07:55:54.555785	KhRG
3e76d5cac2d3be42a324d52aca0fae21		2026-07-18 07:56:23.344707	KhRG
3e76d5cac2d3be42a324d52aca0fae21		2026-07-18 07:56:53.307292	KhRG
3e76d5cac2d3be42a324d52aca0fae21		2026-07-18 07:57:25.112381	KhRG
3e76d5cac2d3be42a324d52aca0fae21		2026-07-18 07:58:00.999385	KhRG
3e76d5cac2d3be42a324d52aca0fae21		2026-07-18 07:58:38.328376	KhRG
3e76d5cac2d3be42a324d52aca0fae21		2026-07-18 07:59:04.757272	KhRG
3e76d5cac2d3be42a324d52aca0fae21		2026-07-18 07:59:30.947431	KhRG
3e76d5cac2d3be42a324d52aca0fae21		2026-07-18 07:59:54.633263	KhRG
3e76d5cac2d3be42a324d52aca0fae21		2026-07-18 08:01:11.084433	KhRG
3e76d5cac2d3be42a324d52aca0fae21		2026-07-18 08:01:37.517429	KhRG
3e76d5cac2d3be42a324d52aca0fae21		2026-07-18 08:02:15.409669	KhRG
3e76d5cac2d3be42a324d52aca0fae21		2026-07-18 08:02:57.922777	KhRG
3e76d5cac2d3be42a324d52aca0fae21		2026-07-18 08:03:45.351457	KhRG
3e76d5cac2d3be42a324d52aca0fae21		2026-07-18 08:04:20.797056	KhRG
3e76d5cac2d3be42a324d52aca0fae21		2026-07-18 08:04:58.179043	KhRG
3e76d5cac2d3be42a324d52aca0fae21		2026-07-18 08:05:42.023420	KhRG
9c55f9b53bf3a18ff35500e0658886f5		2026-07-18 08:06:17.429520	KhRG
3e76d5cac2d3be42a324d52aca0fae21		2026-07-18 08:06:17.912274	KhRG
3e76d5cac2d3be42a324d52aca0fae21		2026-07-18 08:06:43.119443	KhRG
9c55f9b53bf3a18ff35500e0658886f5		2026-07-18 08:07:31.526928	KhRG
9c55f9b53bf3a18ff35500e0658886f5		2026-07-18 08:07:55.185529	KhRG
9c55f9b53bf3a18ff35500e0658886f5		2026-07-18 08:08:27.854187	KhRG
9c55f9b53bf3a18ff35500e0658886f5		2026-07-18 08:09:31.565235	KhRG
9c55f9b53bf3a18ff35500e0658886f5		2026-07-18 08:18:17.658627	KhRG
9c55f9b53bf3a18ff35500e0658886f5		2026-07-18 08:18:43.164035	KhRG
9c55f9b53bf3a18ff35500e0658886f5		2026-07-18 08:19:49.251530	KhRG
9c55f9b53bf3a18ff35500e0658886f5		2026-07-18 08:21:13.344916	KhRG
9c55f9b53bf3a18ff35500e0658886f5		2026-07-18 08:21:46.671057	KhRG
9c55f9b53bf3a18ff35500e0658886f5		2026-07-18 08:24:35.300843	KhRG
9c55f9b53bf3a18ff35500e0658886f5		2026-07-18 08:26:06.321147	KhRG
9c55f9b53bf3a18ff35500e0658886f5		2026-07-18 08:26:34.140393	KhRG
9c55f9b53bf3a18ff35500e0658886f5		2026-07-18 08:27:08.598124	KhRG
9c55f9b53bf3a18ff35500e0658886f5		2026-07-18 08:28:54.269580	KhRG
9c55f9b53bf3a18ff35500e0658886f5		2026-07-18 08:30:38.263430	KhRG
093fababbaa1823f3fcf712af30b0183		2026-07-18 10:30:05.228422	KhRG
093fababbaa1823f3fcf712af30b0183		2026-07-18 10:37:55.018351	KhRG
093fababbaa1823f3fcf712af30b0183		2026-07-18 11:17:17.064105	KhRG
093fababbaa1823f3fcf712af30b0183		2026-07-18 11:22:47.085481	KhRG
ba6d1a93f80371b95237c0fddc9f2a41		2026-07-18 11:31:38.974341	KhRG
ba6d1a93f80371b95237c0fddc9f2a41		2026-07-18 11:32:22.084605	KhRG
ba6d1a93f80371b95237c0fddc9f2a41		2026-07-18 11:33:24.616025	KhRG
093fababbaa1823f3fcf712af30b0183		2026-07-18 11:45:03.883266	KhRG
093fababbaa1823f3fcf712af30b0183		2026-07-18 11:49:16.131940	KhRG
ba6d1a93f80371b95237c0fddc9f2a41		2026-07-18 11:55:20.514391	KhRG
ba6d1a93f80371b95237c0fddc9f2a41		2026-07-18 11:56:24.915640	KhRG
ba6d1a93f80371b95237c0fddc9f2a41		2026-07-18 11:57:09.882651	KhRG
ba6d1a93f80371b95237c0fddc9f2a41		2026-07-18 11:58:24.062015	KhRG
ba6d1a93f80371b95237c0fddc9f2a41		2026-07-18 12:00:58.270398	KhRG
24ecb3604b56af1e9e8d55eb12fe9629		2026-07-18 12:01:33.899478	KhRG
24ecb3604b56af1e9e8d55eb12fe9629		2026-07-18 12:04:18.610368	KhRG
24ecb3604b56af1e9e8d55eb12fe9629		2026-07-18 12:23:34.813398	KhRG
24ecb3604b56af1e9e8d55eb12fe9629		2026-07-18 12:29:15.835944	KhRG
24ecb3604b56af1e9e8d55eb12fe9629		2026-07-18 12:32:50.326894	KhRG
24ecb3604b56af1e9e8d55eb12fe9629		2026-07-18 12:40:04.811441	KhRG
24ecb3604b56af1e9e8d55eb12fe9629		2026-07-18 12:42:18.264059	KhRG
24ecb3604b56af1e9e8d55eb12fe9629		2026-07-18 12:42:25.009172	KhRG
24ecb3604b56af1e9e8d55eb12fe9629		2026-07-18 12:42:27.115086	KhRG
24ecb3604b56af1e9e8d55eb12fe9629		2026-07-18 12:42:33.531300	KhRG
24ecb3604b56af1e9e8d55eb12fe9629		2026-07-18 12:42:35.258339	KhRG
093fababbaa1823f3fcf712af30b0183		2026-07-18 13:50:26.732921	KhRG
12eb896ff4687805c9ef3f0faf46f3fa		2026-07-18 14:59:17.875335	KhRG
b5831b39f756f2f038bd696bab9bd55e		2026-07-18 16:22:16.241696	KhRG
b5831b39f756f2f038bd696bab9bd55e		2026-07-18 16:22:44.265400	KhRG
b5831b39f756f2f038bd696bab9bd55e		2026-07-18 16:24:33.762872	KhRG
b5831b39f756f2f038bd696bab9bd55e		2026-07-18 16:25:50.995717	KhRG
b5831b39f756f2f038bd696bab9bd55e		2026-07-18 16:26:05.850579	KhRG
b5831b39f756f2f038bd696bab9bd55e		2026-07-18 16:27:31.174121	KhRG
b5831b39f756f2f038bd696bab9bd55e		2026-07-18 16:27:35.994854	KhRG
b5831b39f756f2f038bd696bab9bd55e		2026-07-18 16:27:40.395448	KhRG
b5831b39f756f2f038bd696bab9bd55e		2026-07-18 16:27:44.957810	KhRG
b5831b39f756f2f038bd696bab9bd55e		2026-07-18 16:27:50.451998	KhRG
b5831b39f756f2f038bd696bab9bd55e		2026-07-18 16:28:57.419335	KhRG
b5831b39f756f2f038bd696bab9bd55e		2026-07-18 16:31:39.723766	KhRG
b5831b39f756f2f038bd696bab9bd55e		2026-07-18 16:33:04.866335	KhRG
b5831b39f756f2f038bd696bab9bd55e		2026-07-18 16:35:11.757548	KhRG
b5831b39f756f2f038bd696bab9bd55e		2026-07-18 16:37:56.513893	KhRG
b5831b39f756f2f038bd696bab9bd55e		2026-07-18 16:38:25.090722	KhRG
b5831b39f756f2f038bd696bab9bd55e		2026-07-18 16:40:48.354648	KhRG
b5831b39f756f2f038bd696bab9bd55e		2026-07-18 16:41:06.367436	KhRG
b5831b39f756f2f038bd696bab9bd55e		2026-07-18 16:43:41.047992	KhRG
dd6ac3db440e761acd73d4195a86a0cc		2026-07-18 19:04:21.272216	KhRG
52fb3dfcaceed7483d57f43f5c036db0		2026-07-18 19:34:47.705669	KhRG
b137f3864e4986f57708ce134e573dae		2026-07-19 06:23:59.185927	KhRG
b5831b39f756f2f038bd696bab9bd55e		2026-07-19 08:26:02.353697	KhRG
b5831b39f756f2f038bd696bab9bd55e		2026-07-19 08:30:34.584779	KhRG
b5831b39f756f2f038bd696bab9bd55e		2026-07-19 08:32:33.536410	KhRG
b5831b39f756f2f038bd696bab9bd55e		2026-07-19 08:35:14.596756	KhRG
b5831b39f756f2f038bd696bab9bd55e		2026-07-19 08:35:59.240744	KhRG
b5831b39f756f2f038bd696bab9bd55e		2026-07-19 08:40:52.321376	KhRG
b5831b39f756f2f038bd696bab9bd55e		2026-07-19 08:41:24.796797	KhRG
b5831b39f756f2f038bd696bab9bd55e		2026-07-19 08:42:29.843521	KhRG
b5831b39f756f2f038bd696bab9bd55e		2026-07-19 08:44:53.443519	KhRG
b5831b39f756f2f038bd696bab9bd55e		2026-07-19 08:45:53.474935	KhRG
b5831b39f756f2f038bd696bab9bd55e		2026-07-19 08:46:12.314979	KhRG
b5831b39f756f2f038bd696bab9bd55e		2026-07-19 08:47:25.013276	KhRG
b5831b39f756f2f038bd696bab9bd55e		2026-07-19 09:00:10.433593	KhRG
b5831b39f756f2f038bd696bab9bd55e		2026-07-19 09:10:07.097428	KhRG
c1e0020456c08c72725431695a219a90		2026-07-19 09:55:13.076540	KhRG
c1e0020456c08c72725431695a219a90		2026-07-19 09:55:56.135253	KhRG
c1e0020456c08c72725431695a219a90		2026-07-19 09:58:09.748608	KhRG
c1e0020456c08c72725431695a219a90		2026-07-19 10:00:37.100365	KhRG
587b0ac28a5aa256a62d7cd2a23e6319		2026-07-19 10:08:26.272620	KhRG
c1e0020456c08c72725431695a219a90		2026-07-19 10:10:19.094822	KhRG
c1e0020456c08c72725431695a219a90		2026-07-19 10:11:24.832300	KhRG
b5831b39f756f2f038bd696bab9bd55e		2026-07-19 10:23:31.420010	KhRG
b5831b39f756f2f038bd696bab9bd55e		2026-07-19 10:23:59.319151	KhRG
b137f3864e4986f57708ce134e573dae		2026-07-19 11:38:34.700803	KhRG
b5831b39f756f2f038bd696bab9bd55e		2026-07-19 11:38:57.561020	KhRG
560c78966a41ab21cb920b389b6d15e2		2026-07-19 11:53:19.145133	KhRG
560c78966a41ab21cb920b389b6d15e2		2026-07-19 12:38:14.394797	KhRG
560c78966a41ab21cb920b389b6d15e2		2026-07-19 12:50:45.555026	KhRG
560c78966a41ab21cb920b389b6d15e2		2026-07-19 12:51:13.443528	KhRG
560c78966a41ab21cb920b389b6d15e2		2026-07-19 12:52:05.567807	KhRG
560c78966a41ab21cb920b389b6d15e2		2026-07-19 13:04:33.225798	KhRG
b5831b39f756f2f038bd696bab9bd55e		2026-07-19 13:09:28.127505	KhRG
93f7ae1456fee4ad8a3a007a6abec47b		2026-07-22 07:24:45.551234	KhRG
560c78966a41ab21cb920b389b6d15e2		2026-07-19 13:32:42.596410	KhRG
560c78966a41ab21cb920b389b6d15e2		2026-07-19 13:33:22.205989	KhRG
560c78966a41ab21cb920b389b6d15e2		2026-07-19 13:33:22.292704	KhRG
b06e2f9b2f52aa47a56ebb333ef85eee		2026-07-19 13:41:09.583633	KhRG
b5831b39f756f2f038bd696bab9bd55e		2026-07-19 13:45:59.582913	KhRG
560c78966a41ab21cb920b389b6d15e2		2026-07-19 13:50:46.733575	KhRG
560c78966a41ab21cb920b389b6d15e2		2026-07-19 13:51:32.995432	KhRG
560c78966a41ab21cb920b389b6d15e2		2026-07-19 13:52:16.231795	KhRG
093fababbaa1823f3fcf712af30b0183		2026-07-19 14:47:36.006789	KhRG
093fababbaa1823f3fcf712af30b0183		2026-07-19 14:55:26.274709	KhRG
093fababbaa1823f3fcf712af30b0183		2026-07-19 15:04:33.249491	KhRG
560c78966a41ab21cb920b389b6d15e2		2026-07-19 15:04:39.659918	KhRG
093fababbaa1823f3fcf712af30b0183		2026-07-19 15:10:40.500683	KhRG
560c78966a41ab21cb920b389b6d15e2		2026-07-19 15:24:51.106421	KhRG
560c78966a41ab21cb920b389b6d15e2		2026-07-19 15:25:27.016435	KhRG
560c78966a41ab21cb920b389b6d15e2		2026-07-19 15:25:50.834020	KhRG
093fababbaa1823f3fcf712af30b0183		2026-07-19 15:32:48.537238	KhRG
093fababbaa1823f3fcf712af30b0183		2026-07-19 15:40:11.622842	KhRG
093fababbaa1823f3fcf712af30b0183		2026-07-19 15:49:55.710751	KhRG
dd6ac3db440e761acd73d4195a86a0cc		2026-07-19 15:52:05.282370	KhRG
093fababbaa1823f3fcf712af30b0183		2026-07-19 15:52:09.853264	KhRG
093fababbaa1823f3fcf712af30b0183		2026-07-19 15:55:29.310998	KhRG
093fababbaa1823f3fcf712af30b0183		2026-07-19 15:58:25.989013	KhRG
3e2ad549b15d324e273b81aef2baabe9		2026-07-19 16:08:36.929697	KhRG
3e2ad549b15d324e273b81aef2baabe9		2026-07-19 16:09:04.078853	KhRG
560c78966a41ab21cb920b389b6d15e2		2026-07-19 16:14:47.781898	KhRG
3e2ad549b15d324e273b81aef2baabe9		2026-07-19 16:19:25.393338	KhRG
093fababbaa1823f3fcf712af30b0183		2026-07-19 16:46:43.280849	KhRG
093fababbaa1823f3fcf712af30b0183		2026-07-19 16:50:36.388659	KhRG
093fababbaa1823f3fcf712af30b0183		2026-07-19 16:53:44.921631	KhRG
093fababbaa1823f3fcf712af30b0183		2026-07-19 17:03:15.524339	KhRG
093fababbaa1823f3fcf712af30b0183		2026-07-19 17:04:57.729166	KhRG
093fababbaa1823f3fcf712af30b0183		2026-07-19 17:07:00.632311	KhRG
093fababbaa1823f3fcf712af30b0183		2026-07-19 17:08:44.908373	KhRG
093fababbaa1823f3fcf712af30b0183		2026-07-19 17:10:37.454507	KhRG
b5831b39f756f2f038bd696bab9bd55e		2026-07-19 17:30:53.438751	KhRG
b5831b39f756f2f038bd696bab9bd55e		2026-07-19 17:37:29.818705	KhRG
be082045417881d6fc31a3c25910e2f5		2026-07-19 17:38:15.010669	KhRG
be082045417881d6fc31a3c25910e2f5		2026-07-19 17:38:37.040935	KhRG
b5831b39f756f2f038bd696bab9bd55e		2026-07-19 17:39:59.198540	KhRG
b5831b39f756f2f038bd696bab9bd55e		2026-07-19 17:45:30.613563	KhRG
b5831b39f756f2f038bd696bab9bd55e		2026-07-19 17:47:42.115671	KhRG
be082045417881d6fc31a3c25910e2f5		2026-07-19 18:13:54.239697	KhRG
be082045417881d6fc31a3c25910e2f5		2026-07-19 18:18:31.087562	KhRG
be082045417881d6fc31a3c25910e2f5		2026-07-19 18:19:39.556611	KhRG
be082045417881d6fc31a3c25910e2f5		2026-07-19 18:20:07.306690	KhRG
be082045417881d6fc31a3c25910e2f5		2026-07-19 18:29:18.986770	KhRG
be082045417881d6fc31a3c25910e2f5		2026-07-19 18:34:33.379082	KhRG
be082045417881d6fc31a3c25910e2f5		2026-07-19 18:34:58.396440	KhRG
be082045417881d6fc31a3c25910e2f5		2026-07-19 18:35:21.669844	KhRG
be082045417881d6fc31a3c25910e2f5		2026-07-19 18:35:34.310229	KhRG
be082045417881d6fc31a3c25910e2f5		2026-07-19 18:37:44.999103	KhRG
be082045417881d6fc31a3c25910e2f5		2026-07-19 18:38:50.822837	KhRG
be082045417881d6fc31a3c25910e2f5		2026-07-19 18:39:11.052459	KhRG
be082045417881d6fc31a3c25910e2f5		2026-07-19 18:40:20.599329	KhRG
be082045417881d6fc31a3c25910e2f5		2026-07-19 18:44:08.331466	KhRG
be082045417881d6fc31a3c25910e2f5		2026-07-19 18:44:44.246265	KhRG
93f7ae1456fee4ad8a3a007a6abec47b		2026-07-22 07:40:52.949214	KhRG
be082045417881d6fc31a3c25910e2f5		2026-07-19 18:45:22.909967	KhRG
c1e0020456c08c72725431695a219a90		2026-07-19 19:30:25.972362	KhRG
093fababbaa1823f3fcf712af30b0183		2026-07-19 21:05:50.423907	KhRG
093fababbaa1823f3fcf712af30b0183		2026-07-19 21:10:16.558881	KhRG
093fababbaa1823f3fcf712af30b0183		2026-07-19 21:15:37.804395	KhRG
093fababbaa1823f3fcf712af30b0183		2026-07-19 21:17:50.616977	KhRG
093fababbaa1823f3fcf712af30b0183		2026-07-19 21:24:35.859281	KhRG
093fababbaa1823f3fcf712af30b0183		2026-07-19 21:31:24.033920	KhRG
093fababbaa1823f3fcf712af30b0183		2026-07-19 21:32:47.648918	KhRG
093fababbaa1823f3fcf712af30b0183		2026-07-19 21:49:29.582405	KhRG
093fababbaa1823f3fcf712af30b0183		2026-07-19 21:52:38.950703	KhRG
093fababbaa1823f3fcf712af30b0183		2026-07-19 21:54:16.658262	KhRG
093fababbaa1823f3fcf712af30b0183		2026-07-19 21:57:21.228293	KhRG
093fababbaa1823f3fcf712af30b0183		2026-07-19 21:59:12.704953	KhRG
093fababbaa1823f3fcf712af30b0183		2026-07-19 22:01:01.055802	KhRG
093fababbaa1823f3fcf712af30b0183		2026-07-19 22:14:13.698875	KhRG
093fababbaa1823f3fcf712af30b0183		2026-07-19 22:15:40.119358	KhRG
093fababbaa1823f3fcf712af30b0183		2026-07-19 22:28:48.573057	KhRG
093fababbaa1823f3fcf712af30b0183		2026-07-19 22:36:57.126609	KhRG
093fababbaa1823f3fcf712af30b0183		2026-07-19 22:38:46.815096	KhRG
093fababbaa1823f3fcf712af30b0183		2026-07-19 22:42:20.735201	KhRG
093fababbaa1823f3fcf712af30b0183		2026-07-19 22:43:30.099444	KhRG
093fababbaa1823f3fcf712af30b0183		2026-07-19 22:47:06.771326	KhRG
093fababbaa1823f3fcf712af30b0183		2026-07-19 22:49:21.943994	KhRG
093fababbaa1823f3fcf712af30b0183		2026-07-19 22:55:34.829004	KhRG
a688763a3bd436a92a3cd13719539d55		2026-07-19 23:56:57.500667	KhRG
2842bb062ad26a1fcb06eca4d5056731		2026-07-20 04:45:49.306868	KhRG
2842bb062ad26a1fcb06eca4d5056731		2026-07-20 05:31:22.160837	KhRG
3182edb9fbad168c2e14bdb071f55c7b		2026-07-20 05:35:54.068471	KhRG
3182edb9fbad168c2e14bdb071f55c7b		2026-07-20 05:36:07.326343	KhRG
3182edb9fbad168c2e14bdb071f55c7b		2026-07-20 05:36:49.969610	KhRG
3182edb9fbad168c2e14bdb071f55c7b		2026-07-20 05:37:24.498589	KhRG
3182edb9fbad168c2e14bdb071f55c7b		2026-07-20 05:37:42.486155	KhRG
3182edb9fbad168c2e14bdb071f55c7b		2026-07-20 05:37:50.383507	KhRG
3182edb9fbad168c2e14bdb071f55c7b		2026-07-20 05:37:56.393965	KhRG
3182edb9fbad168c2e14bdb071f55c7b		2026-07-20 05:38:02.275657	KhRG
3182edb9fbad168c2e14bdb071f55c7b		2026-07-20 05:38:08.582912	KhRG
3182edb9fbad168c2e14bdb071f55c7b		2026-07-20 05:38:18.884251	KhRG
3182edb9fbad168c2e14bdb071f55c7b		2026-07-20 05:40:58.313968	KhRG
3182edb9fbad168c2e14bdb071f55c7b		2026-07-20 06:52:18.790367	KhRG
3182edb9fbad168c2e14bdb071f55c7b		2026-07-20 08:04:29.390062	KhRG
3182edb9fbad168c2e14bdb071f55c7b		2026-07-20 08:05:26.300696	KhRG
3182edb9fbad168c2e14bdb071f55c7b		2026-07-20 08:05:53.822222	KhRG
3182edb9fbad168c2e14bdb071f55c7b		2026-07-20 08:06:00.555341	KhRG
3182edb9fbad168c2e14bdb071f55c7b		2026-07-20 08:07:11.522965	KhRG
3182edb9fbad168c2e14bdb071f55c7b		2026-07-20 08:08:10.315404	KhRG
3182edb9fbad168c2e14bdb071f55c7b		2026-07-20 08:08:32.551480	KhRG
29899c5593ceebc5bd769a2c65b41cee		2026-07-20 08:10:52.037774	KhRG
dd6ac3db440e761acd73d4195a86a0cc		2026-07-24 19:34:01.679213	KhRG
29899c5593ceebc5bd769a2c65b41cee		2026-07-20 08:11:26.747270	KhRG
29899c5593ceebc5bd769a2c65b41cee		2026-07-20 08:12:01.093992	KhRG
12eb896ff4687805c9ef3f0faf46f3fa		2026-07-20 08:12:30.693671	KhRG
12eb896ff4687805c9ef3f0faf46f3fa		2026-07-20 08:13:01.657762	KhRG
29899c5593ceebc5bd769a2c65b41cee		2026-07-20 08:13:41.094935	KhRG
12eb896ff4687805c9ef3f0faf46f3fa		2026-07-20 08:14:02.850760	KhRG
29899c5593ceebc5bd769a2c65b41cee		2026-07-20 08:14:35.650301	KhRG
29899c5593ceebc5bd769a2c65b41cee		2026-07-20 08:14:48.994882	KhRG
12eb896ff4687805c9ef3f0faf46f3fa		2026-07-20 08:14:52.089159	KhRG
12eb896ff4687805c9ef3f0faf46f3fa		2026-07-20 08:15:20.520372	KhRG
29899c5593ceebc5bd769a2c65b41cee		2026-07-20 08:15:27.253114	KhRG
12eb896ff4687805c9ef3f0faf46f3fa		2026-07-20 08:16:21.676030	KhRG
12eb896ff4687805c9ef3f0faf46f3fa		2026-07-20 08:17:54.001226	KhRG
29899c5593ceebc5bd769a2c65b41cee		2026-07-20 08:19:34.066664	KhRG
12eb896ff4687805c9ef3f0faf46f3fa		2026-07-20 08:19:45.041394	KhRG
29899c5593ceebc5bd769a2c65b41cee		2026-07-20 08:19:48.075828	KhRG
12eb896ff4687805c9ef3f0faf46f3fa		2026-07-20 08:20:56.904096	KhRG
29899c5593ceebc5bd769a2c65b41cee		2026-07-20 08:21:12.902929	KhRG
12eb896ff4687805c9ef3f0faf46f3fa		2026-07-20 08:21:45.787091	KhRG
29899c5593ceebc5bd769a2c65b41cee		2026-07-20 08:22:02.569774	KhRG
29899c5593ceebc5bd769a2c65b41cee		2026-07-20 08:22:57.479176	KhRG
29899c5593ceebc5bd769a2c65b41cee		2026-07-20 08:23:29.141247	KhRG
12eb896ff4687805c9ef3f0faf46f3fa		2026-07-20 08:23:42.793291	KhRG
12eb896ff4687805c9ef3f0faf46f3fa		2026-07-20 08:24:34.736056	KhRG
12eb896ff4687805c9ef3f0faf46f3fa		2026-07-20 08:24:49.027517	KhRG
29899c5593ceebc5bd769a2c65b41cee		2026-07-20 08:25:55.339243	KhRG
29899c5593ceebc5bd769a2c65b41cee		2026-07-20 08:25:57.884166	KhRG
29899c5593ceebc5bd769a2c65b41cee		2026-07-20 08:26:00.903453	KhRG
29899c5593ceebc5bd769a2c65b41cee		2026-07-20 08:31:15.021371	KhRG
12eb896ff4687805c9ef3f0faf46f3fa		2026-07-20 08:31:34.028844	KhRG
29899c5593ceebc5bd769a2c65b41cee		2026-07-20 08:31:45.276817	KhRG
29899c5593ceebc5bd769a2c65b41cee		2026-07-20 08:32:28.725490	KhRG
29899c5593ceebc5bd769a2c65b41cee		2026-07-20 08:32:57.378479	KhRG
29899c5593ceebc5bd769a2c65b41cee		2026-07-20 08:33:27.937743	KhRG
3182edb9fbad168c2e14bdb071f55c7b		2026-07-20 08:33:57.808843	KhRG
3182edb9fbad168c2e14bdb071f55c7b		2026-07-20 08:34:14.691187	KhRG
29899c5593ceebc5bd769a2c65b41cee		2026-07-20 08:34:22.052161	KhRG
12eb896ff4687805c9ef3f0faf46f3fa		2026-07-20 08:34:54.246528	KhRG
29899c5593ceebc5bd769a2c65b41cee		2026-07-20 08:35:00.611270	KhRG
12eb896ff4687805c9ef3f0faf46f3fa		2026-07-20 08:35:39.878281	KhRG
3182edb9fbad168c2e14bdb071f55c7b		2026-07-20 08:35:54.446664	KhRG
29899c5593ceebc5bd769a2c65b41cee		2026-07-20 08:36:01.180427	KhRG
3182edb9fbad168c2e14bdb071f55c7b		2026-07-20 08:36:18.392145	KhRG
3182edb9fbad168c2e14bdb071f55c7b		2026-07-20 08:36:27.475934	KhRG
3182edb9fbad168c2e14bdb071f55c7b		2026-07-20 08:36:35.625749	KhRG
29899c5593ceebc5bd769a2c65b41cee		2026-07-20 08:36:39.983697	KhRG
3182edb9fbad168c2e14bdb071f55c7b		2026-07-20 08:36:43.123809	KhRG
3182edb9fbad168c2e14bdb071f55c7b		2026-07-20 08:36:50.510487	KhRG
3182edb9fbad168c2e14bdb071f55c7b		2026-07-20 08:36:58.205702	KhRG
3182edb9fbad168c2e14bdb071f55c7b		2026-07-20 08:37:05.332657	KhRG
29899c5593ceebc5bd769a2c65b41cee		2026-07-20 08:37:23.485637	KhRG
3182edb9fbad168c2e14bdb071f55c7b		2026-07-20 08:37:31.647621	KhRG
3182edb9fbad168c2e14bdb071f55c7b		2026-07-20 08:38:02.028218	KhRG
29899c5593ceebc5bd769a2c65b41cee		2026-07-20 08:38:08.619772	KhRG
3182edb9fbad168c2e14bdb071f55c7b		2026-07-20 08:38:22.157111	KhRG
3182edb9fbad168c2e14bdb071f55c7b		2026-07-20 08:38:34.869952	KhRG
29899c5593ceebc5bd769a2c65b41cee		2026-07-20 08:40:10.243716	KhRG
29899c5593ceebc5bd769a2c65b41cee		2026-07-20 08:40:44.343956	KhRG
29899c5593ceebc5bd769a2c65b41cee		2026-07-20 08:41:21.177932	KhRG
29899c5593ceebc5bd769a2c65b41cee		2026-07-20 08:41:49.441948	KhRG
12eb896ff4687805c9ef3f0faf46f3fa		2026-07-20 08:42:05.108792	KhRG
29899c5593ceebc5bd769a2c65b41cee		2026-07-20 08:43:32.849624	KhRG
29899c5593ceebc5bd769a2c65b41cee		2026-07-20 08:44:03.743610	KhRG
3182edb9fbad168c2e14bdb071f55c7b		2026-07-20 08:44:16.530826	KhRG
29899c5593ceebc5bd769a2c65b41cee		2026-07-20 08:44:37.134032	KhRG
29899c5593ceebc5bd769a2c65b41cee		2026-07-20 08:49:02.396551	KhRG
93f7ae1456fee4ad8a3a007a6abec47b		2026-07-27 11:20:45.329359	KhRG
12eb896ff4687805c9ef3f0faf46f3fa		2026-07-20 08:49:25.373768	KhRG
29899c5593ceebc5bd769a2c65b41cee		2026-07-20 08:49:31.228926	KhRG
12eb896ff4687805c9ef3f0faf46f3fa		2026-07-20 08:50:08.487461	KhRG
29899c5593ceebc5bd769a2c65b41cee		2026-07-20 08:50:20.030172	KhRG
29899c5593ceebc5bd769a2c65b41cee		2026-07-20 08:50:21.831172	KhRG
29899c5593ceebc5bd769a2c65b41cee		2026-07-20 08:50:22.824907	KhRG
29899c5593ceebc5bd769a2c65b41cee		2026-07-20 08:50:23.622052	KhRG
12eb896ff4687805c9ef3f0faf46f3fa		2026-07-20 08:50:32.550747	KhRG
12eb896ff4687805c9ef3f0faf46f3fa		2026-07-20 08:50:38.845442	KhRG
12eb896ff4687805c9ef3f0faf46f3fa		2026-07-20 08:52:59.849955	KhRG
29899c5593ceebc5bd769a2c65b41cee		2026-07-20 08:53:29.581224	KhRG
29899c5593ceebc5bd769a2c65b41cee		2026-07-20 08:54:07.788026	KhRG
29899c5593ceebc5bd769a2c65b41cee		2026-07-20 08:54:41.036681	KhRG
29899c5593ceebc5bd769a2c65b41cee		2026-07-20 08:55:12.006281	KhRG
29899c5593ceebc5bd769a2c65b41cee		2026-07-20 08:55:34.372424	KhRG
3182edb9fbad168c2e14bdb071f55c7b		2026-07-20 08:55:38.254721	KhRG
29899c5593ceebc5bd769a2c65b41cee		2026-07-20 08:56:00.465957	KhRG
29899c5593ceebc5bd769a2c65b41cee		2026-07-20 08:56:22.508742	KhRG
29899c5593ceebc5bd769a2c65b41cee		2026-07-20 08:56:50.457656	KhRG
29899c5593ceebc5bd769a2c65b41cee		2026-07-20 08:56:56.058303	KhRG
93f7ae1456fee4ad8a3a007a6abec47b		2026-07-27 11:20:57.368693	KhRG
29899c5593ceebc5bd769a2c65b41cee		2026-07-20 08:57:00.974872	KhRG
29899c5593ceebc5bd769a2c65b41cee		2026-07-20 08:57:10.208273	KhRG
29899c5593ceebc5bd769a2c65b41cee		2026-07-20 08:57:15.189232	KhRG
29899c5593ceebc5bd769a2c65b41cee		2026-07-20 08:57:20.460748	KhRG
29899c5593ceebc5bd769a2c65b41cee		2026-07-20 08:57:25.342644	KhRG
29899c5593ceebc5bd769a2c65b41cee		2026-07-20 08:57:30.452516	KhRG
29899c5593ceebc5bd769a2c65b41cee		2026-07-20 08:57:35.509458	KhRG
29899c5593ceebc5bd769a2c65b41cee		2026-07-20 08:57:47.581300	KhRG
29899c5593ceebc5bd769a2c65b41cee		2026-07-20 08:58:29.062962	KhRG
29899c5593ceebc5bd769a2c65b41cee		2026-07-20 08:58:56.063175	KhRG
b5831b39f756f2f038bd696bab9bd55e		2026-07-20 09:21:19.643611	KhRG
b5831b39f756f2f038bd696bab9bd55e		2026-07-20 09:21:57.766750	KhRG
2194afa616757365545abb57e7dfa702		2026-07-20 09:41:34.236685	KhRG
2194afa616757365545abb57e7dfa702		2026-07-20 09:42:58.132169	KhRG
a688763a3bd436a92a3cd13719539d55		2026-07-20 09:56:23.746784	KhRG
c0d064a9c2e2c155332f2cae5b12b8d8		2026-07-20 10:03:06.451653	KhRG
2194afa616757365545abb57e7dfa702		2026-07-20 10:06:09.937985	KhRG
2194afa616757365545abb57e7dfa702		2026-07-20 10:06:47.445156	KhRG
2194afa616757365545abb57e7dfa702		2026-07-20 10:07:27.893185	KhRG
b5831b39f756f2f038bd696bab9bd55e		2026-07-20 10:13:47.946836	KhRG
be082045417881d6fc31a3c25910e2f5		2026-07-20 10:15:07.912857	KhRG
2194afa616757365545abb57e7dfa702		2026-07-20 10:17:13.982207	KhRG
be082045417881d6fc31a3c25910e2f5		2026-07-20 10:17:20.980710	KhRG
2194afa616757365545abb57e7dfa702		2026-07-20 10:17:36.654615	KhRG
be082045417881d6fc31a3c25910e2f5		2026-07-20 10:17:45.147041	KhRG
2194afa616757365545abb57e7dfa702		2026-07-20 10:18:01.749428	KhRG
be082045417881d6fc31a3c25910e2f5		2026-07-20 10:18:06.238277	KhRG
2194afa616757365545abb57e7dfa702		2026-07-20 10:18:57.249106	KhRG
2194afa616757365545abb57e7dfa702		2026-07-20 10:19:11.284603	KhRG
2194afa616757365545abb57e7dfa702		2026-07-20 10:19:32.368049	KhRG
2194afa616757365545abb57e7dfa702		2026-07-20 10:19:53.561381	KhRG
2194afa616757365545abb57e7dfa702		2026-07-20 10:20:32.803160	KhRG
b5831b39f756f2f038bd696bab9bd55e		2026-07-20 10:27:21.656822	KhRG
6a5509f1e24c15da9daf8d458e3c954b		2026-07-20 10:40:35.019560	KhRG
6a5509f1e24c15da9daf8d458e3c954b		2026-07-20 10:44:29.130701	KhRG
6a5509f1e24c15da9daf8d458e3c954b		2026-07-20 10:45:05.225731	KhRG
b137f3864e4986f57708ce134e573dae		2026-07-20 11:02:12.729974	KhRG
12eb896ff4687805c9ef3f0faf46f3fa		2026-07-20 11:17:23.338578	KhRG
12eb896ff4687805c9ef3f0faf46f3fa		2026-07-20 11:24:38.194285	KhRG
12eb896ff4687805c9ef3f0faf46f3fa		2026-07-20 11:26:26.127995	KhRG
12eb896ff4687805c9ef3f0faf46f3fa		2026-07-20 11:26:59.705639	KhRG
093fababbaa1823f3fcf712af30b0183		2026-07-20 11:34:51.007678	KhRG
093fababbaa1823f3fcf712af30b0183		2026-07-20 11:37:54.207809	KhRG
093fababbaa1823f3fcf712af30b0183		2026-07-20 11:44:43.441451	KhRG
b5831b39f756f2f038bd696bab9bd55e		2026-07-20 12:05:08.477377	KhRG
b5831b39f756f2f038bd696bab9bd55e		2026-07-20 12:05:48.148261	KhRG
b5831b39f756f2f038bd696bab9bd55e		2026-07-20 12:07:12.633011	KhRG
b5831b39f756f2f038bd696bab9bd55e		2026-07-20 12:13:41.586378	KhRG
b5831b39f756f2f038bd696bab9bd55e		2026-07-20 12:14:09.549673	KhRG
3182edb9fbad168c2e14bdb071f55c7b		2026-07-20 12:21:33.312893	KhRG
b5831b39f756f2f038bd696bab9bd55e		2026-07-20 12:22:52.061439	KhRG
b5831b39f756f2f038bd696bab9bd55e		2026-07-20 12:23:42.709025	KhRG
b5831b39f756f2f038bd696bab9bd55e		2026-07-20 12:23:58.042039	KhRG
b5831b39f756f2f038bd696bab9bd55e		2026-07-20 12:24:12.260624	KhRG
b5831b39f756f2f038bd696bab9bd55e		2026-07-20 12:27:10.636367	KhRG
b5831b39f756f2f038bd696bab9bd55e		2026-07-20 12:29:23.438851	KhRG
3182edb9fbad168c2e14bdb071f55c7b		2026-07-20 12:30:54.419489	KhRG
b6fb68a3ee5b7eaa77e0298656c4669b		2026-07-20 12:39:29.118481	KhRG
b6fb68a3ee5b7eaa77e0298656c4669b		2026-07-20 12:42:44.788375	KhRG
86438625037ce76d1ad3958131f4d170		2026-07-20 13:07:07.886862	KhRG
86438625037ce76d1ad3958131f4d170		2026-07-20 13:08:01.746274	KhRG
86438625037ce76d1ad3958131f4d170		2026-07-20 13:08:33.554569	KhRG
93f7ae1456fee4ad8a3a007a6abec47b		2026-07-27 11:21:03.115367	KhRG
86438625037ce76d1ad3958131f4d170		2026-07-20 13:10:31.135404	KhRG
86438625037ce76d1ad3958131f4d170		2026-07-20 13:16:52.692753	KhRG
86438625037ce76d1ad3958131f4d170		2026-07-20 13:18:05.593272	KhRG
86438625037ce76d1ad3958131f4d170		2026-07-20 13:19:12.383110	KhRG
b059508198ca9642fe32fa1329c4b3c7		2026-07-20 13:19:51.762996	KhRG
b059508198ca9642fe32fa1329c4b3c7		2026-07-20 13:20:36.621057	KhRG
b059508198ca9642fe32fa1329c4b3c7		2026-07-20 13:20:51.275495	KhRG
efabd73427558c38182f22daacafb18a		2026-07-20 13:21:29.324307	KhRG
86438625037ce76d1ad3958131f4d170		2026-07-20 13:22:20.450937	KhRG
86438625037ce76d1ad3958131f4d170		2026-07-20 13:24:05.459516	KhRG
b059508198ca9642fe32fa1329c4b3c7		2026-07-20 13:27:54.399416	KhRG
b059508198ca9642fe32fa1329c4b3c7		2026-07-20 13:28:05.667294	KhRG
b059508198ca9642fe32fa1329c4b3c7		2026-07-20 13:28:45.556015	KhRG
b059508198ca9642fe32fa1329c4b3c7		2026-07-20 13:30:19.229364	KhRG
b059508198ca9642fe32fa1329c4b3c7		2026-07-20 13:30:29.156949	KhRG
b059508198ca9642fe32fa1329c4b3c7		2026-07-20 13:34:56.709223	KhRG
b059508198ca9642fe32fa1329c4b3c7		2026-07-20 13:34:58.386668	KhRG
b059508198ca9642fe32fa1329c4b3c7		2026-07-20 13:35:00.901123	KhRG
b059508198ca9642fe32fa1329c4b3c7		2026-07-20 13:37:54.049002	KhRG
93f7ae1456fee4ad8a3a007a6abec47b		2026-07-27 11:21:09.529802	KhRG
b059508198ca9642fe32fa1329c4b3c7		2026-07-20 13:38:21.906519	KhRG
cc642c5061e9d6a5b399b120351314f4		2026-07-20 13:40:08.638223	KhRG
86438625037ce76d1ad3958131f4d170		2026-07-20 13:40:23.459275	KhRG
b059508198ca9642fe32fa1329c4b3c7		2026-07-20 13:42:29.570627	KhRG
e04d56999d2c8b4b82db1c7b4aee0ce8		2026-07-20 13:44:33.531405	KhRG
86438625037ce76d1ad3958131f4d170		2026-07-20 13:46:26.068368	KhRG
86438625037ce76d1ad3958131f4d170		2026-07-20 13:46:54.009801	KhRG
5d0a667d5344aff387f6c43b9acbb407		2026-07-20 13:48:22.866682	KhRG
5d0a667d5344aff387f6c43b9acbb407		2026-07-20 13:49:12.052800	KhRG
5d0a667d5344aff387f6c43b9acbb407		2026-07-20 13:50:24.683787	KhRG
86438625037ce76d1ad3958131f4d170		2026-07-20 13:50:24.723726	KhRG
86438625037ce76d1ad3958131f4d170		2026-07-20 13:52:00.085772	KhRG
e04d56999d2c8b4b82db1c7b4aee0ce8		2026-07-20 13:55:27.023402	KhRG
e04d56999d2c8b4b82db1c7b4aee0ce8		2026-07-20 14:16:54.343401	KhRG
b5831b39f756f2f038bd696bab9bd55e		2026-07-20 14:19:48.063309	KhRG
b137f3864e4986f57708ce134e573dae		2026-07-20 14:20:19.386035	KhRG
b5831b39f756f2f038bd696bab9bd55e		2026-07-20 14:22:20.983606	KhRG
b5831b39f756f2f038bd696bab9bd55e		2026-07-20 14:25:15.317893	KhRG
b5831b39f756f2f038bd696bab9bd55e		2026-07-20 14:25:49.920191	KhRG
e04d56999d2c8b4b82db1c7b4aee0ce8		2026-07-20 14:35:26.315112	KhRG
4290fa4965624e0ce5a1ef8b160f7566		2026-07-20 14:39:52.456412	KhRG
4290fa4965624e0ce5a1ef8b160f7566		2026-07-20 14:40:35.569977	KhRG
4290fa4965624e0ce5a1ef8b160f7566		2026-07-20 14:41:43.943042	KhRG
4290fa4965624e0ce5a1ef8b160f7566		2026-07-20 14:42:15.967659	KhRG
e04d56999d2c8b4b82db1c7b4aee0ce8		2026-07-20 14:42:39.141626	KhRG
093fababbaa1823f3fcf712af30b0183		2026-07-20 14:43:07.335409	KhRG
4290fa4965624e0ce5a1ef8b160f7566		2026-07-20 14:52:32.030605	KhRG
e04d56999d2c8b4b82db1c7b4aee0ce8		2026-07-20 14:52:36.859888	KhRG
4290fa4965624e0ce5a1ef8b160f7566		2026-07-20 14:56:59.631875	KhRG
4290fa4965624e0ce5a1ef8b160f7566		2026-07-20 15:05:51.406702	KhRG
4290fa4965624e0ce5a1ef8b160f7566		2026-07-20 15:08:11.497782	KhRG
3e2ad549b15d324e273b81aef2baabe9		2026-07-20 16:04:26.103066	KhRG
3e2ad549b15d324e273b81aef2baabe9		2026-07-20 16:04:48.777063	KhRG
61683e89009c326a86014592e5e77abe		2026-07-20 16:24:54.281606	KhRG
61683e89009c326a86014592e5e77abe		2026-07-20 16:42:27.837481	KhRG
61683e89009c326a86014592e5e77abe		2026-07-20 16:42:46.332812	KhRG
8ad9d3f96ac49b0793f6e721d610d5f6		2026-07-20 16:44:35.015926	KhRG
61683e89009c326a86014592e5e77abe		2026-07-20 16:47:01.566364	KhRG
61683e89009c326a86014592e5e77abe		2026-07-20 16:49:33.590459	KhRG
8ad9d3f96ac49b0793f6e721d610d5f6		2026-07-20 17:13:22.569288	KhRG
b164ad30a6c3770c5c6b96b01256a10f		2026-07-20 20:00:44.131810	KhRG
b164ad30a6c3770c5c6b96b01256a10f		2026-07-20 20:04:08.300277	KhRG
b164ad30a6c3770c5c6b96b01256a10f		2026-07-20 20:07:49.828164	KhRG
b164ad30a6c3770c5c6b96b01256a10f		2026-07-20 20:09:41.643650	KhRG
b164ad30a6c3770c5c6b96b01256a10f		2026-07-20 20:10:24.285569	KhRG
b164ad30a6c3770c5c6b96b01256a10f		2026-07-20 20:14:14.627773	KhRG
b164ad30a6c3770c5c6b96b01256a10f		2026-07-20 20:19:28.447210	KhRG
093fababbaa1823f3fcf712af30b0183		2026-07-20 20:39:16.729584	KhRG
093fababbaa1823f3fcf712af30b0183		2026-07-20 20:40:52.594638	KhRG
093fababbaa1823f3fcf712af30b0183		2026-07-20 20:42:57.929687	KhRG
093fababbaa1823f3fcf712af30b0183		2026-07-20 20:47:28.284670	KhRG
093fababbaa1823f3fcf712af30b0183		2026-07-20 20:49:24.538958	KhRG
093fababbaa1823f3fcf712af30b0183		2026-07-20 20:57:24.161649	KhRG
093fababbaa1823f3fcf712af30b0183		2026-07-20 20:59:49.957536	KhRG
67447bab9110db00d527466f96a8ec70		2026-07-21 07:29:53.266868	KhRG
67447bab9110db00d527466f96a8ec70		2026-07-21 07:30:32.346111	KhRG
student		2026-07-21 08:00:52.489939	KhRG
86438625037ce76d1ad3958131f4d170		2026-07-21 08:23:03.357660	KhRG
86438625037ce76d1ad3958131f4d170		2026-07-21 08:23:25.982690	KhRG
93f7ae1456fee4ad8a3a007a6abec47b		2026-07-27 11:21:15.201949	KhRG
86438625037ce76d1ad3958131f4d170		2026-07-21 08:24:54.545659	KhRG
86438625037ce76d1ad3958131f4d170		2026-07-21 08:25:29.089918	KhRG
86438625037ce76d1ad3958131f4d170		2026-07-21 08:27:26.186939	KhRG
86438625037ce76d1ad3958131f4d170		2026-07-21 08:27:49.119160	KhRG
86438625037ce76d1ad3958131f4d170		2026-07-21 08:31:56.751958	KhRG
86438625037ce76d1ad3958131f4d170		2026-07-21 08:34:30.964536	KhRG
86438625037ce76d1ad3958131f4d170		2026-07-21 08:34:52.667082	KhRG
86438625037ce76d1ad3958131f4d170		2026-07-21 08:37:07.247595	KhRG
86438625037ce76d1ad3958131f4d170		2026-07-21 08:38:11.133345	KhRG
86438625037ce76d1ad3958131f4d170		2026-07-21 08:39:26.319862	KhRG
86438625037ce76d1ad3958131f4d170		2026-07-21 08:39:50.893596	KhRG
86438625037ce76d1ad3958131f4d170		2026-07-21 08:40:14.264602	KhRG
86438625037ce76d1ad3958131f4d170		2026-07-21 08:51:20.285285	KhRG
86438625037ce76d1ad3958131f4d170		2026-07-21 08:53:27.732797	KhRG
86438625037ce76d1ad3958131f4d170		2026-07-21 08:59:32.415174	KhRG
86438625037ce76d1ad3958131f4d170		2026-07-21 09:01:41.572148	KhRG
86438625037ce76d1ad3958131f4d170		2026-07-21 09:03:14.942179	KhRG
86438625037ce76d1ad3958131f4d170		2026-07-21 09:04:00.194034	KhRG
86438625037ce76d1ad3958131f4d170		2026-07-21 09:04:57.458710	KhRG
86438625037ce76d1ad3958131f4d170		2026-07-21 09:09:04.863439	KhRG
93f7ae1456fee4ad8a3a007a6abec47b		2026-07-21 09:09:37.933815	KhRG
86438625037ce76d1ad3958131f4d170		2026-07-21 09:10:24.874751	KhRG
93f7ae1456fee4ad8a3a007a6abec47b		2026-07-21 09:10:32.982168	KhRG
86438625037ce76d1ad3958131f4d170		2026-07-21 09:12:40.917748	KhRG
86438625037ce76d1ad3958131f4d170		2026-07-21 09:13:59.637907	KhRG
86438625037ce76d1ad3958131f4d170		2026-07-21 09:16:23.134240	KhRG
86438625037ce76d1ad3958131f4d170		2026-07-21 09:17:55.471803	KhRG
86438625037ce76d1ad3958131f4d170		2026-07-21 09:20:53.036771	KhRG
86438625037ce76d1ad3958131f4d170		2026-07-21 09:24:49.977550	KhRG
86438625037ce76d1ad3958131f4d170		2026-07-21 09:25:21.290793	KhRG
0339eb07281c5c9bbe52cab7a9f8ff17		2026-07-21 09:26:08.140259	KhRG
0339eb07281c5c9bbe52cab7a9f8ff17		2026-07-21 09:26:49.239467	KhRG
86438625037ce76d1ad3958131f4d170		2026-07-21 09:27:09.528166	KhRG
86438625037ce76d1ad3958131f4d170		2026-07-21 09:30:15.449901	KhRG
560c78966a41ab21cb920b389b6d15e2		2026-07-21 09:30:22.568138	KhRG
560c78966a41ab21cb920b389b6d15e2		2026-07-21 09:38:42.811073	KhRG
560c78966a41ab21cb920b389b6d15e2		2026-07-21 09:42:11.058557	KhRG
93f7ae1456fee4ad8a3a007a6abec47b		2026-07-21 09:52:14.197514	KhRG
93f7ae1456fee4ad8a3a007a6abec47b		2026-07-21 09:52:19.145403	KhRG
93f7ae1456fee4ad8a3a007a6abec47b		2026-07-21 09:52:29.191439	KhRG
93f7ae1456fee4ad8a3a007a6abec47b		2026-07-21 09:52:33.807992	KhRG
93f7ae1456fee4ad8a3a007a6abec47b		2026-07-21 09:52:38.248061	KhRG
93f7ae1456fee4ad8a3a007a6abec47b		2026-07-21 09:52:43.073810	KhRG
93f7ae1456fee4ad8a3a007a6abec47b		2026-07-21 09:52:51.515368	KhRG
93f7ae1456fee4ad8a3a007a6abec47b		2026-07-21 09:53:03.951757	KhRG
93f7ae1456fee4ad8a3a007a6abec47b		2026-07-21 09:53:08.878593	KhRG
93f7ae1456fee4ad8a3a007a6abec47b		2026-07-21 09:53:13.877356	KhRG
0339eb07281c5c9bbe52cab7a9f8ff17		2026-07-21 09:56:45.589592	KhRG
93f7ae1456fee4ad8a3a007a6abec47b		2026-07-21 09:57:02.354710	KhRG
0339eb07281c5c9bbe52cab7a9f8ff17		2026-07-21 10:00:47.383236	KhRG
0339eb07281c5c9bbe52cab7a9f8ff17		2026-07-21 10:10:25.087955	KhRG
0339eb07281c5c9bbe52cab7a9f8ff17		2026-07-21 10:14:15.845533	KhRG
0339eb07281c5c9bbe52cab7a9f8ff17		2026-07-21 10:14:50.426566	KhRG
29899c5593ceebc5bd769a2c65b41cee		2026-07-21 10:18:01.414896	KhRG
29899c5593ceebc5bd769a2c65b41cee		2026-07-21 10:18:32.541490	KhRG
29899c5593ceebc5bd769a2c65b41cee		2026-07-21 10:19:12.411019	KhRG
29899c5593ceebc5bd769a2c65b41cee		2026-07-21 10:20:54.701192	KhRG
29899c5593ceebc5bd769a2c65b41cee		2026-07-21 10:21:29.558632	KhRG
29899c5593ceebc5bd769a2c65b41cee		2026-07-21 10:22:16.704813	KhRG
29899c5593ceebc5bd769a2c65b41cee		2026-07-21 10:23:29.448542	KhRG
29899c5593ceebc5bd769a2c65b41cee		2026-07-21 10:24:18.809147	KhRG
29899c5593ceebc5bd769a2c65b41cee		2026-07-21 10:24:49.170359	KhRG
29899c5593ceebc5bd769a2c65b41cee		2026-07-21 10:25:21.171035	KhRG
29899c5593ceebc5bd769a2c65b41cee		2026-07-21 10:25:49.886916	KhRG
29899c5593ceebc5bd769a2c65b41cee		2026-07-21 10:26:23.493418	KhRG
29899c5593ceebc5bd769a2c65b41cee		2026-07-21 10:27:00.040001	KhRG
29899c5593ceebc5bd769a2c65b41cee		2026-07-21 10:27:26.990370	KhRG
29899c5593ceebc5bd769a2c65b41cee		2026-07-21 10:27:59.572690	KhRG
93f7ae1456fee4ad8a3a007a6abec47b		2026-07-21 10:40:25.403174	KhRG
3e2ad549b15d324e273b81aef2baabe9		2026-07-21 10:46:27.911436	KhRG
3e2ad549b15d324e273b81aef2baabe9		2026-07-21 10:47:29.363166	KhRG
3e2ad549b15d324e273b81aef2baabe9		2026-07-21 10:51:22.879531	KhRG
86438625037ce76d1ad3958131f4d170		2026-07-21 11:06:19.340640	KhRG
86438625037ce76d1ad3958131f4d170		2026-07-21 11:07:12.902328	KhRG
c140a78e0fe80e8e27e8870474c5e68c		2026-07-21 13:10:50.242713	KhRG
560c78966a41ab21cb920b389b6d15e2		2026-07-21 13:17:50.975778	KhRG
efabd73427558c38182f22daacafb18a		2026-07-21 13:34:33.588807	KhRG
3e2ad549b15d324e273b81aef2baabe9		2026-07-21 13:41:56.993459	KhRG
3e2ad549b15d324e273b81aef2baabe9		2026-07-21 13:42:20.587750	KhRG
93f7ae1456fee4ad8a3a007a6abec47b		2026-07-21 13:52:37.443741	KhRG
93f7ae1456fee4ad8a3a007a6abec47b		2026-07-21 13:52:50.283824	KhRG
93f7ae1456fee4ad8a3a007a6abec47b		2026-07-21 13:53:34.536166	KhRG
3e2ad549b15d324e273b81aef2baabe9		2026-07-21 13:54:04.658999	KhRG
3e2ad549b15d324e273b81aef2baabe9		2026-07-21 13:54:50.268072	KhRG
560c78966a41ab21cb920b389b6d15e2		2026-07-21 13:59:11.066424	KhRG
93f7ae1456fee4ad8a3a007a6abec47b		2026-07-21 13:59:45.035048	KhRG
93f7ae1456fee4ad8a3a007a6abec47b		2026-07-21 14:02:37.590191	KhRG
93f7ae1456fee4ad8a3a007a6abec47b		2026-07-21 14:02:42.741346	KhRG
93f7ae1456fee4ad8a3a007a6abec47b		2026-07-21 14:02:47.987237	KhRG
93f7ae1456fee4ad8a3a007a6abec47b		2026-07-21 14:02:54.051426	KhRG
93f7ae1456fee4ad8a3a007a6abec47b		2026-07-21 14:02:58.637024	KhRG
93f7ae1456fee4ad8a3a007a6abec47b		2026-07-21 14:03:02.915640	KhRG
93f7ae1456fee4ad8a3a007a6abec47b		2026-07-21 14:03:08.590084	KhRG
93f7ae1456fee4ad8a3a007a6abec47b		2026-07-21 14:06:19.174155	KhRG
93f7ae1456fee4ad8a3a007a6abec47b		2026-07-21 14:14:35.922526	KhRG
93f7ae1456fee4ad8a3a007a6abec47b		2026-07-21 14:17:05.415989	KhRG
93f7ae1456fee4ad8a3a007a6abec47b		2026-07-21 14:20:34.837832	KhRG
93f7ae1456fee4ad8a3a007a6abec47b		2026-07-21 14:20:54.524071	KhRG
93f7ae1456fee4ad8a3a007a6abec47b		2026-07-21 14:21:37.318404	KhRG
93f7ae1456fee4ad8a3a007a6abec47b		2026-07-21 14:22:32.424667	KhRG
93f7ae1456fee4ad8a3a007a6abec47b		2026-07-21 14:22:38.533313	KhRG
93f7ae1456fee4ad8a3a007a6abec47b		2026-07-21 14:22:52.053027	KhRG
93f7ae1456fee4ad8a3a007a6abec47b		2026-07-21 14:23:16.357063	KhRG
93f7ae1456fee4ad8a3a007a6abec47b		2026-07-21 14:23:21.303615	KhRG
93f7ae1456fee4ad8a3a007a6abec47b		2026-07-21 14:24:03.485853	KhRG
c140a78e0fe80e8e27e8870474c5e68c		2026-07-21 14:27:42.811030	KhRG
c140a78e0fe80e8e27e8870474c5e68c		2026-07-21 14:27:53.706415	KhRG
fb17a00fabe5756a70948ed31ddcf3a7		2026-07-21 14:33:32.088902	KhRG
fb17a00fabe5756a70948ed31ddcf3a7		2026-07-21 14:36:19.384648	KhRG
fb17a00fabe5756a70948ed31ddcf3a7		2026-07-21 14:39:28.040239	KhRG
93f7ae1456fee4ad8a3a007a6abec47b		2026-07-21 14:40:29.289551	KhRG
a688763a3bd436a92a3cd13719539d55		2026-07-21 14:40:53.701795	KhRG
a688763a3bd436a92a3cd13719539d55		2026-07-21 14:41:22.168838	KhRG
93f7ae1456fee4ad8a3a007a6abec47b		2026-07-21 14:41:22.248114	KhRG
a688763a3bd436a92a3cd13719539d55		2026-07-21 14:41:45.567825	KhRG
93f7ae1456fee4ad8a3a007a6abec47b		2026-07-21 14:41:53.262625	KhRG
93f7ae1456fee4ad8a3a007a6abec47b		2026-07-21 14:42:33.847795	KhRG
a688763a3bd436a92a3cd13719539d55		2026-07-21 14:42:50.865681	KhRG
93f7ae1456fee4ad8a3a007a6abec47b		2026-07-21 14:43:22.912002	KhRG
93f7ae1456fee4ad8a3a007a6abec47b		2026-07-21 14:43:27.798761	KhRG
93f7ae1456fee4ad8a3a007a6abec47b		2026-07-21 14:43:32.296394	KhRG
93f7ae1456fee4ad8a3a007a6abec47b		2026-07-21 14:43:36.980879	KhRG
93f7ae1456fee4ad8a3a007a6abec47b		2026-07-21 14:43:41.698685	KhRG
93f7ae1456fee4ad8a3a007a6abec47b		2026-07-21 14:43:45.896867	KhRG
93f7ae1456fee4ad8a3a007a6abec47b		2026-07-21 14:44:07.184902	KhRG
93f7ae1456fee4ad8a3a007a6abec47b		2026-07-21 14:46:16.863154	KhRG
fb17a00fabe5756a70948ed31ddcf3a7		2026-07-21 15:11:50.648412	KhRG
574c0e7f3b7d6652ec2bdc21d45a91bc		2026-07-21 15:38:16.176061	KhRG
574c0e7f3b7d6652ec2bdc21d45a91bc		2026-07-21 15:57:45.188353	KhRG
574c0e7f3b7d6652ec2bdc21d45a91bc		2026-07-21 15:59:22.971393	KhRG
574c0e7f3b7d6652ec2bdc21d45a91bc		2026-07-21 16:20:11.901863	KhRG
574c0e7f3b7d6652ec2bdc21d45a91bc		2026-07-21 16:21:36.597158	KhRG
574c0e7f3b7d6652ec2bdc21d45a91bc		2026-07-21 16:22:05.156054	KhRG
574c0e7f3b7d6652ec2bdc21d45a91bc		2026-07-21 16:24:51.708241	KhRG
574c0e7f3b7d6652ec2bdc21d45a91bc		2026-07-21 16:25:09.057894	KhRG
574c0e7f3b7d6652ec2bdc21d45a91bc		2026-07-21 16:26:16.620980	KhRG
574c0e7f3b7d6652ec2bdc21d45a91bc		2026-07-21 16:27:48.393198	KhRG
574c0e7f3b7d6652ec2bdc21d45a91bc		2026-07-21 16:28:28.104715	KhRG
574c0e7f3b7d6652ec2bdc21d45a91bc		2026-07-21 16:29:27.103783	KhRG
574c0e7f3b7d6652ec2bdc21d45a91bc		2026-07-21 16:40:22.356179	KhRG
574c0e7f3b7d6652ec2bdc21d45a91bc		2026-07-21 16:48:51.076708	KhRG
574c0e7f3b7d6652ec2bdc21d45a91bc		2026-07-21 16:49:05.323542	KhRG
574c0e7f3b7d6652ec2bdc21d45a91bc		2026-07-21 16:50:28.392164	KhRG
61683e89009c326a86014592e5e77abe		2026-07-21 17:54:37.180277	KhRG
61683e89009c326a86014592e5e77abe		2026-07-21 18:00:50.220626	KhRG
a688763a3bd436a92a3cd13719539d55		2026-07-21 18:06:28.400915	KhRG
a688763a3bd436a92a3cd13719539d55		2026-07-21 18:09:40.715149	KhRG
a688763a3bd436a92a3cd13719539d55		2026-07-21 18:09:59.674663	KhRG
eba3159a19c2311a4eb92a02b91d3eb6		2026-07-21 18:10:16.077348	KhRG
251ac08653a1088e94d7059673cd91dd		2026-07-21 18:11:14.601199	KhRG
eba3159a19c2311a4eb92a02b91d3eb6		2026-07-21 18:11:36.858579	KhRG
251ac08653a1088e94d7059673cd91dd		2026-07-21 18:12:19.813301	KhRG
251ac08653a1088e94d7059673cd91dd		2026-07-21 18:13:11.362597	KhRG
251ac08653a1088e94d7059673cd91dd		2026-07-21 18:15:33.363777	KhRG
a688763a3bd436a92a3cd13719539d55		2026-07-21 18:15:49.482374	KhRG
a688763a3bd436a92a3cd13719539d55		2026-07-21 18:16:30.908492	KhRG
251ac08653a1088e94d7059673cd91dd		2026-07-21 18:16:57.657362	KhRG
a688763a3bd436a92a3cd13719539d55		2026-07-21 18:17:48.440666	KhRG
a688763a3bd436a92a3cd13719539d55		2026-07-21 18:18:05.465084	KhRG
a688763a3bd436a92a3cd13719539d55		2026-07-21 18:18:19.144172	KhRG
eba3159a19c2311a4eb92a02b91d3eb6		2026-07-21 18:29:22.382440	KhRG
a688763a3bd436a92a3cd13719539d55		2026-07-21 18:31:26.766332	KhRG
d170939555ce65d6f81a73d97ecb780c		2026-07-21 18:32:00.665087	KhRG
a688763a3bd436a92a3cd13719539d55		2026-07-21 18:32:08.909809	KhRG
a688763a3bd436a92a3cd13719539d55		2026-07-21 18:33:03.277050	KhRG
eba3159a19c2311a4eb92a02b91d3eb6		2026-07-21 18:50:08.254467	KhRG
eba3159a19c2311a4eb92a02b91d3eb6		2026-07-21 19:32:18.739276	KhRG
eba3159a19c2311a4eb92a02b91d3eb6		2026-07-21 19:58:39.961096	KhRG
ecd6f4502fd24af1faf1c13b7f6dc2df		2026-07-21 21:35:50.535150	KhRG
ecd6f4502fd24af1faf1c13b7f6dc2df		2026-07-21 21:40:00.483325	KhRG
ecd6f4502fd24af1faf1c13b7f6dc2df		2026-07-21 21:41:45.298790	KhRG
ecd6f4502fd24af1faf1c13b7f6dc2df		2026-07-21 21:43:00.358707	KhRG
ecd6f4502fd24af1faf1c13b7f6dc2df		2026-07-21 21:48:57.329390	KhRG
ecd6f4502fd24af1faf1c13b7f6dc2df		2026-07-21 21:56:54.509727	KhRG
ecd6f4502fd24af1faf1c13b7f6dc2df		2026-07-21 21:57:22.728789	KhRG
ecd6f4502fd24af1faf1c13b7f6dc2df		2026-07-21 21:58:08.400104	KhRG
ecd6f4502fd24af1faf1c13b7f6dc2df		2026-07-21 21:59:33.378352	KhRG
ecd6f4502fd24af1faf1c13b7f6dc2df		2026-07-21 21:59:53.833754	KhRG
7fdb9c6ef7ab32962bf255c8ef6228e5		2026-07-22 05:38:27.668981	KhRG
7fdb9c6ef7ab32962bf255c8ef6228e5		2026-07-22 05:38:42.784942	KhRG
7fdb9c6ef7ab32962bf255c8ef6228e5		2026-07-22 05:38:48.495133	KhRG
7fdb9c6ef7ab32962bf255c8ef6228e5		2026-07-22 05:38:53.202049	KhRG
7fdb9c6ef7ab32962bf255c8ef6228e5		2026-07-22 05:38:58.693702	KhRG
7fdb9c6ef7ab32962bf255c8ef6228e5		2026-07-22 05:39:05.242501	KhRG
7fdb9c6ef7ab32962bf255c8ef6228e5		2026-07-22 05:39:11.468183	KhRG
7fdb9c6ef7ab32962bf255c8ef6228e5		2026-07-22 05:39:20.694870	KhRG
7fdb9c6ef7ab32962bf255c8ef6228e5		2026-07-22 05:39:28.087003	KhRG
7fdb9c6ef7ab32962bf255c8ef6228e5		2026-07-22 05:39:33.691917	KhRG
7fdb9c6ef7ab32962bf255c8ef6228e5		2026-07-22 05:40:14.382787	KhRG
7fdb9c6ef7ab32962bf255c8ef6228e5		2026-07-22 05:40:43.921207	KhRG
ba6d1a93f80371b95237c0fddc9f2a41		2026-07-22 05:43:22.613103	KhRG
ba6d1a93f80371b95237c0fddc9f2a41		2026-07-22 05:44:41.512953	KhRG
ba6d1a93f80371b95237c0fddc9f2a41		2026-07-22 06:43:45.532082	KhRG
ba6d1a93f80371b95237c0fddc9f2a41		2026-07-22 06:45:01.188770	KhRG
93f7ae1456fee4ad8a3a007a6abec47b		2026-07-22 06:48:45.257211	KhRG
93f7ae1456fee4ad8a3a007a6abec47b		2026-07-22 06:49:04.742691	KhRG
93f7ae1456fee4ad8a3a007a6abec47b		2026-07-22 06:51:48.348352	KhRG
93f7ae1456fee4ad8a3a007a6abec47b		2026-07-22 06:54:00.211626	KhRG
93f7ae1456fee4ad8a3a007a6abec47b		2026-07-22 06:56:02.082631	KhRG
93f7ae1456fee4ad8a3a007a6abec47b		2026-07-22 06:56:07.309955	KhRG
93f7ae1456fee4ad8a3a007a6abec47b		2026-07-22 06:56:11.748134	KhRG
93f7ae1456fee4ad8a3a007a6abec47b		2026-07-22 06:56:16.162396	KhRG
93f7ae1456fee4ad8a3a007a6abec47b		2026-07-22 06:56:21.061169	KhRG
93f7ae1456fee4ad8a3a007a6abec47b		2026-07-22 06:56:25.963741	KhRG
86438625037ce76d1ad3958131f4d170		2026-07-22 07:00:07.215580	KhRG
93f7ae1456fee4ad8a3a007a6abec47b		2026-07-22 07:00:11.496769	KhRG
86438625037ce76d1ad3958131f4d170		2026-07-22 07:01:27.094267	KhRG
86438625037ce76d1ad3958131f4d170		2026-07-22 07:04:33.739586	KhRG
93f7ae1456fee4ad8a3a007a6abec47b		2026-07-22 07:07:45.909226	KhRG
86438625037ce76d1ad3958131f4d170		2026-07-22 07:47:04.816749	KhRG
86438625037ce76d1ad3958131f4d170		2026-07-22 07:49:04.569896	KhRG
93f7ae1456fee4ad8a3a007a6abec47b		2026-07-22 08:06:55.818238	KhRG
93f7ae1456fee4ad8a3a007a6abec47b		2026-07-22 08:09:49.665705	KhRG
93f7ae1456fee4ad8a3a007a6abec47b		2026-07-22 08:11:11.030596	KhRG
93f7ae1456fee4ad8a3a007a6abec47b		2026-07-22 08:11:16.171257	KhRG
93f7ae1456fee4ad8a3a007a6abec47b		2026-07-22 08:13:44.961098	KhRG
93f7ae1456fee4ad8a3a007a6abec47b		2026-07-22 08:13:49.444454	KhRG
93f7ae1456fee4ad8a3a007a6abec47b		2026-07-22 08:13:54.606251	KhRG
93f7ae1456fee4ad8a3a007a6abec47b		2026-07-22 08:13:59.481072	KhRG
93f7ae1456fee4ad8a3a007a6abec47b		2026-07-22 08:14:04.550019	KhRG
93f7ae1456fee4ad8a3a007a6abec47b		2026-07-22 08:14:10.616743	KhRG
93f7ae1456fee4ad8a3a007a6abec47b		2026-07-22 08:14:53.913628	KhRG
93f7ae1456fee4ad8a3a007a6abec47b		2026-07-22 08:15:41.254985	KhRG
27649205868cd314297256beaaf49c22		2026-07-22 08:33:59.636441	KhRG
27649205868cd314297256beaaf49c22		2026-07-22 08:34:54.096231	KhRG
352853dd99c35d82caad413151f2aaae		2026-07-22 09:28:10.931239	KhRG
352853dd99c35d82caad413151f2aaae		2026-07-22 09:37:49.111553	KhRG
352853dd99c35d82caad413151f2aaae		2026-07-22 09:40:16.606413	KhRG
352853dd99c35d82caad413151f2aaae		2026-07-22 09:41:42.521943	KhRG
be082045417881d6fc31a3c25910e2f5		2026-07-22 10:03:52.577571	KhRG
be082045417881d6fc31a3c25910e2f5		2026-07-22 10:04:18.678474	KhRG
352853dd99c35d82caad413151f2aaae		2026-07-22 10:04:56.670429	KhRG
be082045417881d6fc31a3c25910e2f5		2026-07-22 10:07:48.237791	KhRG
be082045417881d6fc31a3c25910e2f5		2026-07-22 10:08:43.281900	KhRG
be082045417881d6fc31a3c25910e2f5		2026-07-22 10:09:18.028964	KhRG
be082045417881d6fc31a3c25910e2f5		2026-07-22 10:16:50.800906	KhRG
be082045417881d6fc31a3c25910e2f5		2026-07-22 10:17:12.708731	KhRG
be082045417881d6fc31a3c25910e2f5		2026-07-22 10:18:46.791033	KhRG
be082045417881d6fc31a3c25910e2f5		2026-07-22 10:20:20.169820	KhRG
be082045417881d6fc31a3c25910e2f5		2026-07-22 10:21:58.258026	KhRG
b6fb68a3ee5b7eaa77e0298656c4669b		2026-07-22 10:23:32.884273	KhRG
b6fb68a3ee5b7eaa77e0298656c4669b		2026-07-22 10:25:56.843165	KhRG
b6fb68a3ee5b7eaa77e0298656c4669b		2026-07-22 10:26:11.411479	KhRG
b6fb68a3ee5b7eaa77e0298656c4669b		2026-07-22 10:28:26.431914	KhRG
be082045417881d6fc31a3c25910e2f5		2026-07-22 10:28:50.445878	KhRG
be082045417881d6fc31a3c25910e2f5		2026-07-22 10:31:12.637636	KhRG
be082045417881d6fc31a3c25910e2f5		2026-07-22 10:31:36.037746	KhRG
be082045417881d6fc31a3c25910e2f5		2026-07-22 10:34:43.658288	KhRG
be082045417881d6fc31a3c25910e2f5		2026-07-22 10:38:19.774229	KhRG
b6fb68a3ee5b7eaa77e0298656c4669b		2026-07-22 10:38:31.190513	KhRG
be082045417881d6fc31a3c25910e2f5		2026-07-22 10:41:31.637838	KhRG
be082045417881d6fc31a3c25910e2f5		2026-07-22 10:52:00.870694	KhRG
be082045417881d6fc31a3c25910e2f5		2026-07-22 10:53:36.027363	KhRG
be082045417881d6fc31a3c25910e2f5		2026-07-22 10:54:39.925092	KhRG
b6fb68a3ee5b7eaa77e0298656c4669b		2026-07-22 10:55:04.249994	KhRG
b6fb68a3ee5b7eaa77e0298656c4669b		2026-07-22 10:56:24.312934	KhRG
b6fb68a3ee5b7eaa77e0298656c4669b		2026-07-22 10:57:17.649812	KhRG
be082045417881d6fc31a3c25910e2f5		2026-07-22 10:57:30.311568	KhRG
b6fb68a3ee5b7eaa77e0298656c4669b		2026-07-22 10:57:35.776069	KhRG
b6fb68a3ee5b7eaa77e0298656c4669b		2026-07-22 10:58:02.911972	KhRG
be082045417881d6fc31a3c25910e2f5		2026-07-22 10:58:11.961995	KhRG
be082045417881d6fc31a3c25910e2f5		2026-07-22 10:58:43.147227	KhRG
b6fb68a3ee5b7eaa77e0298656c4669b		2026-07-22 10:59:01.197887	KhRG
b6fb68a3ee5b7eaa77e0298656c4669b		2026-07-22 10:59:24.512644	KhRG
b6fb68a3ee5b7eaa77e0298656c4669b		2026-07-22 11:01:32.398642	KhRG
be082045417881d6fc31a3c25910e2f5		2026-07-22 11:03:57.517757	KhRG
be082045417881d6fc31a3c25910e2f5		2026-07-22 11:04:17.625528	KhRG
be082045417881d6fc31a3c25910e2f5		2026-07-22 11:11:21.369823	KhRG
034f93de63590d7b1d7f6016a135d978		2026-07-22 11:26:27.108422	KhRG
b6fb68a3ee5b7eaa77e0298656c4669b		2026-07-22 11:27:37.874737	KhRG
29899c5593ceebc5bd769a2c65b41cee		2026-07-22 11:29:54.907988	KhRG
29899c5593ceebc5bd769a2c65b41cee		2026-07-22 11:30:27.430778	KhRG
b6fb68a3ee5b7eaa77e0298656c4669b		2026-07-22 11:30:34.960813	KhRG
29899c5593ceebc5bd769a2c65b41cee		2026-07-22 11:30:59.659539	KhRG
b6fb68a3ee5b7eaa77e0298656c4669b		2026-07-22 11:31:18.141745	KhRG
b6fb68a3ee5b7eaa77e0298656c4669b		2026-07-22 11:31:52.444726	KhRG
29899c5593ceebc5bd769a2c65b41cee		2026-07-22 11:31:54.466062	KhRG
29899c5593ceebc5bd769a2c65b41cee		2026-07-22 11:33:16.315430	KhRG
29899c5593ceebc5bd769a2c65b41cee		2026-07-22 11:34:03.858214	KhRG
29899c5593ceebc5bd769a2c65b41cee		2026-07-22 11:34:35.935419	KhRG
29899c5593ceebc5bd769a2c65b41cee		2026-07-22 11:35:25.341553	KhRG
29899c5593ceebc5bd769a2c65b41cee		2026-07-22 11:36:07.010866	KhRG
b6fb68a3ee5b7eaa77e0298656c4669b		2026-07-22 11:43:20.499624	KhRG
0339eb07281c5c9bbe52cab7a9f8ff17		2026-07-22 11:49:20.849333	KhRG
0339eb07281c5c9bbe52cab7a9f8ff17		2026-07-22 11:55:06.805645	KhRG
0339eb07281c5c9bbe52cab7a9f8ff17		2026-07-22 11:56:42.675664	KhRG
034f93de63590d7b1d7f6016a135d978		2026-07-22 12:00:15.371570	KhRG
034f93de63590d7b1d7f6016a135d978		2026-07-22 12:00:57.713485	KhRG
034f93de63590d7b1d7f6016a135d978		2026-07-22 12:01:36.889856	KhRG
034f93de63590d7b1d7f6016a135d978		2026-07-22 12:04:55.717758	KhRG
b6fb68a3ee5b7eaa77e0298656c4669b		2026-07-22 12:05:12.432630	KhRG
b6fb68a3ee5b7eaa77e0298656c4669b		2026-07-22 12:10:29.219009	KhRG
b6fb68a3ee5b7eaa77e0298656c4669b		2026-07-22 12:11:50.280389	KhRG
b6fb68a3ee5b7eaa77e0298656c4669b		2026-07-22 12:12:30.482233	KhRG
b6fb68a3ee5b7eaa77e0298656c4669b		2026-07-22 12:13:53.252880	KhRG
0339eb07281c5c9bbe52cab7a9f8ff17		2026-07-22 12:20:45.689064	KhRG
0339eb07281c5c9bbe52cab7a9f8ff17		2026-07-22 12:21:34.903982	KhRG
0339eb07281c5c9bbe52cab7a9f8ff17		2026-07-22 12:23:48.513918	KhRG
0339eb07281c5c9bbe52cab7a9f8ff17		2026-07-22 12:32:02.407840	KhRG
ba6d1a93f80371b95237c0fddc9f2a41		2026-07-22 12:49:15.931845	KhRG
034f93de63590d7b1d7f6016a135d978		2026-07-22 12:49:30.140884	KhRG
ba6d1a93f80371b95237c0fddc9f2a41		2026-07-22 12:56:06.688903	KhRG
034f93de63590d7b1d7f6016a135d978		2026-07-22 12:57:56.319103	KhRG
034f93de63590d7b1d7f6016a135d978		2026-07-22 12:58:17.382627	KhRG
aaf16c0ea249e6b2ed0b476178258e2b		2026-07-22 14:05:45.837133	KhRG
3e2ad549b15d324e273b81aef2baabe9		2026-07-22 14:06:16.725963	KhRG
3e2ad549b15d324e273b81aef2baabe9		2026-07-22 14:06:51.897557	KhRG
3e2ad549b15d324e273b81aef2baabe9		2026-07-22 14:07:55.779174	KhRG
3e2ad549b15d324e273b81aef2baabe9		2026-07-22 14:11:20.990386	KhRG
034f93de63590d7b1d7f6016a135d978		2026-07-22 14:19:41.325922	KhRG
034f93de63590d7b1d7f6016a135d978		2026-07-22 14:23:15.967633	KhRG
034f93de63590d7b1d7f6016a135d978		2026-07-22 14:24:05.111724	KhRG
3e2ad549b15d324e273b81aef2baabe9		2026-07-22 14:40:18.342420	KhRG
3e2ad549b15d324e273b81aef2baabe9		2026-07-22 14:47:02.580687	KhRG
3e2ad549b15d324e273b81aef2baabe9		2026-07-22 14:49:12.344329	KhRG
3e2ad549b15d324e273b81aef2baabe9		2026-07-22 14:55:55.607424	KhRG
3e2ad549b15d324e273b81aef2baabe9		2026-07-22 15:24:51.771051	KhRG
3e2ad549b15d324e273b81aef2baabe9		2026-07-22 15:39:07.995747	KhRG
3e2ad549b15d324e273b81aef2baabe9		2026-07-22 15:39:40.934522	KhRG
b903728f1badaa76dd11464b054a0c3b		2026-07-22 15:41:07.790920	KhRG
3e2ad549b15d324e273b81aef2baabe9		2026-07-22 15:41:18.265334	KhRG
dd6ac3db440e761acd73d4195a86a0cc		2026-07-22 15:42:29.311183	KhRG
dd6ac3db440e761acd73d4195a86a0cc		2026-07-22 15:44:11.892551	KhRG
3e2ad549b15d324e273b81aef2baabe9		2026-07-22 16:01:55.523116	KhRG
3e2ad549b15d324e273b81aef2baabe9		2026-07-22 16:02:13.819847	KhRG
b903728f1badaa76dd11464b054a0c3b		2026-07-22 16:05:00.473836	KhRG
3e2ad549b15d324e273b81aef2baabe9		2026-07-22 16:09:05.276811	KhRG
b903728f1badaa76dd11464b054a0c3b		2026-07-22 16:09:47.930612	KhRG
3e2ad549b15d324e273b81aef2baabe9		2026-07-22 16:11:38.844348	KhRG
3e2ad549b15d324e273b81aef2baabe9		2026-07-22 16:13:29.077146	KhRG
3e2ad549b15d324e273b81aef2baabe9		2026-07-22 16:14:36.028622	KhRG
ba6d1a93f80371b95237c0fddc9f2a41		2026-07-22 16:15:29.785837	KhRG
3e2ad549b15d324e273b81aef2baabe9		2026-07-22 16:16:44.303525	KhRG
3e2ad549b15d324e273b81aef2baabe9		2026-07-22 16:17:35.730840	KhRG
3e2ad549b15d324e273b81aef2baabe9		2026-07-22 16:17:52.715695	KhRG
ba6d1a93f80371b95237c0fddc9f2a41		2026-07-22 16:17:55.315422	KhRG
ba6d1a93f80371b95237c0fddc9f2a41		2026-07-22 16:21:02.402638	KhRG
d29a75ead356d010b507637311836095		2026-07-22 16:22:35.299300	KhRG
d29a75ead356d010b507637311836095		2026-07-22 16:23:00.117805	KhRG
d29a75ead356d010b507637311836095		2026-07-22 16:24:07.279521	KhRG
d29a75ead356d010b507637311836095		2026-07-22 17:02:08.887527	KhRG
3941a631bd501168b030f84a4f889da7		2026-07-22 17:06:06.966675	KhRG
3941a631bd501168b030f84a4f889da7		2026-07-22 17:06:54.984268	KhRG
3941a631bd501168b030f84a4f889da7		2026-07-22 17:07:47.704735	KhRG
3941a631bd501168b030f84a4f889da7		2026-07-22 17:08:49.061910	KhRG
3941a631bd501168b030f84a4f889da7		2026-07-22 17:09:22.156557	KhRG
3941a631bd501168b030f84a4f889da7		2026-07-22 17:09:36.975842	KhRG
3941a631bd501168b030f84a4f889da7		2026-07-22 17:09:50.087005	KhRG
3941a631bd501168b030f84a4f889da7		2026-07-22 17:09:55.024056	KhRG
3941a631bd501168b030f84a4f889da7		2026-07-22 17:09:59.685065	KhRG
3941a631bd501168b030f84a4f889da7		2026-07-22 17:10:05.201930	KhRG
3941a631bd501168b030f84a4f889da7		2026-07-22 17:10:28.899369	KhRG
3941a631bd501168b030f84a4f889da7		2026-07-22 17:12:27.157363	KhRG
3941a631bd501168b030f84a4f889da7		2026-07-22 17:13:25.625339	KhRG
3941a631bd501168b030f84a4f889da7		2026-07-22 17:14:12.066796	KhRG
3941a631bd501168b030f84a4f889da7		2026-07-22 17:14:19.041811	KhRG
3941a631bd501168b030f84a4f889da7		2026-07-22 17:14:53.258227	KhRG
3941a631bd501168b030f84a4f889da7		2026-07-22 17:15:50.954630	KhRG
3941a631bd501168b030f84a4f889da7		2026-07-22 17:15:55.960512	KhRG
3941a631bd501168b030f84a4f889da7		2026-07-22 17:16:01.272876	KhRG
3941a631bd501168b030f84a4f889da7		2026-07-22 17:16:06.188032	KhRG
3941a631bd501168b030f84a4f889da7		2026-07-22 17:16:11.618159	KhRG
3941a631bd501168b030f84a4f889da7		2026-07-22 17:16:36.442740	KhRG
d29a75ead356d010b507637311836095		2026-07-22 17:17:14.156333	KhRG
d29a75ead356d010b507637311836095		2026-07-22 17:18:22.036827	KhRG
d29a75ead356d010b507637311836095		2026-07-22 17:19:06.544936	KhRG
d29a75ead356d010b507637311836095		2026-07-22 17:19:25.699330	KhRG
3941a631bd501168b030f84a4f889da7		2026-07-22 17:20:36.436246	KhRG
3941a631bd501168b030f84a4f889da7		2026-07-22 17:22:14.905631	KhRG
3941a631bd501168b030f84a4f889da7		2026-07-22 17:24:30.893100	KhRG
3941a631bd501168b030f84a4f889da7		2026-07-22 17:24:43.928527	KhRG
3941a631bd501168b030f84a4f889da7		2026-07-22 17:25:04.453839	KhRG
3941a631bd501168b030f84a4f889da7		2026-07-22 17:25:41.926394	KhRG
3941a631bd501168b030f84a4f889da7		2026-07-22 17:26:01.928126	KhRG
3941a631bd501168b030f84a4f889da7		2026-07-22 17:26:07.282274	KhRG
3941a631bd501168b030f84a4f889da7		2026-07-22 17:26:11.689689	KhRG
3941a631bd501168b030f84a4f889da7		2026-07-22 17:26:19.293909	KhRG
3941a631bd501168b030f84a4f889da7		2026-07-22 18:05:17.159028	KhRG
3941a631bd501168b030f84a4f889da7		2026-07-22 18:05:34.452977	KhRG
3941a631bd501168b030f84a4f889da7		2026-07-22 18:05:51.800744	KhRG
3941a631bd501168b030f84a4f889da7		2026-07-22 18:06:20.101500	KhRG
3941a631bd501168b030f84a4f889da7		2026-07-22 18:06:26.211093	KhRG
3941a631bd501168b030f84a4f889da7		2026-07-22 18:06:31.285443	KhRG
3941a631bd501168b030f84a4f889da7		2026-07-22 18:06:54.641186	KhRG
3941a631bd501168b030f84a4f889da7		2026-07-22 18:06:59.307208	KhRG
3941a631bd501168b030f84a4f889da7		2026-07-22 18:07:04.485484	KhRG
3941a631bd501168b030f84a4f889da7		2026-07-22 18:07:09.725112	KhRG
3941a631bd501168b030f84a4f889da7		2026-07-22 18:07:31.115557	KhRG
3941a631bd501168b030f84a4f889da7		2026-07-22 18:10:24.259687	KhRG
3941a631bd501168b030f84a4f889da7		2026-07-22 18:10:58.491431	KhRG
3941a631bd501168b030f84a4f889da7		2026-07-22 18:11:29.413464	KhRG
3941a631bd501168b030f84a4f889da7		2026-07-22 18:12:04.266106	KhRG
3941a631bd501168b030f84a4f889da7		2026-07-22 18:12:56.315746	KhRG
3941a631bd501168b030f84a4f889da7		2026-07-22 18:14:20.037417	KhRG
3941a631bd501168b030f84a4f889da7		2026-07-22 18:17:49.954717	KhRG
3941a631bd501168b030f84a4f889da7		2026-07-22 18:22:44.652747	KhRG
3e2ad549b15d324e273b81aef2baabe9		2026-07-22 20:15:48.023567	KhRG
3e2ad549b15d324e273b81aef2baabe9		2026-07-22 20:16:15.315931	KhRG
3e2ad549b15d324e273b81aef2baabe9		2026-07-22 20:16:38.049318	KhRG
0132c74a30b8b30891549b1f07fbac5e		2026-07-23 04:17:42.592124	KhRG
1a905cd87547fa010839752934d82fef		2026-07-23 06:00:22.864305	KhRG
ac77a81548ac57d675c2569d72bc9593		2026-07-23 06:30:35.321756	KhRG
ac77a81548ac57d675c2569d72bc9593		2026-07-23 06:47:48.341947	KhRG
dd6ac3db440e761acd73d4195a86a0cc		2026-07-23 06:49:22.660205	KhRG
ac77a81548ac57d675c2569d72bc9593		2026-07-23 07:10:16.113551	KhRG
dd6ac3db440e761acd73d4195a86a0cc		2026-07-23 07:47:45.231400	KhRG
dd6ac3db440e761acd73d4195a86a0cc		2026-07-23 07:49:50.201973	KhRG
ac77a81548ac57d675c2569d72bc9593		2026-07-23 07:53:40.405354	KhRG
ac77a81548ac57d675c2569d72bc9593		2026-07-23 08:05:13.974800	KhRG
ac77a81548ac57d675c2569d72bc9593		2026-07-23 08:05:40.635683	KhRG
ac77a81548ac57d675c2569d72bc9593		2026-07-23 08:06:10.915761	KhRG
ac77a81548ac57d675c2569d72bc9593		2026-07-23 08:13:19.837072	KhRG
ac77a81548ac57d675c2569d72bc9593		2026-07-23 08:16:37.223422	KhRG
ac77a81548ac57d675c2569d72bc9593		2026-07-23 08:17:12.581203	KhRG
ac77a81548ac57d675c2569d72bc9593		2026-07-23 08:17:43.463595	KhRG
ac77a81548ac57d675c2569d72bc9593		2026-07-23 08:18:39.676535	KhRG
ac77a81548ac57d675c2569d72bc9593		2026-07-23 08:29:32.674095	KhRG
ac77a81548ac57d675c2569d72bc9593		2026-07-23 08:29:49.261843	KhRG
ac77a81548ac57d675c2569d72bc9593		2026-07-23 08:57:12.379888	KhRG
ac77a81548ac57d675c2569d72bc9593		2026-07-23 08:59:07.370738	KhRG
ac77a81548ac57d675c2569d72bc9593		2026-07-23 09:00:07.877693	KhRG
093fababbaa1823f3fcf712af30b0183		2026-07-23 09:06:33.135078	KhRG
86438625037ce76d1ad3958131f4d170		2026-07-23 09:09:45.783282	KhRG
86438625037ce76d1ad3958131f4d170		2026-07-23 09:11:25.681547	KhRG
86438625037ce76d1ad3958131f4d170		2026-07-23 09:13:01.201497	KhRG
86438625037ce76d1ad3958131f4d170		2026-07-23 09:14:37.766203	KhRG
86438625037ce76d1ad3958131f4d170		2026-07-23 09:15:56.232291	KhRG
86438625037ce76d1ad3958131f4d170		2026-07-23 09:18:11.071506	KhRG
86438625037ce76d1ad3958131f4d170		2026-07-23 09:19:21.883045	KhRG
86438625037ce76d1ad3958131f4d170		2026-07-23 09:21:38.064659	KhRG
86438625037ce76d1ad3958131f4d170		2026-07-23 09:26:50.611890	KhRG
093fababbaa1823f3fcf712af30b0183		2026-07-23 09:40:19.063040	KhRG
dd6ac3db440e761acd73d4195a86a0cc		2026-07-23 09:43:03.631384	KhRG
dd6ac3db440e761acd73d4195a86a0cc		2026-07-23 09:55:53.875348	KhRG
093fababbaa1823f3fcf712af30b0183		2026-07-23 09:56:55.117356	KhRG
dd6ac3db440e761acd73d4195a86a0cc		2026-07-23 09:58:23.981452	KhRG
093fababbaa1823f3fcf712af30b0183		2026-07-23 10:18:50.782118	KhRG
093fababbaa1823f3fcf712af30b0183		2026-07-23 10:35:28.754477	KhRG
a5e15f0bcf78de5d3f6d849bd97bdbe8		2026-07-23 10:45:06.786558	KhRG
dd6ac3db440e761acd73d4195a86a0cc		2026-07-23 10:49:17.602983	KhRG
dd6ac3db440e761acd73d4195a86a0cc		2026-07-23 10:59:10.412548	KhRG
dd6ac3db440e761acd73d4195a86a0cc		2026-07-23 10:59:19.990850	KhRG
dd6ac3db440e761acd73d4195a86a0cc		2026-07-23 11:06:15.318228	KhRG
dd6ac3db440e761acd73d4195a86a0cc		2026-07-23 11:06:41.578637	KhRG
dd6ac3db440e761acd73d4195a86a0cc		2026-07-23 11:07:15.850355	KhRG
dd6ac3db440e761acd73d4195a86a0cc		2026-07-23 11:08:32.874587	KhRG
dd6ac3db440e761acd73d4195a86a0cc		2026-07-23 11:09:09.820600	KhRG
dd6ac3db440e761acd73d4195a86a0cc		2026-07-23 11:13:34.822900	KhRG
dd6ac3db440e761acd73d4195a86a0cc		2026-07-23 11:13:44.994036	KhRG
dd6ac3db440e761acd73d4195a86a0cc		2026-07-23 11:20:04.758436	KhRG
dd6ac3db440e761acd73d4195a86a0cc		2026-07-23 11:39:38.106825	KhRG
dd6ac3db440e761acd73d4195a86a0cc		2026-07-23 11:44:17.357395	KhRG
dd6ac3db440e761acd73d4195a86a0cc		2026-07-23 11:45:11.341031	KhRG
dd6ac3db440e761acd73d4195a86a0cc		2026-07-23 13:08:45.963950	KhRG
4290fa4965624e0ce5a1ef8b160f7566		2026-07-23 13:09:28.034261	KhRG
dd6ac3db440e761acd73d4195a86a0cc		2026-07-23 13:10:17.793567	KhRG
dd6ac3db440e761acd73d4195a86a0cc		2026-07-23 13:13:29.081168	KhRG
4290fa4965624e0ce5a1ef8b160f7566		2026-07-23 13:13:42.272306	KhRG
dd6ac3db440e761acd73d4195a86a0cc		2026-07-23 13:14:51.256205	KhRG
dd6ac3db440e761acd73d4195a86a0cc		2026-07-23 13:20:04.835921	KhRG
4290fa4965624e0ce5a1ef8b160f7566		2026-07-23 13:21:10.251661	KhRG
4290fa4965624e0ce5a1ef8b160f7566		2026-07-23 13:34:38.838475	KhRG
dd6ac3db440e761acd73d4195a86a0cc		2026-07-23 13:39:29.645513	KhRG
4290fa4965624e0ce5a1ef8b160f7566		2026-07-23 13:44:39.562740	KhRG
4290fa4965624e0ce5a1ef8b160f7566		2026-07-23 13:48:04.376613	KhRG
3941a631bd501168b030f84a4f889da7		2026-07-23 14:01:20.484607	KhRG
3941a631bd501168b030f84a4f889da7		2026-07-23 14:01:44.166670	KhRG
3941a631bd501168b030f84a4f889da7		2026-07-23 14:05:22.777372	KhRG
3941a631bd501168b030f84a4f889da7		2026-07-23 14:06:18.903353	KhRG
4290fa4965624e0ce5a1ef8b160f7566		2026-07-23 14:06:34.753408	KhRG
3941a631bd501168b030f84a4f889da7		2026-07-23 14:07:20.216506	KhRG
3941a631bd501168b030f84a4f889da7		2026-07-23 14:07:39.200200	KhRG
3941a631bd501168b030f84a4f889da7		2026-07-23 14:08:42.468800	KhRG
4290fa4965624e0ce5a1ef8b160f7566		2026-07-23 14:15:43.844246	KhRG
dd6ac3db440e761acd73d4195a86a0cc		2026-07-23 14:17:41.327232	KhRG
3941a631bd501168b030f84a4f889da7		2026-07-23 14:21:24.438639	KhRG
dd6ac3db440e761acd73d4195a86a0cc		2026-07-23 14:21:45.289240	KhRG
4290fa4965624e0ce5a1ef8b160f7566		2026-07-23 14:22:43.709408	KhRG
4290fa4965624e0ce5a1ef8b160f7566		2026-07-23 14:24:30.275774	KhRG
4290fa4965624e0ce5a1ef8b160f7566		2026-07-23 14:29:18.618412	KhRG
4290fa4965624e0ce5a1ef8b160f7566		2026-07-23 14:34:05.996450	KhRG
3941a631bd501168b030f84a4f889da7		2026-07-23 14:38:46.903360	KhRG
efabd73427558c38182f22daacafb18a		2026-07-23 14:45:04.985458	KhRG
4290fa4965624e0ce5a1ef8b160f7566		2026-07-23 14:48:11.296218	KhRG
4290fa4965624e0ce5a1ef8b160f7566		2026-07-23 14:48:34.518602	KhRG
4290fa4965624e0ce5a1ef8b160f7566		2026-07-23 14:49:04.162213	KhRG
3941a631bd501168b030f84a4f889da7		2026-07-23 14:53:37.788715	KhRG
3941a631bd501168b030f84a4f889da7		2026-07-23 14:54:23.652541	KhRG
3941a631bd501168b030f84a4f889da7		2026-07-23 14:58:58.144931	KhRG
4290fa4965624e0ce5a1ef8b160f7566		2026-07-23 14:59:45.758038	KhRG
3941a631bd501168b030f84a4f889da7		2026-07-23 15:00:58.482455	KhRG
9f1a7700fe55c10d1e2a9af2474efad4		2026-07-23 15:07:05.228049	KhRG
9f1a7700fe55c10d1e2a9af2474efad4		2026-07-23 15:09:14.478969	KhRG
3941a631bd501168b030f84a4f889da7		2026-07-23 15:10:19.389627	KhRG
9f1a7700fe55c10d1e2a9af2474efad4		2026-07-23 15:12:14.944837	KhRG
9f1a7700fe55c10d1e2a9af2474efad4		2026-07-23 15:12:46.031335	KhRG
3941a631bd501168b030f84a4f889da7		2026-07-23 15:15:12.179848	KhRG
9f1a7700fe55c10d1e2a9af2474efad4		2026-07-23 15:19:14.696456	KhRG
4290fa4965624e0ce5a1ef8b160f7566		2026-07-23 15:20:22.555073	KhRG
9f1a7700fe55c10d1e2a9af2474efad4		2026-07-23 15:21:13.991026	KhRG
3941a631bd501168b030f84a4f889da7		2026-07-23 15:40:55.643747	KhRG
4c93a0d97976b1ff2200321e6991f1f7		2026-07-23 15:54:24.599990	KhRG
3e2ad549b15d324e273b81aef2baabe9		2026-07-23 15:56:00.163292	KhRG
3e2ad549b15d324e273b81aef2baabe9		2026-07-23 15:56:20.045812	KhRG
3e2ad549b15d324e273b81aef2baabe9		2026-07-23 15:56:40.058879	KhRG
3e2ad549b15d324e273b81aef2baabe9		2026-07-23 15:58:02.477653	KhRG
3e2ad549b15d324e273b81aef2baabe9		2026-07-23 15:59:20.415514	KhRG
dd6ac3db440e761acd73d4195a86a0cc		2026-07-23 16:00:34.533200	KhRG
4c93a0d97976b1ff2200321e6991f1f7		2026-07-23 16:01:36.886443	KhRG
9f1a7700fe55c10d1e2a9af2474efad4		2026-07-23 16:01:58.841658	KhRG
9f1a7700fe55c10d1e2a9af2474efad4		2026-07-23 16:02:22.566803	KhRG
dd6ac3db440e761acd73d4195a86a0cc		2026-07-23 16:03:59.867233	KhRG
4290fa4965624e0ce5a1ef8b160f7566		2026-07-23 16:04:40.440834	KhRG
dd6ac3db440e761acd73d4195a86a0cc		2026-07-23 16:04:49.416556	KhRG
9f1a7700fe55c10d1e2a9af2474efad4		2026-07-23 16:06:42.752102	KhRG
3e2ad549b15d324e273b81aef2baabe9		2026-07-23 16:08:00.653919	KhRG
9f1a7700fe55c10d1e2a9af2474efad4		2026-07-23 16:10:07.208617	KhRG
9f1a7700fe55c10d1e2a9af2474efad4		2026-07-23 16:10:25.525641	KhRG
3e2ad549b15d324e273b81aef2baabe9		2026-07-23 16:11:33.241919	KhRG
9f1a7700fe55c10d1e2a9af2474efad4		2026-07-23 16:12:27.666179	KhRG
9f1a7700fe55c10d1e2a9af2474efad4		2026-07-23 16:15:07.229590	KhRG
dd6ac3db440e761acd73d4195a86a0cc		2026-07-23 16:16:16.449443	KhRG
3e2ad549b15d324e273b81aef2baabe9		2026-07-23 16:16:21.477591	KhRG
dd6ac3db440e761acd73d4195a86a0cc		2026-07-23 16:18:49.763267	KhRG
3e2ad549b15d324e273b81aef2baabe9		2026-07-23 16:18:58.080767	KhRG
9f1a7700fe55c10d1e2a9af2474efad4		2026-07-23 16:19:38.098040	KhRG
3e2ad549b15d324e273b81aef2baabe9		2026-07-23 16:20:00.039127	KhRG
3e2ad549b15d324e273b81aef2baabe9		2026-07-23 16:20:26.093748	KhRG
9f1a7700fe55c10d1e2a9af2474efad4		2026-07-23 16:24:22.644474	KhRG
3e2ad549b15d324e273b81aef2baabe9		2026-07-23 16:26:05.274234	KhRG
9f1a7700fe55c10d1e2a9af2474efad4		2026-07-23 16:26:24.887996	KhRG
9f1a7700fe55c10d1e2a9af2474efad4		2026-07-23 16:26:57.381420	KhRG
3e2ad549b15d324e273b81aef2baabe9		2026-07-23 16:28:28.619586	KhRG
9f1a7700fe55c10d1e2a9af2474efad4		2026-07-23 16:29:21.156621	KhRG
3e2ad549b15d324e273b81aef2baabe9		2026-07-23 16:30:21.609317	KhRG
3e2ad549b15d324e273b81aef2baabe9		2026-07-23 16:36:43.658607	KhRG
dd6ac3db440e761acd73d4195a86a0cc		2026-07-23 17:05:19.432878	KhRG
dd6ac3db440e761acd73d4195a86a0cc		2026-07-23 17:09:38.932915	KhRG
b903728f1badaa76dd11464b054a0c3b		2026-07-23 17:10:52.617324	KhRG
b903728f1badaa76dd11464b054a0c3b		2026-07-23 17:19:28.566585	KhRG
b903728f1badaa76dd11464b054a0c3b		2026-07-23 17:29:32.415271	KhRG
b903728f1badaa76dd11464b054a0c3b		2026-07-23 17:37:28.270781	KhRG
be93eb28eab9df6fec7cf94b8d65fc9a		2026-07-23 17:38:50.789554	KhRG
0fc2d33c3139daa7531e977803898878		2026-07-23 17:40:31.165917	KhRG
0fc2d33c3139daa7531e977803898878		2026-07-23 17:41:08.842698	KhRG
0fc2d33c3139daa7531e977803898878		2026-07-23 17:41:50.930003	KhRG
b903728f1badaa76dd11464b054a0c3b		2026-07-23 17:42:27.943027	KhRG
0fc2d33c3139daa7531e977803898878		2026-07-23 17:42:36.680491	KhRG
be93eb28eab9df6fec7cf94b8d65fc9a		2026-07-23 17:42:43.024049	KhRG
be93eb28eab9df6fec7cf94b8d65fc9a		2026-07-23 17:43:35.758570	KhRG
be93eb28eab9df6fec7cf94b8d65fc9a		2026-07-23 17:47:04.389087	KhRG
eba3159a19c2311a4eb92a02b91d3eb6		2026-07-23 17:47:38.511366	KhRG
b903728f1badaa76dd11464b054a0c3b		2026-07-23 17:52:24.319561	KhRG
b903728f1badaa76dd11464b054a0c3b		2026-07-23 17:53:35.374181	KhRG
61683e89009c326a86014592e5e77abe		2026-07-23 18:11:25.538047	KhRG
61683e89009c326a86014592e5e77abe		2026-07-23 18:14:30.333048	KhRG
0fc2d33c3139daa7531e977803898878		2026-07-23 18:53:47.893858	KhRG
0fc2d33c3139daa7531e977803898878		2026-07-23 18:57:37.760052	KhRG
0fc2d33c3139daa7531e977803898878		2026-07-23 18:58:00.272537	KhRG
0fc2d33c3139daa7531e977803898878		2026-07-23 18:58:38.774338	KhRG
0fc2d33c3139daa7531e977803898878		2026-07-23 18:59:41.271700	KhRG
0fc2d33c3139daa7531e977803898878		2026-07-23 18:59:54.922134	KhRG
0fc2d33c3139daa7531e977803898878		2026-07-23 19:00:58.298749	KhRG
0fc2d33c3139daa7531e977803898878		2026-07-23 19:02:19.126010	KhRG
0fc2d33c3139daa7531e977803898878		2026-07-23 19:03:17.522281	KhRG
0fc2d33c3139daa7531e977803898878		2026-07-23 19:03:28.171702	KhRG
0fc2d33c3139daa7531e977803898878		2026-07-23 19:06:02.342933	KhRG
0fc2d33c3139daa7531e977803898878		2026-07-23 19:06:17.266888	KhRG
0fc2d33c3139daa7531e977803898878		2026-07-23 19:06:22.703414	KhRG
0fc2d33c3139daa7531e977803898878		2026-07-23 19:06:28.677299	KhRG
0fc2d33c3139daa7531e977803898878		2026-07-23 19:06:35.139652	KhRG
0fc2d33c3139daa7531e977803898878		2026-07-23 19:06:40.473689	KhRG
0fc2d33c3139daa7531e977803898878		2026-07-23 19:06:55.708818	KhRG
c1e0020456c08c72725431695a219a90		2026-07-23 19:16:38.088460	KhRG
c1e0020456c08c72725431695a219a90		2026-07-23 19:18:27.760188	KhRG
c1e0020456c08c72725431695a219a90		2026-07-23 19:18:59.063434	KhRG
c1e0020456c08c72725431695a219a90		2026-07-23 19:21:48.115107	KhRG
c1e0020456c08c72725431695a219a90		2026-07-23 19:35:10.331860	KhRG
c1e0020456c08c72725431695a219a90		2026-07-23 19:35:58.925125	KhRG
c1e0020456c08c72725431695a219a90		2026-07-23 19:37:41.500315	KhRG
dd6ac3db440e761acd73d4195a86a0cc		2026-07-23 19:55:27.823657	KhRG
dd6ac3db440e761acd73d4195a86a0cc		2026-07-23 20:03:54.325950	KhRG
dd6ac3db440e761acd73d4195a86a0cc		2026-07-23 20:07:04.922687	KhRG
eba3159a19c2311a4eb92a02b91d3eb6		2026-07-23 20:09:24.386928	KhRG
eba3159a19c2311a4eb92a02b91d3eb6		2026-07-23 20:09:42.294739	KhRG
dd6ac3db440e761acd73d4195a86a0cc		2026-07-23 20:18:56.844997	KhRG
eba3159a19c2311a4eb92a02b91d3eb6		2026-07-23 20:46:59.531324	KhRG
0132c74a30b8b30891549b1f07fbac5e		2026-07-24 04:11:44.223128	KhRG
7fdb9c6ef7ab32962bf255c8ef6228e5		2026-07-24 04:14:35.401901	KhRG
7fdb9c6ef7ab32962bf255c8ef6228e5		2026-07-24 04:14:42.607842	KhRG
7fdb9c6ef7ab32962bf255c8ef6228e5		2026-07-24 04:14:48.928473	KhRG
7fdb9c6ef7ab32962bf255c8ef6228e5		2026-07-24 04:14:55.276193	KhRG
7fdb9c6ef7ab32962bf255c8ef6228e5		2026-07-24 04:15:02.026231	KhRG
7fdb9c6ef7ab32962bf255c8ef6228e5		2026-07-24 04:15:09.620620	KhRG
7fdb9c6ef7ab32962bf255c8ef6228e5		2026-07-24 04:15:17.781405	KhRG
7fdb9c6ef7ab32962bf255c8ef6228e5		2026-07-24 04:15:24.925360	KhRG
7fdb9c6ef7ab32962bf255c8ef6228e5		2026-07-24 04:15:31.427579	KhRG
7fdb9c6ef7ab32962bf255c8ef6228e5		2026-07-24 04:15:38.349061	KhRG
7fdb9c6ef7ab32962bf255c8ef6228e5		2026-07-24 04:16:39.811259	KhRG
0132c74a30b8b30891549b1f07fbac5e		2026-07-24 04:17:56.728559	KhRG
0132c74a30b8b30891549b1f07fbac5e		2026-07-24 04:20:11.345460	KhRG
a5e15f0bcf78de5d3f6d849bd97bdbe8		2026-07-24 04:20:58.231248	KhRG
0132c74a30b8b30891549b1f07fbac5e		2026-07-24 04:21:28.865830	KhRG
a5e15f0bcf78de5d3f6d849bd97bdbe8		2026-07-24 04:35:58.462356	KhRG
a5e15f0bcf78de5d3f6d849bd97bdbe8		2026-07-24 04:39:18.385133	KhRG
a5e15f0bcf78de5d3f6d849bd97bdbe8		2026-07-24 04:41:47.152954	KhRG
a5e15f0bcf78de5d3f6d849bd97bdbe8		2026-07-24 04:43:08.757726	KhRG
a5e15f0bcf78de5d3f6d849bd97bdbe8		2026-07-24 04:45:45.718270	KhRG
a5e15f0bcf78de5d3f6d849bd97bdbe8		2026-07-24 04:46:53.631665	KhRG
a5e15f0bcf78de5d3f6d849bd97bdbe8		2026-07-24 05:22:32.651742	KhRG
a5e15f0bcf78de5d3f6d849bd97bdbe8		2026-07-24 05:57:12.573801	KhRG
a5e15f0bcf78de5d3f6d849bd97bdbe8		2026-07-24 05:58:47.901256	KhRG
a5e15f0bcf78de5d3f6d849bd97bdbe8		2026-07-24 06:07:05.520166	KhRG
a5e15f0bcf78de5d3f6d849bd97bdbe8		2026-07-24 06:15:03.286076	KhRG
a5e15f0bcf78de5d3f6d849bd97bdbe8		2026-07-24 06:16:33.938143	KhRG
a5e15f0bcf78de5d3f6d849bd97bdbe8		2026-07-24 06:18:06.984838	KhRG
a5e15f0bcf78de5d3f6d849bd97bdbe8		2026-07-24 06:32:01.545612	KhRG
a5e15f0bcf78de5d3f6d849bd97bdbe8		2026-07-24 06:33:27.850094	KhRG
a5e15f0bcf78de5d3f6d849bd97bdbe8		2026-07-24 06:35:08.001893	KhRG
a5e15f0bcf78de5d3f6d849bd97bdbe8		2026-07-24 06:36:46.188461	KhRG
a5e15f0bcf78de5d3f6d849bd97bdbe8		2026-07-24 06:38:28.709949	KhRG
a5e15f0bcf78de5d3f6d849bd97bdbe8		2026-07-24 06:40:38.897517	KhRG
a5e15f0bcf78de5d3f6d849bd97bdbe8		2026-07-24 06:42:11.592635	KhRG
a5e15f0bcf78de5d3f6d849bd97bdbe8		2026-07-24 06:44:13.075513	KhRG
ac77a81548ac57d675c2569d72bc9593		2026-07-24 06:44:42.467066	KhRG
a5e15f0bcf78de5d3f6d849bd97bdbe8		2026-07-24 06:45:35.335000	KhRG
ac77a81548ac57d675c2569d72bc9593		2026-07-24 06:49:29.085495	KhRG
9181a8bffb89cf19736b42bd60691fff		2026-07-24 07:01:50.181394	KhRG
9181a8bffb89cf19736b42bd60691fff		2026-07-24 07:03:29.416023	KhRG
9181a8bffb89cf19736b42bd60691fff		2026-07-24 07:08:31.091254	KhRG
9181a8bffb89cf19736b42bd60691fff		2026-07-24 07:08:47.978520	KhRG
ac77a81548ac57d675c2569d72bc9593		2026-07-24 07:20:14.435322	KhRG
dd6ac3db440e761acd73d4195a86a0cc		2026-07-24 07:39:21.980049	KhRG
dd6ac3db440e761acd73d4195a86a0cc		2026-07-24 07:39:45.159107	KhRG
dd6ac3db440e761acd73d4195a86a0cc		2026-07-24 07:42:36.276049	KhRG
dd6ac3db440e761acd73d4195a86a0cc		2026-07-24 07:46:13.580300	KhRG
ac77a81548ac57d675c2569d72bc9593		2026-07-24 07:49:41.384030	KhRG
dd6ac3db440e761acd73d4195a86a0cc		2026-07-24 07:50:42.178211	KhRG
a5e15f0bcf78de5d3f6d849bd97bdbe8		2026-07-24 07:56:58.367272	KhRG
dd6ac3db440e761acd73d4195a86a0cc		2026-07-24 07:59:14.939830	KhRG
dd6ac3db440e761acd73d4195a86a0cc		2026-07-24 08:00:56.385552	KhRG
dd6ac3db440e761acd73d4195a86a0cc		2026-07-24 08:01:35.186140	KhRG
dd6ac3db440e761acd73d4195a86a0cc		2026-07-24 08:29:09.786525	KhRG
dd6ac3db440e761acd73d4195a86a0cc		2026-07-24 08:35:20.239070	KhRG
be082045417881d6fc31a3c25910e2f5		2026-07-24 09:04:00.483825	KhRG
be082045417881d6fc31a3c25910e2f5		2026-07-24 09:04:24.277222	KhRG
be082045417881d6fc31a3c25910e2f5		2026-07-24 09:07:53.491814	KhRG
be082045417881d6fc31a3c25910e2f5		2026-07-24 09:08:01.807344	KhRG
be082045417881d6fc31a3c25910e2f5		2026-07-24 09:08:38.645711	KhRG
be082045417881d6fc31a3c25910e2f5		2026-07-24 09:09:27.945694	KhRG
be082045417881d6fc31a3c25910e2f5		2026-07-24 09:09:56.900440	KhRG
be082045417881d6fc31a3c25910e2f5		2026-07-24 09:10:24.133389	KhRG
dd6ac3db440e761acd73d4195a86a0cc		2026-07-24 09:13:34.762783	KhRG
be082045417881d6fc31a3c25910e2f5		2026-07-24 09:16:49.082892	KhRG
be082045417881d6fc31a3c25910e2f5		2026-07-24 09:19:23.423935	KhRG
dd6ac3db440e761acd73d4195a86a0cc		2026-07-24 09:19:55.467159	KhRG
be082045417881d6fc31a3c25910e2f5		2026-07-24 09:19:58.402494	KhRG
be082045417881d6fc31a3c25910e2f5		2026-07-24 09:20:12.057688	KhRG
be082045417881d6fc31a3c25910e2f5		2026-07-24 09:24:32.062377	KhRG
be082045417881d6fc31a3c25910e2f5		2026-07-24 09:30:25.015943	KhRG
be082045417881d6fc31a3c25910e2f5		2026-07-24 09:30:48.027564	KhRG
be082045417881d6fc31a3c25910e2f5		2026-07-24 09:30:59.363824	KhRG
be082045417881d6fc31a3c25910e2f5		2026-07-24 09:31:15.620963	KhRG
be082045417881d6fc31a3c25910e2f5		2026-07-24 09:32:18.266164	KhRG
be082045417881d6fc31a3c25910e2f5		2026-07-24 09:33:02.618742	KhRG
be082045417881d6fc31a3c25910e2f5		2026-07-24 09:34:02.792414	KhRG
be082045417881d6fc31a3c25910e2f5		2026-07-24 09:34:36.733272	KhRG
dd6ac3db440e761acd73d4195a86a0cc		2026-07-24 09:35:32.870465	KhRG
be082045417881d6fc31a3c25910e2f5		2026-07-24 09:37:09.168801	KhRG
be082045417881d6fc31a3c25910e2f5		2026-07-24 09:38:03.583339	KhRG
be082045417881d6fc31a3c25910e2f5		2026-07-24 09:38:28.505622	KhRG
be082045417881d6fc31a3c25910e2f5		2026-07-24 09:38:50.210151	KhRG
be082045417881d6fc31a3c25910e2f5		2026-07-24 09:39:28.792082	KhRG
be93eb28eab9df6fec7cf94b8d65fc9a		2026-07-24 09:42:44.186936	KhRG
be93eb28eab9df6fec7cf94b8d65fc9a		2026-07-24 09:43:48.809378	KhRG
be93eb28eab9df6fec7cf94b8d65fc9a		2026-07-24 09:44:29.524619	KhRG
be93eb28eab9df6fec7cf94b8d65fc9a		2026-07-24 09:45:54.676106	KhRG
dd6ac3db440e761acd73d4195a86a0cc		2026-07-24 09:48:20.186821	KhRG
be082045417881d6fc31a3c25910e2f5		2026-07-24 10:02:21.146912	KhRG
dd6ac3db440e761acd73d4195a86a0cc		2026-07-24 10:07:00.661052	KhRG
be082045417881d6fc31a3c25910e2f5		2026-07-24 10:14:26.840270	KhRG
dd6ac3db440e761acd73d4195a86a0cc		2026-07-24 10:14:35.011387	KhRG
be082045417881d6fc31a3c25910e2f5		2026-07-24 10:15:07.228818	KhRG
dd6ac3db440e761acd73d4195a86a0cc		2026-07-24 10:15:18.062710	KhRG
be082045417881d6fc31a3c25910e2f5		2026-07-24 10:15:21.475394	KhRG
be082045417881d6fc31a3c25910e2f5		2026-07-24 10:15:35.094012	KhRG
be082045417881d6fc31a3c25910e2f5		2026-07-24 10:16:02.188354	KhRG
be082045417881d6fc31a3c25910e2f5		2026-07-24 10:16:09.487371	KhRG
be082045417881d6fc31a3c25910e2f5		2026-07-24 10:16:18.218015	KhRG
dd6ac3db440e761acd73d4195a86a0cc		2026-07-24 10:16:19.417068	KhRG
be082045417881d6fc31a3c25910e2f5		2026-07-24 10:16:23.374314	KhRG
be082045417881d6fc31a3c25910e2f5		2026-07-24 10:16:30.590796	KhRG
be082045417881d6fc31a3c25910e2f5		2026-07-24 10:17:20.987285	KhRG
be082045417881d6fc31a3c25910e2f5		2026-07-24 10:18:41.627270	KhRG
be082045417881d6fc31a3c25910e2f5		2026-07-24 10:18:57.792334	KhRG
be082045417881d6fc31a3c25910e2f5		2026-07-24 10:19:47.612078	KhRG
be082045417881d6fc31a3c25910e2f5		2026-07-24 10:20:09.531105	KhRG
be082045417881d6fc31a3c25910e2f5		2026-07-24 10:20:22.559858	KhRG
be082045417881d6fc31a3c25910e2f5		2026-07-24 10:23:01.224338	KhRG
be082045417881d6fc31a3c25910e2f5		2026-07-24 10:23:48.986762	KhRG
be082045417881d6fc31a3c25910e2f5		2026-07-24 10:24:06.282929	KhRG
be082045417881d6fc31a3c25910e2f5		2026-07-24 10:24:28.613738	KhRG
be082045417881d6fc31a3c25910e2f5		2026-07-24 10:25:26.177113	KhRG
dd6ac3db440e761acd73d4195a86a0cc		2026-07-24 10:25:27.718869	KhRG
be082045417881d6fc31a3c25910e2f5		2026-07-24 10:26:05.107613	KhRG
be082045417881d6fc31a3c25910e2f5		2026-07-24 10:26:32.059519	KhRG
be082045417881d6fc31a3c25910e2f5		2026-07-24 10:31:44.142281	KhRG
be082045417881d6fc31a3c25910e2f5		2026-07-24 10:36:12.569814	KhRG
be082045417881d6fc31a3c25910e2f5		2026-07-24 10:36:25.804874	KhRG
be082045417881d6fc31a3c25910e2f5		2026-07-24 10:37:37.156114	KhRG
be082045417881d6fc31a3c25910e2f5		2026-07-24 10:41:19.272046	KhRG
be082045417881d6fc31a3c25910e2f5		2026-07-24 10:42:21.021800	KhRG
be082045417881d6fc31a3c25910e2f5		2026-07-24 10:42:31.924549	KhRG
be082045417881d6fc31a3c25910e2f5		2026-07-24 10:45:54.080185	KhRG
be082045417881d6fc31a3c25910e2f5		2026-07-24 10:56:13.540093	KhRG
be082045417881d6fc31a3c25910e2f5		2026-07-24 11:00:21.750354	KhRG
be082045417881d6fc31a3c25910e2f5		2026-07-24 11:00:41.083675	KhRG
dd6ac3db440e761acd73d4195a86a0cc		2026-07-24 11:02:31.707202	KhRG
f2dcd798663db9874e88f189383eb1ee		2026-07-24 11:04:14.974350	KhRG
f2dcd798663db9874e88f189383eb1ee		2026-07-24 11:06:07.693329	KhRG
f2dcd798663db9874e88f189383eb1ee		2026-07-24 11:07:02.299723	KhRG
f2dcd798663db9874e88f189383eb1ee		2026-07-24 11:07:17.103449	KhRG
f2dcd798663db9874e88f189383eb1ee		2026-07-24 11:08:10.826011	KhRG
be082045417881d6fc31a3c25910e2f5		2026-07-24 11:15:36.477804	KhRG
be082045417881d6fc31a3c25910e2f5		2026-07-24 11:16:30.941653	KhRG
dd6ac3db440e761acd73d4195a86a0cc		2026-07-24 11:16:35.299308	KhRG
dd6ac3db440e761acd73d4195a86a0cc		2026-07-24 11:17:39.733767	KhRG
be082045417881d6fc31a3c25910e2f5		2026-07-24 11:21:06.793004	KhRG
be082045417881d6fc31a3c25910e2f5		2026-07-24 11:32:26.722656	KhRG
be082045417881d6fc31a3c25910e2f5		2026-07-24 11:44:36.884267	KhRG
be082045417881d6fc31a3c25910e2f5		2026-07-24 11:58:50.533203	KhRG
3e2ad549b15d324e273b81aef2baabe9		2026-07-24 12:22:56.544813	KhRG
3e2ad549b15d324e273b81aef2baabe9		2026-07-24 12:32:16.346232	KhRG
efabd73427558c38182f22daacafb18a		2026-07-24 12:38:20.770987	KhRG
3e2ad549b15d324e273b81aef2baabe9		2026-07-24 12:51:13.107270	KhRG
3e2ad549b15d324e273b81aef2baabe9		2026-07-24 12:52:28.726078	KhRG
3e2ad549b15d324e273b81aef2baabe9		2026-07-24 12:53:34.703506	KhRG
3e2ad549b15d324e273b81aef2baabe9		2026-07-24 12:54:17.765998	KhRG
3e2ad549b15d324e273b81aef2baabe9		2026-07-24 12:55:30.922903	KhRG
3e2ad549b15d324e273b81aef2baabe9		2026-07-24 12:57:19.153009	KhRG
3e2ad549b15d324e273b81aef2baabe9		2026-07-24 12:58:30.673381	KhRG
3e2ad549b15d324e273b81aef2baabe9		2026-07-24 13:12:24.343719	KhRG
3e2ad549b15d324e273b81aef2baabe9		2026-07-24 13:27:48.810677	KhRG
3e2ad549b15d324e273b81aef2baabe9		2026-07-24 13:29:20.115367	KhRG
9f1a7700fe55c10d1e2a9af2474efad4		2026-07-24 13:31:06.807095	KhRG
9f1a7700fe55c10d1e2a9af2474efad4		2026-07-24 13:31:32.453508	KhRG
9f1a7700fe55c10d1e2a9af2474efad4		2026-07-24 13:32:04.598007	KhRG
3e2ad549b15d324e273b81aef2baabe9		2026-07-24 13:33:55.431829	KhRG
9f1a7700fe55c10d1e2a9af2474efad4		2026-07-24 13:34:09.194456	KhRG
3e2ad549b15d324e273b81aef2baabe9		2026-07-24 13:34:20.886386	KhRG
3e2ad549b15d324e273b81aef2baabe9		2026-07-24 13:40:27.693843	KhRG
3e2ad549b15d324e273b81aef2baabe9		2026-07-24 13:43:01.562182	KhRG
a5e15f0bcf78de5d3f6d849bd97bdbe8		2026-07-24 13:43:48.269253	KhRG
3e2ad549b15d324e273b81aef2baabe9		2026-07-24 13:45:14.397417	KhRG
3e2ad549b15d324e273b81aef2baabe9		2026-07-24 13:46:50.247803	KhRG
3e2ad549b15d324e273b81aef2baabe9		2026-07-24 13:47:15.475374	KhRG
3e2ad549b15d324e273b81aef2baabe9		2026-07-24 13:49:43.300642	KhRG
be93eb28eab9df6fec7cf94b8d65fc9a		2026-07-24 13:49:44.209769	KhRG
be93eb28eab9df6fec7cf94b8d65fc9a		2026-07-24 13:50:25.018653	KhRG
be93eb28eab9df6fec7cf94b8d65fc9a		2026-07-24 13:51:10.499458	KhRG
be93eb28eab9df6fec7cf94b8d65fc9a		2026-07-24 13:51:46.387984	KhRG
be93eb28eab9df6fec7cf94b8d65fc9a		2026-07-24 13:52:50.181816	KhRG
be93eb28eab9df6fec7cf94b8d65fc9a		2026-07-24 13:53:59.074654	KhRG
3e2ad549b15d324e273b81aef2baabe9		2026-07-24 13:54:24.879482	KhRG
be93eb28eab9df6fec7cf94b8d65fc9a		2026-07-24 13:54:57.118528	KhRG
be93eb28eab9df6fec7cf94b8d65fc9a		2026-07-24 13:55:30.095637	KhRG
3e2ad549b15d324e273b81aef2baabe9		2026-07-24 13:56:07.011095	KhRG
3e2ad549b15d324e273b81aef2baabe9		2026-07-24 13:56:24.058027	KhRG
be93eb28eab9df6fec7cf94b8d65fc9a		2026-07-24 13:58:52.123937	KhRG
3e2ad549b15d324e273b81aef2baabe9		2026-07-24 13:59:11.995538	KhRG
3e2ad549b15d324e273b81aef2baabe9		2026-07-24 13:59:40.209140	KhRG
be93eb28eab9df6fec7cf94b8d65fc9a		2026-07-24 14:00:29.637207	KhRG
be93eb28eab9df6fec7cf94b8d65fc9a		2026-07-24 14:01:15.081505	KhRG
be93eb28eab9df6fec7cf94b8d65fc9a		2026-07-24 14:02:08.676022	KhRG
3e2ad549b15d324e273b81aef2baabe9		2026-07-24 14:02:45.629249	KhRG
be93eb28eab9df6fec7cf94b8d65fc9a		2026-07-24 14:03:16.214615	KhRG
be93eb28eab9df6fec7cf94b8d65fc9a		2026-07-24 14:04:56.768240	KhRG
be93eb28eab9df6fec7cf94b8d65fc9a		2026-07-24 14:07:42.711122	KhRG
a5e15f0bcf78de5d3f6d849bd97bdbe8		2026-07-24 14:14:28.611957	KhRG
3941a631bd501168b030f84a4f889da7		2026-07-24 14:14:57.370462	KhRG
4290fa4965624e0ce5a1ef8b160f7566		2026-07-24 14:18:10.691210	KhRG
3941a631bd501168b030f84a4f889da7		2026-07-24 14:20:34.045650	KhRG
3941a631bd501168b030f84a4f889da7		2026-07-24 14:22:39.452816	KhRG
3941a631bd501168b030f84a4f889da7		2026-07-24 14:30:29.904104	KhRG
3941a631bd501168b030f84a4f889da7		2026-07-24 14:32:55.956442	KhRG
3941a631bd501168b030f84a4f889da7		2026-07-24 14:33:30.707275	KhRG
3941a631bd501168b030f84a4f889da7		2026-07-24 14:35:19.649072	KhRG
3941a631bd501168b030f84a4f889da7		2026-07-24 14:36:15.121349	KhRG
3941a631bd501168b030f84a4f889da7		2026-07-24 14:36:32.627444	KhRG
3941a631bd501168b030f84a4f889da7		2026-07-24 14:36:38.040662	KhRG
3941a631bd501168b030f84a4f889da7		2026-07-24 14:36:52.039658	KhRG
3941a631bd501168b030f84a4f889da7		2026-07-24 14:36:57.538238	KhRG
3941a631bd501168b030f84a4f889da7		2026-07-24 14:37:03.283019	KhRG
3941a631bd501168b030f84a4f889da7		2026-07-24 14:37:46.033882	KhRG
3941a631bd501168b030f84a4f889da7		2026-07-24 14:42:13.568028	KhRG
a5e15f0bcf78de5d3f6d849bd97bdbe8		2026-07-24 14:43:15.042463	KhRG
3941a631bd501168b030f84a4f889da7		2026-07-24 14:48:10.240844	KhRG
dd6ac3db440e761acd73d4195a86a0cc		2026-07-24 14:49:27.181631	KhRG
3941a631bd501168b030f84a4f889da7		2026-07-24 14:50:04.645881	KhRG
3941a631bd501168b030f84a4f889da7		2026-07-24 14:50:42.921494	KhRG
3941a631bd501168b030f84a4f889da7		2026-07-24 14:50:48.111759	KhRG
3941a631bd501168b030f84a4f889da7		2026-07-24 14:50:53.301659	KhRG
3941a631bd501168b030f84a4f889da7		2026-07-24 14:50:59.036448	KhRG
3941a631bd501168b030f84a4f889da7		2026-07-24 14:51:04.862015	KhRG
3941a631bd501168b030f84a4f889da7		2026-07-24 14:51:10.679170	KhRG
3941a631bd501168b030f84a4f889da7		2026-07-24 14:51:16.289902	KhRG
3941a631bd501168b030f84a4f889da7		2026-07-24 14:51:46.156035	KhRG
3941a631bd501168b030f84a4f889da7		2026-07-24 14:51:55.962228	KhRG
4290fa4965624e0ce5a1ef8b160f7566		2026-07-24 14:56:08.884418	KhRG
3941a631bd501168b030f84a4f889da7		2026-07-24 14:56:50.678713	KhRG
3941a631bd501168b030f84a4f889da7		2026-07-24 15:03:16.729305	KhRG
3941a631bd501168b030f84a4f889da7		2026-07-24 15:06:45.325760	KhRG
3941a631bd501168b030f84a4f889da7		2026-07-24 15:10:02.169328	KhRG
3941a631bd501168b030f84a4f889da7		2026-07-24 15:11:15.043067	KhRG
3941a631bd501168b030f84a4f889da7		2026-07-24 15:12:33.449013	KhRG
dd6ac3db440e761acd73d4195a86a0cc		2026-07-24 15:13:05.112987	KhRG
3941a631bd501168b030f84a4f889da7		2026-07-24 15:13:31.707716	KhRG
3941a631bd501168b030f84a4f889da7		2026-07-24 15:17:05.757465	KhRG
3941a631bd501168b030f84a4f889da7		2026-07-24 15:20:42.775608	KhRG
3941a631bd501168b030f84a4f889da7		2026-07-24 15:21:17.490005	KhRG
3941a631bd501168b030f84a4f889da7		2026-07-24 15:22:05.958539	KhRG
3941a631bd501168b030f84a4f889da7		2026-07-24 15:27:19.587457	KhRG
dd6ac3db440e761acd73d4195a86a0cc		2026-07-24 15:32:29.717881	KhRG
4290fa4965624e0ce5a1ef8b160f7566		2026-07-24 15:41:40.379799	KhRG
dd6ac3db440e761acd73d4195a86a0cc		2026-07-24 15:44:03.137831	KhRG
4290fa4965624e0ce5a1ef8b160f7566		2026-07-24 15:45:07.331900	KhRG
4290fa4965624e0ce5a1ef8b160f7566		2026-07-24 15:57:35.767533	KhRG
dd6ac3db440e761acd73d4195a86a0cc		2026-07-24 15:57:42.788621	KhRG
4290fa4965624e0ce5a1ef8b160f7566		2026-07-24 16:00:33.011927	KhRG
dd6ac3db440e761acd73d4195a86a0cc		2026-07-24 16:30:04.987246	KhRG
4290fa4965624e0ce5a1ef8b160f7566		2026-07-24 16:30:33.348881	KhRG
4290fa4965624e0ce5a1ef8b160f7566		2026-07-24 16:34:10.581666	KhRG
dd6ac3db440e761acd73d4195a86a0cc		2026-07-24 16:34:31.525725	KhRG
3941a631bd501168b030f84a4f889da7		2026-07-24 16:34:34.381696	KhRG
dd6ac3db440e761acd73d4195a86a0cc		2026-07-24 16:38:37.584539	KhRG
3941a631bd501168b030f84a4f889da7		2026-07-24 16:39:42.790628	KhRG
3941a631bd501168b030f84a4f889da7		2026-07-24 16:40:19.409544	KhRG
3941a631bd501168b030f84a4f889da7		2026-07-24 16:40:51.550420	KhRG
3941a631bd501168b030f84a4f889da7		2026-07-24 16:48:15.927068	KhRG
3941a631bd501168b030f84a4f889da7		2026-07-24 16:49:04.718887	KhRG
dd6ac3db440e761acd73d4195a86a0cc		2026-07-24 16:50:36.949398	KhRG
be93eb28eab9df6fec7cf94b8d65fc9a		2026-07-24 16:54:38.041660	KhRG
be93eb28eab9df6fec7cf94b8d65fc9a		2026-07-24 16:56:17.565046	KhRG
dd6ac3db440e761acd73d4195a86a0cc		2026-07-24 16:56:41.551069	KhRG
be93eb28eab9df6fec7cf94b8d65fc9a		2026-07-24 16:57:11.851449	KhRG
dd6ac3db440e761acd73d4195a86a0cc		2026-07-24 16:57:13.580047	KhRG
be93eb28eab9df6fec7cf94b8d65fc9a		2026-07-24 16:57:58.838659	KhRG
dd6ac3db440e761acd73d4195a86a0cc		2026-07-24 16:59:53.812317	KhRG
be93eb28eab9df6fec7cf94b8d65fc9a		2026-07-24 17:01:15.442983	KhRG
be93eb28eab9df6fec7cf94b8d65fc9a		2026-07-24 17:01:34.723861	KhRG
dd6ac3db440e761acd73d4195a86a0cc		2026-07-24 17:06:56.026963	KhRG
dd6ac3db440e761acd73d4195a86a0cc		2026-07-24 17:07:08.717085	KhRG
be93eb28eab9df6fec7cf94b8d65fc9a		2026-07-24 17:09:50.739396	KhRG
dd6ac3db440e761acd73d4195a86a0cc		2026-07-24 17:10:03.576210	KhRG
dd6ac3db440e761acd73d4195a86a0cc		2026-07-24 17:10:23.520544	KhRG
be93eb28eab9df6fec7cf94b8d65fc9a		2026-07-24 17:11:39.086351	KhRG
dd6ac3db440e761acd73d4195a86a0cc		2026-07-24 17:12:13.877727	KhRG
be93eb28eab9df6fec7cf94b8d65fc9a		2026-07-24 17:12:51.957949	KhRG
be93eb28eab9df6fec7cf94b8d65fc9a		2026-07-24 17:13:14.961939	KhRG
be93eb28eab9df6fec7cf94b8d65fc9a		2026-07-24 17:15:23.146218	KhRG
be93eb28eab9df6fec7cf94b8d65fc9a		2026-07-24 17:17:05.853284	KhRG
be93eb28eab9df6fec7cf94b8d65fc9a		2026-07-24 17:19:25.132960	KhRG
be93eb28eab9df6fec7cf94b8d65fc9a		2026-07-24 17:29:11.900130	KhRG
be93eb28eab9df6fec7cf94b8d65fc9a		2026-07-24 17:32:12.602185	KhRG
be93eb28eab9df6fec7cf94b8d65fc9a		2026-07-24 17:33:04.779443	KhRG
be93eb28eab9df6fec7cf94b8d65fc9a		2026-07-24 17:33:59.012776	KhRG
be93eb28eab9df6fec7cf94b8d65fc9a		2026-07-24 17:34:16.225836	KhRG
be93eb28eab9df6fec7cf94b8d65fc9a		2026-07-24 17:35:15.310155	KhRG
be93eb28eab9df6fec7cf94b8d65fc9a		2026-07-24 17:35:30.236556	KhRG
be93eb28eab9df6fec7cf94b8d65fc9a		2026-07-24 17:36:10.511219	KhRG
be93eb28eab9df6fec7cf94b8d65fc9a		2026-07-24 17:38:40.006131	KhRG
be93eb28eab9df6fec7cf94b8d65fc9a		2026-07-24 17:39:36.280503	KhRG
be93eb28eab9df6fec7cf94b8d65fc9a		2026-07-24 17:40:16.782434	KhRG
be93eb28eab9df6fec7cf94b8d65fc9a		2026-07-24 17:40:54.704069	KhRG
dd6ac3db440e761acd73d4195a86a0cc		2026-07-24 17:42:57.647641	KhRG
be93eb28eab9df6fec7cf94b8d65fc9a		2026-07-24 17:43:20.992025	KhRG
dd6ac3db440e761acd73d4195a86a0cc		2026-07-24 17:43:29.139586	KhRG
be93eb28eab9df6fec7cf94b8d65fc9a		2026-07-24 17:43:54.824681	KhRG
be93eb28eab9df6fec7cf94b8d65fc9a		2026-07-24 17:44:23.569564	KhRG
be93eb28eab9df6fec7cf94b8d65fc9a		2026-07-24 17:44:54.123048	KhRG
be93eb28eab9df6fec7cf94b8d65fc9a		2026-07-24 17:46:04.385031	KhRG
be93eb28eab9df6fec7cf94b8d65fc9a		2026-07-24 17:46:53.970875	KhRG
be93eb28eab9df6fec7cf94b8d65fc9a		2026-07-24 17:47:23.375857	KhRG
be93eb28eab9df6fec7cf94b8d65fc9a		2026-07-24 17:47:53.852345	KhRG
be93eb28eab9df6fec7cf94b8d65fc9a		2026-07-24 17:48:28.589299	KhRG
be93eb28eab9df6fec7cf94b8d65fc9a		2026-07-24 17:48:59.778500	KhRG
be93eb28eab9df6fec7cf94b8d65fc9a		2026-07-24 17:49:44.710388	KhRG
be93eb28eab9df6fec7cf94b8d65fc9a		2026-07-24 17:50:12.658975	KhRG
be93eb28eab9df6fec7cf94b8d65fc9a		2026-07-24 17:50:38.960865	KhRG
be93eb28eab9df6fec7cf94b8d65fc9a		2026-07-24 17:51:05.374135	KhRG
be93eb28eab9df6fec7cf94b8d65fc9a		2026-07-24 17:51:32.479251	KhRG
be93eb28eab9df6fec7cf94b8d65fc9a		2026-07-24 17:52:49.079956	KhRG
be93eb28eab9df6fec7cf94b8d65fc9a		2026-07-24 17:53:09.032193	KhRG
be93eb28eab9df6fec7cf94b8d65fc9a		2026-07-24 17:53:40.297069	KhRG
dd6ac3db440e761acd73d4195a86a0cc		2026-07-24 17:55:19.742219	KhRG
dd6ac3db440e761acd73d4195a86a0cc		2026-07-24 17:55:53.713020	KhRG
be93eb28eab9df6fec7cf94b8d65fc9a		2026-07-24 17:56:00.875542	KhRG
be93eb28eab9df6fec7cf94b8d65fc9a		2026-07-24 17:57:05.422875	KhRG
be93eb28eab9df6fec7cf94b8d65fc9a		2026-07-24 17:59:05.501931	KhRG
be93eb28eab9df6fec7cf94b8d65fc9a		2026-07-24 18:00:51.744831	KhRG
dd6ac3db440e761acd73d4195a86a0cc		2026-07-24 18:03:24.855155	KhRG
be93eb28eab9df6fec7cf94b8d65fc9a		2026-07-24 18:07:40.744539	KhRG
be93eb28eab9df6fec7cf94b8d65fc9a		2026-07-24 18:08:42.070333	KhRG
be93eb28eab9df6fec7cf94b8d65fc9a		2026-07-24 18:09:58.305810	KhRG
be93eb28eab9df6fec7cf94b8d65fc9a		2026-07-24 18:10:26.851123	KhRG
dd6ac3db440e761acd73d4195a86a0cc		2026-07-24 18:12:15.137674	KhRG
be93eb28eab9df6fec7cf94b8d65fc9a		2026-07-24 18:12:45.182763	KhRG
be93eb28eab9df6fec7cf94b8d65fc9a		2026-07-24 18:14:16.182961	KhRG
be93eb28eab9df6fec7cf94b8d65fc9a		2026-07-24 18:15:25.362021	KhRG
be93eb28eab9df6fec7cf94b8d65fc9a		2026-07-24 18:18:42.364240	KhRG
dd6ac3db440e761acd73d4195a86a0cc		2026-07-24 18:20:06.307517	KhRG
dd6ac3db440e761acd73d4195a86a0cc		2026-07-24 18:20:39.083278	KhRG
be93eb28eab9df6fec7cf94b8d65fc9a		2026-07-24 18:20:56.777529	KhRG
dd6ac3db440e761acd73d4195a86a0cc		2026-07-24 18:21:46.931410	KhRG
be93eb28eab9df6fec7cf94b8d65fc9a		2026-07-24 18:22:58.292961	KhRG
dd6ac3db440e761acd73d4195a86a0cc		2026-07-24 18:23:25.862624	KhRG
be93eb28eab9df6fec7cf94b8d65fc9a		2026-07-24 18:23:29.669071	KhRG
dd6ac3db440e761acd73d4195a86a0cc		2026-07-24 18:42:26.618444	KhRG
dd6ac3db440e761acd73d4195a86a0cc		2026-07-24 18:47:13.315667	KhRG
dd6ac3db440e761acd73d4195a86a0cc		2026-07-24 18:51:43.670724	KhRG
9c55f9b53bf3a18ff35500e0658886f5		2026-07-24 18:56:07.290812	KhRG
9c55f9b53bf3a18ff35500e0658886f5		2026-07-24 18:56:24.746390	KhRG
9c55f9b53bf3a18ff35500e0658886f5		2026-07-24 18:56:35.574600	KhRG
9c55f9b53bf3a18ff35500e0658886f5		2026-07-24 18:56:52.819509	KhRG
9c55f9b53bf3a18ff35500e0658886f5		2026-07-24 18:56:59.238652	KhRG
9c55f9b53bf3a18ff35500e0658886f5		2026-07-24 18:57:09.140717	KhRG
dd6ac3db440e761acd73d4195a86a0cc		2026-07-24 18:58:27.724750	KhRG
9c55f9b53bf3a18ff35500e0658886f5		2026-07-24 18:58:51.662676	KhRG
9c55f9b53bf3a18ff35500e0658886f5		2026-07-24 19:00:53.795787	KhRG
9c55f9b53bf3a18ff35500e0658886f5		2026-07-24 19:01:24.800553	KhRG
9c55f9b53bf3a18ff35500e0658886f5		2026-07-24 19:01:54.618857	KhRG
9c55f9b53bf3a18ff35500e0658886f5		2026-07-24 19:02:28.166589	KhRG
dd6ac3db440e761acd73d4195a86a0cc		2026-07-24 19:11:22.176302	KhRG
dd6ac3db440e761acd73d4195a86a0cc		2026-07-24 19:16:26.950465	KhRG
dd6ac3db440e761acd73d4195a86a0cc		2026-07-24 19:47:50.089997	KhRG
dd6ac3db440e761acd73d4195a86a0cc		2026-07-24 19:54:59.515398	KhRG
dd6ac3db440e761acd73d4195a86a0cc		2026-07-24 19:57:46.387645	KhRG
4290fa4965624e0ce5a1ef8b160f7566		2026-07-24 20:59:40.222271	KhRG
4290fa4965624e0ce5a1ef8b160f7566		2026-07-24 21:02:18.502973	KhRG
46e6e9370585121ed050e6d178e3f50d		2026-07-24 22:34:58.220902	KhRG
46e6e9370585121ed050e6d178e3f50d		2026-07-24 22:37:14.817657	KhRG
46e6e9370585121ed050e6d178e3f50d		2026-07-24 22:37:54.943196	KhRG
ac77a81548ac57d675c2569d72bc9593		2026-07-25 06:59:37.112805	KhRG
ac77a81548ac57d675c2569d72bc9593		2026-07-25 07:00:08.614277	KhRG
ac77a81548ac57d675c2569d72bc9593		2026-07-25 07:01:25.867750	KhRG
ac77a81548ac57d675c2569d72bc9593		2026-07-25 07:02:13.377836	KhRG
ac77a81548ac57d675c2569d72bc9593		2026-07-25 07:07:00.908994	KhRG
ac77a81548ac57d675c2569d72bc9593		2026-07-25 07:08:49.571856	KhRG
ac77a81548ac57d675c2569d72bc9593		2026-07-25 07:25:06.219164	KhRG
ac77a81548ac57d675c2569d72bc9593		2026-07-25 07:26:53.989965	KhRG
dd6ac3db440e761acd73d4195a86a0cc		2026-07-25 08:13:41.260395	KhRG
3e2ad549b15d324e273b81aef2baabe9		2026-07-25 08:21:17.396305	KhRG
3e2ad549b15d324e273b81aef2baabe9		2026-07-25 08:21:42.347492	KhRG
3e2ad549b15d324e273b81aef2baabe9		2026-07-25 08:25:00.527748	KhRG
3e2ad549b15d324e273b81aef2baabe9		2026-07-25 08:25:25.476861	KhRG
3e2ad549b15d324e273b81aef2baabe9		2026-07-25 08:26:23.070530	KhRG
dd6ac3db440e761acd73d4195a86a0cc		2026-07-25 08:26:25.232815	KhRG
3e2ad549b15d324e273b81aef2baabe9		2026-07-25 08:31:21.969853	KhRG
3e76d5cac2d3be42a324d52aca0fae21		2026-07-25 08:31:29.033552	KhRG
3e76d5cac2d3be42a324d52aca0fae21		2026-07-25 08:32:04.211518	KhRG
3e2ad549b15d324e273b81aef2baabe9		2026-07-25 08:32:06.949580	KhRG
3e76d5cac2d3be42a324d52aca0fae21		2026-07-25 08:33:21.295529	KhRG
3e76d5cac2d3be42a324d52aca0fae21		2026-07-25 08:33:56.777746	KhRG
3e76d5cac2d3be42a324d52aca0fae21		2026-07-25 08:34:16.815729	KhRG
3e76d5cac2d3be42a324d52aca0fae21		2026-07-25 08:34:56.573347	KhRG
3e76d5cac2d3be42a324d52aca0fae21		2026-07-25 08:36:05.977087	KhRG
3e76d5cac2d3be42a324d52aca0fae21		2026-07-25 08:36:52.840692	KhRG
3e76d5cac2d3be42a324d52aca0fae21		2026-07-25 08:37:34.734296	KhRG
3e76d5cac2d3be42a324d52aca0fae21		2026-07-25 08:37:56.062414	KhRG
3e76d5cac2d3be42a324d52aca0fae21		2026-07-25 08:39:23.683111	KhRG
3e76d5cac2d3be42a324d52aca0fae21		2026-07-25 08:39:44.791181	KhRG
3e76d5cac2d3be42a324d52aca0fae21		2026-07-25 08:40:05.907918	KhRG
3e76d5cac2d3be42a324d52aca0fae21		2026-07-25 08:40:54.793764	KhRG
3e76d5cac2d3be42a324d52aca0fae21		2026-07-25 08:41:22.678886	KhRG
3e76d5cac2d3be42a324d52aca0fae21		2026-07-25 08:41:47.603095	KhRG
3e76d5cac2d3be42a324d52aca0fae21		2026-07-25 08:42:15.652697	KhRG
3e76d5cac2d3be42a324d52aca0fae21		2026-07-25 08:42:35.065541	KhRG
3e76d5cac2d3be42a324d52aca0fae21		2026-07-25 08:45:54.202280	KhRG
3e76d5cac2d3be42a324d52aca0fae21		2026-07-25 09:21:04.769151	KhRG
3e76d5cac2d3be42a324d52aca0fae21		2026-07-25 09:22:22.085339	KhRG
3e76d5cac2d3be42a324d52aca0fae21		2026-07-25 09:22:44.227910	KhRG
3e76d5cac2d3be42a324d52aca0fae21		2026-07-25 09:23:00.925506	KhRG
3e76d5cac2d3be42a324d52aca0fae21		2026-07-25 09:23:54.815786	KhRG
3e76d5cac2d3be42a324d52aca0fae21		2026-07-25 09:24:10.128694	KhRG
3e76d5cac2d3be42a324d52aca0fae21		2026-07-25 09:28:11.086158	KhRG
3e76d5cac2d3be42a324d52aca0fae21		2026-07-25 09:29:15.978783	KhRG
3e76d5cac2d3be42a324d52aca0fae21		2026-07-25 09:29:53.083926	KhRG
3e76d5cac2d3be42a324d52aca0fae21		2026-07-25 09:30:48.224193	KhRG
3e76d5cac2d3be42a324d52aca0fae21		2026-07-25 09:31:35.214500	KhRG
3e76d5cac2d3be42a324d52aca0fae21		2026-07-25 09:32:09.654834	KhRG
3e76d5cac2d3be42a324d52aca0fae21		2026-07-25 09:32:56.272201	KhRG
3e76d5cac2d3be42a324d52aca0fae21		2026-07-25 09:33:28.622076	KhRG
dd6ac3db440e761acd73d4195a86a0cc		2026-07-25 09:33:42.321696	KhRG
3e76d5cac2d3be42a324d52aca0fae21		2026-07-25 09:34:12.793254	KhRG
3e76d5cac2d3be42a324d52aca0fae21		2026-07-25 09:34:59.218338	KhRG
3e76d5cac2d3be42a324d52aca0fae21		2026-07-25 09:35:19.311053	KhRG
3e76d5cac2d3be42a324d52aca0fae21		2026-07-25 09:35:46.374622	KhRG
3e76d5cac2d3be42a324d52aca0fae21		2026-07-25 09:36:36.865678	KhRG
3e76d5cac2d3be42a324d52aca0fae21		2026-07-25 09:36:50.616248	KhRG
3e76d5cac2d3be42a324d52aca0fae21		2026-07-25 09:37:01.776309	KhRG
3e76d5cac2d3be42a324d52aca0fae21		2026-07-25 09:37:14.190260	KhRG
3e76d5cac2d3be42a324d52aca0fae21		2026-07-25 09:37:26.100888	KhRG
dd6ac3db440e761acd73d4195a86a0cc		2026-07-25 09:47:25.864429	KhRG
dd6ac3db440e761acd73d4195a86a0cc		2026-07-25 09:54:04.167842	KhRG
dd6ac3db440e761acd73d4195a86a0cc		2026-07-25 09:57:50.263464	KhRG
dd6ac3db440e761acd73d4195a86a0cc		2026-07-25 10:07:27.418337	KhRG
dd6ac3db440e761acd73d4195a86a0cc		2026-07-25 10:07:52.625587	KhRG
dd6ac3db440e761acd73d4195a86a0cc		2026-07-25 10:11:59.302540	KhRG
9f1a7700fe55c10d1e2a9af2474efad4		2026-07-25 11:31:26.501008	KhRG
9f1a7700fe55c10d1e2a9af2474efad4		2026-07-25 11:32:43.595600	KhRG
9f1a7700fe55c10d1e2a9af2474efad4		2026-07-25 11:55:00.547837	KhRG
a5e15f0bcf78de5d3f6d849bd97bdbe8		2026-07-25 12:06:58.155850	KhRG
9f1a7700fe55c10d1e2a9af2474efad4		2026-07-25 12:18:02.093619	KhRG
9f1a7700fe55c10d1e2a9af2474efad4		2026-07-25 12:21:26.873581	KhRG
a5e15f0bcf78de5d3f6d849bd97bdbe8		2026-07-25 12:39:15.235237	KhRG
a5e15f0bcf78de5d3f6d849bd97bdbe8		2026-07-25 12:41:39.334667	KhRG
9f1a7700fe55c10d1e2a9af2474efad4		2026-07-25 12:46:17.748450	KhRG
a5e15f0bcf78de5d3f6d849bd97bdbe8		2026-07-25 12:47:27.166502	KhRG
b06e2f9b2f52aa47a56ebb333ef85eee		2026-07-25 15:08:36.818109	KhRG
b06e2f9b2f52aa47a56ebb333ef85eee		2026-07-25 15:14:42.478391	KhRG
b06e2f9b2f52aa47a56ebb333ef85eee		2026-07-25 15:21:17.120113	KhRG
b06e2f9b2f52aa47a56ebb333ef85eee		2026-07-25 15:21:52.427731	KhRG
1a905cd87547fa010839752934d82fef		2026-07-25 15:24:16.111420	KhRG
99a607f040762d5b8ff8c7f2712b7a45		2026-07-25 15:38:13.896343	KhRG
9f1a7700fe55c10d1e2a9af2474efad4		2026-07-25 15:41:25.444309	KhRG
99a607f040762d5b8ff8c7f2712b7a45		2026-07-25 15:49:22.362046	KhRG
3e2ad549b15d324e273b81aef2baabe9		2026-07-25 15:49:32.248530	KhRG
99a607f040762d5b8ff8c7f2712b7a45		2026-07-25 15:54:34.386366	KhRG
99a607f040762d5b8ff8c7f2712b7a45		2026-07-25 15:58:57.102810	KhRG
9f1a7700fe55c10d1e2a9af2474efad4		2026-07-25 16:03:09.973356	KhRG
99a607f040762d5b8ff8c7f2712b7a45		2026-07-25 16:06:38.213101	KhRG
b06e2f9b2f52aa47a56ebb333ef85eee		2026-07-25 16:22:06.200888	KhRG
b06e2f9b2f52aa47a56ebb333ef85eee		2026-07-25 16:32:40.654947	KhRG
9f1a7700fe55c10d1e2a9af2474efad4		2026-07-25 16:44:46.831189	KhRG
b06e2f9b2f52aa47a56ebb333ef85eee		2026-07-25 16:46:14.524773	KhRG
9f1a7700fe55c10d1e2a9af2474efad4		2026-07-25 17:05:44.776233	KhRG
b06e2f9b2f52aa47a56ebb333ef85eee		2026-07-25 17:06:10.560864	KhRG
b06e2f9b2f52aa47a56ebb333ef85eee		2026-07-25 17:07:27.219300	KhRG
b06e2f9b2f52aa47a56ebb333ef85eee		2026-07-25 17:20:00.658627	KhRG
3e2ad549b15d324e273b81aef2baabe9		2026-07-25 17:39:18.610285	KhRG
3e2ad549b15d324e273b81aef2baabe9		2026-07-25 17:39:38.115845	KhRG
3e2ad549b15d324e273b81aef2baabe9		2026-07-25 17:41:24.107165	KhRG
3e2ad549b15d324e273b81aef2baabe9		2026-07-25 17:41:59.765274	KhRG
3e2ad549b15d324e273b81aef2baabe9		2026-07-25 17:56:48.969937	KhRG
11f2236a9783c209517c697f17b34363		2026-07-25 18:01:52.134454	KhRG
8674921aa701eb689942ae8e58ae28ff		2026-07-25 18:07:52.592859	KhRG
8674921aa701eb689942ae8e58ae28ff		2026-07-25 18:10:20.159655	KhRG
11f2236a9783c209517c697f17b34363		2026-07-25 18:23:46.140006	KhRG
1fe19d44644ceee3b8eb127945c95618		2026-07-25 18:26:26.674360	KhRG
1fe19d44644ceee3b8eb127945c95618		2026-07-25 18:27:36.601763	KhRG
1fe19d44644ceee3b8eb127945c95618		2026-07-25 18:34:10.966976	KhRG
1fe19d44644ceee3b8eb127945c95618		2026-07-25 18:52:06.164892	KhRG
3e2ad549b15d324e273b81aef2baabe9		2026-07-25 19:35:52.609327	KhRG
11f2236a9783c209517c697f17b34363		2026-07-25 19:37:49.566124	KhRG
11f2236a9783c209517c697f17b34363		2026-07-25 19:38:16.333897	KhRG
3e2ad549b15d324e273b81aef2baabe9		2026-07-25 19:38:28.762700	KhRG
11f2236a9783c209517c697f17b34363		2026-07-25 19:39:01.619624	KhRG
11f2236a9783c209517c697f17b34363		2026-07-25 19:41:00.987734	KhRG
11f2236a9783c209517c697f17b34363		2026-07-25 19:41:06.513480	KhRG
11f2236a9783c209517c697f17b34363		2026-07-25 19:41:11.959545	KhRG
11f2236a9783c209517c697f17b34363		2026-07-25 19:41:17.261446	KhRG
11f2236a9783c209517c697f17b34363		2026-07-25 19:41:22.893857	KhRG
11f2236a9783c209517c697f17b34363		2026-07-25 19:41:36.033535	KhRG
11f2236a9783c209517c697f17b34363		2026-07-25 19:41:41.018328	KhRG
11f2236a9783c209517c697f17b34363		2026-07-25 19:42:20.519712	KhRG
3e2ad549b15d324e273b81aef2baabe9		2026-07-25 19:42:46.870465	KhRG
3e2ad549b15d324e273b81aef2baabe9		2026-07-25 19:43:07.837194	KhRG
11f2236a9783c209517c697f17b34363		2026-07-25 19:43:11.062461	KhRG
11f2236a9783c209517c697f17b34363		2026-07-25 20:00:34.099642	KhRG
3e2ad549b15d324e273b81aef2baabe9		2026-07-25 20:06:08.152183	KhRG
3e2ad549b15d324e273b81aef2baabe9		2026-07-25 20:06:14.935972	KhRG
3e2ad549b15d324e273b81aef2baabe9		2026-07-25 20:08:10.737709	KhRG
3e2ad549b15d324e273b81aef2baabe9		2026-07-25 20:08:34.896059	KhRG
11f2236a9783c209517c697f17b34363		2026-07-25 20:19:02.466747	KhRG
11f2236a9783c209517c697f17b34363		2026-07-25 20:19:08.164839	KhRG
11f2236a9783c209517c697f17b34363		2026-07-25 20:19:14.087421	KhRG
11f2236a9783c209517c697f17b34363		2026-07-25 20:19:19.691043	KhRG
11f2236a9783c209517c697f17b34363		2026-07-25 20:19:25.636655	KhRG
11f2236a9783c209517c697f17b34363		2026-07-25 20:19:31.345767	KhRG
11f2236a9783c209517c697f17b34363		2026-07-25 20:19:37.145241	KhRG
11f2236a9783c209517c697f17b34363		2026-07-25 20:19:42.250128	KhRG
11f2236a9783c209517c697f17b34363		2026-07-25 20:19:48.190833	KhRG
11f2236a9783c209517c697f17b34363		2026-07-25 20:19:53.586400	KhRG
11f2236a9783c209517c697f17b34363		2026-07-25 20:20:17.402969	KhRG
11f2236a9783c209517c697f17b34363		2026-07-25 20:54:01.153751	KhRG
11f2236a9783c209517c697f17b34363		2026-07-25 20:54:18.372919	KhRG
11f2236a9783c209517c697f17b34363		2026-07-25 20:54:24.166662	KhRG
11f2236a9783c209517c697f17b34363		2026-07-25 20:54:44.541748	KhRG
11f2236a9783c209517c697f17b34363		2026-07-25 20:54:49.569070	KhRG
11f2236a9783c209517c697f17b34363		2026-07-25 20:54:54.293333	KhRG
11f2236a9783c209517c697f17b34363		2026-07-25 20:54:58.928684	KhRG
11f2236a9783c209517c697f17b34363		2026-07-25 20:55:04.871069	KhRG
11f2236a9783c209517c697f17b34363		2026-07-25 20:55:10.732879	KhRG
11f2236a9783c209517c697f17b34363		2026-07-25 20:55:17.091457	KhRG
11f2236a9783c209517c697f17b34363		2026-07-25 20:56:14.442903	KhRG
9f1a7700fe55c10d1e2a9af2474efad4		2026-07-25 20:57:42.888318	KhRG
11f2236a9783c209517c697f17b34363		2026-07-25 20:57:59.230594	KhRG
11f2236a9783c209517c697f17b34363		2026-07-25 20:58:04.198636	KhRG
11f2236a9783c209517c697f17b34363		2026-07-25 20:58:09.186828	KhRG
11f2236a9783c209517c697f17b34363		2026-07-25 20:58:14.374245	KhRG
11f2236a9783c209517c697f17b34363		2026-07-25 20:58:19.651500	KhRG
11f2236a9783c209517c697f17b34363		2026-07-25 20:58:24.825506	KhRG
11f2236a9783c209517c697f17b34363		2026-07-25 20:58:29.985677	KhRG
11f2236a9783c209517c697f17b34363		2026-07-25 20:58:35.093977	KhRG
11f2236a9783c209517c697f17b34363		2026-07-25 20:58:40.583866	KhRG
11f2236a9783c209517c697f17b34363		2026-07-25 20:58:45.396371	KhRG
11f2236a9783c209517c697f17b34363		2026-07-25 20:58:50.733940	KhRG
11f2236a9783c209517c697f17b34363		2026-07-25 20:59:04.828708	KhRG
9f1a7700fe55c10d1e2a9af2474efad4		2026-07-25 21:01:04.648058	KhRG
9f1a7700fe55c10d1e2a9af2474efad4		2026-07-25 21:05:42.911848	KhRG
9f1a7700fe55c10d1e2a9af2474efad4		2026-07-25 21:30:24.500931	KhRG
9f1a7700fe55c10d1e2a9af2474efad4		2026-07-25 21:31:13.811865	KhRG
9f1a7700fe55c10d1e2a9af2474efad4		2026-07-25 21:34:33.798310	KhRG
a5e15f0bcf78de5d3f6d849bd97bdbe8		2026-07-26 00:07:33.286775	KhRG
a5e15f0bcf78de5d3f6d849bd97bdbe8		2026-07-26 03:36:25.242866	KhRG
a5e15f0bcf78de5d3f6d849bd97bdbe8		2026-07-26 06:34:02.997151	KhRG
a5e15f0bcf78de5d3f6d849bd97bdbe8		2026-07-26 07:40:27.800523	KhRG
dd6ac3db440e761acd73d4195a86a0cc		2026-07-26 09:01:38.423679	KhRG
dd6ac3db440e761acd73d4195a86a0cc		2026-07-26 09:03:27.953547	KhRG
dd6ac3db440e761acd73d4195a86a0cc		2026-07-26 09:03:42.336979	KhRG
dd6ac3db440e761acd73d4195a86a0cc		2026-07-26 09:05:33.872872	KhRG
dd6ac3db440e761acd73d4195a86a0cc		2026-07-26 09:05:51.557094	KhRG
a5e15f0bcf78de5d3f6d849bd97bdbe8		2026-07-26 09:20:01.236636	KhRG
a5e15f0bcf78de5d3f6d849bd97bdbe8		2026-07-26 09:21:20.269620	KhRG
a5e15f0bcf78de5d3f6d849bd97bdbe8		2026-07-26 09:22:25.118641	KhRG
dd6ac3db440e761acd73d4195a86a0cc		2026-07-26 09:24:00.678347	KhRG
dd6ac3db440e761acd73d4195a86a0cc		2026-07-26 09:24:29.408878	KhRG
dd6ac3db440e761acd73d4195a86a0cc		2026-07-26 09:27:08.784297	KhRG
dd6ac3db440e761acd73d4195a86a0cc		2026-07-26 09:54:54.450496	KhRG
dd6ac3db440e761acd73d4195a86a0cc		2026-07-26 09:55:21.268753	KhRG
dd6ac3db440e761acd73d4195a86a0cc		2026-07-26 09:55:53.807769	KhRG
86438625037ce76d1ad3958131f4d170		2026-07-26 10:14:43.968190	KhRG
86438625037ce76d1ad3958131f4d170		2026-07-26 10:31:21.715491	KhRG
a5e15f0bcf78de5d3f6d849bd97bdbe8		2026-07-26 11:37:49.145465	KhRG
a5e15f0bcf78de5d3f6d849bd97bdbe8		2026-07-26 12:23:14.026437	KhRG
f2dcd798663db9874e88f189383eb1ee		2026-07-26 12:44:21.030880	KhRG
f2dcd798663db9874e88f189383eb1ee		2026-07-26 12:46:58.211796	KhRG
f2dcd798663db9874e88f189383eb1ee		2026-07-26 12:47:14.828385	KhRG
f2dcd798663db9874e88f189383eb1ee		2026-07-26 12:48:59.187442	KhRG
f2dcd798663db9874e88f189383eb1ee		2026-07-26 12:51:43.812394	KhRG
f2dcd798663db9874e88f189383eb1ee		2026-07-26 12:52:30.339080	KhRG
f2dcd798663db9874e88f189383eb1ee		2026-07-26 12:53:01.756595	KhRG
f2dcd798663db9874e88f189383eb1ee		2026-07-26 12:53:22.517042	KhRG
f2dcd798663db9874e88f189383eb1ee		2026-07-26 12:56:26.365084	KhRG
f2dcd798663db9874e88f189383eb1ee		2026-07-26 12:56:46.549962	KhRG
f2dcd798663db9874e88f189383eb1ee		2026-07-26 12:58:36.729671	KhRG
99a607f040762d5b8ff8c7f2712b7a45		2026-07-26 12:58:55.448189	KhRG
f2dcd798663db9874e88f189383eb1ee		2026-07-26 13:03:27.748764	KhRG
86438625037ce76d1ad3958131f4d170		2026-07-26 13:04:57.095896	KhRG
86438625037ce76d1ad3958131f4d170		2026-07-26 13:05:46.257053	KhRG
86438625037ce76d1ad3958131f4d170		2026-07-26 13:06:13.527117	KhRG
86438625037ce76d1ad3958131f4d170		2026-07-26 13:07:10.702585	KhRG
f2dcd798663db9874e88f189383eb1ee		2026-07-26 13:07:12.820734	KhRG
86438625037ce76d1ad3958131f4d170		2026-07-26 13:07:56.996609	KhRG
86438625037ce76d1ad3958131f4d170		2026-07-26 13:08:10.587429	KhRG
99a607f040762d5b8ff8c7f2712b7a45		2026-07-26 13:20:38.423086	KhRG
78f0f705693e69bdf4b178ef23a5a11f		2026-07-26 13:54:12.589455	KhRG
78f0f705693e69bdf4b178ef23a5a11f		2026-07-26 13:54:48.052601	KhRG
1a905cd87547fa010839752934d82fef		2026-07-26 14:31:33.269070	KhRG
78f0f705693e69bdf4b178ef23a5a11f		2026-07-26 14:38:38.331879	KhRG
1a905cd87547fa010839752934d82fef		2026-07-26 14:39:03.810212	KhRG
1a905cd87547fa010839752934d82fef		2026-07-26 14:42:22.820228	KhRG
1a905cd87547fa010839752934d82fef		2026-07-26 14:43:18.997010	KhRG
61683e89009c326a86014592e5e77abe		2026-07-26 15:04:30.463434	KhRG
574c0e7f3b7d6652ec2bdc21d45a91bc		2026-07-26 15:05:56.619437	KhRG
8674921aa701eb689942ae8e58ae28ff		2026-07-26 15:10:08.482718	KhRG
8674921aa701eb689942ae8e58ae28ff		2026-07-26 15:13:41.364020	KhRG
574c0e7f3b7d6652ec2bdc21d45a91bc		2026-07-26 15:22:10.147336	KhRG
574c0e7f3b7d6652ec2bdc21d45a91bc		2026-07-26 15:27:25.610933	KhRG
8674921aa701eb689942ae8e58ae28ff		2026-07-26 15:31:43.072646	KhRG
8674921aa701eb689942ae8e58ae28ff		2026-07-26 15:32:01.571038	KhRG
ba6d1a93f80371b95237c0fddc9f2a41		2026-07-26 15:49:29.420640	KhRG
ba6d1a93f80371b95237c0fddc9f2a41		2026-07-26 15:50:25.620184	KhRG
ba6d1a93f80371b95237c0fddc9f2a41		2026-07-26 15:57:08.462564	KhRG
ba6d1a93f80371b95237c0fddc9f2a41		2026-07-26 15:58:52.316378	KhRG
99a607f040762d5b8ff8c7f2712b7a45		2026-07-26 16:02:35.867651	KhRG
ba6d1a93f80371b95237c0fddc9f2a41		2026-07-26 16:05:53.642838	KhRG
ba6d1a93f80371b95237c0fddc9f2a41		2026-07-26 16:08:42.669935	KhRG
ba6d1a93f80371b95237c0fddc9f2a41		2026-07-26 16:20:55.346107	KhRG
d29a75ead356d010b507637311836095		2026-07-26 16:21:14.467768	KhRG
d29a75ead356d010b507637311836095		2026-07-26 16:21:47.754876	KhRG
d29a75ead356d010b507637311836095		2026-07-26 16:22:42.778346	KhRG
d29a75ead356d010b507637311836095		2026-07-26 16:23:09.827399	KhRG
d29a75ead356d010b507637311836095		2026-07-26 16:23:39.823050	KhRG
d29a75ead356d010b507637311836095		2026-07-26 16:24:25.091806	KhRG
d29a75ead356d010b507637311836095		2026-07-26 16:24:59.445423	KhRG
d29a75ead356d010b507637311836095		2026-07-26 16:25:45.389742	KhRG
ba6d1a93f80371b95237c0fddc9f2a41		2026-07-26 16:25:54.707689	KhRG
d29a75ead356d010b507637311836095		2026-07-26 16:26:06.885923	KhRG
d29a75ead356d010b507637311836095		2026-07-26 16:26:24.459086	KhRG
d29a75ead356d010b507637311836095		2026-07-26 16:27:03.331771	KhRG
d29a75ead356d010b507637311836095		2026-07-26 16:27:15.757003	KhRG
d29a75ead356d010b507637311836095		2026-07-26 16:27:34.909701	KhRG
99a607f040762d5b8ff8c7f2712b7a45		2026-07-26 16:28:16.811542	KhRG
ba6d1a93f80371b95237c0fddc9f2a41		2026-07-26 16:32:49.454067	KhRG
ba6d1a93f80371b95237c0fddc9f2a41		2026-07-26 16:34:24.032091	KhRG
ba6d1a93f80371b95237c0fddc9f2a41		2026-07-26 16:57:19.358014	KhRG
ba6d1a93f80371b95237c0fddc9f2a41		2026-07-26 17:12:17.004406	KhRG
ba6d1a93f80371b95237c0fddc9f2a41		2026-07-26 17:12:32.118522	KhRG
ba6d1a93f80371b95237c0fddc9f2a41		2026-07-26 17:17:10.321659	KhRG
ba6d1a93f80371b95237c0fddc9f2a41		2026-07-26 17:19:57.763613	KhRG
ba6d1a93f80371b95237c0fddc9f2a41		2026-07-26 17:27:02.078567	KhRG
ba6d1a93f80371b95237c0fddc9f2a41		2026-07-26 17:31:01.674983	KhRG
ba6d1a93f80371b95237c0fddc9f2a41		2026-07-26 17:33:01.325042	KhRG
ba6d1a93f80371b95237c0fddc9f2a41		2026-07-26 17:34:35.055884	KhRG
ba6d1a93f80371b95237c0fddc9f2a41		2026-07-26 17:42:40.614986	KhRG
ba6d1a93f80371b95237c0fddc9f2a41		2026-07-26 17:44:40.421415	KhRG
78f0f705693e69bdf4b178ef23a5a11f		2026-07-26 18:13:19.725502	KhRG
ba6d1a93f80371b95237c0fddc9f2a41		2026-07-26 18:15:23.583792	KhRG
ba6d1a93f80371b95237c0fddc9f2a41		2026-07-26 18:17:43.558897	KhRG
ba6d1a93f80371b95237c0fddc9f2a41		2026-07-26 18:22:21.246184	KhRG
ba6d1a93f80371b95237c0fddc9f2a41		2026-07-26 18:24:08.705155	KhRG
ba6d1a93f80371b95237c0fddc9f2a41		2026-07-26 18:34:50.466011	KhRG
ba6d1a93f80371b95237c0fddc9f2a41		2026-07-26 18:38:37.398102	KhRG
ba6d1a93f80371b95237c0fddc9f2a41		2026-07-26 18:40:38.697982	KhRG
ba6d1a93f80371b95237c0fddc9f2a41		2026-07-26 18:42:53.765064	KhRG
ba6d1a93f80371b95237c0fddc9f2a41		2026-07-26 18:45:13.465588	KhRG
99a607f040762d5b8ff8c7f2712b7a45		2026-07-26 19:15:53.895375	KhRG
99a607f040762d5b8ff8c7f2712b7a45		2026-07-26 19:17:02.712715	KhRG
08483d52ab4c3eab9b1dcee27a793d38		2026-07-26 19:21:38.462059	KhRG
08483d52ab4c3eab9b1dcee27a793d38		2026-07-26 20:04:15.013962	KhRG
08483d52ab4c3eab9b1dcee27a793d38		2026-07-26 20:07:17.828018	KhRG
3e2ad549b15d324e273b81aef2baabe9		2026-07-26 21:05:33.524278	KhRG
3e2ad549b15d324e273b81aef2baabe9		2026-07-26 21:05:52.407042	KhRG
3e2ad549b15d324e273b81aef2baabe9		2026-07-26 21:07:29.490146	KhRG
3e2ad549b15d324e273b81aef2baabe9		2026-07-26 21:09:57.736974	KhRG
3e2ad549b15d324e273b81aef2baabe9		2026-07-26 21:10:42.934212	KhRG
3e2ad549b15d324e273b81aef2baabe9		2026-07-26 21:12:19.711393	KhRG
3e2ad549b15d324e273b81aef2baabe9		2026-07-26 21:26:15.487789	KhRG
3e2ad549b15d324e273b81aef2baabe9		2026-07-26 21:26:30.365370	KhRG
3e2ad549b15d324e273b81aef2baabe9		2026-07-26 21:27:59.832115	KhRG
3e2ad549b15d324e273b81aef2baabe9		2026-07-26 21:30:12.494162	KhRG
3e2ad549b15d324e273b81aef2baabe9		2026-07-26 21:32:11.873943	KhRG
7fdb9c6ef7ab32962bf255c8ef6228e5		2026-07-27 04:11:00.824503	KhRG
7fdb9c6ef7ab32962bf255c8ef6228e5		2026-07-27 04:13:50.970228	KhRG
7fdb9c6ef7ab32962bf255c8ef6228e5		2026-07-27 04:14:02.613933	KhRG
7fdb9c6ef7ab32962bf255c8ef6228e5		2026-07-27 04:14:08.300231	KhRG
7fdb9c6ef7ab32962bf255c8ef6228e5		2026-07-27 04:14:14.118426	KhRG
7fdb9c6ef7ab32962bf255c8ef6228e5		2026-07-27 04:14:19.855869	KhRG
7fdb9c6ef7ab32962bf255c8ef6228e5		2026-07-27 04:14:25.251574	KhRG
7fdb9c6ef7ab32962bf255c8ef6228e5		2026-07-27 04:14:30.656791	KhRG
7fdb9c6ef7ab32962bf255c8ef6228e5		2026-07-27 04:14:36.225426	KhRG
7fdb9c6ef7ab32962bf255c8ef6228e5		2026-07-27 04:14:41.163557	KhRG
7fdb9c6ef7ab32962bf255c8ef6228e5		2026-07-27 04:14:43.248517	KhRG
7fdb9c6ef7ab32962bf255c8ef6228e5		2026-07-27 04:16:42.147520	KhRG
ac77a81548ac57d675c2569d72bc9593		2026-07-27 07:28:59.021385	KhRG
476beb5b7a64adc2c5be657cd6a67a76		2026-07-27 07:33:55.410437	KhRG
ac77a81548ac57d675c2569d72bc9593		2026-07-27 07:36:10.686089	KhRG
476beb5b7a64adc2c5be657cd6a67a76		2026-07-27 07:37:27.953601	KhRG
476beb5b7a64adc2c5be657cd6a67a76		2026-07-27 07:38:16.806245	KhRG
ac77a81548ac57d675c2569d72bc9593		2026-07-27 07:52:17.688282	KhRG
476beb5b7a64adc2c5be657cd6a67a76		2026-07-27 07:53:19.438746	KhRG
476beb5b7a64adc2c5be657cd6a67a76		2026-07-27 07:54:05.281972	KhRG
ac77a81548ac57d675c2569d72bc9593		2026-07-27 08:04:23.737170	KhRG
ac77a81548ac57d675c2569d72bc9593		2026-07-27 08:05:06.132952	KhRG
ac77a81548ac57d675c2569d72bc9593		2026-07-27 08:06:07.804467	KhRG
ac77a81548ac57d675c2569d72bc9593		2026-07-27 08:06:22.826707	KhRG
ac77a81548ac57d675c2569d72bc9593		2026-07-27 08:06:36.004329	KhRG
ac77a81548ac57d675c2569d72bc9593		2026-07-27 08:06:48.172886	KhRG
ac77a81548ac57d675c2569d72bc9593		2026-07-27 08:07:02.479742	KhRG
ac77a81548ac57d675c2569d72bc9593		2026-07-27 08:07:38.213396	KhRG
ac77a81548ac57d675c2569d72bc9593		2026-07-27 08:07:48.387804	KhRG
ac77a81548ac57d675c2569d72bc9593		2026-07-27 08:08:01.838456	KhRG
ac77a81548ac57d675c2569d72bc9593		2026-07-27 08:08:19.063532	KhRG
ac77a81548ac57d675c2569d72bc9593		2026-07-27 08:09:58.318412	KhRG
ac77a81548ac57d675c2569d72bc9593		2026-07-27 08:10:13.250472	KhRG
ac77a81548ac57d675c2569d72bc9593		2026-07-27 08:11:16.481964	KhRG
ac77a81548ac57d675c2569d72bc9593		2026-07-27 08:11:51.420066	KhRG
ac77a81548ac57d675c2569d72bc9593		2026-07-27 08:12:05.173012	KhRG
ac77a81548ac57d675c2569d72bc9593		2026-07-27 08:12:26.456832	KhRG
476beb5b7a64adc2c5be657cd6a67a76		2026-07-27 08:19:04.506504	KhRG
476beb5b7a64adc2c5be657cd6a67a76		2026-07-27 08:21:25.320758	KhRG
ac77a81548ac57d675c2569d72bc9593		2026-07-27 08:21:39.214557	KhRG
87d43e5cf9feb01a653a1507433766e6		2026-07-27 08:21:57.742718	KhRG
87d43e5cf9feb01a653a1507433766e6		2026-07-27 08:23:12.348178	KhRG
87d43e5cf9feb01a653a1507433766e6		2026-07-27 08:25:48.793627	KhRG
87d43e5cf9feb01a653a1507433766e6		2026-07-27 08:26:55.664194	KhRG
87d43e5cf9feb01a653a1507433766e6		2026-07-27 08:27:43.365273	KhRG
87d43e5cf9feb01a653a1507433766e6		2026-07-27 08:28:06.680083	KhRG
87d43e5cf9feb01a653a1507433766e6		2026-07-27 08:28:38.901790	KhRG
87d43e5cf9feb01a653a1507433766e6		2026-07-27 08:29:24.452021	KhRG
87d43e5cf9feb01a653a1507433766e6		2026-07-27 08:29:51.540426	KhRG
87d43e5cf9feb01a653a1507433766e6		2026-07-27 08:30:07.532310	KhRG
87d43e5cf9feb01a653a1507433766e6		2026-07-27 08:53:45.482711	KhRG
87d43e5cf9feb01a653a1507433766e6		2026-07-27 08:57:19.128296	KhRG
87d43e5cf9feb01a653a1507433766e6		2026-07-27 08:58:15.668451	KhRG
87d43e5cf9feb01a653a1507433766e6		2026-07-27 08:58:37.900669	KhRG
87d43e5cf9feb01a653a1507433766e6		2026-07-27 08:59:00.348163	KhRG
87d43e5cf9feb01a653a1507433766e6		2026-07-27 08:59:35.246570	KhRG
87d43e5cf9feb01a653a1507433766e6		2026-07-27 09:11:45.277676	KhRG
87d43e5cf9feb01a653a1507433766e6		2026-07-27 09:12:48.813428	KhRG
87d43e5cf9feb01a653a1507433766e6		2026-07-27 09:13:37.348074	KhRG
87d43e5cf9feb01a653a1507433766e6		2026-07-27 09:14:28.212445	KhRG
08483d52ab4c3eab9b1dcee27a793d38		2026-07-27 09:42:52.052741	KhRG
08483d52ab4c3eab9b1dcee27a793d38		2026-07-27 09:43:55.969644	KhRG
08483d52ab4c3eab9b1dcee27a793d38		2026-07-27 09:45:13.415183	KhRG
08483d52ab4c3eab9b1dcee27a793d38		2026-07-27 10:56:22.104504	KhRG
be93eb28eab9df6fec7cf94b8d65fc9a		2026-07-27 10:56:42.478406	KhRG
b590eb0594d609c63f555247ebfe021e		2026-07-27 11:04:16.197035	KhRG
b590eb0594d609c63f555247ebfe021e		2026-07-27 11:10:07.097667	KhRG
b590eb0594d609c63f555247ebfe021e		2026-07-27 11:14:55.901055	KhRG
b590eb0594d609c63f555247ebfe021e		2026-07-27 11:15:39.226365	KhRG
93f7ae1456fee4ad8a3a007a6abec47b		2026-07-27 11:17:39.383779	KhRG
93f7ae1456fee4ad8a3a007a6abec47b		2026-07-27 11:19:22.262271	KhRG
93f7ae1456fee4ad8a3a007a6abec47b		2026-07-27 11:20:31.441193	KhRG
93f7ae1456fee4ad8a3a007a6abec47b		2026-07-27 11:20:40.315415	KhRG
b590eb0594d609c63f555247ebfe021e		2026-07-27 11:21:21.110571	KhRG
93f7ae1456fee4ad8a3a007a6abec47b		2026-07-27 11:21:21.515131	KhRG
b52d3cba49862118b198cc163c0d682b		2026-07-27 11:22:26.546826	KhRG
93f7ae1456fee4ad8a3a007a6abec47b		2026-07-27 11:22:42.054077	KhRG
93f7ae1456fee4ad8a3a007a6abec47b		2026-07-27 11:24:58.809659	KhRG
b52d3cba49862118b198cc163c0d682b		2026-07-27 11:25:34.158268	KhRG
b590eb0594d609c63f555247ebfe021e		2026-07-27 11:29:28.274528	KhRG
65fc954a9f2bbdff0f515804613bff44		2026-07-27 11:32:38.830248	KhRG
65fc954a9f2bbdff0f515804613bff44		2026-07-27 11:33:20.932876	KhRG
65fc954a9f2bbdff0f515804613bff44		2026-07-27 11:34:17.209485	KhRG
65fc954a9f2bbdff0f515804613bff44		2026-07-27 11:35:08.155964	KhRG
65fc954a9f2bbdff0f515804613bff44		2026-07-27 11:36:47.132015	KhRG
65fc954a9f2bbdff0f515804613bff44		2026-07-27 11:37:12.988049	KhRG
65fc954a9f2bbdff0f515804613bff44		2026-07-27 11:39:18.425096	KhRG
65fc954a9f2bbdff0f515804613bff44		2026-07-27 11:40:36.954022	KhRG
65fc954a9f2bbdff0f515804613bff44		2026-07-27 11:41:50.138621	KhRG
65fc954a9f2bbdff0f515804613bff44		2026-07-27 11:42:17.053067	KhRG
65fc954a9f2bbdff0f515804613bff44		2026-07-27 11:49:53.622923	KhRG
ec6034d97779f1442a1e5f2a6d4fb867		2026-07-27 11:51:21.184008	KhRG
65fc954a9f2bbdff0f515804613bff44		2026-07-27 11:51:49.340530	KhRG
65fc954a9f2bbdff0f515804613bff44		2026-07-27 11:52:15.591105	KhRG
be93eb28eab9df6fec7cf94b8d65fc9a		2026-07-27 11:52:37.213105	KhRG
65fc954a9f2bbdff0f515804613bff44		2026-07-27 11:52:55.773524	KhRG
be93eb28eab9df6fec7cf94b8d65fc9a		2026-07-27 11:53:39.378371	KhRG
b52d3cba49862118b198cc163c0d682b		2026-07-27 11:53:42.753103	KhRG
65fc954a9f2bbdff0f515804613bff44		2026-07-27 11:54:22.437455	KhRG
65fc954a9f2bbdff0f515804613bff44		2026-07-27 11:54:48.681209	KhRG
65fc954a9f2bbdff0f515804613bff44		2026-07-27 11:55:19.875976	KhRG
65fc954a9f2bbdff0f515804613bff44		2026-07-27 11:57:34.476473	KhRG
be93eb28eab9df6fec7cf94b8d65fc9a		2026-07-27 11:58:00.793914	KhRG
65fc954a9f2bbdff0f515804613bff44		2026-07-27 11:59:23.871383	KhRG
65fc954a9f2bbdff0f515804613bff44		2026-07-27 12:09:38.734055	KhRG
65fc954a9f2bbdff0f515804613bff44		2026-07-27 12:10:35.977142	KhRG
b52d3cba49862118b198cc163c0d682b		2026-07-27 12:11:18.858482	KhRG
65fc954a9f2bbdff0f515804613bff44		2026-07-27 12:11:24.195602	KhRG
b52d3cba49862118b198cc163c0d682b		2026-07-27 12:11:28.875934	KhRG
b52d3cba49862118b198cc163c0d682b		2026-07-27 12:12:02.025125	KhRG
65fc954a9f2bbdff0f515804613bff44		2026-07-27 12:12:22.850708	KhRG
b52d3cba49862118b198cc163c0d682b		2026-07-27 12:12:29.318478	KhRG
b52d3cba49862118b198cc163c0d682b		2026-07-27 12:12:40.811891	KhRG
65fc954a9f2bbdff0f515804613bff44		2026-07-27 12:12:44.855334	KhRG
b52d3cba49862118b198cc163c0d682b		2026-07-27 12:12:51.682314	KhRG
b52d3cba49862118b198cc163c0d682b		2026-07-27 12:13:22.408567	KhRG
b52d3cba49862118b198cc163c0d682b		2026-07-27 12:13:31.844713	KhRG
b52d3cba49862118b198cc163c0d682b		2026-07-27 12:13:42.038173	KhRG
b52d3cba49862118b198cc163c0d682b		2026-07-27 12:14:11.553774	KhRG
b52d3cba49862118b198cc163c0d682b		2026-07-27 12:14:47.423882	KhRG
65fc954a9f2bbdff0f515804613bff44		2026-07-27 12:20:19.108458	KhRG
65fc954a9f2bbdff0f515804613bff44		2026-07-27 12:21:16.750622	KhRG
65fc954a9f2bbdff0f515804613bff44		2026-07-27 12:22:43.261296	KhRG
65fc954a9f2bbdff0f515804613bff44		2026-07-27 12:23:02.527814	KhRG
65fc954a9f2bbdff0f515804613bff44		2026-07-27 12:23:26.678073	KhRG
65fc954a9f2bbdff0f515804613bff44		2026-07-27 12:26:48.684120	KhRG
65fc954a9f2bbdff0f515804613bff44		2026-07-27 12:31:00.214549	KhRG
65fc954a9f2bbdff0f515804613bff44		2026-07-27 12:32:43.965912	KhRG
b903728f1badaa76dd11464b054a0c3b		2026-07-27 13:03:54.475776	KhRG
f2dcd798663db9874e88f189383eb1ee		2026-07-27 13:28:26.299514	KhRG
f2dcd798663db9874e88f189383eb1ee		2026-07-27 13:31:34.056237	KhRG
f2dcd798663db9874e88f189383eb1ee		2026-07-27 13:46:21.786372	KhRG
be93eb28eab9df6fec7cf94b8d65fc9a		2026-07-27 13:52:18.090100	KhRG
f2dcd798663db9874e88f189383eb1ee		2026-07-27 13:54:03.823227	KhRG
f2dcd798663db9874e88f189383eb1ee		2026-07-27 13:54:20.189182	KhRG
be93eb28eab9df6fec7cf94b8d65fc9a		2026-07-27 13:55:22.277085	KhRG
f2dcd798663db9874e88f189383eb1ee		2026-07-27 14:12:40.424648	KhRG
f2dcd798663db9874e88f189383eb1ee		2026-07-27 14:13:41.571110	KhRG
f2dcd798663db9874e88f189383eb1ee		2026-07-27 14:14:44.314891	KhRG
f2dcd798663db9874e88f189383eb1ee		2026-07-27 14:20:08.643465	KhRG
f2dcd798663db9874e88f189383eb1ee		2026-07-27 14:32:32.094268	KhRG
0132c74a30b8b30891549b1f07fbac5e		2026-07-27 14:32:50.666488	KhRG
f2dcd798663db9874e88f189383eb1ee		2026-07-27 14:37:10.534809	KhRG
f2dcd798663db9874e88f189383eb1ee		2026-07-27 14:38:15.861752	KhRG
0132c74a30b8b30891549b1f07fbac5e		2026-07-27 14:38:43.901992	KhRG
0132c74a30b8b30891549b1f07fbac5e		2026-07-27 14:39:02.221364	KhRG
0132c74a30b8b30891549b1f07fbac5e		2026-07-27 14:40:09.431196	KhRG
0132c74a30b8b30891549b1f07fbac5e		2026-07-27 14:41:22.020325	KhRG
0132c74a30b8b30891549b1f07fbac5e		2026-07-27 14:42:02.548301	KhRG
f2dcd798663db9874e88f189383eb1ee		2026-07-27 14:42:30.229048	KhRG
0132c74a30b8b30891549b1f07fbac5e		2026-07-27 14:43:03.303638	KhRG
0132c74a30b8b30891549b1f07fbac5e		2026-07-27 14:44:30.032638	KhRG
0132c74a30b8b30891549b1f07fbac5e		2026-07-27 14:48:19.113657	KhRG
0132c74a30b8b30891549b1f07fbac5e		2026-07-27 14:50:19.716054	KhRG
0132c74a30b8b30891549b1f07fbac5e		2026-07-27 14:50:49.779973	KhRG
0132c74a30b8b30891549b1f07fbac5e		2026-07-27 14:52:44.047033	KhRG
0132c74a30b8b30891549b1f07fbac5e		2026-07-27 14:53:32.657970	KhRG
0132c74a30b8b30891549b1f07fbac5e		2026-07-27 14:54:27.922407	KhRG
93f7ae1456fee4ad8a3a007a6abec47b		2026-07-27 16:31:29.218314	KhRG
93f7ae1456fee4ad8a3a007a6abec47b		2026-07-27 16:31:57.626382	KhRG
93f7ae1456fee4ad8a3a007a6abec47b		2026-07-27 16:32:53.404915	KhRG
93f7ae1456fee4ad8a3a007a6abec47b		2026-07-27 16:33:10.534291	KhRG
93f7ae1456fee4ad8a3a007a6abec47b		2026-07-27 16:35:07.964512	KhRG
93f7ae1456fee4ad8a3a007a6abec47b		2026-07-27 16:35:31.197455	KhRG
93f7ae1456fee4ad8a3a007a6abec47b		2026-07-27 16:35:39.113020	KhRG
93f7ae1456fee4ad8a3a007a6abec47b		2026-07-27 16:35:44.040045	KhRG
93f7ae1456fee4ad8a3a007a6abec47b		2026-07-27 16:35:48.762147	KhRG
93f7ae1456fee4ad8a3a007a6abec47b		2026-07-27 16:35:54.161607	KhRG
93f7ae1456fee4ad8a3a007a6abec47b		2026-07-27 16:36:50.365375	KhRG
93f7ae1456fee4ad8a3a007a6abec47b		2026-07-27 16:37:11.559039	KhRG
8ad9d3f96ac49b0793f6e721d610d5f6		2026-07-27 17:50:03.565073	KhRG
8ad9d3f96ac49b0793f6e721d610d5f6		2026-07-27 17:53:25.639052	KhRG
3e76d5cac2d3be42a324d52aca0fae21		2026-07-27 18:11:26.779814	KhRG
6a5509f1e24c15da9daf8d458e3c954b		2026-07-27 19:06:37.871685	KhRG
be082045417881d6fc31a3c25910e2f5		2026-07-27 19:20:11.823230	KhRG
be082045417881d6fc31a3c25910e2f5		2026-07-27 19:20:18.317955	KhRG
be082045417881d6fc31a3c25910e2f5		2026-07-27 19:21:13.104122	KhRG
be082045417881d6fc31a3c25910e2f5		2026-07-27 19:21:46.173950	KhRG
6a5509f1e24c15da9daf8d458e3c954b		2026-07-27 19:37:43.165861	KhRG
6a5509f1e24c15da9daf8d458e3c954b		2026-07-27 19:38:18.900773	KhRG
6a5509f1e24c15da9daf8d458e3c954b		2026-07-27 19:43:16.644930	KhRG
6a5509f1e24c15da9daf8d458e3c954b		2026-07-27 19:45:28.897406	KhRG
6a5509f1e24c15da9daf8d458e3c954b		2026-07-27 19:45:34.199812	KhRG
6a5509f1e24c15da9daf8d458e3c954b		2026-07-27 19:45:42.585441	KhRG
6a5509f1e24c15da9daf8d458e3c954b		2026-07-27 19:45:48.555569	KhRG
6a5509f1e24c15da9daf8d458e3c954b		2026-07-27 19:45:55.532402	KhRG
6a5509f1e24c15da9daf8d458e3c954b		2026-07-27 19:46:01.606233	KhRG
6a5509f1e24c15da9daf8d458e3c954b		2026-07-27 19:46:08.219274	KhRG
6a5509f1e24c15da9daf8d458e3c954b		2026-07-27 19:46:54.685523	KhRG
6a5509f1e24c15da9daf8d458e3c954b		2026-07-28 06:16:34.162002	KhRG
6a5509f1e24c15da9daf8d458e3c954b		2026-07-28 06:19:32.532524	KhRG
ac77a81548ac57d675c2569d72bc9593		2026-07-28 06:20:57.488793	KhRG
6a5509f1e24c15da9daf8d458e3c954b		2026-07-28 06:25:13.089925	KhRG
ac77a81548ac57d675c2569d72bc9593		2026-07-28 06:45:16.341699	KhRG
2a9872ff800af467bd641b685ee25df1		2026-07-28 06:55:43.316248	KhRG
2a9872ff800af467bd641b685ee25df1		2026-07-28 06:57:15.835392	KhRG
2a9872ff800af467bd641b685ee25df1		2026-07-28 06:57:22.107508	KhRG
ac77a81548ac57d675c2569d72bc9593		2026-07-28 06:59:40.274854	KhRG
b590eb0594d609c63f555247ebfe021e		2026-07-28 07:28:18.902849	KhRG
c0d064a9c2e2c155332f2cae5b12b8d8		2026-07-28 07:36:08.946597	KhRG
b590eb0594d609c63f555247ebfe021e		2026-07-28 07:36:22.527384	KhRG
b590eb0594d609c63f555247ebfe021e		2026-07-28 07:41:22.936320	KhRG
b590eb0594d609c63f555247ebfe021e		2026-07-28 07:47:17.855620	KhRG
6a5509f1e24c15da9daf8d458e3c954b		2026-07-28 08:07:56.889084	KhRG
6a5509f1e24c15da9daf8d458e3c954b		2026-07-28 08:57:03.538849	KhRG
93f7ae1456fee4ad8a3a007a6abec47b		2026-07-28 09:00:13.532196	KhRG
1fe19d44644ceee3b8eb127945c95618		2026-07-28 09:04:38.478209	KhRG
8ad9d3f96ac49b0793f6e721d610d5f6		2026-07-28 09:10:28.402098	KhRG
1fe19d44644ceee3b8eb127945c95618		2026-07-28 09:10:56.857694	KhRG
8ad9d3f96ac49b0793f6e721d610d5f6		2026-07-28 09:12:04.500211	KhRG
8ad9d3f96ac49b0793f6e721d610d5f6		2026-07-28 09:12:07.053182	KhRG
8ad9d3f96ac49b0793f6e721d610d5f6		2026-07-28 09:12:08.493040	KhRG
6a5509f1e24c15da9daf8d458e3c954b		2026-07-28 09:12:19.384928	KhRG
8ad9d3f96ac49b0793f6e721d610d5f6		2026-07-28 09:13:15.918744	KhRG
8ad9d3f96ac49b0793f6e721d610d5f6		2026-07-28 09:13:49.103212	KhRG
ac77a81548ac57d675c2569d72bc9593		2026-07-28 09:17:50.546333	KhRG
ac77a81548ac57d675c2569d72bc9593		2026-07-28 09:18:37.434022	KhRG
ac77a81548ac57d675c2569d72bc9593		2026-07-28 09:35:58.391088	KhRG
ac77a81548ac57d675c2569d72bc9593		2026-07-28 09:39:24.629926	KhRG
6a5509f1e24c15da9daf8d458e3c954b		2026-07-28 09:44:50.861609	KhRG
6a5509f1e24c15da9daf8d458e3c954b		2026-07-28 09:50:53.372879	KhRG
6a5509f1e24c15da9daf8d458e3c954b		2026-07-28 09:51:01.941048	KhRG
6a5509f1e24c15da9daf8d458e3c954b		2026-07-28 09:51:11.398263	KhRG
6a5509f1e24c15da9daf8d458e3c954b		2026-07-28 09:54:53.460923	KhRG
ac77a81548ac57d675c2569d72bc9593		2026-07-28 09:55:10.287003	KhRG
6a5509f1e24c15da9daf8d458e3c954b		2026-07-28 09:55:13.158979	KhRG
be082045417881d6fc31a3c25910e2f5		2026-07-28 10:23:59.493583	KhRG
be082045417881d6fc31a3c25910e2f5		2026-07-28 10:27:57.616027	KhRG
d760e227b837dde2be0a9a675a0ca354		2026-07-28 10:28:47.271500	KhRG
d760e227b837dde2be0a9a675a0ca354		2026-07-28 10:29:24.492985	KhRG
be082045417881d6fc31a3c25910e2f5		2026-07-28 10:37:51.508460	KhRG
be082045417881d6fc31a3c25910e2f5		2026-07-28 10:44:32.807863	KhRG
be082045417881d6fc31a3c25910e2f5		2026-07-28 10:44:38.881199	KhRG
be082045417881d6fc31a3c25910e2f5		2026-07-28 10:45:05.403276	KhRG
be082045417881d6fc31a3c25910e2f5		2026-07-28 10:45:29.426051	KhRG
be082045417881d6fc31a3c25910e2f5		2026-07-28 10:46:07.522951	KhRG
be082045417881d6fc31a3c25910e2f5		2026-07-28 10:46:47.085775	KhRG
be082045417881d6fc31a3c25910e2f5		2026-07-28 10:46:55.204712	KhRG
be082045417881d6fc31a3c25910e2f5		2026-07-28 10:47:15.405246	KhRG
d29a75ead356d010b507637311836095		2026-07-28 10:47:59.602073	KhRG
d29a75ead356d010b507637311836095		2026-07-28 10:48:33.151686	KhRG
d29a75ead356d010b507637311836095		2026-07-28 10:48:50.567603	KhRG
be082045417881d6fc31a3c25910e2f5		2026-07-28 10:49:33.733909	KhRG
d29a75ead356d010b507637311836095		2026-07-28 10:50:48.123151	KhRG
d29a75ead356d010b507637311836095		2026-07-28 10:52:17.632354	KhRG
d29a75ead356d010b507637311836095		2026-07-28 10:52:45.794358	KhRG
d29a75ead356d010b507637311836095		2026-07-28 10:53:38.687967	KhRG
d29a75ead356d010b507637311836095		2026-07-28 10:53:50.376401	KhRG
d29a75ead356d010b507637311836095		2026-07-28 10:55:34.794837	KhRG
0824a3cf8c4a5ce883221108cf3f8475		2026-07-28 10:55:36.786981	KhRG
d29a75ead356d010b507637311836095		2026-07-28 10:56:26.866221	KhRG
1836887b3ce8f20381fcae53a53b7f00		2026-07-28 11:48:24.686406	KhRG
d760e227b837dde2be0a9a675a0ca354		2026-07-28 11:51:21.518217	KhRG
d760e227b837dde2be0a9a675a0ca354		2026-07-28 11:52:31.053573	KhRG
d760e227b837dde2be0a9a675a0ca354		2026-07-28 11:54:36.757251	KhRG
d760e227b837dde2be0a9a675a0ca354		2026-07-28 11:59:54.618000	KhRG
d760e227b837dde2be0a9a675a0ca354		2026-07-28 12:00:35.830295	KhRG
d760e227b837dde2be0a9a675a0ca354		2026-07-28 12:03:01.616541	KhRG
d760e227b837dde2be0a9a675a0ca354		2026-07-28 12:03:56.451398	KhRG
d760e227b837dde2be0a9a675a0ca354		2026-07-28 12:04:30.481854	KhRG
d760e227b837dde2be0a9a675a0ca354		2026-07-28 12:05:12.733463	KhRG
d760e227b837dde2be0a9a675a0ca354		2026-07-28 12:05:32.020387	KhRG
d760e227b837dde2be0a9a675a0ca354		2026-07-28 12:07:32.601093	KhRG
d760e227b837dde2be0a9a675a0ca354		2026-07-28 12:08:58.074332	KhRG
da7d224fca0bd3a4107b155279c10783		2026-07-28 12:50:33.558477	KhRG
da7d224fca0bd3a4107b155279c10783		2026-07-28 12:51:55.841194	KhRG
da7d224fca0bd3a4107b155279c10783		2026-07-28 12:55:34.903346	KhRG
da7d224fca0bd3a4107b155279c10783		2026-07-28 12:56:14.654682	KhRG
da7d224fca0bd3a4107b155279c10783		2026-07-28 12:57:30.905460	KhRG
da7d224fca0bd3a4107b155279c10783		2026-07-28 12:58:04.372411	KhRG
d760e227b837dde2be0a9a675a0ca354		2026-07-28 14:08:47.305099	KhRG
d760e227b837dde2be0a9a675a0ca354		2026-07-28 14:09:10.889539	KhRG
d760e227b837dde2be0a9a675a0ca354		2026-07-28 14:11:56.917819	KhRG
d760e227b837dde2be0a9a675a0ca354		2026-07-28 14:13:09.395396	KhRG
d760e227b837dde2be0a9a675a0ca354		2026-07-28 14:14:32.464408	KhRG
d760e227b837dde2be0a9a675a0ca354		2026-07-28 14:16:43.558889	KhRG
d760e227b837dde2be0a9a675a0ca354		2026-07-28 14:17:24.552731	KhRG
d760e227b837dde2be0a9a675a0ca354		2026-07-28 14:17:39.350931	KhRG
d760e227b837dde2be0a9a675a0ca354		2026-07-28 14:18:10.197915	KhRG
d760e227b837dde2be0a9a675a0ca354		2026-07-28 14:18:22.480260	KhRG
d760e227b837dde2be0a9a675a0ca354		2026-07-28 14:18:42.903850	KhRG
d760e227b837dde2be0a9a675a0ca354		2026-07-28 14:19:03.671407	KhRG
d760e227b837dde2be0a9a675a0ca354		2026-07-28 14:19:33.260544	KhRG
d760e227b837dde2be0a9a675a0ca354		2026-07-28 14:19:39.797306	KhRG
d760e227b837dde2be0a9a675a0ca354		2026-07-28 14:19:52.457281	KhRG
d760e227b837dde2be0a9a675a0ca354		2026-07-28 14:24:15.427973	KhRG
d760e227b837dde2be0a9a675a0ca354		2026-07-28 14:25:55.540306	KhRG
d760e227b837dde2be0a9a675a0ca354		2026-07-28 14:27:54.102397	KhRG
d760e227b837dde2be0a9a675a0ca354		2026-07-28 14:29:43.892956	KhRG
d760e227b837dde2be0a9a675a0ca354		2026-07-28 14:30:40.238947	KhRG
d760e227b837dde2be0a9a675a0ca354		2026-07-28 14:33:31.279762	KhRG
d760e227b837dde2be0a9a675a0ca354		2026-07-28 14:34:29.960142	KhRG
d760e227b837dde2be0a9a675a0ca354		2026-07-28 14:35:22.318792	KhRG
d760e227b837dde2be0a9a675a0ca354		2026-07-28 14:36:30.725059	KhRG
d760e227b837dde2be0a9a675a0ca354		2026-07-28 14:36:52.658118	KhRG
d760e227b837dde2be0a9a675a0ca354		2026-07-28 14:37:03.967514	KhRG
fb786eed55b3b77b36950d4ed78cb8c4		2026-07-28 16:22:24.460395	KhRG
b903728f1badaa76dd11464b054a0c3b		2026-07-28 16:33:38.918190	KhRG
d33d5bbc1e01ccd276c5442af3300152		2026-07-28 16:48:39.669776	KhRG
d33d5bbc1e01ccd276c5442af3300152		2026-07-28 16:55:32.757112	KhRG
3e76d5cac2d3be42a324d52aca0fae21		2026-07-28 17:05:27.677163	KhRG
3e76d5cac2d3be42a324d52aca0fae21		2026-07-28 17:06:06.439156	KhRG
d33d5bbc1e01ccd276c5442af3300152		2026-07-28 17:07:28.558215	KhRG
b903728f1badaa76dd11464b054a0c3b		2026-07-28 17:07:58.177358	KhRG
3e76d5cac2d3be42a324d52aca0fae21		2026-07-28 17:07:59.746036	KhRG
3e76d5cac2d3be42a324d52aca0fae21		2026-07-28 17:08:48.519169	KhRG
3e76d5cac2d3be42a324d52aca0fae21		2026-07-28 17:09:01.702907	KhRG
d33d5bbc1e01ccd276c5442af3300152		2026-07-28 17:09:14.996184	KhRG
3e76d5cac2d3be42a324d52aca0fae21		2026-07-28 17:09:30.659330	KhRG
d33d5bbc1e01ccd276c5442af3300152		2026-07-28 17:09:45.016882	KhRG
3e76d5cac2d3be42a324d52aca0fae21		2026-07-28 17:11:10.999008	KhRG
d760e227b837dde2be0a9a675a0ca354		2026-07-28 17:12:27.086144	KhRG
3e76d5cac2d3be42a324d52aca0fae21		2026-07-28 17:12:27.767475	KhRG
3e76d5cac2d3be42a324d52aca0fae21		2026-07-28 17:12:58.908771	KhRG
d760e227b837dde2be0a9a675a0ca354		2026-07-28 17:14:56.075795	KhRG
3e76d5cac2d3be42a324d52aca0fae21		2026-07-28 17:15:17.773965	KhRG
d760e227b837dde2be0a9a675a0ca354		2026-07-28 17:16:03.571989	KhRG
3e76d5cac2d3be42a324d52aca0fae21		2026-07-28 17:16:08.725447	KhRG
d760e227b837dde2be0a9a675a0ca354		2026-07-28 17:16:17.146951	KhRG
3e76d5cac2d3be42a324d52aca0fae21		2026-07-28 17:16:50.413548	KhRG
3e76d5cac2d3be42a324d52aca0fae21		2026-07-28 17:17:18.311819	KhRG
d760e227b837dde2be0a9a675a0ca354		2026-07-28 17:17:55.652694	KhRG
3e76d5cac2d3be42a324d52aca0fae21		2026-07-28 17:17:58.281804	KhRG
3e76d5cac2d3be42a324d52aca0fae21		2026-07-28 17:18:10.293905	KhRG
3e76d5cac2d3be42a324d52aca0fae21		2026-07-28 17:18:23.618985	KhRG
3e76d5cac2d3be42a324d52aca0fae21		2026-07-28 17:18:34.210364	KhRG
3e76d5cac2d3be42a324d52aca0fae21		2026-07-28 17:19:07.118685	KhRG
3e76d5cac2d3be42a324d52aca0fae21		2026-07-28 17:20:22.833555	KhRG
3e76d5cac2d3be42a324d52aca0fae21		2026-07-28 17:20:59.023591	KhRG
3e76d5cac2d3be42a324d52aca0fae21		2026-07-28 17:21:59.981415	KhRG
d760e227b837dde2be0a9a675a0ca354		2026-07-28 17:22:24.284964	KhRG
d760e227b837dde2be0a9a675a0ca354		2026-07-28 17:23:15.892433	KhRG
d760e227b837dde2be0a9a675a0ca354		2026-07-28 17:25:11.874264	KhRG
d760e227b837dde2be0a9a675a0ca354		2026-07-28 17:26:28.168708	KhRG
d760e227b837dde2be0a9a675a0ca354		2026-07-28 17:26:34.746631	KhRG
d760e227b837dde2be0a9a675a0ca354		2026-07-28 17:26:40.544333	KhRG
d760e227b837dde2be0a9a675a0ca354		2026-07-28 17:26:46.113635	KhRG
d760e227b837dde2be0a9a675a0ca354		2026-07-28 17:26:51.219237	KhRG
d760e227b837dde2be0a9a675a0ca354		2026-07-28 17:27:42.290772	KhRG
d760e227b837dde2be0a9a675a0ca354		2026-07-28 17:28:36.890133	KhRG
d760e227b837dde2be0a9a675a0ca354		2026-07-28 17:30:18.174817	KhRG
d760e227b837dde2be0a9a675a0ca354		2026-07-28 17:31:28.336282	KhRG
574c0e7f3b7d6652ec2bdc21d45a91bc		2026-07-28 17:31:59.333719	KhRG
d760e227b837dde2be0a9a675a0ca354		2026-07-28 17:32:14.543669	KhRG
d760e227b837dde2be0a9a675a0ca354		2026-07-28 17:32:56.512050	KhRG
574c0e7f3b7d6652ec2bdc21d45a91bc		2026-07-28 17:33:34.174402	KhRG
3e76d5cac2d3be42a324d52aca0fae21		2026-07-28 17:34:57.567262	KhRG
d760e227b837dde2be0a9a675a0ca354		2026-07-28 17:37:13.780451	KhRG
3e76d5cac2d3be42a324d52aca0fae21		2026-07-28 17:37:24.773909	KhRG
d760e227b837dde2be0a9a675a0ca354		2026-07-28 17:37:50.844495	KhRG
d760e227b837dde2be0a9a675a0ca354		2026-07-28 17:38:41.664945	KhRG
d760e227b837dde2be0a9a675a0ca354		2026-07-28 17:39:28.521011	KhRG
d760e227b837dde2be0a9a675a0ca354		2026-07-28 17:40:55.767907	KhRG
d760e227b837dde2be0a9a675a0ca354		2026-07-28 17:41:13.893599	KhRG
d760e227b837dde2be0a9a675a0ca354		2026-07-28 17:41:23.761021	KhRG
d760e227b837dde2be0a9a675a0ca354		2026-07-28 17:41:56.681269	KhRG
d760e227b837dde2be0a9a675a0ca354		2026-07-28 17:42:09.721730	KhRG
574c0e7f3b7d6652ec2bdc21d45a91bc		2026-07-28 17:42:14.801688	KhRG
574c0e7f3b7d6652ec2bdc21d45a91bc		2026-07-28 17:44:08.588004	KhRG
3e76d5cac2d3be42a324d52aca0fae21		2026-07-28 17:46:07.109950	KhRG
3e76d5cac2d3be42a324d52aca0fae21		2026-07-28 17:49:37.178886	KhRG
574c0e7f3b7d6652ec2bdc21d45a91bc		2026-07-28 17:50:52.055196	KhRG
3e76d5cac2d3be42a324d52aca0fae21		2026-07-28 17:53:41.497764	KhRG
3e76d5cac2d3be42a324d52aca0fae21		2026-07-28 17:56:49.685552	KhRG
3e76d5cac2d3be42a324d52aca0fae21		2026-07-28 17:59:52.836479	KhRG
3e76d5cac2d3be42a324d52aca0fae21		2026-07-28 18:00:25.470984	KhRG
3e76d5cac2d3be42a324d52aca0fae21		2026-07-28 18:00:41.530271	KhRG
3e76d5cac2d3be42a324d52aca0fae21		2026-07-28 18:01:09.497707	KhRG
3e76d5cac2d3be42a324d52aca0fae21		2026-07-28 18:03:32.401541	KhRG
3e76d5cac2d3be42a324d52aca0fae21		2026-07-28 18:04:06.623089	KhRG
3e76d5cac2d3be42a324d52aca0fae21		2026-07-28 18:05:21.578771	KhRG
3e76d5cac2d3be42a324d52aca0fae21		2026-07-28 18:05:58.014400	KhRG
3e76d5cac2d3be42a324d52aca0fae21		2026-07-28 18:06:20.676418	KhRG
3e76d5cac2d3be42a324d52aca0fae21		2026-07-28 18:09:11.189741	KhRG
3e76d5cac2d3be42a324d52aca0fae21		2026-07-28 18:09:37.914616	KhRG
3e76d5cac2d3be42a324d52aca0fae21		2026-07-28 18:12:15.324409	KhRG
3e76d5cac2d3be42a324d52aca0fae21		2026-07-28 18:12:50.869294	KhRG
3e76d5cac2d3be42a324d52aca0fae21		2026-07-28 18:14:54.180975	KhRG
3e76d5cac2d3be42a324d52aca0fae21		2026-07-28 18:15:27.606404	KhRG
c48ada6e208b953956e05d3a719f1dd4		2026-07-28 18:15:38.535771	KhRG
3e76d5cac2d3be42a324d52aca0fae21		2026-07-28 18:15:49.307021	KhRG
c48ada6e208b953956e05d3a719f1dd4		2026-07-28 18:16:00.579272	KhRG
c48ada6e208b953956e05d3a719f1dd4		2026-07-28 18:18:13.245551	KhRG
c48ada6e208b953956e05d3a719f1dd4		2026-07-28 18:18:44.985164	KhRG
c48ada6e208b953956e05d3a719f1dd4		2026-07-28 18:19:24.034499	KhRG
c48ada6e208b953956e05d3a719f1dd4		2026-07-28 18:20:45.019644	KhRG
c48ada6e208b953956e05d3a719f1dd4		2026-07-28 18:24:02.701132	KhRG
ecd6f4502fd24af1faf1c13b7f6dc2df		2026-07-28 18:25:33.496978	KhRG
c48ada6e208b953956e05d3a719f1dd4		2026-07-28 18:27:14.998319	KhRG
a9bd853bdaa32dfb002006bfadbd586f		2026-07-28 18:27:41.856173	KhRG
c48ada6e208b953956e05d3a719f1dd4		2026-07-28 18:29:20.894902	KhRG
a9bd853bdaa32dfb002006bfadbd586f		2026-07-28 18:31:32.458085	KhRG
c48ada6e208b953956e05d3a719f1dd4		2026-07-28 18:31:53.605653	KhRG
c48ada6e208b953956e05d3a719f1dd4		2026-07-28 18:32:23.213914	KhRG
c48ada6e208b953956e05d3a719f1dd4		2026-07-28 18:33:28.361754	KhRG
c48ada6e208b953956e05d3a719f1dd4		2026-07-28 18:33:47.384951	KhRG
a9bd853bdaa32dfb002006bfadbd586f		2026-07-28 18:35:14.609158	KhRG
a9bd853bdaa32dfb002006bfadbd586f		2026-07-28 18:35:46.173327	KhRG
c48ada6e208b953956e05d3a719f1dd4		2026-07-28 18:37:00.446817	KhRG
c48ada6e208b953956e05d3a719f1dd4		2026-07-28 18:37:13.738858	KhRG
c48ada6e208b953956e05d3a719f1dd4		2026-07-28 18:37:27.617988	KhRG
c48ada6e208b953956e05d3a719f1dd4		2026-07-28 18:37:40.765887	KhRG
c48ada6e208b953956e05d3a719f1dd4		2026-07-28 18:37:54.363272	KhRG
a9bd853bdaa32dfb002006bfadbd586f		2026-07-28 18:38:24.109784	KhRG
c48ada6e208b953956e05d3a719f1dd4		2026-07-28 18:39:12.646686	KhRG
a9bd853bdaa32dfb002006bfadbd586f		2026-07-28 18:40:33.316105	KhRG
a9bd853bdaa32dfb002006bfadbd586f		2026-07-28 18:43:15.117979	KhRG
c48ada6e208b953956e05d3a719f1dd4		2026-07-28 18:43:20.486471	KhRG
c48ada6e208b953956e05d3a719f1dd4		2026-07-28 18:45:07.372618	KhRG
a9bd853bdaa32dfb002006bfadbd586f		2026-07-28 18:45:49.757237	KhRG
a9bd853bdaa32dfb002006bfadbd586f		2026-07-28 18:47:39.783202	KhRG
a9bd853bdaa32dfb002006bfadbd586f		2026-07-28 18:50:50.519926	KhRG
a9bd853bdaa32dfb002006bfadbd586f		2026-07-28 18:55:54.292988	KhRG
a9bd853bdaa32dfb002006bfadbd586f		2026-07-28 18:58:35.052608	KhRG
a9bd853bdaa32dfb002006bfadbd586f		2026-07-28 19:02:31.587007	KhRG
a9bd853bdaa32dfb002006bfadbd586f		2026-07-28 19:13:31.945633	KhRG
a9bd853bdaa32dfb002006bfadbd586f		2026-07-28 19:27:03.461170	KhRG
929ee16705b965e861f936b25af75bcb		2026-07-28 19:28:48.469422	KhRG
a9bd853bdaa32dfb002006bfadbd586f		2026-07-28 19:31:19.313654	KhRG
929ee16705b965e861f936b25af75bcb		2026-07-28 19:32:51.494801	KhRG
096f8264607b9d8f6824edaa1017bb2b		2026-07-28 19:34:30.543253	KhRG
929ee16705b965e861f936b25af75bcb		2026-07-28 19:34:41.301865	KhRG
929ee16705b965e861f936b25af75bcb		2026-07-28 19:35:24.281840	KhRG
929ee16705b965e861f936b25af75bcb		2026-07-28 19:36:02.461019	KhRG
929ee16705b965e861f936b25af75bcb		2026-07-28 19:36:51.189435	KhRG
a9bd853bdaa32dfb002006bfadbd586f		2026-07-28 19:41:52.260535	KhRG
a9bd853bdaa32dfb002006bfadbd586f		2026-07-28 19:45:34.265800	KhRG
a9bd853bdaa32dfb002006bfadbd586f		2026-07-28 19:52:59.479048	KhRG
a9bd853bdaa32dfb002006bfadbd586f		2026-07-28 19:58:00.271350	KhRG
a9bd853bdaa32dfb002006bfadbd586f		2026-07-28 20:21:30.921019	KhRG
a9bd853bdaa32dfb002006bfadbd586f		2026-07-28 20:23:54.256169	KhRG
a9bd853bdaa32dfb002006bfadbd586f		2026-07-28 20:34:03.901650	KhRG
a9bd853bdaa32dfb002006bfadbd586f		2026-07-28 20:38:06.279700	KhRG
a9bd853bdaa32dfb002006bfadbd586f		2026-07-28 20:40:10.355730	KhRG
a9bd853bdaa32dfb002006bfadbd586f		2026-07-28 20:47:48.285016	KhRG
a9bd853bdaa32dfb002006bfadbd586f		2026-07-28 20:51:55.626155	KhRG
a9bd853bdaa32dfb002006bfadbd586f		2026-07-28 20:58:00.742221	KhRG
a9bd853bdaa32dfb002006bfadbd586f		2026-07-28 21:00:42.660843	KhRG
f63a8b7f5d58d5c27b857c1880f8eb39		2026-07-28 21:03:32.373052	KhRG
a9bd853bdaa32dfb002006bfadbd586f		2026-07-28 21:06:42.719347	KhRG
f63a8b7f5d58d5c27b857c1880f8eb39		2026-07-28 21:07:31.699852	KhRG
a9bd853bdaa32dfb002006bfadbd586f		2026-07-28 21:09:58.949418	KhRG
f63a8b7f5d58d5c27b857c1880f8eb39		2026-07-28 21:13:24.185185	KhRG
f63a8b7f5d58d5c27b857c1880f8eb39		2026-07-28 21:15:26.241729	KhRG
f63a8b7f5d58d5c27b857c1880f8eb39		2026-07-28 21:19:45.847153	KhRG
f63a8b7f5d58d5c27b857c1880f8eb39		2026-07-28 21:20:14.026352	KhRG
a9bd853bdaa32dfb002006bfadbd586f		2026-07-28 21:21:05.731299	KhRG
f63a8b7f5d58d5c27b857c1880f8eb39		2026-07-28 21:22:33.909879	KhRG
f63a8b7f5d58d5c27b857c1880f8eb39		2026-07-28 21:24:59.030718	KhRG
a9bd853bdaa32dfb002006bfadbd586f		2026-07-28 21:25:11.099265	KhRG
f63a8b7f5d58d5c27b857c1880f8eb39		2026-07-28 21:28:56.470028	KhRG
f63a8b7f5d58d5c27b857c1880f8eb39		2026-07-28 21:30:51.044606	KhRG
f63a8b7f5d58d5c27b857c1880f8eb39		2026-07-28 21:32:53.134337	KhRG
a9bd853bdaa32dfb002006bfadbd586f		2026-07-28 22:04:50.295035	KhRG
a9bd853bdaa32dfb002006bfadbd586f		2026-07-28 22:15:49.905178	KhRG
a9bd853bdaa32dfb002006bfadbd586f		2026-07-28 22:19:19.312915	KhRG
a9bd853bdaa32dfb002006bfadbd586f		2026-07-28 22:23:58.721508	KhRG
a9bd853bdaa32dfb002006bfadbd586f		2026-07-28 22:27:37.807613	KhRG
a9bd853bdaa32dfb002006bfadbd586f		2026-07-28 22:36:13.733496	KhRG
a9bd853bdaa32dfb002006bfadbd586f		2026-07-28 22:39:42.013495	KhRG
a9bd853bdaa32dfb002006bfadbd586f		2026-07-28 22:43:25.852849	KhRG
a9bd853bdaa32dfb002006bfadbd586f		2026-07-28 22:47:48.345643	KhRG
a9bd853bdaa32dfb002006bfadbd586f		2026-07-28 22:53:32.629447	KhRG
a9bd853bdaa32dfb002006bfadbd586f		2026-07-28 23:22:03.214978	KhRG
a9bd853bdaa32dfb002006bfadbd586f		2026-07-28 23:33:07.043005	KhRG
a9bd853bdaa32dfb002006bfadbd586f		2026-07-28 23:38:08.280275	KhRG
badad066281ed6687415e2fc8ca15e9c		2026-07-29 06:15:53.040096	KhRG
d760e227b837dde2be0a9a675a0ca354		2026-07-29 06:15:58.132746	KhRG
badad066281ed6687415e2fc8ca15e9c		2026-07-29 06:19:51.313392	KhRG
d760e227b837dde2be0a9a675a0ca354		2026-07-29 06:20:28.561807	KhRG
badad066281ed6687415e2fc8ca15e9c		2026-07-29 06:29:32.593631	KhRG
d760e227b837dde2be0a9a675a0ca354		2026-07-29 06:35:17.482662	KhRG
d760e227b837dde2be0a9a675a0ca354		2026-07-29 06:36:16.333484	KhRG
d760e227b837dde2be0a9a675a0ca354		2026-07-29 06:37:17.134191	KhRG
d760e227b837dde2be0a9a675a0ca354		2026-07-29 06:38:40.880666	KhRG
d760e227b837dde2be0a9a675a0ca354		2026-07-29 06:39:56.289186	KhRG
d760e227b837dde2be0a9a675a0ca354		2026-07-29 06:46:22.029445	KhRG
d760e227b837dde2be0a9a675a0ca354		2026-07-29 06:46:29.540252	KhRG
d760e227b837dde2be0a9a675a0ca354		2026-07-29 06:46:39.351598	KhRG
d760e227b837dde2be0a9a675a0ca354		2026-07-29 06:47:00.477541	KhRG
d760e227b837dde2be0a9a675a0ca354		2026-07-29 06:48:27.648103	KhRG
d760e227b837dde2be0a9a675a0ca354		2026-07-29 06:50:20.776863	KhRG
d760e227b837dde2be0a9a675a0ca354		2026-07-29 06:50:32.253018	KhRG
d760e227b837dde2be0a9a675a0ca354		2026-07-29 07:15:41.621772	KhRG
b590eb0594d609c63f555247ebfe021e		2026-07-29 08:28:55.817567	KhRG
b590eb0594d609c63f555247ebfe021e		2026-07-29 08:33:57.479023	KhRG
b590eb0594d609c63f555247ebfe021e		2026-07-29 08:35:06.656492	KhRG
b590eb0594d609c63f555247ebfe021e		2026-07-29 08:40:52.783304	KhRG
93f7ae1456fee4ad8a3a007a6abec47b		2026-07-29 08:47:02.758435	KhRG
b590eb0594d609c63f555247ebfe021e		2026-07-29 09:07:50.390818	KhRG
8674921aa701eb689942ae8e58ae28ff		2026-07-29 10:40:55.929390	KhRG
86438625037ce76d1ad3958131f4d170		2026-07-29 11:13:10.349505	KhRG
ac77a81548ac57d675c2569d72bc9593		2026-07-29 11:55:39.428101	KhRG
ac77a81548ac57d675c2569d72bc9593		2026-07-29 11:56:57.351145	KhRG
b590eb0594d609c63f555247ebfe021e		2026-07-29 12:25:47.240895	KhRG
ac77a81548ac57d675c2569d72bc9593		2026-07-29 12:27:54.898994	KhRG
b590eb0594d609c63f555247ebfe021e		2026-07-29 12:28:50.729109	KhRG
b590eb0594d609c63f555247ebfe021e		2026-07-29 12:29:47.261078	KhRG
b590eb0594d609c63f555247ebfe021e		2026-07-29 12:30:31.980136	KhRG
ac77a81548ac57d675c2569d72bc9593		2026-07-29 12:43:15.469588	KhRG
ac77a81548ac57d675c2569d72bc9593		2026-07-29 13:01:58.167732	KhRG
a9bd853bdaa32dfb002006bfadbd586f		2026-07-29 13:02:09.234597	KhRG
034f93de63590d7b1d7f6016a135d978		2026-07-29 13:02:21.429523	KhRG
ac77a81548ac57d675c2569d72bc9593		2026-07-29 13:02:24.385019	KhRG
ac77a81548ac57d675c2569d72bc9593		2026-07-29 13:03:14.018671	KhRG
a9bd853bdaa32dfb002006bfadbd586f		2026-07-29 13:04:27.324484	KhRG
a9bd853bdaa32dfb002006bfadbd586f		2026-07-29 13:05:33.231116	KhRG
a9bd853bdaa32dfb002006bfadbd586f		2026-07-29 13:06:30.443583	KhRG
ac77a81548ac57d675c2569d72bc9593		2026-07-29 13:06:34.364766	KhRG
ac77a81548ac57d675c2569d72bc9593		2026-07-29 13:08:44.617702	KhRG
a9bd853bdaa32dfb002006bfadbd586f		2026-07-29 13:19:24.131922	KhRG
ac77a81548ac57d675c2569d72bc9593		2026-07-29 13:20:39.935350	KhRG
ac77a81548ac57d675c2569d72bc9593		2026-07-29 13:20:49.234922	KhRG
ac77a81548ac57d675c2569d72bc9593		2026-07-29 13:20:55.317842	KhRG
ac77a81548ac57d675c2569d72bc9593		2026-07-29 13:20:59.886020	KhRG
ac77a81548ac57d675c2569d72bc9593		2026-07-29 13:21:06.498469	KhRG
b590eb0594d609c63f555247ebfe021e		2026-07-29 13:21:36.537539	KhRG
b590eb0594d609c63f555247ebfe021e		2026-07-29 13:22:16.280232	KhRG
ac77a81548ac57d675c2569d72bc9593		2026-07-29 13:22:39.729686	KhRG
a9bd853bdaa32dfb002006bfadbd586f		2026-07-29 13:28:53.502239	KhRG
86438625037ce76d1ad3958131f4d170		2026-07-29 13:29:22.262621	KhRG
86438625037ce76d1ad3958131f4d170		2026-07-29 13:30:55.547710	KhRG
86438625037ce76d1ad3958131f4d170		2026-07-29 13:31:48.896506	KhRG
86438625037ce76d1ad3958131f4d170		2026-07-29 13:33:06.221818	KhRG
86438625037ce76d1ad3958131f4d170		2026-07-29 13:34:08.803323	KhRG
86438625037ce76d1ad3958131f4d170		2026-07-29 13:35:06.710031	KhRG
a9bd853bdaa32dfb002006bfadbd586f		2026-07-29 13:35:34.978836	KhRG
034f93de63590d7b1d7f6016a135d978		2026-07-29 13:36:47.518356	KhRG
a9bd853bdaa32dfb002006bfadbd586f		2026-07-29 13:39:15.178082	KhRG
a9bd853bdaa32dfb002006bfadbd586f		2026-07-29 13:40:30.413457	KhRG
a9bd853bdaa32dfb002006bfadbd586f		2026-07-29 13:43:40.739516	KhRG
a9bd853bdaa32dfb002006bfadbd586f		2026-07-29 13:44:37.680558	KhRG
a9bd853bdaa32dfb002006bfadbd586f		2026-07-29 13:45:59.420948	KhRG
86438625037ce76d1ad3958131f4d170		2026-07-29 13:47:35.772508	KhRG
86438625037ce76d1ad3958131f4d170		2026-07-29 13:51:00.109770	KhRG
ab315ac591163a7357a61c24b17a85ad		2026-07-29 14:03:13.448263	KhRG
a9bd853bdaa32dfb002006bfadbd586f		2026-07-29 14:04:04.007451	KhRG
a9bd853bdaa32dfb002006bfadbd586f		2026-07-29 14:12:23.645363	KhRG
a9bd853bdaa32dfb002006bfadbd586f		2026-07-29 14:13:34.033995	KhRG
a9bd853bdaa32dfb002006bfadbd586f		2026-07-29 14:19:31.678990	KhRG
a9bd853bdaa32dfb002006bfadbd586f		2026-07-29 14:22:01.361101	KhRG
a9bd853bdaa32dfb002006bfadbd586f		2026-07-29 14:26:21.808683	KhRG
ac77a81548ac57d675c2569d72bc9593		2026-07-29 14:26:26.412973	KhRG
ac77a81548ac57d675c2569d72bc9593		2026-07-29 14:29:55.118177	KhRG
ac77a81548ac57d675c2569d72bc9593		2026-07-29 14:31:33.393431	KhRG
ab315ac591163a7357a61c24b17a85ad		2026-07-29 14:37:56.446851	KhRG
034f93de63590d7b1d7f6016a135d978		2026-07-29 14:40:11.069281	KhRG
ac77a81548ac57d675c2569d72bc9593		2026-07-29 14:40:13.381932	KhRG
034f93de63590d7b1d7f6016a135d978		2026-07-29 14:40:56.434023	KhRG
ac77a81548ac57d675c2569d72bc9593		2026-07-29 14:42:08.194852	KhRG
034f93de63590d7b1d7f6016a135d978		2026-07-29 14:42:17.023414	KhRG
ac77a81548ac57d675c2569d72bc9593		2026-07-29 14:43:03.536977	KhRG
ab315ac591163a7357a61c24b17a85ad		2026-07-29 14:48:48.334534	KhRG
df4b7caf601053ff9000fc393ef3c515		2026-07-29 14:53:22.342504	KhRG
034f93de63590d7b1d7f6016a135d978		2026-07-29 15:27:14.562959	KhRG
034f93de63590d7b1d7f6016a135d978		2026-07-29 15:29:43.189931	KhRG
034f93de63590d7b1d7f6016a135d978		2026-07-29 15:31:59.752255	KhRG
034f93de63590d7b1d7f6016a135d978		2026-07-29 15:32:33.840868	KhRG
034f93de63590d7b1d7f6016a135d978		2026-07-29 15:34:06.592295	KhRG
20ba4542a73e7d02e07ce18abdb90c25		2026-07-29 16:20:19.594866	KhRG
20ba4542a73e7d02e07ce18abdb90c25		2026-07-29 16:26:38.395729	KhRG
20ba4542a73e7d02e07ce18abdb90c25		2026-07-29 16:29:19.487390	KhRG
b903728f1badaa76dd11464b054a0c3b		2026-07-29 16:29:44.551527	KhRG
20ba4542a73e7d02e07ce18abdb90c25		2026-07-29 16:31:36.084388	KhRG
0132c74a30b8b30891549b1f07fbac5e		2026-07-29 16:33:12.477123	KhRG
20ba4542a73e7d02e07ce18abdb90c25		2026-07-29 16:33:55.119239	KhRG
0132c74a30b8b30891549b1f07fbac5e		2026-07-29 16:34:43.217164	KhRG
0132c74a30b8b30891549b1f07fbac5e		2026-07-29 16:35:57.050225	KhRG
20ba4542a73e7d02e07ce18abdb90c25		2026-07-29 16:37:32.287930	KhRG
b903728f1badaa76dd11464b054a0c3b		2026-07-29 16:39:16.750859	KhRG
0132c74a30b8b30891549b1f07fbac5e		2026-07-29 16:41:52.496420	KhRG
20ba4542a73e7d02e07ce18abdb90c25		2026-07-29 16:42:24.324706	KhRG
0132c74a30b8b30891549b1f07fbac5e		2026-07-29 16:42:35.116353	KhRG
0132c74a30b8b30891549b1f07fbac5e		2026-07-29 16:43:34.270438	KhRG
0132c74a30b8b30891549b1f07fbac5e		2026-07-29 16:44:38.993346	KhRG
0132c74a30b8b30891549b1f07fbac5e		2026-07-29 16:45:46.828987	KhRG
0132c74a30b8b30891549b1f07fbac5e		2026-07-29 16:47:27.973490	KhRG
034f93de63590d7b1d7f6016a135d978		2026-07-29 16:50:36.226476	KhRG
0132c74a30b8b30891549b1f07fbac5e		2026-07-29 16:51:56.419684	KhRG
0132c74a30b8b30891549b1f07fbac5e		2026-07-29 16:52:39.115307	KhRG
0132c74a30b8b30891549b1f07fbac5e		2026-07-29 16:53:49.890867	KhRG
0132c74a30b8b30891549b1f07fbac5e		2026-07-29 16:55:02.714918	KhRG
0132c74a30b8b30891549b1f07fbac5e		2026-07-29 16:56:03.513377	KhRG
0132c74a30b8b30891549b1f07fbac5e		2026-07-29 16:57:34.418826	KhRG
0132c74a30b8b30891549b1f07fbac5e		2026-07-29 16:58:22.777647	KhRG
0132c74a30b8b30891549b1f07fbac5e		2026-07-29 16:59:03.297526	KhRG
0132c74a30b8b30891549b1f07fbac5e		2026-07-29 17:00:12.975600	KhRG
0132c74a30b8b30891549b1f07fbac5e		2026-07-29 17:00:53.470380	KhRG
20ba4542a73e7d02e07ce18abdb90c25		2026-07-29 17:01:15.547632	KhRG
20ba4542a73e7d02e07ce18abdb90c25		2026-07-29 17:01:25.282744	KhRG
20ba4542a73e7d02e07ce18abdb90c25		2026-07-29 17:01:27.102760	KhRG
0132c74a30b8b30891549b1f07fbac5e		2026-07-29 17:01:30.360776	KhRG
0132c74a30b8b30891549b1f07fbac5e		2026-07-29 17:02:08.130820	KhRG
3e76d5cac2d3be42a324d52aca0fae21		2026-07-29 17:02:29.510847	KhRG
0132c74a30b8b30891549b1f07fbac5e		2026-07-29 17:02:48.046295	KhRG
3e76d5cac2d3be42a324d52aca0fae21		2026-07-29 17:03:00.050696	KhRG
0132c74a30b8b30891549b1f07fbac5e		2026-07-29 17:03:29.161003	KhRG
3e76d5cac2d3be42a324d52aca0fae21		2026-07-29 17:03:57.783835	KhRG
0132c74a30b8b30891549b1f07fbac5e		2026-07-29 17:04:05.299994	KhRG
3e76d5cac2d3be42a324d52aca0fae21		2026-07-29 17:04:31.737434	KhRG
0132c74a30b8b30891549b1f07fbac5e		2026-07-29 17:04:53.647609	KhRG
3e76d5cac2d3be42a324d52aca0fae21		2026-07-29 17:05:15.474602	KhRG
0132c74a30b8b30891549b1f07fbac5e		2026-07-29 17:05:29.002117	KhRG
0132c74a30b8b30891549b1f07fbac5e		2026-07-29 17:06:11.586439	KhRG
3e76d5cac2d3be42a324d52aca0fae21		2026-07-29 17:06:14.637682	KhRG
3e76d5cac2d3be42a324d52aca0fae21		2026-07-29 17:06:44.830721	KhRG
0132c74a30b8b30891549b1f07fbac5e		2026-07-29 17:06:45.873580	KhRG
3e76d5cac2d3be42a324d52aca0fae21		2026-07-29 17:06:58.898138	KhRG
3e76d5cac2d3be42a324d52aca0fae21		2026-07-29 17:07:18.627343	KhRG
0132c74a30b8b30891549b1f07fbac5e		2026-07-29 17:07:25.358506	KhRG
3e76d5cac2d3be42a324d52aca0fae21		2026-07-29 17:07:58.381577	KhRG
3e76d5cac2d3be42a324d52aca0fae21		2026-07-29 17:08:22.887141	KhRG
3e76d5cac2d3be42a324d52aca0fae21		2026-07-29 17:09:13.272534	KhRG
b903728f1badaa76dd11464b054a0c3b		2026-07-29 17:28:43.240645	KhRG
b903728f1badaa76dd11464b054a0c3b		2026-07-29 17:28:47.301670	KhRG
b903728f1badaa76dd11464b054a0c3b		2026-07-29 17:29:14.100666	KhRG
b903728f1badaa76dd11464b054a0c3b		2026-07-29 17:37:17.901880	KhRG
b903728f1badaa76dd11464b054a0c3b		2026-07-29 17:38:53.241038	KhRG
268cae9f88884b4f876d3f12c87171a2		2026-07-29 17:56:09.750809	KhRG
d29a75ead356d010b507637311836095		2026-07-29 19:04:58.653031	KhRG
d29a75ead356d010b507637311836095		2026-07-29 19:26:10.265488	KhRG
d29a75ead356d010b507637311836095		2026-07-29 19:27:32.734818	KhRG
d29a75ead356d010b507637311836095		2026-07-29 19:35:28.845376	KhRG
d29a75ead356d010b507637311836095		2026-07-29 19:37:46.985615	KhRG
d29a75ead356d010b507637311836095		2026-07-29 19:57:10.252924	KhRG
d29a75ead356d010b507637311836095		2026-07-29 19:57:42.675239	KhRG
d29a75ead356d010b507637311836095		2026-07-29 20:00:22.657113	KhRG
34268989a29a58f8f051366500eae76f		2026-07-29 20:15:22.171784	KhRG
34268989a29a58f8f051366500eae76f		2026-07-29 20:16:17.086132	KhRG
d29a75ead356d010b507637311836095		2026-07-29 20:16:34.427371	KhRG
34268989a29a58f8f051366500eae76f		2026-07-29 20:17:10.727113	KhRG
d29a75ead356d010b507637311836095		2026-07-29 20:18:01.992453	KhRG
d29a75ead356d010b507637311836095		2026-07-29 20:18:12.884203	KhRG
34268989a29a58f8f051366500eae76f		2026-07-29 20:19:45.072383	KhRG
d29a75ead356d010b507637311836095		2026-07-29 20:20:15.044415	KhRG
d29a75ead356d010b507637311836095		2026-07-29 20:20:52.984317	KhRG
d29a75ead356d010b507637311836095		2026-07-29 20:21:10.490405	KhRG
d29a75ead356d010b507637311836095		2026-07-29 20:21:26.880960	KhRG
d29a75ead356d010b507637311836095		2026-07-29 20:22:29.383230	KhRG
d29a75ead356d010b507637311836095		2026-07-29 20:29:08.615982	KhRG
d29a75ead356d010b507637311836095		2026-07-29 20:30:32.200510	KhRG
f63a8b7f5d58d5c27b857c1880f8eb39		2026-07-29 21:00:46.728627	KhRG
f63a8b7f5d58d5c27b857c1880f8eb39		2026-07-29 21:05:11.185767	KhRG
f63a8b7f5d58d5c27b857c1880f8eb39		2026-07-29 21:07:04.691263	KhRG
f63a8b7f5d58d5c27b857c1880f8eb39		2026-07-29 21:08:16.892925	KhRG
f63a8b7f5d58d5c27b857c1880f8eb39		2026-07-29 21:09:23.191554	KhRG
46e6e9370585121ed050e6d178e3f50d		2026-07-29 21:11:04.658525	KhRG
f63a8b7f5d58d5c27b857c1880f8eb39		2026-07-29 21:13:10.009233	KhRG
f63a8b7f5d58d5c27b857c1880f8eb39		2026-07-29 21:21:05.973595	KhRG
f63a8b7f5d58d5c27b857c1880f8eb39		2026-07-29 21:23:27.814216	KhRG
f63a8b7f5d58d5c27b857c1880f8eb39		2026-07-29 21:24:31.074144	KhRG
f63a8b7f5d58d5c27b857c1880f8eb39		2026-07-29 21:25:37.152009	KhRG
46e6e9370585121ed050e6d178e3f50d		2026-07-29 21:30:15.295440	KhRG
f63a8b7f5d58d5c27b857c1880f8eb39		2026-07-29 21:33:31.618850	KhRG
f63a8b7f5d58d5c27b857c1880f8eb39		2026-07-29 21:34:52.210976	KhRG
f63a8b7f5d58d5c27b857c1880f8eb39		2026-07-29 21:35:26.161901	KhRG
f63a8b7f5d58d5c27b857c1880f8eb39		2026-07-29 21:36:07.149612	KhRG
f63a8b7f5d58d5c27b857c1880f8eb39		2026-07-29 21:40:42.121487	KhRG
badad066281ed6687415e2fc8ca15e9c		2026-07-30 02:01:13.500277	KhRG
badad066281ed6687415e2fc8ca15e9c		2026-07-30 02:14:26.025490	KhRG
badad066281ed6687415e2fc8ca15e9c		2026-07-30 02:30:58.640146	KhRG
86438625037ce76d1ad3958131f4d170		2026-07-30 06:53:32.442552	KhRG
86438625037ce76d1ad3958131f4d170		2026-07-30 06:54:50.383894	KhRG
86438625037ce76d1ad3958131f4d170		2026-07-30 07:09:39.030232	KhRG
86438625037ce76d1ad3958131f4d170		2026-07-30 07:10:27.496762	KhRG
86438625037ce76d1ad3958131f4d170		2026-07-30 07:11:54.811908	KhRG
ab315ac591163a7357a61c24b17a85ad		2026-07-30 07:15:58.931751	KhRG
be93eb28eab9df6fec7cf94b8d65fc9a		2026-07-30 07:50:07.655154	KhRG
be93eb28eab9df6fec7cf94b8d65fc9a		2026-07-30 07:51:27.302366	KhRG
b590eb0594d609c63f555247ebfe021e		2026-07-30 08:13:08.556374	KhRG
b590eb0594d609c63f555247ebfe021e		2026-07-30 08:29:39.768683	KhRG
b590eb0594d609c63f555247ebfe021e		2026-07-30 08:31:42.038414	KhRG
b590eb0594d609c63f555247ebfe021e		2026-07-30 08:35:32.113639	KhRG
b590eb0594d609c63f555247ebfe021e		2026-07-30 08:36:27.835827	KhRG
b590eb0594d609c63f555247ebfe021e		2026-07-30 08:37:28.665086	KhRG
b590eb0594d609c63f555247ebfe021e		2026-07-30 08:39:22.296227	KhRG
b590eb0594d609c63f555247ebfe021e		2026-07-30 08:40:39.466905	KhRG
b590eb0594d609c63f555247ebfe021e		2026-07-30 08:41:43.154657	KhRG
b590eb0594d609c63f555247ebfe021e		2026-07-30 08:42:27.340676	KhRG
be082045417881d6fc31a3c25910e2f5		2026-07-30 08:43:27.322370	KhRG
b590eb0594d609c63f555247ebfe021e		2026-07-30 08:43:35.690583	KhRG
b590eb0594d609c63f555247ebfe021e		2026-07-30 08:44:02.212302	KhRG
be082045417881d6fc31a3c25910e2f5		2026-07-30 08:46:02.810151	KhRG
be082045417881d6fc31a3c25910e2f5		2026-07-30 08:46:28.413616	KhRG
2a9872ff800af467bd641b685ee25df1		2026-07-30 08:48:11.146737	KhRG
be082045417881d6fc31a3c25910e2f5		2026-07-30 08:48:13.846717	KhRG
2a9872ff800af467bd641b685ee25df1		2026-07-30 08:48:26.667150	KhRG
2a9872ff800af467bd641b685ee25df1		2026-07-30 08:48:33.556979	KhRG
2a9872ff800af467bd641b685ee25df1		2026-07-30 08:48:41.715246	KhRG
2a9872ff800af467bd641b685ee25df1		2026-07-30 08:48:47.728728	KhRG
be082045417881d6fc31a3c25910e2f5		2026-07-30 08:54:50.217952	KhRG
be082045417881d6fc31a3c25910e2f5		2026-07-30 08:56:42.134911	KhRG
be082045417881d6fc31a3c25910e2f5		2026-07-30 08:57:14.338393	KhRG
be082045417881d6fc31a3c25910e2f5		2026-07-30 08:58:01.123153	KhRG
be082045417881d6fc31a3c25910e2f5		2026-07-30 09:00:33.568196	KhRG
be082045417881d6fc31a3c25910e2f5		2026-07-30 09:00:52.144469	KhRG
be082045417881d6fc31a3c25910e2f5		2026-07-30 09:01:03.202327	KhRG
b590eb0594d609c63f555247ebfe021e		2026-07-30 09:02:58.782846	KhRG
be082045417881d6fc31a3c25910e2f5		2026-07-30 09:03:43.221368	KhRG
be082045417881d6fc31a3c25910e2f5		2026-07-30 09:03:49.784225	KhRG
be082045417881d6fc31a3c25910e2f5		2026-07-30 09:04:11.979722	KhRG
be082045417881d6fc31a3c25910e2f5		2026-07-30 09:04:35.441396	KhRG
be082045417881d6fc31a3c25910e2f5		2026-07-30 09:04:47.395366	KhRG
be082045417881d6fc31a3c25910e2f5		2026-07-30 09:04:53.527082	KhRG
be082045417881d6fc31a3c25910e2f5		2026-07-30 09:05:46.297460	KhRG
b590eb0594d609c63f555247ebfe021e		2026-07-30 09:07:58.084433	KhRG
be082045417881d6fc31a3c25910e2f5		2026-07-30 09:14:05.163883	KhRG
be082045417881d6fc31a3c25910e2f5		2026-07-30 09:15:53.405261	KhRG
be082045417881d6fc31a3c25910e2f5		2026-07-30 09:16:31.966992	KhRG
b590eb0594d609c63f555247ebfe021e		2026-07-30 09:19:12.761745	KhRG
be082045417881d6fc31a3c25910e2f5		2026-07-30 09:20:08.760158	KhRG
b590eb0594d609c63f555247ebfe021e		2026-07-30 09:20:59.689210	KhRG
b590eb0594d609c63f555247ebfe021e		2026-07-30 09:24:16.016676	KhRG
be082045417881d6fc31a3c25910e2f5		2026-07-30 09:25:23.593066	KhRG
be082045417881d6fc31a3c25910e2f5		2026-07-30 09:25:45.422634	KhRG
be082045417881d6fc31a3c25910e2f5		2026-07-30 09:26:48.041303	KhRG
be082045417881d6fc31a3c25910e2f5		2026-07-30 09:27:35.489894	KhRG
be082045417881d6fc31a3c25910e2f5		2026-07-30 09:28:52.837330	KhRG
be082045417881d6fc31a3c25910e2f5		2026-07-30 09:29:35.494594	KhRG
be082045417881d6fc31a3c25910e2f5		2026-07-30 09:31:23.072203	KhRG
be082045417881d6fc31a3c25910e2f5		2026-07-30 09:31:55.605364	KhRG
be082045417881d6fc31a3c25910e2f5		2026-07-30 09:42:26.290447	KhRG
be082045417881d6fc31a3c25910e2f5		2026-07-30 09:42:59.475760	KhRG
be082045417881d6fc31a3c25910e2f5		2026-07-30 09:51:05.224938	KhRG
be082045417881d6fc31a3c25910e2f5		2026-07-30 09:58:23.159622	KhRG
be082045417881d6fc31a3c25910e2f5		2026-07-30 10:03:50.416655	KhRG
be082045417881d6fc31a3c25910e2f5		2026-07-30 10:04:55.790202	KhRG
be082045417881d6fc31a3c25910e2f5		2026-07-30 10:05:53.501999	KhRG
be082045417881d6fc31a3c25910e2f5		2026-07-30 10:06:43.928921	KhRG
be082045417881d6fc31a3c25910e2f5		2026-07-30 10:12:09.221221	KhRG
b590eb0594d609c63f555247ebfe021e		2026-07-30 10:17:09.755558	KhRG
be082045417881d6fc31a3c25910e2f5		2026-07-30 10:18:06.672341	KhRG
be082045417881d6fc31a3c25910e2f5		2026-07-30 10:18:43.594647	KhRG
b590eb0594d609c63f555247ebfe021e		2026-07-30 10:24:46.830704	KhRG
be082045417881d6fc31a3c25910e2f5		2026-07-30 10:27:17.985627	KhRG
be082045417881d6fc31a3c25910e2f5		2026-07-30 10:29:16.253219	KhRG
b590eb0594d609c63f555247ebfe021e		2026-07-30 10:29:50.035731	KhRG
b590eb0594d609c63f555247ebfe021e		2026-07-30 10:37:35.865819	KhRG
b590eb0594d609c63f555247ebfe021e		2026-07-30 10:46:31.880017	KhRG
be082045417881d6fc31a3c25910e2f5		2026-07-30 10:54:06.061866	KhRG
f2dcd798663db9874e88f189383eb1ee		2026-07-30 10:56:41.397333	KhRG
f2dcd798663db9874e88f189383eb1ee		2026-07-30 11:03:47.869822	KhRG
f2dcd798663db9874e88f189383eb1ee		2026-07-30 11:05:51.068896	KhRG
f2dcd798663db9874e88f189383eb1ee		2026-07-30 11:08:13.834217	KhRG
f2dcd798663db9874e88f189383eb1ee		2026-07-30 11:08:43.595435	KhRG
f2dcd798663db9874e88f189383eb1ee		2026-07-30 11:08:58.933061	KhRG
a9bd853bdaa32dfb002006bfadbd586f		2026-07-30 11:29:58.238862	KhRG
86438625037ce76d1ad3958131f4d170		2026-07-30 11:33:22.598713	KhRG
86438625037ce76d1ad3958131f4d170		2026-07-30 11:33:45.305416	KhRG
86438625037ce76d1ad3958131f4d170		2026-07-30 11:35:28.574071	KhRG
a9bd853bdaa32dfb002006bfadbd586f		2026-07-30 11:39:28.498706	KhRG
86438625037ce76d1ad3958131f4d170		2026-07-30 11:39:50.420079	KhRG
b590eb0594d609c63f555247ebfe021e		2026-07-30 11:49:36.025052	KhRG
b590eb0594d609c63f555247ebfe021e		2026-07-30 11:51:07.774088	KhRG
b590eb0594d609c63f555247ebfe021e		2026-07-30 12:04:35.508046	KhRG
b590eb0594d609c63f555247ebfe021e		2026-07-30 12:10:53.855163	KhRG
b590eb0594d609c63f555247ebfe021e		2026-07-30 12:20:50.276410	KhRG
86438625037ce76d1ad3958131f4d170		2026-07-30 12:45:47.165229	KhRG
86438625037ce76d1ad3958131f4d170		2026-07-30 12:52:44.932902	KhRG
86438625037ce76d1ad3958131f4d170		2026-07-30 12:54:28.148862	KhRG
86438625037ce76d1ad3958131f4d170		2026-07-30 12:54:48.838249	KhRG
86438625037ce76d1ad3958131f4d170		2026-07-30 12:55:08.564014	KhRG
86438625037ce76d1ad3958131f4d170		2026-07-30 12:57:02.831508	KhRG
86438625037ce76d1ad3958131f4d170		2026-07-30 12:57:30.051342	KhRG
fa5cabc198d97611c47ef3fdeb3615bf		2026-07-30 13:17:19.704008	KhRG
fa5cabc198d97611c47ef3fdeb3615bf		2026-07-30 13:43:48.518911	KhRG
fa5cabc198d97611c47ef3fdeb3615bf		2026-07-30 13:44:08.103865	KhRG
034f93de63590d7b1d7f6016a135d978		2026-07-30 14:53:55.493447	KhRG
8a837e878a0beacd80b1d549be2aa1e4		2026-07-30 15:05:28.358165	KhRG
a9bd853bdaa32dfb002006bfadbd586f		2026-07-30 15:06:09.868986	KhRG
a9bd853bdaa32dfb002006bfadbd586f		2026-07-30 15:06:52.008426	KhRG
fa5cabc198d97611c47ef3fdeb3615bf		2026-07-30 15:08:35.278264	KhRG
034f93de63590d7b1d7f6016a135d978		2026-07-30 15:21:41.142559	KhRG
762588545a2a94623576b40b00a8e2da		2026-07-30 17:06:23.346447	KhRG
762588545a2a94623576b40b00a8e2da		2026-07-30 17:09:19.519326	KhRG
762588545a2a94623576b40b00a8e2da		2026-07-30 17:09:22.889730	KhRG
762588545a2a94623576b40b00a8e2da		2026-07-30 17:10:51.096896	KhRG
762588545a2a94623576b40b00a8e2da		2026-07-30 17:16:26.095787	KhRG
762588545a2a94623576b40b00a8e2da		2026-07-30 17:24:21.845362	KhRG
762588545a2a94623576b40b00a8e2da		2026-07-30 17:25:26.561201	KhRG
762588545a2a94623576b40b00a8e2da		2026-07-30 17:26:37.965411	KhRG
762588545a2a94623576b40b00a8e2da		2026-07-30 17:43:25.701239	KhRG
762588545a2a94623576b40b00a8e2da		2026-07-30 17:45:42.715717	KhRG
762588545a2a94623576b40b00a8e2da		2026-07-30 17:48:12.454904	KhRG
762588545a2a94623576b40b00a8e2da		2026-07-30 18:01:44.000781	KhRG
b52d3cba49862118b198cc163c0d682b		2026-07-30 18:41:56.812779	KhRG
b52d3cba49862118b198cc163c0d682b		2026-07-30 18:42:13.443844	KhRG
fa5cabc198d97611c47ef3fdeb3615bf		2026-07-30 19:03:20.404256	KhRG
fa5cabc198d97611c47ef3fdeb3615bf		2026-07-30 19:10:26.608900	KhRG
fa5cabc198d97611c47ef3fdeb3615bf		2026-07-30 19:26:32.708835	KhRG
c9895b3fe09e9a502fac63167692de70		2026-07-30 20:08:21.679191	KhRG
6a1ae1f300b1536b618f489a54f14f3e		2026-07-30 20:54:05.171990	KhRG
6a1ae1f300b1536b618f489a54f14f3e		2026-07-30 20:58:38.630790	KhRG
6a1ae1f300b1536b618f489a54f14f3e		2026-07-30 21:05:16.648613	KhRG
