e71bbe7879065d83a798d51c59692a8e		course-v1:SkillFactory+QAP-GIFT+2021:lms.skillfactory.ru-9439a16caa46479f92b18a45510e8f73:e71bbe7879065d83a798d51c59692a8e		False	run	2026-08-09 16:48:04.511078
08483d52ab4c3eab9b1dcee27a793d38		course-v1:SkillFactory+DAPR-2.0+MAR2021:lms.skillfactory.ru-cc2ddf624e304b3db111101e44abe83e:08483d52ab4c3eab9b1dcee27a793d38		False	run	2026-08-09 18:09:50.037411
6e1dce534392858b6f7f917e7c159ab4		course-v1:skillfactory+MIFIML-1sem+2025:lms.skillfactory.ru-b4a64b37268b46aca9cb90d049b91829:6e1dce534392858b6f7f917e7c159ab4		False	run	2026-08-10 07:17:01.460893
6e1dce534392858b6f7f917e7c159ab4		course-v1:skillfactory+MIFIML-1sem+2025:lms.skillfactory.ru-b4a64b37268b46aca9cb90d049b91829:6e1dce534392858b6f7f917e7c159ab4		False	run	2026-08-10 07:17:48.443701
6e1dce534392858b6f7f917e7c159ab4		course-v1:skillfactory+MIFIML-1sem+2025:lms.skillfactory.ru-b4a64b37268b46aca9cb90d049b91829:6e1dce534392858b6f7f917e7c159ab4		False	run	2026-08-10 07:17:54.907549
6e1dce534392858b6f7f917e7c159ab4		course-v1:skillfactory+MIFIML-1sem+2025:lms.skillfactory.ru-b4a64b37268b46aca9cb90d049b91829:6e1dce534392858b6f7f917e7c159ab4		False	run	2026-08-10 07:22:08.905845
6e1dce534392858b6f7f917e7c159ab4		course-v1:skillfactory+MIFIML-1sem+2025:lms.skillfactory.ru-b4a64b37268b46aca9cb90d049b91829:6e1dce534392858b6f7f917e7c159ab4		False	run	2026-08-10 07:22:38.106391
6e1dce534392858b6f7f917e7c159ab4		course-v1:skillfactory+MIFIML-1sem+2025:lms.skillfactory.ru-b4a64b37268b46aca9cb90d049b91829:6e1dce534392858b6f7f917e7c159ab4		False	run	2026-08-10 07:23:40.978582
6e1dce534392858b6f7f917e7c159ab4		course-v1:skillfactory+MIFIML-1sem+2025:lms.skillfactory.ru-b4a64b37268b46aca9cb90d049b91829:6e1dce534392858b6f7f917e7c159ab4		False	run	2026-08-10 07:28:29.623648
6e1dce534392858b6f7f917e7c159ab4		course-v1:skillfactory+MIFIML-1sem+2025:lms.skillfactory.ru-b4a64b37268b46aca9cb90d049b91829:6e1dce534392858b6f7f917e7c159ab4		False	run	2026-08-10 07:29:26.640962
6e1dce534392858b6f7f917e7c159ab4		course-v1:skillfactory+MIFIML-1sem+2025:lms.skillfactory.ru-b4a64b37268b46aca9cb90d049b91829:6e1dce534392858b6f7f917e7c159ab4		False	run	2026-08-10 07:31:32.799353
6e1dce534392858b6f7f917e7c159ab4		course-v1:skillfactory+MIFIML-1sem+2025:lms.skillfactory.ru-b4a64b37268b46aca9cb90d049b91829:6e1dce534392858b6f7f917e7c159ab4		False	run	2026-08-10 07:35:04.334554
6e1dce534392858b6f7f917e7c159ab4		course-v1:skillfactory+MIFIML-1sem+2025:lms.skillfactory.ru-b4a64b37268b46aca9cb90d049b91829:6e1dce534392858b6f7f917e7c159ab4		False	run	2026-08-10 07:35:30.649511
492862993edaf4088e6127bcc4be711d		course-v1:SkillFactory+SQL2.0+31AUG2020:lms.skillfactory.ru-99be91560f9843b4b8c71da14080d9bf:492862993edaf4088e6127bcc4be711d	https://lms.skillfactory.ru/courses/course-v1:SkillFactory+SQL2.0+31AUG2020/xblock/block-v1:SkillFactory+SQL2.0+31AUG2020+type@lti+block@99be91560f9843b4b8c71da14080d9bf/handler_noauth/grade_handler	False	run	2026-08-10 10:26:22.217683
b137f3864e4986f57708ce134e573dae		course-v1:SkillFactory+SDA-3.0+FEB2021:lms.skillfactory.ru-1ef80ff293764a919307b0691a3e6030:b137f3864e4986f57708ce134e573dae		False	run	2026-08-10 10:28:26.368223
93f7ae1456fee4ad8a3a007a6abec47b		course-v1:SkillFactory+DAPR-2.0+MAR2021:lms.skillfactory.ru-ec30ace46c784d0da5b9a8211761c9a9:93f7ae1456fee4ad8a3a007a6abec47b	https://lms.skillfactory.ru/courses/course-v1:SkillFactory+DAPR-2.0+MAR2021/xblock/block-v1:SkillFactory+DAPR-2.0+MAR2021+type@lti+block@ec30ace46c784d0da5b9a8211761c9a9/handler_noauth/grade_handler	False	run	2026-08-10 10:56:47.768373
93f7ae1456fee4ad8a3a007a6abec47b		course-v1:SkillFactory+DAPR-2.0+MAR2021:lms.skillfactory.ru-ec30ace46c784d0da5b9a8211761c9a9:93f7ae1456fee4ad8a3a007a6abec47b	https://lms.skillfactory.ru/courses/course-v1:SkillFactory+DAPR-2.0+MAR2021/xblock/block-v1:SkillFactory+DAPR-2.0+MAR2021+type@lti+block@ec30ace46c784d0da5b9a8211761c9a9/handler_noauth/grade_handler	False	run	2026-08-10 10:57:16.950665
93f7ae1456fee4ad8a3a007a6abec47b		course-v1:SkillFactory+DAPR-2.0+MAR2021:lms.skillfactory.ru-ec30ace46c784d0da5b9a8211761c9a9:93f7ae1456fee4ad8a3a007a6abec47b	https://lms.skillfactory.ru/courses/course-v1:SkillFactory+DAPR-2.0+MAR2021/xblock/block-v1:SkillFactory+DAPR-2.0+MAR2021+type@lti+block@ec30ace46c784d0da5b9a8211761c9a9/handler_noauth/grade_handler	False	run	2026-08-10 10:58:26.071283
492862993edaf4088e6127bcc4be711d		course-v1:SkillFactory+SQL2.0+31AUG2020:lms.skillfactory.ru-cac805ceefc545389c746b7e865b231a:492862993edaf4088e6127bcc4be711d	https://lms.skillfactory.ru/courses/course-v1:SkillFactory+SQL2.0+31AUG2020/xblock/block-v1:SkillFactory+SQL2.0+31AUG2020+type@lti+block@cac805ceefc545389c746b7e865b231a/handler_noauth/grade_handler	False	run	2026-08-10 11:36:24.716159
7a950300a5cec478a19d550ec12acfc0		course-v1:skillfactory+MIFIML-1sem+2026:lms.skillfactory.ru-54d75c6aca674b60a98b6f62ac7b62dc:7a950300a5cec478a19d550ec12acfc0	https://lms.skillfactory.ru/courses/course-v1:skillfactory+MIFIML-1sem+2026/xblock/block-v1:skillfactory+MIFIML-1sem+2026+type@lti+block@54d75c6aca674b60a98b6f62ac7b62dc/handler_noauth/grade_handler	False	run	2026-08-10 12:51:41.941338
c140a78e0fe80e8e27e8870474c5e68c		course-v1:Skillfactory+MFTIBIO-1sem+2024:lms.skillfactory.ru-354c1e7b066748d7802d01a1d3c7c057:c140a78e0fe80e8e27e8870474c5e68c	https://lms.skillfactory.ru/courses/course-v1:Skillfactory+MFTIBIO-1sem+2024/xblock/block-v1:Skillfactory+MFTIBIO-1sem+2024+type@lti+block@354c1e7b066748d7802d01a1d3c7c057/handler_noauth/grade_handler	False	run	2026-08-10 13:04:26.761630
c140a78e0fe80e8e27e8870474c5e68c		course-v1:Skillfactory+MFTIBIO-1sem+2024:lms.skillfactory.ru-354c1e7b066748d7802d01a1d3c7c057:c140a78e0fe80e8e27e8870474c5e68c	https://lms.skillfactory.ru/courses/course-v1:Skillfactory+MFTIBIO-1sem+2024/xblock/block-v1:Skillfactory+MFTIBIO-1sem+2024+type@lti+block@354c1e7b066748d7802d01a1d3c7c057/handler_noauth/grade_handler	False	run	2026-08-10 13:08:32.182932
c140a78e0fe80e8e27e8870474c5e68c		course-v1:Skillfactory+MFTIBIO-1sem+2024:lms.skillfactory.ru-354c1e7b066748d7802d01a1d3c7c057:c140a78e0fe80e8e27e8870474c5e68c	https://lms.skillfactory.ru/courses/course-v1:Skillfactory+MFTIBIO-1sem+2024/xblock/block-v1:Skillfactory+MFTIBIO-1sem+2024+type@lti+block@354c1e7b066748d7802d01a1d3c7c057/handler_noauth/grade_handler	False	run	2026-08-10 13:09:06.465607
c140a78e0fe80e8e27e8870474c5e68c		course-v1:Skillfactory+MFTIBIO-1sem+2024:lms.skillfactory.ru-354c1e7b066748d7802d01a1d3c7c057:c140a78e0fe80e8e27e8870474c5e68c	https://lms.skillfactory.ru/courses/course-v1:Skillfactory+MFTIBIO-1sem+2024/xblock/block-v1:Skillfactory+MFTIBIO-1sem+2024+type@lti+block@354c1e7b066748d7802d01a1d3c7c057/handler_noauth/grade_handler	False	run	2026-08-10 13:11:06.021138
c140a78e0fe80e8e27e8870474c5e68c		course-v1:Skillfactory+MFTIBIO-1sem+2024:lms.skillfactory.ru-354c1e7b066748d7802d01a1d3c7c057:c140a78e0fe80e8e27e8870474c5e68c	https://lms.skillfactory.ru/courses/course-v1:Skillfactory+MFTIBIO-1sem+2024/xblock/block-v1:Skillfactory+MFTIBIO-1sem+2024+type@lti+block@354c1e7b066748d7802d01a1d3c7c057/handler_noauth/grade_handler	False	run	2026-08-10 13:11:41.241993
93f7ae1456fee4ad8a3a007a6abec47b		course-v1:SkillFactory+DAPR-2.0+MAR2021:lms.skillfactory.ru-ec30ace46c784d0da5b9a8211761c9a9:93f7ae1456fee4ad8a3a007a6abec47b	https://lms.skillfactory.ru/courses/course-v1:SkillFactory+DAPR-2.0+MAR2021/xblock/block-v1:SkillFactory+DAPR-2.0+MAR2021+type@lti+block@ec30ace46c784d0da5b9a8211761c9a9/handler_noauth/grade_handler	False	run	2026-08-10 13:35:47.190675
93f7ae1456fee4ad8a3a007a6abec47b		course-v1:SkillFactory+DAPR-2.0+MAR2021:lms.skillfactory.ru-ec30ace46c784d0da5b9a8211761c9a9:93f7ae1456fee4ad8a3a007a6abec47b	https://lms.skillfactory.ru/courses/course-v1:SkillFactory+DAPR-2.0+MAR2021/xblock/block-v1:SkillFactory+DAPR-2.0+MAR2021+type@lti+block@ec30ace46c784d0da5b9a8211761c9a9/handler_noauth/grade_handler	False	run	2026-08-10 13:37:10.091814
c140a78e0fe80e8e27e8870474c5e68c		course-v1:Skillfactory+MFTIBIO-1sem+2024:lms.skillfactory.ru-829fe2aff5ae4f5cb6de0a470cc008bd:c140a78e0fe80e8e27e8870474c5e68c	https://lms.skillfactory.ru/courses/course-v1:Skillfactory+MFTIBIO-1sem+2024/xblock/block-v1:Skillfactory+MFTIBIO-1sem+2024+type@lti+block@829fe2aff5ae4f5cb6de0a470cc008bd/handler_noauth/grade_handler	False	run	2026-08-10 13:44:27.753939
c140a78e0fe80e8e27e8870474c5e68c		course-v1:Skillfactory+MFTIBIO-1sem+2024:lms.skillfactory.ru-829fe2aff5ae4f5cb6de0a470cc008bd:c140a78e0fe80e8e27e8870474c5e68c	https://lms.skillfactory.ru/courses/course-v1:Skillfactory+MFTIBIO-1sem+2024/xblock/block-v1:Skillfactory+MFTIBIO-1sem+2024+type@lti+block@829fe2aff5ae4f5cb6de0a470cc008bd/handler_noauth/grade_handler	False	run	2026-08-10 13:44:45.512115
c140a78e0fe80e8e27e8870474c5e68c		course-v1:Skillfactory+MFTIBIO-1sem+2024:lms.skillfactory.ru-829fe2aff5ae4f5cb6de0a470cc008bd:c140a78e0fe80e8e27e8870474c5e68c	https://lms.skillfactory.ru/courses/course-v1:Skillfactory+MFTIBIO-1sem+2024/xblock/block-v1:Skillfactory+MFTIBIO-1sem+2024+type@lti+block@829fe2aff5ae4f5cb6de0a470cc008bd/handler_noauth/grade_handler	False	run	2026-08-10 13:44:57.907098
c140a78e0fe80e8e27e8870474c5e68c		course-v1:Skillfactory+MFTIBIO-1sem+2024:lms.skillfactory.ru-829fe2aff5ae4f5cb6de0a470cc008bd:c140a78e0fe80e8e27e8870474c5e68c	https://lms.skillfactory.ru/courses/course-v1:Skillfactory+MFTIBIO-1sem+2024/xblock/block-v1:Skillfactory+MFTIBIO-1sem+2024+type@lti+block@829fe2aff5ae4f5cb6de0a470cc008bd/handler_noauth/grade_handler	False	run	2026-08-10 13:45:14.935732
c140a78e0fe80e8e27e8870474c5e68c		course-v1:Skillfactory+MFTIBIO-1sem+2024:lms.skillfactory.ru-e0926897abc646eda8e22a4f0325ab60:c140a78e0fe80e8e27e8870474c5e68c	https://lms.skillfactory.ru/courses/course-v1:Skillfactory+MFTIBIO-1sem+2024/xblock/block-v1:Skillfactory+MFTIBIO-1sem+2024+type@lti+block@e0926897abc646eda8e22a4f0325ab60/handler_noauth/grade_handler	False	run	2026-08-10 14:05:25.597065
c140a78e0fe80e8e27e8870474c5e68c		course-v1:Skillfactory+MFTIBIO-1sem+2024:lms.skillfactory.ru-e0926897abc646eda8e22a4f0325ab60:c140a78e0fe80e8e27e8870474c5e68c	https://lms.skillfactory.ru/courses/course-v1:Skillfactory+MFTIBIO-1sem+2024/xblock/block-v1:Skillfactory+MFTIBIO-1sem+2024+type@lti+block@e0926897abc646eda8e22a4f0325ab60/handler_noauth/grade_handler	False	run	2026-08-10 14:05:49.323903
c140a78e0fe80e8e27e8870474c5e68c		course-v1:Skillfactory+MFTIBIO-1sem+2024:lms.skillfactory.ru-e0926897abc646eda8e22a4f0325ab60:c140a78e0fe80e8e27e8870474c5e68c	https://lms.skillfactory.ru/courses/course-v1:Skillfactory+MFTIBIO-1sem+2024/xblock/block-v1:Skillfactory+MFTIBIO-1sem+2024+type@lti+block@e0926897abc646eda8e22a4f0325ab60/handler_noauth/grade_handler	False	run	2026-08-10 14:06:02.052440
c140a78e0fe80e8e27e8870474c5e68c		course-v1:Skillfactory+MFTIBIO-1sem+2024:lms.skillfactory.ru-e0926897abc646eda8e22a4f0325ab60:c140a78e0fe80e8e27e8870474c5e68c	https://lms.skillfactory.ru/courses/course-v1:Skillfactory+MFTIBIO-1sem+2024/xblock/block-v1:Skillfactory+MFTIBIO-1sem+2024+type@lti+block@e0926897abc646eda8e22a4f0325ab60/handler_noauth/grade_handler	False	run	2026-08-10 14:06:14.791811
c140a78e0fe80e8e27e8870474c5e68c		course-v1:Skillfactory+MFTIBIO-1sem+2024:lms.skillfactory.ru-85d17ac71c4c4cdf8a88e14fc90cf2e0:c140a78e0fe80e8e27e8870474c5e68c	https://lms.skillfactory.ru/courses/course-v1:Skillfactory+MFTIBIO-1sem+2024/xblock/block-v1:Skillfactory+MFTIBIO-1sem+2024+type@lti+block@85d17ac71c4c4cdf8a88e14fc90cf2e0/handler_noauth/grade_handler	False	run	2026-08-10 14:09:16.062127
c140a78e0fe80e8e27e8870474c5e68c		course-v1:Skillfactory+MFTIBIO-1sem+2024:lms.skillfactory.ru-85d17ac71c4c4cdf8a88e14fc90cf2e0:c140a78e0fe80e8e27e8870474c5e68c	https://lms.skillfactory.ru/courses/course-v1:Skillfactory+MFTIBIO-1sem+2024/xblock/block-v1:Skillfactory+MFTIBIO-1sem+2024+type@lti+block@85d17ac71c4c4cdf8a88e14fc90cf2e0/handler_noauth/grade_handler	False	run	2026-08-10 14:09:56.565039
c140a78e0fe80e8e27e8870474c5e68c		course-v1:Skillfactory+MFTIBIO-1sem+2024:lms.skillfactory.ru-85d17ac71c4c4cdf8a88e14fc90cf2e0:c140a78e0fe80e8e27e8870474c5e68c	https://lms.skillfactory.ru/courses/course-v1:Skillfactory+MFTIBIO-1sem+2024/xblock/block-v1:Skillfactory+MFTIBIO-1sem+2024+type@lti+block@85d17ac71c4c4cdf8a88e14fc90cf2e0/handler_noauth/grade_handler	False	run	2026-08-10 14:17:04.219300
c140a78e0fe80e8e27e8870474c5e68c		course-v1:Skillfactory+MFTIBIO-1sem+2024:lms.skillfactory.ru-85d17ac71c4c4cdf8a88e14fc90cf2e0:c140a78e0fe80e8e27e8870474c5e68c	https://lms.skillfactory.ru/courses/course-v1:Skillfactory+MFTIBIO-1sem+2024/xblock/block-v1:Skillfactory+MFTIBIO-1sem+2024+type@lti+block@85d17ac71c4c4cdf8a88e14fc90cf2e0/handler_noauth/grade_handler	False	run	2026-08-10 14:17:44.458870
c140a78e0fe80e8e27e8870474c5e68c		course-v1:Skillfactory+MFTIBIO-1sem+2024:lms.skillfactory.ru-85d17ac71c4c4cdf8a88e14fc90cf2e0:c140a78e0fe80e8e27e8870474c5e68c	https://lms.skillfactory.ru/courses/course-v1:Skillfactory+MFTIBIO-1sem+2024/xblock/block-v1:Skillfactory+MFTIBIO-1sem+2024+type@lti+block@85d17ac71c4c4cdf8a88e14fc90cf2e0/handler_noauth/grade_handler	False	run	2026-08-10 14:19:35.228444
c140a78e0fe80e8e27e8870474c5e68c		course-v1:Skillfactory+MFTIBIO-1sem+2024:lms.skillfactory.ru-111557f59cdc4c8eb5d94d16aa9ccc25:c140a78e0fe80e8e27e8870474c5e68c	https://lms.skillfactory.ru/courses/course-v1:Skillfactory+MFTIBIO-1sem+2024/xblock/block-v1:Skillfactory+MFTIBIO-1sem+2024+type@lti+block@111557f59cdc4c8eb5d94d16aa9ccc25/handler_noauth/grade_handler	False	run	2026-08-10 14:34:37.059961
c140a78e0fe80e8e27e8870474c5e68c		course-v1:Skillfactory+MFTIBIO-1sem+2024:lms.skillfactory.ru-111557f59cdc4c8eb5d94d16aa9ccc25:c140a78e0fe80e8e27e8870474c5e68c	https://lms.skillfactory.ru/courses/course-v1:Skillfactory+MFTIBIO-1sem+2024/xblock/block-v1:Skillfactory+MFTIBIO-1sem+2024+type@lti+block@111557f59cdc4c8eb5d94d16aa9ccc25/handler_noauth/grade_handler	False	run	2026-08-10 14:34:53.150357
c140a78e0fe80e8e27e8870474c5e68c		course-v1:Skillfactory+MFTIBIO-1sem+2024:lms.skillfactory.ru-111557f59cdc4c8eb5d94d16aa9ccc25:c140a78e0fe80e8e27e8870474c5e68c	https://lms.skillfactory.ru/courses/course-v1:Skillfactory+MFTIBIO-1sem+2024/xblock/block-v1:Skillfactory+MFTIBIO-1sem+2024+type@lti+block@111557f59cdc4c8eb5d94d16aa9ccc25/handler_noauth/grade_handler	False	run	2026-08-10 14:35:20.963395
c140a78e0fe80e8e27e8870474c5e68c		course-v1:Skillfactory+MFTIBIO-1sem+2024:lms.skillfactory.ru-111557f59cdc4c8eb5d94d16aa9ccc25:c140a78e0fe80e8e27e8870474c5e68c	https://lms.skillfactory.ru/courses/course-v1:Skillfactory+MFTIBIO-1sem+2024/xblock/block-v1:Skillfactory+MFTIBIO-1sem+2024+type@lti+block@111557f59cdc4c8eb5d94d16aa9ccc25/handler_noauth/grade_handler	False	run	2026-08-10 14:36:56.040789
c140a78e0fe80e8e27e8870474c5e68c		course-v1:Skillfactory+MFTIBIO-1sem+2024:lms.skillfactory.ru-111557f59cdc4c8eb5d94d16aa9ccc25:c140a78e0fe80e8e27e8870474c5e68c	https://lms.skillfactory.ru/courses/course-v1:Skillfactory+MFTIBIO-1sem+2024/xblock/block-v1:Skillfactory+MFTIBIO-1sem+2024+type@lti+block@111557f59cdc4c8eb5d94d16aa9ccc25/handler_noauth/grade_handler	False	run	2026-08-10 14:38:03.491476
c140a78e0fe80e8e27e8870474c5e68c		course-v1:Skillfactory+MFTIBIO-1sem+2024:lms.skillfactory.ru-111557f59cdc4c8eb5d94d16aa9ccc25:c140a78e0fe80e8e27e8870474c5e68c	https://lms.skillfactory.ru/courses/course-v1:Skillfactory+MFTIBIO-1sem+2024/xblock/block-v1:Skillfactory+MFTIBIO-1sem+2024+type@lti+block@111557f59cdc4c8eb5d94d16aa9ccc25/handler_noauth/grade_handler	False	run	2026-08-10 14:38:59.613688
5d250312e7c12bf3ba65b3c0319c0608		course-v1:SkillFactory+SDA-3.0+FEB2021:lms.skillfactory.ru-34fe143d44f447ff8084732fccda8fa8:5d250312e7c12bf3ba65b3c0319c0608		False	run	2026-08-11 06:31:47.177197
93f7ae1456fee4ad8a3a007a6abec47b		course-v1:SkillFactory+DAPR-2.0+MAR2021:lms.skillfactory.ru-78bec5945be2480090ac3ba403a22834:93f7ae1456fee4ad8a3a007a6abec47b	https://lms.skillfactory.ru/courses/course-v1:SkillFactory+DAPR-2.0+MAR2021/xblock/block-v1:SkillFactory+DAPR-2.0+MAR2021+type@lti+block@78bec5945be2480090ac3ba403a22834/handler_noauth/grade_handler	False	run	2026-08-10 14:54:10.043288
93f7ae1456fee4ad8a3a007a6abec47b		course-v1:SkillFactory+DAPR-2.0+MAR2021:lms.skillfactory.ru-78bec5945be2480090ac3ba403a22834:93f7ae1456fee4ad8a3a007a6abec47b	https://lms.skillfactory.ru/courses/course-v1:SkillFactory+DAPR-2.0+MAR2021/xblock/block-v1:SkillFactory+DAPR-2.0+MAR2021+type@lti+block@78bec5945be2480090ac3ba403a22834/handler_noauth/grade_handler	False	run	2026-08-10 14:59:54.770355
c140a78e0fe80e8e27e8870474c5e68c		course-v1:Skillfactory+MFTIBIO-1sem+2024:lms.skillfactory.ru-111557f59cdc4c8eb5d94d16aa9ccc25:c140a78e0fe80e8e27e8870474c5e68c	https://lms.skillfactory.ru/courses/course-v1:Skillfactory+MFTIBIO-1sem+2024/xblock/block-v1:Skillfactory+MFTIBIO-1sem+2024+type@lti+block@111557f59cdc4c8eb5d94d16aa9ccc25/handler_noauth/grade_handler	False	run	2026-08-10 15:09:14.659789
c140a78e0fe80e8e27e8870474c5e68c		course-v1:Skillfactory+MFTIBIO-1sem+2024:lms.skillfactory.ru-111557f59cdc4c8eb5d94d16aa9ccc25:c140a78e0fe80e8e27e8870474c5e68c	https://lms.skillfactory.ru/courses/course-v1:Skillfactory+MFTIBIO-1sem+2024/xblock/block-v1:Skillfactory+MFTIBIO-1sem+2024+type@lti+block@111557f59cdc4c8eb5d94d16aa9ccc25/handler_noauth/grade_handler	False	run	2026-08-10 15:09:31.216240
c140a78e0fe80e8e27e8870474c5e68c		course-v1:Skillfactory+MFTIBIO-1sem+2024:lms.skillfactory.ru-111557f59cdc4c8eb5d94d16aa9ccc25:c140a78e0fe80e8e27e8870474c5e68c	https://lms.skillfactory.ru/courses/course-v1:Skillfactory+MFTIBIO-1sem+2024/xblock/block-v1:Skillfactory+MFTIBIO-1sem+2024+type@lti+block@111557f59cdc4c8eb5d94d16aa9ccc25/handler_noauth/grade_handler	False	run	2026-08-10 15:09:41.633851
c140a78e0fe80e8e27e8870474c5e68c		course-v1:Skillfactory+MFTIBIO-1sem+2024:lms.skillfactory.ru-111557f59cdc4c8eb5d94d16aa9ccc25:c140a78e0fe80e8e27e8870474c5e68c	https://lms.skillfactory.ru/courses/course-v1:Skillfactory+MFTIBIO-1sem+2024/xblock/block-v1:Skillfactory+MFTIBIO-1sem+2024+type@lti+block@111557f59cdc4c8eb5d94d16aa9ccc25/handler_noauth/grade_handler	False	run	2026-08-10 15:09:47.826904
99a607f040762d5b8ff8c7f2712b7a45		course-v1:SkillFactory+SDA-3.0+FEB2021:lms.skillfactory.ru-1370bda76ed0456b9b1b245e00f7952f:99a607f040762d5b8ff8c7f2712b7a45	https://lms.skillfactory.ru/courses/course-v1:SkillFactory+SDA-3.0+FEB2021/xblock/block-v1:SkillFactory+SDA-3.0+FEB2021+type@lti+block@1370bda76ed0456b9b1b245e00f7952f/handler_noauth/grade_handler	False	run	2026-08-10 15:20:49.612783
c140a78e0fe80e8e27e8870474c5e68c		course-v1:Skillfactory+MFTIBIO-1sem+2024:lms.skillfactory.ru-111557f59cdc4c8eb5d94d16aa9ccc25:c140a78e0fe80e8e27e8870474c5e68c	https://lms.skillfactory.ru/courses/course-v1:Skillfactory+MFTIBIO-1sem+2024/xblock/block-v1:Skillfactory+MFTIBIO-1sem+2024+type@lti+block@111557f59cdc4c8eb5d94d16aa9ccc25/handler_noauth/grade_handler	False	run	2026-08-10 15:21:35.240170
99a607f040762d5b8ff8c7f2712b7a45		course-v1:SkillFactory+SDA-3.0+FEB2021:lms.skillfactory.ru-1370bda76ed0456b9b1b245e00f7952f:99a607f040762d5b8ff8c7f2712b7a45	https://lms.skillfactory.ru/courses/course-v1:SkillFactory+SDA-3.0+FEB2021/xblock/block-v1:SkillFactory+SDA-3.0+FEB2021+type@lti+block@1370bda76ed0456b9b1b245e00f7952f/handler_noauth/grade_handler	False	run	2026-08-10 15:21:41.480917
99a607f040762d5b8ff8c7f2712b7a45		course-v1:SkillFactory+SDA-3.0+FEB2021:lms.skillfactory.ru-1370bda76ed0456b9b1b245e00f7952f:99a607f040762d5b8ff8c7f2712b7a45	https://lms.skillfactory.ru/courses/course-v1:SkillFactory+SDA-3.0+FEB2021/xblock/block-v1:SkillFactory+SDA-3.0+FEB2021+type@lti+block@1370bda76ed0456b9b1b245e00f7952f/handler_noauth/grade_handler	False	run	2026-08-10 15:22:07.695295
c140a78e0fe80e8e27e8870474c5e68c		course-v1:Skillfactory+MFTIBIO-1sem+2024:lms.skillfactory.ru-111557f59cdc4c8eb5d94d16aa9ccc25:c140a78e0fe80e8e27e8870474c5e68c	https://lms.skillfactory.ru/courses/course-v1:Skillfactory+MFTIBIO-1sem+2024/xblock/block-v1:Skillfactory+MFTIBIO-1sem+2024+type@lti+block@111557f59cdc4c8eb5d94d16aa9ccc25/handler_noauth/grade_handler	False	run	2026-08-10 15:22:43.569314
c140a78e0fe80e8e27e8870474c5e68c		course-v1:Skillfactory+MFTIBIO-1sem+2024:lms.skillfactory.ru-111557f59cdc4c8eb5d94d16aa9ccc25:c140a78e0fe80e8e27e8870474c5e68c	https://lms.skillfactory.ru/courses/course-v1:Skillfactory+MFTIBIO-1sem+2024/xblock/block-v1:Skillfactory+MFTIBIO-1sem+2024+type@lti+block@111557f59cdc4c8eb5d94d16aa9ccc25/handler_noauth/grade_handler	False	run	2026-08-10 15:24:58.257201
c140a78e0fe80e8e27e8870474c5e68c		course-v1:Skillfactory+MFTIBIO-1sem+2024:lms.skillfactory.ru-111557f59cdc4c8eb5d94d16aa9ccc25:c140a78e0fe80e8e27e8870474c5e68c	https://lms.skillfactory.ru/courses/course-v1:Skillfactory+MFTIBIO-1sem+2024/xblock/block-v1:Skillfactory+MFTIBIO-1sem+2024+type@lti+block@111557f59cdc4c8eb5d94d16aa9ccc25/handler_noauth/grade_handler	False	run	2026-08-10 15:25:16.819776
c140a78e0fe80e8e27e8870474c5e68c		course-v1:Skillfactory+MFTIBIO-1sem+2024:lms.skillfactory.ru-111557f59cdc4c8eb5d94d16aa9ccc25:c140a78e0fe80e8e27e8870474c5e68c	https://lms.skillfactory.ru/courses/course-v1:Skillfactory+MFTIBIO-1sem+2024/xblock/block-v1:Skillfactory+MFTIBIO-1sem+2024+type@lti+block@111557f59cdc4c8eb5d94d16aa9ccc25/handler_noauth/grade_handler	False	run	2026-08-10 15:26:05.325829
c140a78e0fe80e8e27e8870474c5e68c		course-v1:Skillfactory+MFTIBIO-1sem+2024:lms.skillfactory.ru-111557f59cdc4c8eb5d94d16aa9ccc25:c140a78e0fe80e8e27e8870474c5e68c	https://lms.skillfactory.ru/courses/course-v1:Skillfactory+MFTIBIO-1sem+2024/xblock/block-v1:Skillfactory+MFTIBIO-1sem+2024+type@lti+block@111557f59cdc4c8eb5d94d16aa9ccc25/handler_noauth/grade_handler	False	run	2026-08-10 15:26:14.057640
c140a78e0fe80e8e27e8870474c5e68c		course-v1:Skillfactory+MFTIBIO-1sem+2024:lms.skillfactory.ru-111557f59cdc4c8eb5d94d16aa9ccc25:c140a78e0fe80e8e27e8870474c5e68c	https://lms.skillfactory.ru/courses/course-v1:Skillfactory+MFTIBIO-1sem+2024/xblock/block-v1:Skillfactory+MFTIBIO-1sem+2024+type@lti+block@111557f59cdc4c8eb5d94d16aa9ccc25/handler_noauth/grade_handler	False	run	2026-08-10 15:26:24.854349
c140a78e0fe80e8e27e8870474c5e68c		course-v1:Skillfactory+MFTIBIO-1sem+2024:lms.skillfactory.ru-111557f59cdc4c8eb5d94d16aa9ccc25:c140a78e0fe80e8e27e8870474c5e68c	https://lms.skillfactory.ru/courses/course-v1:Skillfactory+MFTIBIO-1sem+2024/xblock/block-v1:Skillfactory+MFTIBIO-1sem+2024+type@lti+block@111557f59cdc4c8eb5d94d16aa9ccc25/handler_noauth/grade_handler	False	run	2026-08-10 15:28:45.871538
c140a78e0fe80e8e27e8870474c5e68c		course-v1:Skillfactory+MFTIBIO-1sem+2024:lms.skillfactory.ru-111557f59cdc4c8eb5d94d16aa9ccc25:c140a78e0fe80e8e27e8870474c5e68c	https://lms.skillfactory.ru/courses/course-v1:Skillfactory+MFTIBIO-1sem+2024/xblock/block-v1:Skillfactory+MFTIBIO-1sem+2024+type@lti+block@111557f59cdc4c8eb5d94d16aa9ccc25/handler_noauth/grade_handler	False	run	2026-08-10 15:32:00.349891
c140a78e0fe80e8e27e8870474c5e68c		course-v1:Skillfactory+MFTIBIO-1sem+2024:lms.skillfactory.ru-111557f59cdc4c8eb5d94d16aa9ccc25:c140a78e0fe80e8e27e8870474c5e68c	https://lms.skillfactory.ru/courses/course-v1:Skillfactory+MFTIBIO-1sem+2024/xblock/block-v1:Skillfactory+MFTIBIO-1sem+2024+type@lti+block@111557f59cdc4c8eb5d94d16aa9ccc25/handler_noauth/grade_handler	False	run	2026-08-10 15:36:11.863681
5d250312e7c12bf3ba65b3c0319c0608		course-v1:SkillFactory+SDA-3.0+FEB2021:lms.skillfactory.ru-34fe143d44f447ff8084732fccda8fa8:5d250312e7c12bf3ba65b3c0319c0608		False	run	2026-08-11 06:32:00.383907
c140a78e0fe80e8e27e8870474c5e68c		course-v1:Skillfactory+MFTIBIO-1sem+2024:lms.skillfactory.ru-111557f59cdc4c8eb5d94d16aa9ccc25:c140a78e0fe80e8e27e8870474c5e68c	https://lms.skillfactory.ru/courses/course-v1:Skillfactory+MFTIBIO-1sem+2024/xblock/block-v1:Skillfactory+MFTIBIO-1sem+2024+type@lti+block@111557f59cdc4c8eb5d94d16aa9ccc25/handler_noauth/grade_handler	False	run	2026-08-10 15:36:58.934119
f63a8b7f5d58d5c27b857c1880f8eb39		course-v1:SkillFactory+SDA-3.0+FEB2021:lms.skillfactory.ru-4f91e409a455430db257b728b0825396:f63a8b7f5d58d5c27b857c1880f8eb39	https://lms.skillfactory.ru/courses/course-v1:SkillFactory+SDA-3.0+FEB2021/xblock/block-v1:SkillFactory+SDA-3.0+FEB2021+type@lti+block@4f91e409a455430db257b728b0825396/handler_noauth/grade_handler	False	run	2026-08-10 19:00:58.083992
f63a8b7f5d58d5c27b857c1880f8eb39		course-v1:SkillFactory+SDA-3.0+FEB2021:lms.skillfactory.ru-4f91e409a455430db257b728b0825396:f63a8b7f5d58d5c27b857c1880f8eb39	https://lms.skillfactory.ru/courses/course-v1:SkillFactory+SDA-3.0+FEB2021/xblock/block-v1:SkillFactory+SDA-3.0+FEB2021+type@lti+block@4f91e409a455430db257b728b0825396/handler_noauth/grade_handler	False	run	2026-08-10 19:01:41.583584
f63a8b7f5d58d5c27b857c1880f8eb39		course-v1:SkillFactory+SDA-3.0+FEB2021:lms.skillfactory.ru-4f91e409a455430db257b728b0825396:f63a8b7f5d58d5c27b857c1880f8eb39	https://lms.skillfactory.ru/courses/course-v1:SkillFactory+SDA-3.0+FEB2021/xblock/block-v1:SkillFactory+SDA-3.0+FEB2021+type@lti+block@4f91e409a455430db257b728b0825396/handler_noauth/grade_handler	False	run	2026-08-10 19:05:32.937412
f63a8b7f5d58d5c27b857c1880f8eb39		course-v1:SkillFactory+SDA-3.0+FEB2021:lms.skillfactory.ru-4f91e409a455430db257b728b0825396:f63a8b7f5d58d5c27b857c1880f8eb39	https://lms.skillfactory.ru/courses/course-v1:SkillFactory+SDA-3.0+FEB2021/xblock/block-v1:SkillFactory+SDA-3.0+FEB2021+type@lti+block@4f91e409a455430db257b728b0825396/handler_noauth/grade_handler	False	run	2026-08-10 19:06:39.344906
f63a8b7f5d58d5c27b857c1880f8eb39		course-v1:SkillFactory+SDA-3.0+FEB2021:lms.skillfactory.ru-4f91e409a455430db257b728b0825396:f63a8b7f5d58d5c27b857c1880f8eb39	https://lms.skillfactory.ru/courses/course-v1:SkillFactory+SDA-3.0+FEB2021/xblock/block-v1:SkillFactory+SDA-3.0+FEB2021+type@lti+block@4f91e409a455430db257b728b0825396/handler_noauth/grade_handler	False	run	2026-08-10 19:07:36.683739
f63a8b7f5d58d5c27b857c1880f8eb39		course-v1:SkillFactory+SDA-3.0+FEB2021:lms.skillfactory.ru-4f91e409a455430db257b728b0825396:f63a8b7f5d58d5c27b857c1880f8eb39	https://lms.skillfactory.ru/courses/course-v1:SkillFactory+SDA-3.0+FEB2021/xblock/block-v1:SkillFactory+SDA-3.0+FEB2021+type@lti+block@4f91e409a455430db257b728b0825396/handler_noauth/grade_handler	False	run	2026-08-10 19:08:45.060499
f63a8b7f5d58d5c27b857c1880f8eb39		course-v1:SkillFactory+SDA-3.0+FEB2021:lms.skillfactory.ru-4f91e409a455430db257b728b0825396:f63a8b7f5d58d5c27b857c1880f8eb39	https://lms.skillfactory.ru/courses/course-v1:SkillFactory+SDA-3.0+FEB2021/xblock/block-v1:SkillFactory+SDA-3.0+FEB2021+type@lti+block@4f91e409a455430db257b728b0825396/handler_noauth/grade_handler	False	run	2026-08-10 19:10:30.045442
f63a8b7f5d58d5c27b857c1880f8eb39		course-v1:SkillFactory+SDA-3.0+FEB2021:lms.skillfactory.ru-8191aa06298d4307a9fddbf3813e2661:f63a8b7f5d58d5c27b857c1880f8eb39	https://lms.skillfactory.ru/courses/course-v1:SkillFactory+SDA-3.0+FEB2021/xblock/block-v1:SkillFactory+SDA-3.0+FEB2021+type@lti+block@8191aa06298d4307a9fddbf3813e2661/handler_noauth/grade_handler	False	run	2026-08-10 19:50:12.367661
f63a8b7f5d58d5c27b857c1880f8eb39		course-v1:SkillFactory+SDA-3.0+FEB2021:lms.skillfactory.ru-8191aa06298d4307a9fddbf3813e2661:f63a8b7f5d58d5c27b857c1880f8eb39	https://lms.skillfactory.ru/courses/course-v1:SkillFactory+SDA-3.0+FEB2021/xblock/block-v1:SkillFactory+SDA-3.0+FEB2021+type@lti+block@8191aa06298d4307a9fddbf3813e2661/handler_noauth/grade_handler	False	run	2026-08-10 19:50:40.797947
f63a8b7f5d58d5c27b857c1880f8eb39		course-v1:SkillFactory+SDA-3.0+FEB2021:lms.skillfactory.ru-8191aa06298d4307a9fddbf3813e2661:f63a8b7f5d58d5c27b857c1880f8eb39	https://lms.skillfactory.ru/courses/course-v1:SkillFactory+SDA-3.0+FEB2021/xblock/block-v1:SkillFactory+SDA-3.0+FEB2021+type@lti+block@8191aa06298d4307a9fddbf3813e2661/handler_noauth/grade_handler	False	run	2026-08-10 19:51:00.672637
25738616b4fa27b5a880479ab8d053bb		course-v1:skillfactory+MIFIDEV-2_session_2_retake+2026:lms.skillfactory.ru-e460b7b2628047e7bd5bdb2c3c92da17:25738616b4fa27b5a880479ab8d053bb	https://lms.skillfactory.ru/courses/course-v1:skillfactory+MIFIDEV-2_session_2_retake+2026/xblock/block-v1:skillfactory+MIFIDEV-2_session_2_retake+2026+type@lti+block@e460b7b2628047e7bd5bdb2c3c92da17/handler_noauth/grade_handler	False	run	2026-08-10 21:36:24.040565
25738616b4fa27b5a880479ab8d053bb		course-v1:skillfactory+MIFIDEV-2_session_2_retake+2026:lms.skillfactory.ru-e460b7b2628047e7bd5bdb2c3c92da17:25738616b4fa27b5a880479ab8d053bb	https://lms.skillfactory.ru/courses/course-v1:skillfactory+MIFIDEV-2_session_2_retake+2026/xblock/block-v1:skillfactory+MIFIDEV-2_session_2_retake+2026+type@lti+block@e460b7b2628047e7bd5bdb2c3c92da17/handler_noauth/grade_handler	False	run	2026-08-10 21:37:02.788793
76218c0f8355e6e4abb9e0cf6eba9a4f		course-v1:Skillfactory+UNI-PY+OCT_2023:lms.skillfactory.ru-8d73fef427f9451ebdc6e84bb711b030:76218c0f8355e6e4abb9e0cf6eba9a4f		False	run	2026-08-11 04:51:25.815562
6f36744a21f920e6e787803cfacb830b		course-v1:skillfactory+MIFIDEV-2_session_2_retake+2026:lms.skillfactory.ru-b23711bdd31441ebb98bf54ea7c16974:6f36744a21f920e6e787803cfacb830b	https://lms.skillfactory.ru/courses/course-v1:skillfactory+MIFIDEV-2_session_2_retake+2026/xblock/block-v1:skillfactory+MIFIDEV-2_session_2_retake+2026+type@lti+block@b23711bdd31441ebb98bf54ea7c16974/handler_noauth/grade_handler	False	run	2026-08-11 06:06:43.569734
6f36744a21f920e6e787803cfacb830b		course-v1:skillfactory+MIFIDEV-2_session_2_retake+2026:lms.skillfactory.ru-136016594c3544fe97231d75be00e586:6f36744a21f920e6e787803cfacb830b	https://lms.skillfactory.ru/courses/course-v1:skillfactory+MIFIDEV-2_session_2_retake+2026/xblock/block-v1:skillfactory+MIFIDEV-2_session_2_retake+2026+type@lti+block@136016594c3544fe97231d75be00e586/handler_noauth/grade_handler	False	run	2026-08-11 06:16:01.642677
6f36744a21f920e6e787803cfacb830b		course-v1:skillfactory+MIFIDEV-2_session_2_retake+2026:lms.skillfactory.ru-136016594c3544fe97231d75be00e586:6f36744a21f920e6e787803cfacb830b	https://lms.skillfactory.ru/courses/course-v1:skillfactory+MIFIDEV-2_session_2_retake+2026/xblock/block-v1:skillfactory+MIFIDEV-2_session_2_retake+2026+type@lti+block@136016594c3544fe97231d75be00e586/handler_noauth/grade_handler	False	run	2026-08-11 06:22:16.249198
6f36744a21f920e6e787803cfacb830b		course-v1:skillfactory+MIFIDEV-2_session_2_retake+2026:lms.skillfactory.ru-136016594c3544fe97231d75be00e586:6f36744a21f920e6e787803cfacb830b	https://lms.skillfactory.ru/courses/course-v1:skillfactory+MIFIDEV-2_session_2_retake+2026/xblock/block-v1:skillfactory+MIFIDEV-2_session_2_retake+2026+type@lti+block@136016594c3544fe97231d75be00e586/handler_noauth/grade_handler	False	run	2026-08-11 06:27:40.887526
6f36744a21f920e6e787803cfacb830b		course-v1:skillfactory+MIFIDEV-2_session_2_retake+2026:lms.skillfactory.ru-136016594c3544fe97231d75be00e586:6f36744a21f920e6e787803cfacb830b	https://lms.skillfactory.ru/courses/course-v1:skillfactory+MIFIDEV-2_session_2_retake+2026/xblock/block-v1:skillfactory+MIFIDEV-2_session_2_retake+2026+type@lti+block@136016594c3544fe97231d75be00e586/handler_noauth/grade_handler	False	run	2026-08-11 06:30:36.198102
5d250312e7c12bf3ba65b3c0319c0608		course-v1:SkillFactory+SDA-3.0+FEB2021:lms.skillfactory.ru-34fe143d44f447ff8084732fccda8fa8:5d250312e7c12bf3ba65b3c0319c0608		False	run	2026-08-11 06:31:29.438767
5d250312e7c12bf3ba65b3c0319c0608		course-v1:SkillFactory+SDA-3.0+FEB2021:lms.skillfactory.ru-34fe143d44f447ff8084732fccda8fa8:5d250312e7c12bf3ba65b3c0319c0608		False	run	2026-08-11 06:32:20.819211
5d250312e7c12bf3ba65b3c0319c0608		course-v1:SkillFactory+SDA-3.0+FEB2021:lms.skillfactory.ru-34fe143d44f447ff8084732fccda8fa8:5d250312e7c12bf3ba65b3c0319c0608		False	run	2026-08-11 06:32:39.427625
5d250312e7c12bf3ba65b3c0319c0608		course-v1:SkillFactory+SDA-3.0+FEB2021:lms.skillfactory.ru-34fe143d44f447ff8084732fccda8fa8:5d250312e7c12bf3ba65b3c0319c0608		False	run	2026-08-11 06:35:27.468612
5d250312e7c12bf3ba65b3c0319c0608		course-v1:SkillFactory+SDA-3.0+FEB2021:lms.skillfactory.ru-34fe143d44f447ff8084732fccda8fa8:5d250312e7c12bf3ba65b3c0319c0608		False	run	2026-08-11 06:35:37.413222
5d250312e7c12bf3ba65b3c0319c0608		course-v1:SkillFactory+SDA-3.0+FEB2021:lms.skillfactory.ru-34fe143d44f447ff8084732fccda8fa8:5d250312e7c12bf3ba65b3c0319c0608		False	run	2026-08-11 06:35:49.820258
5d250312e7c12bf3ba65b3c0319c0608		course-v1:SkillFactory+SDA-3.0+FEB2021:lms.skillfactory.ru-34fe143d44f447ff8084732fccda8fa8:5d250312e7c12bf3ba65b3c0319c0608		False	run	2026-08-11 06:37:55.406348
5d250312e7c12bf3ba65b3c0319c0608		course-v1:SkillFactory+SDA-3.0+FEB2021:lms.skillfactory.ru-34fe143d44f447ff8084732fccda8fa8:5d250312e7c12bf3ba65b3c0319c0608		False	run	2026-08-11 06:39:11.070235
5d250312e7c12bf3ba65b3c0319c0608		course-v1:SkillFactory+SDA-3.0+FEB2021:lms.skillfactory.ru-34fe143d44f447ff8084732fccda8fa8:5d250312e7c12bf3ba65b3c0319c0608		False	run	2026-08-11 06:39:27.184289
5d250312e7c12bf3ba65b3c0319c0608		course-v1:SkillFactory+SDA-3.0+FEB2021:lms.skillfactory.ru-34fe143d44f447ff8084732fccda8fa8:5d250312e7c12bf3ba65b3c0319c0608		False	run	2026-08-11 06:39:58.751918
5d250312e7c12bf3ba65b3c0319c0608		course-v1:SkillFactory+SDA-3.0+FEB2021:lms.skillfactory.ru-34fe143d44f447ff8084732fccda8fa8:5d250312e7c12bf3ba65b3c0319c0608		False	run	2026-08-11 06:40:15.454241
6f36744a21f920e6e787803cfacb830b		course-v1:skillfactory+MIFIDEV-2_session_2_retake+2026:lms.skillfactory.ru-21792d99ec7f49efb1ac08654fe180b8:6f36744a21f920e6e787803cfacb830b	https://lms.skillfactory.ru/courses/course-v1:skillfactory+MIFIDEV-2_session_2_retake+2026/xblock/block-v1:skillfactory+MIFIDEV-2_session_2_retake+2026+type@lti+block@21792d99ec7f49efb1ac08654fe180b8/handler_noauth/grade_handler	False	run	2026-08-11 06:40:28.861340
5d250312e7c12bf3ba65b3c0319c0608		course-v1:SkillFactory+SDA-3.0+FEB2021:lms.skillfactory.ru-34fe143d44f447ff8084732fccda8fa8:5d250312e7c12bf3ba65b3c0319c0608		False	run	2026-08-11 06:41:47.985670
5d250312e7c12bf3ba65b3c0319c0608		course-v1:SkillFactory+SDA-3.0+FEB2021:lms.skillfactory.ru-34fe143d44f447ff8084732fccda8fa8:5d250312e7c12bf3ba65b3c0319c0608		False	run	2026-08-11 06:43:29.368528
5d250312e7c12bf3ba65b3c0319c0608		course-v1:SkillFactory+SDA-3.0+FEB2021:lms.skillfactory.ru-34fe143d44f447ff8084732fccda8fa8:5d250312e7c12bf3ba65b3c0319c0608		False	run	2026-08-11 06:43:57.832823
5d250312e7c12bf3ba65b3c0319c0608		course-v1:SkillFactory+SDA-3.0+FEB2021:lms.skillfactory.ru-34fe143d44f447ff8084732fccda8fa8:5d250312e7c12bf3ba65b3c0319c0608		False	run	2026-08-11 06:45:23.467034
5d250312e7c12bf3ba65b3c0319c0608		course-v1:SkillFactory+SDA-3.0+FEB2021:lms.skillfactory.ru-34fe143d44f447ff8084732fccda8fa8:5d250312e7c12bf3ba65b3c0319c0608		False	run	2026-08-11 06:45:38.702595
93f7ae1456fee4ad8a3a007a6abec47b		course-v1:SkillFactory+DAPR-2.0+MAR2021:lms.skillfactory.ru-78bec5945be2480090ac3ba403a22834:93f7ae1456fee4ad8a3a007a6abec47b	https://lms.skillfactory.ru/courses/course-v1:SkillFactory+DAPR-2.0+MAR2021/xblock/block-v1:SkillFactory+DAPR-2.0+MAR2021+type@lti+block@78bec5945be2480090ac3ba403a22834/handler_noauth/grade_handler	False	run	2026-08-11 07:00:36.557755
5d250312e7c12bf3ba65b3c0319c0608		course-v1:SkillFactory+SDA-3.0+FEB2021:lms.skillfactory.ru-34fe143d44f447ff8084732fccda8fa8:5d250312e7c12bf3ba65b3c0319c0608		False	run	2026-08-11 07:16:00.196042
5d250312e7c12bf3ba65b3c0319c0608		course-v1:SkillFactory+SDA-3.0+FEB2021:lms.skillfactory.ru-34fe143d44f447ff8084732fccda8fa8:5d250312e7c12bf3ba65b3c0319c0608		False	run	2026-08-11 07:17:18.443218
5d250312e7c12bf3ba65b3c0319c0608		course-v1:SkillFactory+SDA-3.0+FEB2021:lms.skillfactory.ru-34fe143d44f447ff8084732fccda8fa8:5d250312e7c12bf3ba65b3c0319c0608		False	run	2026-08-11 07:17:44.565981
5d250312e7c12bf3ba65b3c0319c0608		course-v1:SkillFactory+SDA-3.0+FEB2021:lms.skillfactory.ru-34fe143d44f447ff8084732fccda8fa8:5d250312e7c12bf3ba65b3c0319c0608		False	run	2026-08-11 08:13:30.681574
5d250312e7c12bf3ba65b3c0319c0608		course-v1:SkillFactory+SDA-3.0+FEB2021:lms.skillfactory.ru-34fe143d44f447ff8084732fccda8fa8:5d250312e7c12bf3ba65b3c0319c0608		False	run	2026-08-11 08:13:57.231060
5d250312e7c12bf3ba65b3c0319c0608		course-v1:SkillFactory+SDA-3.0+FEB2021:lms.skillfactory.ru-34fe143d44f447ff8084732fccda8fa8:5d250312e7c12bf3ba65b3c0319c0608		False	run	2026-08-11 08:14:15.936865
5d250312e7c12bf3ba65b3c0319c0608		course-v1:SkillFactory+SDA-3.0+FEB2021:lms.skillfactory.ru-34fe143d44f447ff8084732fccda8fa8:5d250312e7c12bf3ba65b3c0319c0608		False	run	2026-08-11 08:14:30.036450
5d250312e7c12bf3ba65b3c0319c0608		course-v1:SkillFactory+SDA-3.0+FEB2021:lms.skillfactory.ru-34fe143d44f447ff8084732fccda8fa8:5d250312e7c12bf3ba65b3c0319c0608		False	run	2026-08-11 08:16:02.495216
5d250312e7c12bf3ba65b3c0319c0608		course-v1:SkillFactory+SDA-3.0+FEB2021:lms.skillfactory.ru-34fe143d44f447ff8084732fccda8fa8:5d250312e7c12bf3ba65b3c0319c0608		False	run	2026-08-11 08:16:35.660699
5d250312e7c12bf3ba65b3c0319c0608		course-v1:SkillFactory+SDA-3.0+FEB2021:lms.skillfactory.ru-34fe143d44f447ff8084732fccda8fa8:5d250312e7c12bf3ba65b3c0319c0608		False	run	2026-08-11 08:17:22.721803
5d250312e7c12bf3ba65b3c0319c0608		course-v1:SkillFactory+SDA-3.0+FEB2021:lms.skillfactory.ru-34fe143d44f447ff8084732fccda8fa8:5d250312e7c12bf3ba65b3c0319c0608		False	run	2026-08-11 08:19:42.276681
5d250312e7c12bf3ba65b3c0319c0608		course-v1:SkillFactory+SDA-3.0+FEB2021:lms.skillfactory.ru-34fe143d44f447ff8084732fccda8fa8:5d250312e7c12bf3ba65b3c0319c0608		False	run	2026-08-11 08:21:11.503774
5d250312e7c12bf3ba65b3c0319c0608		course-v1:SkillFactory+SDA-3.0+FEB2021:lms.skillfactory.ru-34fe143d44f447ff8084732fccda8fa8:5d250312e7c12bf3ba65b3c0319c0608		False	run	2026-08-11 08:21:55.049483
5d250312e7c12bf3ba65b3c0319c0608		course-v1:SkillFactory+SDA-3.0+FEB2021:lms.skillfactory.ru-34fe143d44f447ff8084732fccda8fa8:5d250312e7c12bf3ba65b3c0319c0608		False	run	2026-08-11 08:22:13.958454
5d250312e7c12bf3ba65b3c0319c0608		course-v1:SkillFactory+SDA-3.0+FEB2021:lms.skillfactory.ru-34fe143d44f447ff8084732fccda8fa8:5d250312e7c12bf3ba65b3c0319c0608		False	run	2026-08-11 08:22:35.504466
5d250312e7c12bf3ba65b3c0319c0608		course-v1:SkillFactory+SDA-3.0+FEB2021:lms.skillfactory.ru-34fe143d44f447ff8084732fccda8fa8:5d250312e7c12bf3ba65b3c0319c0608		False	run	2026-08-11 08:23:35.611942
5d250312e7c12bf3ba65b3c0319c0608		course-v1:SkillFactory+SDA-3.0+FEB2021:lms.skillfactory.ru-34fe143d44f447ff8084732fccda8fa8:5d250312e7c12bf3ba65b3c0319c0608		False	run	2026-08-11 08:26:02.186701
5d250312e7c12bf3ba65b3c0319c0608		course-v1:SkillFactory+SDA-3.0+FEB2021:lms.skillfactory.ru-34fe143d44f447ff8084732fccda8fa8:5d250312e7c12bf3ba65b3c0319c0608		False	run	2026-08-11 08:26:36.260891
5d250312e7c12bf3ba65b3c0319c0608		course-v1:SkillFactory+SDA-3.0+FEB2021:lms.skillfactory.ru-34fe143d44f447ff8084732fccda8fa8:5d250312e7c12bf3ba65b3c0319c0608		False	run	2026-08-11 08:27:56.715513
5d250312e7c12bf3ba65b3c0319c0608		course-v1:SkillFactory+SDA-3.0+FEB2021:lms.skillfactory.ru-34fe143d44f447ff8084732fccda8fa8:5d250312e7c12bf3ba65b3c0319c0608		False	run	2026-08-11 08:30:48.693578
5d250312e7c12bf3ba65b3c0319c0608		course-v1:SkillFactory+SDA-3.0+FEB2021:lms.skillfactory.ru-34fe143d44f447ff8084732fccda8fa8:5d250312e7c12bf3ba65b3c0319c0608		False	run	2026-08-11 08:31:53.072278
5d250312e7c12bf3ba65b3c0319c0608		course-v1:SkillFactory+SDA-3.0+FEB2021:lms.skillfactory.ru-34fe143d44f447ff8084732fccda8fa8:5d250312e7c12bf3ba65b3c0319c0608		False	run	2026-08-11 08:32:02.408285
5d250312e7c12bf3ba65b3c0319c0608		course-v1:SkillFactory+SDA-3.0+FEB2021:lms.skillfactory.ru-34fe143d44f447ff8084732fccda8fa8:5d250312e7c12bf3ba65b3c0319c0608		False	run	2026-08-11 08:32:28.319581
5d250312e7c12bf3ba65b3c0319c0608		course-v1:SkillFactory+SDA-3.0+FEB2021:lms.skillfactory.ru-34fe143d44f447ff8084732fccda8fa8:5d250312e7c12bf3ba65b3c0319c0608		False	run	2026-08-11 08:32:33.884673
5d250312e7c12bf3ba65b3c0319c0608		course-v1:SkillFactory+SDA-3.0+FEB2021:lms.skillfactory.ru-34fe143d44f447ff8084732fccda8fa8:5d250312e7c12bf3ba65b3c0319c0608		False	run	2026-08-11 08:33:05.883682
5d250312e7c12bf3ba65b3c0319c0608		course-v1:SkillFactory+SDA-3.0+FEB2021:lms.skillfactory.ru-34fe143d44f447ff8084732fccda8fa8:5d250312e7c12bf3ba65b3c0319c0608		False	run	2026-08-11 08:33:47.587442
5d250312e7c12bf3ba65b3c0319c0608		course-v1:SkillFactory+SDA-3.0+FEB2021:lms.skillfactory.ru-34fe143d44f447ff8084732fccda8fa8:5d250312e7c12bf3ba65b3c0319c0608		False	run	2026-08-11 08:33:53.860191
5d250312e7c12bf3ba65b3c0319c0608		course-v1:SkillFactory+SDA-3.0+FEB2021:lms.skillfactory.ru-34fe143d44f447ff8084732fccda8fa8:5d250312e7c12bf3ba65b3c0319c0608		False	run	2026-08-11 08:34:11.327857
5d250312e7c12bf3ba65b3c0319c0608		course-v1:SkillFactory+SDA-3.0+FEB2021:lms.skillfactory.ru-34fe143d44f447ff8084732fccda8fa8:5d250312e7c12bf3ba65b3c0319c0608		False	run	2026-08-11 08:37:09.919350
5d250312e7c12bf3ba65b3c0319c0608		course-v1:SkillFactory+SDA-3.0+FEB2021:lms.skillfactory.ru-34fe143d44f447ff8084732fccda8fa8:5d250312e7c12bf3ba65b3c0319c0608		False	run	2026-08-11 08:38:56.592124
5d250312e7c12bf3ba65b3c0319c0608		course-v1:SkillFactory+SDA-3.0+FEB2021:lms.skillfactory.ru-34fe143d44f447ff8084732fccda8fa8:5d250312e7c12bf3ba65b3c0319c0608		False	run	2026-08-11 08:39:08.810467
5d250312e7c12bf3ba65b3c0319c0608		course-v1:SkillFactory+SDA-3.0+FEB2021:lms.skillfactory.ru-34fe143d44f447ff8084732fccda8fa8:5d250312e7c12bf3ba65b3c0319c0608		False	run	2026-08-11 08:40:12.425743
5d250312e7c12bf3ba65b3c0319c0608		course-v1:SkillFactory+SDA-3.0+FEB2021:lms.skillfactory.ru-34fe143d44f447ff8084732fccda8fa8:5d250312e7c12bf3ba65b3c0319c0608		False	run	2026-08-11 08:43:11.536541
5d250312e7c12bf3ba65b3c0319c0608		course-v1:SkillFactory+SDA-3.0+FEB2021:lms.skillfactory.ru-34fe143d44f447ff8084732fccda8fa8:5d250312e7c12bf3ba65b3c0319c0608		False	run	2026-08-11 08:43:36.476182
5d250312e7c12bf3ba65b3c0319c0608		course-v1:SkillFactory+SDA-3.0+FEB2021:lms.skillfactory.ru-34fe143d44f447ff8084732fccda8fa8:5d250312e7c12bf3ba65b3c0319c0608		False	run	2026-08-11 08:43:58.891935
5d250312e7c12bf3ba65b3c0319c0608		course-v1:SkillFactory+SDA-3.0+FEB2021:lms.skillfactory.ru-34fe143d44f447ff8084732fccda8fa8:5d250312e7c12bf3ba65b3c0319c0608		False	run	2026-08-11 08:44:13.965431
5d250312e7c12bf3ba65b3c0319c0608		course-v1:SkillFactory+SDA-3.0+FEB2021:lms.skillfactory.ru-34fe143d44f447ff8084732fccda8fa8:5d250312e7c12bf3ba65b3c0319c0608		False	run	2026-08-11 08:45:19.721001
5d250312e7c12bf3ba65b3c0319c0608		course-v1:SkillFactory+SDA-3.0+FEB2021:lms.skillfactory.ru-34fe143d44f447ff8084732fccda8fa8:5d250312e7c12bf3ba65b3c0319c0608		False	run	2026-08-11 08:45:36.136186
5d250312e7c12bf3ba65b3c0319c0608		course-v1:SkillFactory+SDA-3.0+FEB2021:lms.skillfactory.ru-34fe143d44f447ff8084732fccda8fa8:5d250312e7c12bf3ba65b3c0319c0608		False	run	2026-08-11 08:45:44.401818
5d250312e7c12bf3ba65b3c0319c0608		course-v1:SkillFactory+SDA-3.0+FEB2021:lms.skillfactory.ru-34fe143d44f447ff8084732fccda8fa8:5d250312e7c12bf3ba65b3c0319c0608		False	run	2026-08-11 08:46:41.787471
5d250312e7c12bf3ba65b3c0319c0608		course-v1:SkillFactory+SDA-3.0+FEB2021:lms.skillfactory.ru-34fe143d44f447ff8084732fccda8fa8:5d250312e7c12bf3ba65b3c0319c0608		False	run	2026-08-11 08:47:10.432537
5d250312e7c12bf3ba65b3c0319c0608		course-v1:SkillFactory+SDA-3.0+FEB2021:lms.skillfactory.ru-34fe143d44f447ff8084732fccda8fa8:5d250312e7c12bf3ba65b3c0319c0608		False	run	2026-08-11 08:48:11.471037
5d250312e7c12bf3ba65b3c0319c0608		course-v1:SkillFactory+SDA-3.0+FEB2021:lms.skillfactory.ru-34fe143d44f447ff8084732fccda8fa8:5d250312e7c12bf3ba65b3c0319c0608		False	run	2026-08-11 08:48:56.312053
08483d52ab4c3eab9b1dcee27a793d38		course-v1:SkillFactory+DAPR-2.0+MAR2021:lms.skillfactory.ru-cc2ddf624e304b3db111101e44abe83e:08483d52ab4c3eab9b1dcee27a793d38		False	run	2026-08-11 08:52:51.606412
5d250312e7c12bf3ba65b3c0319c0608		course-v1:SkillFactory+SDA-3.0+FEB2021:lms.skillfactory.ru-34fe143d44f447ff8084732fccda8fa8:5d250312e7c12bf3ba65b3c0319c0608		False	run	2026-08-11 08:53:58.772982
5d250312e7c12bf3ba65b3c0319c0608		course-v1:SkillFactory+SDA-3.0+FEB2021:lms.skillfactory.ru-34fe143d44f447ff8084732fccda8fa8:5d250312e7c12bf3ba65b3c0319c0608		False	run	2026-08-11 08:54:31.257617
5d250312e7c12bf3ba65b3c0319c0608		course-v1:SkillFactory+SDA-3.0+FEB2021:lms.skillfactory.ru-34fe143d44f447ff8084732fccda8fa8:5d250312e7c12bf3ba65b3c0319c0608		False	run	2026-08-11 09:18:40.559699
5d250312e7c12bf3ba65b3c0319c0608		course-v1:SkillFactory+SDA-3.0+FEB2021:lms.skillfactory.ru-34fe143d44f447ff8084732fccda8fa8:5d250312e7c12bf3ba65b3c0319c0608		False	run	2026-08-11 09:20:14.619671
5d250312e7c12bf3ba65b3c0319c0608		course-v1:SkillFactory+SDA-3.0+FEB2021:lms.skillfactory.ru-34fe143d44f447ff8084732fccda8fa8:5d250312e7c12bf3ba65b3c0319c0608		False	run	2026-08-11 09:26:50.432262
5d250312e7c12bf3ba65b3c0319c0608		course-v1:SkillFactory+SDA-3.0+FEB2021:lms.skillfactory.ru-34fe143d44f447ff8084732fccda8fa8:5d250312e7c12bf3ba65b3c0319c0608		False	run	2026-08-11 09:27:51.167216
5d250312e7c12bf3ba65b3c0319c0608		course-v1:SkillFactory+SDA-3.0+FEB2021:lms.skillfactory.ru-34fe143d44f447ff8084732fccda8fa8:5d250312e7c12bf3ba65b3c0319c0608		False	run	2026-08-11 09:30:30.278246
08483d52ab4c3eab9b1dcee27a793d38		course-v1:SkillFactory+DAPR-2.0+MAR2021:lms.skillfactory.ru-cc2ddf624e304b3db111101e44abe83e:08483d52ab4c3eab9b1dcee27a793d38		False	run	2026-08-11 10:05:02.868960
2842bb062ad26a1fcb06eca4d5056731		course-v1:SkillFactory+DAPR-2.0+MAR2021:lms.skillfactory.ru-153d2d9845f74050853be39f9338f5a3:2842bb062ad26a1fcb06eca4d5056731		False	run	2026-08-11 10:10:26.055578
2842bb062ad26a1fcb06eca4d5056731		course-v1:SkillFactory+DAPR-2.0+MAR2021:lms.skillfactory.ru-153d2d9845f74050853be39f9338f5a3:2842bb062ad26a1fcb06eca4d5056731		False	run	2026-08-11 10:11:03.236911
2842bb062ad26a1fcb06eca4d5056731		course-v1:SkillFactory+DAPR-2.0+MAR2021:lms.skillfactory.ru-153d2d9845f74050853be39f9338f5a3:2842bb062ad26a1fcb06eca4d5056731		False	run	2026-08-11 10:11:45.502408
2842bb062ad26a1fcb06eca4d5056731		course-v1:SkillFactory+DAPR-2.0+MAR2021:lms.skillfactory.ru-153d2d9845f74050853be39f9338f5a3:2842bb062ad26a1fcb06eca4d5056731		False	run	2026-08-11 10:12:07.416786
2842bb062ad26a1fcb06eca4d5056731		course-v1:SkillFactory+DAPR-2.0+MAR2021:lms.skillfactory.ru-153d2d9845f74050853be39f9338f5a3:2842bb062ad26a1fcb06eca4d5056731		False	run	2026-08-11 10:12:22.746142
2842bb062ad26a1fcb06eca4d5056731		course-v1:SkillFactory+DAPR-2.0+MAR2021:lms.skillfactory.ru-153d2d9845f74050853be39f9338f5a3:2842bb062ad26a1fcb06eca4d5056731		False	run	2026-08-11 10:16:33.321599
5d250312e7c12bf3ba65b3c0319c0608		course-v1:SkillFactory+SDA-3.0+FEB2021:lms.skillfactory.ru-34fe143d44f447ff8084732fccda8fa8:5d250312e7c12bf3ba65b3c0319c0608		False	run	2026-08-11 10:17:58.534318
5d250312e7c12bf3ba65b3c0319c0608		course-v1:SkillFactory+SDA-3.0+FEB2021:lms.skillfactory.ru-34fe143d44f447ff8084732fccda8fa8:5d250312e7c12bf3ba65b3c0319c0608		False	run	2026-08-11 10:18:16.874795
2842bb062ad26a1fcb06eca4d5056731		course-v1:SkillFactory+DAPR-2.0+MAR2021:lms.skillfactory.ru-78bec5945be2480090ac3ba403a22834:2842bb062ad26a1fcb06eca4d5056731	https://lms.skillfactory.ru/courses/course-v1:SkillFactory+DAPR-2.0+MAR2021/xblock/block-v1:SkillFactory+DAPR-2.0+MAR2021+type@lti+block@78bec5945be2480090ac3ba403a22834/handler_noauth/grade_handler	False	run	2026-08-11 10:33:05.509113
2842bb062ad26a1fcb06eca4d5056731		course-v1:SkillFactory+DAPR-2.0+MAR2021:lms.skillfactory.ru-78bec5945be2480090ac3ba403a22834:2842bb062ad26a1fcb06eca4d5056731	https://lms.skillfactory.ru/courses/course-v1:SkillFactory+DAPR-2.0+MAR2021/xblock/block-v1:SkillFactory+DAPR-2.0+MAR2021+type@lti+block@78bec5945be2480090ac3ba403a22834/handler_noauth/grade_handler	False	run	2026-08-11 10:34:01.752174
2842bb062ad26a1fcb06eca4d5056731		course-v1:SkillFactory+DAPR-2.0+MAR2021:lms.skillfactory.ru-78bec5945be2480090ac3ba403a22834:2842bb062ad26a1fcb06eca4d5056731	https://lms.skillfactory.ru/courses/course-v1:SkillFactory+DAPR-2.0+MAR2021/xblock/block-v1:SkillFactory+DAPR-2.0+MAR2021+type@lti+block@78bec5945be2480090ac3ba403a22834/handler_noauth/grade_handler	False	run	2026-08-11 10:34:13.054717
2842bb062ad26a1fcb06eca4d5056731		course-v1:SkillFactory+DAPR-2.0+MAR2021:lms.skillfactory.ru-78bec5945be2480090ac3ba403a22834:2842bb062ad26a1fcb06eca4d5056731	https://lms.skillfactory.ru/courses/course-v1:SkillFactory+DAPR-2.0+MAR2021/xblock/block-v1:SkillFactory+DAPR-2.0+MAR2021+type@lti+block@78bec5945be2480090ac3ba403a22834/handler_noauth/grade_handler	False	run	2026-08-11 10:34:37.776656
2842bb062ad26a1fcb06eca4d5056731		course-v1:SkillFactory+DAPR-2.0+MAR2021:lms.skillfactory.ru-78bec5945be2480090ac3ba403a22834:2842bb062ad26a1fcb06eca4d5056731	https://lms.skillfactory.ru/courses/course-v1:SkillFactory+DAPR-2.0+MAR2021/xblock/block-v1:SkillFactory+DAPR-2.0+MAR2021+type@lti+block@78bec5945be2480090ac3ba403a22834/handler_noauth/grade_handler	False	run	2026-08-11 10:34:54.504830
2842bb062ad26a1fcb06eca4d5056731		course-v1:SkillFactory+DAPR-2.0+MAR2021:lms.skillfactory.ru-78bec5945be2480090ac3ba403a22834:2842bb062ad26a1fcb06eca4d5056731	https://lms.skillfactory.ru/courses/course-v1:SkillFactory+DAPR-2.0+MAR2021/xblock/block-v1:SkillFactory+DAPR-2.0+MAR2021+type@lti+block@78bec5945be2480090ac3ba403a22834/handler_noauth/grade_handler	False	run	2026-08-11 10:37:06.202339
2842bb062ad26a1fcb06eca4d5056731		course-v1:SkillFactory+DAPR-2.0+MAR2021:lms.skillfactory.ru-78bec5945be2480090ac3ba403a22834:2842bb062ad26a1fcb06eca4d5056731	https://lms.skillfactory.ru/courses/course-v1:SkillFactory+DAPR-2.0+MAR2021/xblock/block-v1:SkillFactory+DAPR-2.0+MAR2021+type@lti+block@78bec5945be2480090ac3ba403a22834/handler_noauth/grade_handler	False	run	2026-08-11 10:38:41.964544
2842bb062ad26a1fcb06eca4d5056731		course-v1:SkillFactory+DAPR-2.0+MAR2021:lms.skillfactory.ru-78bec5945be2480090ac3ba403a22834:2842bb062ad26a1fcb06eca4d5056731	https://lms.skillfactory.ru/courses/course-v1:SkillFactory+DAPR-2.0+MAR2021/xblock/block-v1:SkillFactory+DAPR-2.0+MAR2021+type@lti+block@78bec5945be2480090ac3ba403a22834/handler_noauth/grade_handler	False	run	2026-08-11 10:39:12.573356
2842bb062ad26a1fcb06eca4d5056731		course-v1:SkillFactory+DAPR-2.0+MAR2021:lms.skillfactory.ru-78bec5945be2480090ac3ba403a22834:2842bb062ad26a1fcb06eca4d5056731	https://lms.skillfactory.ru/courses/course-v1:SkillFactory+DAPR-2.0+MAR2021/xblock/block-v1:SkillFactory+DAPR-2.0+MAR2021+type@lti+block@78bec5945be2480090ac3ba403a22834/handler_noauth/grade_handler	False	run	2026-08-11 10:40:55.108436
99a607f040762d5b8ff8c7f2712b7a45		course-v1:SkillFactory+SDA-3.0+FEB2021:lms.skillfactory.ru-48aa7ca716d24c2997bcd0896b8761fc:99a607f040762d5b8ff8c7f2712b7a45	https://lms.skillfactory.ru/courses/course-v1:SkillFactory+SDA-3.0+FEB2021/xblock/block-v1:SkillFactory+SDA-3.0+FEB2021+type@lti+block@48aa7ca716d24c2997bcd0896b8761fc/handler_noauth/grade_handler	False	run	2026-08-11 10:43:08.607292
1390075babb4754ece4433c7da54ad48		course-v1:skillfactory+MIFIML-DS+2025:lms.skillfactory.ru-287fa0315f0344f19af6f54cb47f3eb7:1390075babb4754ece4433c7da54ad48	https://lms.skillfactory.ru/courses/course-v1:skillfactory+MIFIML-DS+2025/xblock/block-v1:skillfactory+MIFIML-DS+2025+type@lti+block@287fa0315f0344f19af6f54cb47f3eb7/handler_noauth/grade_handler	False	run	2026-08-11 10:52:54.310278
1390075babb4754ece4433c7da54ad48		course-v1:skillfactory+MIFIML-DS+2025:lms.skillfactory.ru-287fa0315f0344f19af6f54cb47f3eb7:1390075babb4754ece4433c7da54ad48	https://lms.skillfactory.ru/courses/course-v1:skillfactory+MIFIML-DS+2025/xblock/block-v1:skillfactory+MIFIML-DS+2025+type@lti+block@287fa0315f0344f19af6f54cb47f3eb7/handler_noauth/grade_handler	False	run	2026-08-11 10:55:42.681954
1390075babb4754ece4433c7da54ad48		course-v1:skillfactory+MIFIML-DS+2025:lms.skillfactory.ru-287fa0315f0344f19af6f54cb47f3eb7:1390075babb4754ece4433c7da54ad48	https://lms.skillfactory.ru/courses/course-v1:skillfactory+MIFIML-DS+2025/xblock/block-v1:skillfactory+MIFIML-DS+2025+type@lti+block@287fa0315f0344f19af6f54cb47f3eb7/handler_noauth/grade_handler	False	run	2026-08-11 10:56:20.533649
1390075babb4754ece4433c7da54ad48		course-v1:skillfactory+MIFIML-DS+2025:lms.skillfactory.ru-287fa0315f0344f19af6f54cb47f3eb7:1390075babb4754ece4433c7da54ad48	https://lms.skillfactory.ru/courses/course-v1:skillfactory+MIFIML-DS+2025/xblock/block-v1:skillfactory+MIFIML-DS+2025+type@lti+block@287fa0315f0344f19af6f54cb47f3eb7/handler_noauth/grade_handler	False	run	2026-08-11 10:56:36.794607
1390075babb4754ece4433c7da54ad48		course-v1:skillfactory+MIFIML-DS+2025:lms.skillfactory.ru-287fa0315f0344f19af6f54cb47f3eb7:1390075babb4754ece4433c7da54ad48	https://lms.skillfactory.ru/courses/course-v1:skillfactory+MIFIML-DS+2025/xblock/block-v1:skillfactory+MIFIML-DS+2025+type@lti+block@287fa0315f0344f19af6f54cb47f3eb7/handler_noauth/grade_handler	False	run	2026-08-11 10:58:11.740468
1390075babb4754ece4433c7da54ad48		course-v1:skillfactory+MIFIML-DS+2025:lms.skillfactory.ru-287fa0315f0344f19af6f54cb47f3eb7:1390075babb4754ece4433c7da54ad48	https://lms.skillfactory.ru/courses/course-v1:skillfactory+MIFIML-DS+2025/xblock/block-v1:skillfactory+MIFIML-DS+2025+type@lti+block@287fa0315f0344f19af6f54cb47f3eb7/handler_noauth/grade_handler	False	run	2026-08-11 10:58:28.020025
1390075babb4754ece4433c7da54ad48		course-v1:skillfactory+MIFIML-DS+2025:lms.skillfactory.ru-287fa0315f0344f19af6f54cb47f3eb7:1390075babb4754ece4433c7da54ad48	https://lms.skillfactory.ru/courses/course-v1:skillfactory+MIFIML-DS+2025/xblock/block-v1:skillfactory+MIFIML-DS+2025+type@lti+block@287fa0315f0344f19af6f54cb47f3eb7/handler_noauth/grade_handler	False	run	2026-08-11 10:58:47.612331
1390075babb4754ece4433c7da54ad48		course-v1:skillfactory+MIFIML-DS+2025:lms.skillfactory.ru-287fa0315f0344f19af6f54cb47f3eb7:1390075babb4754ece4433c7da54ad48	https://lms.skillfactory.ru/courses/course-v1:skillfactory+MIFIML-DS+2025/xblock/block-v1:skillfactory+MIFIML-DS+2025+type@lti+block@287fa0315f0344f19af6f54cb47f3eb7/handler_noauth/grade_handler	False	run	2026-08-11 10:59:56.442955
1390075babb4754ece4433c7da54ad48		course-v1:skillfactory+MIFIML-DS+2025:lms.skillfactory.ru-287fa0315f0344f19af6f54cb47f3eb7:1390075babb4754ece4433c7da54ad48	https://lms.skillfactory.ru/courses/course-v1:skillfactory+MIFIML-DS+2025/xblock/block-v1:skillfactory+MIFIML-DS+2025+type@lti+block@287fa0315f0344f19af6f54cb47f3eb7/handler_noauth/grade_handler	False	run	2026-08-11 11:00:27.719536
1390075babb4754ece4433c7da54ad48		course-v1:skillfactory+MIFIML-DS+2025:lms.skillfactory.ru-287fa0315f0344f19af6f54cb47f3eb7:1390075babb4754ece4433c7da54ad48	https://lms.skillfactory.ru/courses/course-v1:skillfactory+MIFIML-DS+2025/xblock/block-v1:skillfactory+MIFIML-DS+2025+type@lti+block@287fa0315f0344f19af6f54cb47f3eb7/handler_noauth/grade_handler	False	run	2026-08-11 11:03:54.529006
1390075babb4754ece4433c7da54ad48		course-v1:skillfactory+MIFIML-DS+2025:lms.skillfactory.ru-287fa0315f0344f19af6f54cb47f3eb7:1390075babb4754ece4433c7da54ad48	https://lms.skillfactory.ru/courses/course-v1:skillfactory+MIFIML-DS+2025/xblock/block-v1:skillfactory+MIFIML-DS+2025+type@lti+block@287fa0315f0344f19af6f54cb47f3eb7/handler_noauth/grade_handler	False	run	2026-08-11 11:04:46.004506
1390075babb4754ece4433c7da54ad48		course-v1:skillfactory+MIFIML-DS+2025:lms.skillfactory.ru-287fa0315f0344f19af6f54cb47f3eb7:1390075babb4754ece4433c7da54ad48	https://lms.skillfactory.ru/courses/course-v1:skillfactory+MIFIML-DS+2025/xblock/block-v1:skillfactory+MIFIML-DS+2025+type@lti+block@287fa0315f0344f19af6f54cb47f3eb7/handler_noauth/grade_handler	False	run	2026-08-11 11:05:13.950632
2842bb062ad26a1fcb06eca4d5056731		course-v1:SkillFactory+DAPR-2.0+MAR2021:lms.skillfactory.ru-167cfaff7d1b4c17aa9993f3384998f8:2842bb062ad26a1fcb06eca4d5056731	https://lms.skillfactory.ru/courses/course-v1:SkillFactory+DAPR-2.0+MAR2021/xblock/block-v1:SkillFactory+DAPR-2.0+MAR2021+type@lti+block@167cfaff7d1b4c17aa9993f3384998f8/handler_noauth/grade_handler	False	run	2026-08-11 11:08:57.493040
2842bb062ad26a1fcb06eca4d5056731		course-v1:SkillFactory+DAPR-2.0+MAR2021:lms.skillfactory.ru-167cfaff7d1b4c17aa9993f3384998f8:2842bb062ad26a1fcb06eca4d5056731	https://lms.skillfactory.ru/courses/course-v1:SkillFactory+DAPR-2.0+MAR2021/xblock/block-v1:SkillFactory+DAPR-2.0+MAR2021+type@lti+block@167cfaff7d1b4c17aa9993f3384998f8/handler_noauth/grade_handler	False	run	2026-08-11 11:12:04.302643
2842bb062ad26a1fcb06eca4d5056731		course-v1:SkillFactory+DAPR-2.0+MAR2021:lms.skillfactory.ru-167cfaff7d1b4c17aa9993f3384998f8:2842bb062ad26a1fcb06eca4d5056731	https://lms.skillfactory.ru/courses/course-v1:SkillFactory+DAPR-2.0+MAR2021/xblock/block-v1:SkillFactory+DAPR-2.0+MAR2021+type@lti+block@167cfaff7d1b4c17aa9993f3384998f8/handler_noauth/grade_handler	False	run	2026-08-11 11:12:44.007166
2842bb062ad26a1fcb06eca4d5056731		course-v1:SkillFactory+DAPR-2.0+MAR2021:lms.skillfactory.ru-167cfaff7d1b4c17aa9993f3384998f8:2842bb062ad26a1fcb06eca4d5056731	https://lms.skillfactory.ru/courses/course-v1:SkillFactory+DAPR-2.0+MAR2021/xblock/block-v1:SkillFactory+DAPR-2.0+MAR2021+type@lti+block@167cfaff7d1b4c17aa9993f3384998f8/handler_noauth/grade_handler	False	run	2026-08-11 11:15:10.772677
2842bb062ad26a1fcb06eca4d5056731		course-v1:SkillFactory+DAPR-2.0+MAR2021:lms.skillfactory.ru-167cfaff7d1b4c17aa9993f3384998f8:2842bb062ad26a1fcb06eca4d5056731	https://lms.skillfactory.ru/courses/course-v1:SkillFactory+DAPR-2.0+MAR2021/xblock/block-v1:SkillFactory+DAPR-2.0+MAR2021+type@lti+block@167cfaff7d1b4c17aa9993f3384998f8/handler_noauth/grade_handler	False	run	2026-08-11 11:30:53.545913
2842bb062ad26a1fcb06eca4d5056731		course-v1:SkillFactory+DAPR-2.0+MAR2021:lms.skillfactory.ru-167cfaff7d1b4c17aa9993f3384998f8:2842bb062ad26a1fcb06eca4d5056731	https://lms.skillfactory.ru/courses/course-v1:SkillFactory+DAPR-2.0+MAR2021/xblock/block-v1:SkillFactory+DAPR-2.0+MAR2021+type@lti+block@167cfaff7d1b4c17aa9993f3384998f8/handler_noauth/grade_handler	False	run	2026-08-11 11:31:38.487835
2842bb062ad26a1fcb06eca4d5056731		course-v1:SkillFactory+DAPR-2.0+MAR2021:lms.skillfactory.ru-167cfaff7d1b4c17aa9993f3384998f8:2842bb062ad26a1fcb06eca4d5056731	https://lms.skillfactory.ru/courses/course-v1:SkillFactory+DAPR-2.0+MAR2021/xblock/block-v1:SkillFactory+DAPR-2.0+MAR2021+type@lti+block@167cfaff7d1b4c17aa9993f3384998f8/handler_noauth/grade_handler	False	run	2026-08-11 11:33:14.896399
93f7ae1456fee4ad8a3a007a6abec47b		course-v1:SkillFactory+DAPR-2.0+MAR2021:lms.skillfactory.ru-d46ad76eeda74d8298cc7e32a2763413:93f7ae1456fee4ad8a3a007a6abec47b	https://lms.skillfactory.ru/courses/course-v1:SkillFactory+DAPR-2.0+MAR2021/xblock/block-v1:SkillFactory+DAPR-2.0+MAR2021+type@lti+block@d46ad76eeda74d8298cc7e32a2763413/handler_noauth/grade_handler	False	run	2026-08-11 11:34:36.622400
93f7ae1456fee4ad8a3a007a6abec47b		course-v1:SkillFactory+DAPR-2.0+MAR2021:lms.skillfactory.ru-d46ad76eeda74d8298cc7e32a2763413:93f7ae1456fee4ad8a3a007a6abec47b	https://lms.skillfactory.ru/courses/course-v1:SkillFactory+DAPR-2.0+MAR2021/xblock/block-v1:SkillFactory+DAPR-2.0+MAR2021+type@lti+block@d46ad76eeda74d8298cc7e32a2763413/handler_noauth/grade_handler	False	run	2026-08-11 11:39:19.039581
93f7ae1456fee4ad8a3a007a6abec47b		course-v1:SkillFactory+DAPR-2.0+MAR2021:lms.skillfactory.ru-d46ad76eeda74d8298cc7e32a2763413:93f7ae1456fee4ad8a3a007a6abec47b	https://lms.skillfactory.ru/courses/course-v1:SkillFactory+DAPR-2.0+MAR2021/xblock/block-v1:SkillFactory+DAPR-2.0+MAR2021+type@lti+block@d46ad76eeda74d8298cc7e32a2763413/handler_noauth/grade_handler	False	run	2026-08-11 11:40:02.980142
93f7ae1456fee4ad8a3a007a6abec47b		course-v1:SkillFactory+DAPR-2.0+MAR2021:lms.skillfactory.ru-d46ad76eeda74d8298cc7e32a2763413:93f7ae1456fee4ad8a3a007a6abec47b	https://lms.skillfactory.ru/courses/course-v1:SkillFactory+DAPR-2.0+MAR2021/xblock/block-v1:SkillFactory+DAPR-2.0+MAR2021+type@lti+block@d46ad76eeda74d8298cc7e32a2763413/handler_noauth/grade_handler	False	run	2026-08-11 11:40:48.465257
93f7ae1456fee4ad8a3a007a6abec47b		course-v1:SkillFactory+DAPR-2.0+MAR2021:lms.skillfactory.ru-d46ad76eeda74d8298cc7e32a2763413:93f7ae1456fee4ad8a3a007a6abec47b	https://lms.skillfactory.ru/courses/course-v1:SkillFactory+DAPR-2.0+MAR2021/xblock/block-v1:SkillFactory+DAPR-2.0+MAR2021+type@lti+block@d46ad76eeda74d8298cc7e32a2763413/handler_noauth/grade_handler	False	run	2026-08-11 11:42:44.398993
2842bb062ad26a1fcb06eca4d5056731		course-v1:SkillFactory+DAPR-2.0+MAR2021:lms.skillfactory.ru-167cfaff7d1b4c17aa9993f3384998f8:2842bb062ad26a1fcb06eca4d5056731	https://lms.skillfactory.ru/courses/course-v1:SkillFactory+DAPR-2.0+MAR2021/xblock/block-v1:SkillFactory+DAPR-2.0+MAR2021+type@lti+block@167cfaff7d1b4c17aa9993f3384998f8/handler_noauth/grade_handler	False	run	2026-08-11 11:56:47.923275
2842bb062ad26a1fcb06eca4d5056731		course-v1:SkillFactory+DAPR-2.0+MAR2021:lms.skillfactory.ru-167cfaff7d1b4c17aa9993f3384998f8:2842bb062ad26a1fcb06eca4d5056731	https://lms.skillfactory.ru/courses/course-v1:SkillFactory+DAPR-2.0+MAR2021/xblock/block-v1:SkillFactory+DAPR-2.0+MAR2021+type@lti+block@167cfaff7d1b4c17aa9993f3384998f8/handler_noauth/grade_handler	False	run	2026-08-11 11:59:09.118168
2842bb062ad26a1fcb06eca4d5056731		course-v1:SkillFactory+DAPR-2.0+MAR2021:lms.skillfactory.ru-167cfaff7d1b4c17aa9993f3384998f8:2842bb062ad26a1fcb06eca4d5056731	https://lms.skillfactory.ru/courses/course-v1:SkillFactory+DAPR-2.0+MAR2021/xblock/block-v1:SkillFactory+DAPR-2.0+MAR2021+type@lti+block@167cfaff7d1b4c17aa9993f3384998f8/handler_noauth/grade_handler	False	run	2026-08-11 11:59:48.749356
1390075babb4754ece4433c7da54ad48		course-v1:skillfactory+MIFIML-DS+2025:lms.skillfactory.ru-59c768fe06db4786ac810e6e6d6fe4a0:1390075babb4754ece4433c7da54ad48	https://lms.skillfactory.ru/courses/course-v1:skillfactory+MIFIML-DS+2025/xblock/block-v1:skillfactory+MIFIML-DS+2025+type@lti+block@59c768fe06db4786ac810e6e6d6fe4a0/handler_noauth/grade_handler	False	run	2026-08-11 12:45:24.874242
1390075babb4754ece4433c7da54ad48		course-v1:skillfactory+MIFIML-DS+2025:lms.skillfactory.ru-59c768fe06db4786ac810e6e6d6fe4a0:1390075babb4754ece4433c7da54ad48	https://lms.skillfactory.ru/courses/course-v1:skillfactory+MIFIML-DS+2025/xblock/block-v1:skillfactory+MIFIML-DS+2025+type@lti+block@59c768fe06db4786ac810e6e6d6fe4a0/handler_noauth/grade_handler	False	run	2026-08-11 12:46:49.350470
08483d52ab4c3eab9b1dcee27a793d38		course-v1:SkillFactory+DAPR-2.0+MAR2021:lms.skillfactory.ru-cc2ddf624e304b3db111101e44abe83e:08483d52ab4c3eab9b1dcee27a793d38		False	run	2026-08-11 12:47:52.214919
08483d52ab4c3eab9b1dcee27a793d38		course-v1:SkillFactory+DAPR-2.0+MAR2021:lms.skillfactory.ru-cc2ddf624e304b3db111101e44abe83e:08483d52ab4c3eab9b1dcee27a793d38		False	run	2026-08-12 12:50:02.755739
93f7ae1456fee4ad8a3a007a6abec47b		course-v1:SkillFactory+DAPR-2.0+MAR2021:lms.skillfactory.ru-0adcc653a12b436ebdbad5f9f7a7c82c:93f7ae1456fee4ad8a3a007a6abec47b	https://lms.skillfactory.ru/courses/course-v1:SkillFactory+DAPR-2.0+MAR2021/xblock/block-v1:SkillFactory+DAPR-2.0+MAR2021+type@lti+block@0adcc653a12b436ebdbad5f9f7a7c82c/handler_noauth/grade_handler	False	run	2026-08-11 12:59:43.007703
93f7ae1456fee4ad8a3a007a6abec47b		course-v1:SkillFactory+DAPR-2.0+MAR2021:lms.skillfactory.ru-0adcc653a12b436ebdbad5f9f7a7c82c:93f7ae1456fee4ad8a3a007a6abec47b	https://lms.skillfactory.ru/courses/course-v1:SkillFactory+DAPR-2.0+MAR2021/xblock/block-v1:SkillFactory+DAPR-2.0+MAR2021+type@lti+block@0adcc653a12b436ebdbad5f9f7a7c82c/handler_noauth/grade_handler	False	run	2026-08-11 13:00:00.066869
93f7ae1456fee4ad8a3a007a6abec47b		course-v1:SkillFactory+DAPR-2.0+MAR2021:lms.skillfactory.ru-3a970c3242394ace8e6d5f584da41465:93f7ae1456fee4ad8a3a007a6abec47b	https://lms.skillfactory.ru/courses/course-v1:SkillFactory+DAPR-2.0+MAR2021/xblock/block-v1:SkillFactory+DAPR-2.0+MAR2021+type@lti+block@3a970c3242394ace8e6d5f584da41465/handler_noauth/grade_handler	False	run	2026-08-11 13:54:19.609989
c140a78e0fe80e8e27e8870474c5e68c		course-v1:Skillfactory+MFTIBIO-1sem+2024:lms.skillfactory.ru-d41c42fc747842c6a8b95f24342a12d3:c140a78e0fe80e8e27e8870474c5e68c	https://lms.skillfactory.ru/courses/course-v1:Skillfactory+MFTIBIO-1sem+2024/xblock/block-v1:Skillfactory+MFTIBIO-1sem+2024+type@lti+block@d41c42fc747842c6a8b95f24342a12d3/handler_noauth/grade_handler	False	run	2026-08-11 14:19:48.186841
c140a78e0fe80e8e27e8870474c5e68c		course-v1:Skillfactory+MFTIBIO-1sem+2024:lms.skillfactory.ru-d41c42fc747842c6a8b95f24342a12d3:c140a78e0fe80e8e27e8870474c5e68c	https://lms.skillfactory.ru/courses/course-v1:Skillfactory+MFTIBIO-1sem+2024/xblock/block-v1:Skillfactory+MFTIBIO-1sem+2024+type@lti+block@d41c42fc747842c6a8b95f24342a12d3/handler_noauth/grade_handler	False	run	2026-08-11 14:22:40.195882
c140a78e0fe80e8e27e8870474c5e68c		course-v1:Skillfactory+MFTIBIO-1sem+2024:lms.skillfactory.ru-993b48ceb98b4dba99b3214db63e91d4:c140a78e0fe80e8e27e8870474c5e68c	https://lms.skillfactory.ru/courses/course-v1:Skillfactory+MFTIBIO-1sem+2024/xblock/block-v1:Skillfactory+MFTIBIO-1sem+2024+type@lti+block@993b48ceb98b4dba99b3214db63e91d4/handler_noauth/grade_handler	False	run	2026-08-11 14:32:46.958755
c140a78e0fe80e8e27e8870474c5e68c		course-v1:Skillfactory+MFTIBIO-1sem+2024:lms.skillfactory.ru-993b48ceb98b4dba99b3214db63e91d4:c140a78e0fe80e8e27e8870474c5e68c	https://lms.skillfactory.ru/courses/course-v1:Skillfactory+MFTIBIO-1sem+2024/xblock/block-v1:Skillfactory+MFTIBIO-1sem+2024+type@lti+block@993b48ceb98b4dba99b3214db63e91d4/handler_noauth/grade_handler	False	run	2026-08-11 14:33:51.166606
c140a78e0fe80e8e27e8870474c5e68c		course-v1:Skillfactory+MFTIBIO-1sem+2024:lms.skillfactory.ru-993b48ceb98b4dba99b3214db63e91d4:c140a78e0fe80e8e27e8870474c5e68c	https://lms.skillfactory.ru/courses/course-v1:Skillfactory+MFTIBIO-1sem+2024/xblock/block-v1:Skillfactory+MFTIBIO-1sem+2024+type@lti+block@993b48ceb98b4dba99b3214db63e91d4/handler_noauth/grade_handler	False	run	2026-08-11 14:34:06.980980
c140a78e0fe80e8e27e8870474c5e68c		course-v1:Skillfactory+MFTIBIO-1sem+2024:lms.skillfactory.ru-993b48ceb98b4dba99b3214db63e91d4:c140a78e0fe80e8e27e8870474c5e68c	https://lms.skillfactory.ru/courses/course-v1:Skillfactory+MFTIBIO-1sem+2024/xblock/block-v1:Skillfactory+MFTIBIO-1sem+2024+type@lti+block@993b48ceb98b4dba99b3214db63e91d4/handler_noauth/grade_handler	False	run	2026-08-11 14:45:05.815814
c140a78e0fe80e8e27e8870474c5e68c		course-v1:Skillfactory+MFTIBIO-1sem+2024:lms.skillfactory.ru-993b48ceb98b4dba99b3214db63e91d4:c140a78e0fe80e8e27e8870474c5e68c	https://lms.skillfactory.ru/courses/course-v1:Skillfactory+MFTIBIO-1sem+2024/xblock/block-v1:Skillfactory+MFTIBIO-1sem+2024+type@lti+block@993b48ceb98b4dba99b3214db63e91d4/handler_noauth/grade_handler	False	run	2026-08-11 14:45:17.840643
c140a78e0fe80e8e27e8870474c5e68c		course-v1:Skillfactory+MFTIBIO-1sem+2024:lms.skillfactory.ru-993b48ceb98b4dba99b3214db63e91d4:c140a78e0fe80e8e27e8870474c5e68c	https://lms.skillfactory.ru/courses/course-v1:Skillfactory+MFTIBIO-1sem+2024/xblock/block-v1:Skillfactory+MFTIBIO-1sem+2024+type@lti+block@993b48ceb98b4dba99b3214db63e91d4/handler_noauth/grade_handler	False	run	2026-08-11 14:45:38.688563
c140a78e0fe80e8e27e8870474c5e68c		course-v1:Skillfactory+MFTIBIO-1sem+2024:lms.skillfactory.ru-993b48ceb98b4dba99b3214db63e91d4:c140a78e0fe80e8e27e8870474c5e68c	https://lms.skillfactory.ru/courses/course-v1:Skillfactory+MFTIBIO-1sem+2024/xblock/block-v1:Skillfactory+MFTIBIO-1sem+2024+type@lti+block@993b48ceb98b4dba99b3214db63e91d4/handler_noauth/grade_handler	False	run	2026-08-11 14:45:51.635894
1390075babb4754ece4433c7da54ad48		course-v1:skillfactory+MIFIML-DS+2025:lms.skillfactory.ru-d17f88bd2bc44c919e196a504322059d:1390075babb4754ece4433c7da54ad48	https://lms.skillfactory.ru/courses/course-v1:skillfactory+MIFIML-DS+2025/xblock/block-v1:skillfactory+MIFIML-DS+2025+type@lti+block@d17f88bd2bc44c919e196a504322059d/handler_noauth/grade_handler	False	run	2026-08-11 18:17:56.250031
1390075babb4754ece4433c7da54ad48		course-v1:skillfactory+MIFIML-DS+2025:lms.skillfactory.ru-4ad4d5297ca44d8bbfbbff1c8e791fba:1390075babb4754ece4433c7da54ad48	https://lms.skillfactory.ru/courses/course-v1:skillfactory+MIFIML-DS+2025/xblock/block-v1:skillfactory+MIFIML-DS+2025+type@lti+block@4ad4d5297ca44d8bbfbbff1c8e791fba/handler_noauth/grade_handler	False	run	2026-08-11 18:25:59.128347
1390075babb4754ece4433c7da54ad48		course-v1:skillfactory+MIFIML-DS+2025:lms.skillfactory.ru-4ad4d5297ca44d8bbfbbff1c8e791fba:1390075babb4754ece4433c7da54ad48	https://lms.skillfactory.ru/courses/course-v1:skillfactory+MIFIML-DS+2025/xblock/block-v1:skillfactory+MIFIML-DS+2025+type@lti+block@4ad4d5297ca44d8bbfbbff1c8e791fba/handler_noauth/grade_handler	False	run	2026-08-11 18:27:06.040832
1390075babb4754ece4433c7da54ad48		course-v1:skillfactory+MIFIML-DS+2025:lms.skillfactory.ru-4ad4d5297ca44d8bbfbbff1c8e791fba:1390075babb4754ece4433c7da54ad48	https://lms.skillfactory.ru/courses/course-v1:skillfactory+MIFIML-DS+2025/xblock/block-v1:skillfactory+MIFIML-DS+2025+type@lti+block@4ad4d5297ca44d8bbfbbff1c8e791fba/handler_noauth/grade_handler	False	run	2026-08-11 18:27:29.649854
1390075babb4754ece4433c7da54ad48		course-v1:skillfactory+MIFIML-DS+2025:lms.skillfactory.ru-4ad4d5297ca44d8bbfbbff1c8e791fba:1390075babb4754ece4433c7da54ad48	https://lms.skillfactory.ru/courses/course-v1:skillfactory+MIFIML-DS+2025/xblock/block-v1:skillfactory+MIFIML-DS+2025+type@lti+block@4ad4d5297ca44d8bbfbbff1c8e791fba/handler_noauth/grade_handler	False	run	2026-08-11 18:28:23.494994
1390075babb4754ece4433c7da54ad48		course-v1:skillfactory+MIFIML-DS+2025:lms.skillfactory.ru-4ad4d5297ca44d8bbfbbff1c8e791fba:1390075babb4754ece4433c7da54ad48	https://lms.skillfactory.ru/courses/course-v1:skillfactory+MIFIML-DS+2025/xblock/block-v1:skillfactory+MIFIML-DS+2025+type@lti+block@4ad4d5297ca44d8bbfbbff1c8e791fba/handler_noauth/grade_handler	False	run	2026-08-11 18:29:02.128196
1390075babb4754ece4433c7da54ad48		course-v1:skillfactory+MIFIML-DS+2025:lms.skillfactory.ru-4ad4d5297ca44d8bbfbbff1c8e791fba:1390075babb4754ece4433c7da54ad48	https://lms.skillfactory.ru/courses/course-v1:skillfactory+MIFIML-DS+2025/xblock/block-v1:skillfactory+MIFIML-DS+2025+type@lti+block@4ad4d5297ca44d8bbfbbff1c8e791fba/handler_noauth/grade_handler	False	run	2026-08-11 18:29:27.567942
f63a8b7f5d58d5c27b857c1880f8eb39		course-v1:SkillFactory+SDA-3.0+FEB2021:lms.skillfactory.ru-f74a7f688d79407a8da81bb62126900e:f63a8b7f5d58d5c27b857c1880f8eb39	https://lms.skillfactory.ru/courses/course-v1:SkillFactory+SDA-3.0+FEB2021/xblock/block-v1:SkillFactory+SDA-3.0+FEB2021+type@lti+block@f74a7f688d79407a8da81bb62126900e/handler_noauth/grade_handler	False	run	2026-08-11 19:40:53.847815
f63a8b7f5d58d5c27b857c1880f8eb39		course-v1:SkillFactory+SDA-3.0+FEB2021:lms.skillfactory.ru-d0af8fc8437e43fd80617ef71b5b5731:f63a8b7f5d58d5c27b857c1880f8eb39	https://lms.skillfactory.ru/courses/course-v1:SkillFactory+SDA-3.0+FEB2021/xblock/block-v1:SkillFactory+SDA-3.0+FEB2021+type@lti+block@d0af8fc8437e43fd80617ef71b5b5731/handler_noauth/grade_handler	False	run	2026-08-11 19:45:14.471422
f63a8b7f5d58d5c27b857c1880f8eb39		course-v1:SkillFactory+SDA-3.0+FEB2021:lms.skillfactory.ru-84394a2158394160af9fc34037221bb9:f63a8b7f5d58d5c27b857c1880f8eb39	https://lms.skillfactory.ru/courses/course-v1:SkillFactory+SDA-3.0+FEB2021/xblock/block-v1:SkillFactory+SDA-3.0+FEB2021+type@lti+block@84394a2158394160af9fc34037221bb9/handler_noauth/grade_handler	False	run	2026-08-11 19:55:03.214378
f63a8b7f5d58d5c27b857c1880f8eb39		course-v1:SkillFactory+SDA-3.0+FEB2021:lms.skillfactory.ru-84394a2158394160af9fc34037221bb9:f63a8b7f5d58d5c27b857c1880f8eb39	https://lms.skillfactory.ru/courses/course-v1:SkillFactory+SDA-3.0+FEB2021/xblock/block-v1:SkillFactory+SDA-3.0+FEB2021+type@lti+block@84394a2158394160af9fc34037221bb9/handler_noauth/grade_handler	False	run	2026-08-11 19:56:40.638675
f63a8b7f5d58d5c27b857c1880f8eb39		course-v1:SkillFactory+SDA-3.0+FEB2021:lms.skillfactory.ru-84394a2158394160af9fc34037221bb9:f63a8b7f5d58d5c27b857c1880f8eb39	https://lms.skillfactory.ru/courses/course-v1:SkillFactory+SDA-3.0+FEB2021/xblock/block-v1:SkillFactory+SDA-3.0+FEB2021+type@lti+block@84394a2158394160af9fc34037221bb9/handler_noauth/grade_handler	False	run	2026-08-11 19:59:47.645482
f63a8b7f5d58d5c27b857c1880f8eb39		course-v1:SkillFactory+SDA-3.0+FEB2021:lms.skillfactory.ru-84394a2158394160af9fc34037221bb9:f63a8b7f5d58d5c27b857c1880f8eb39	https://lms.skillfactory.ru/courses/course-v1:SkillFactory+SDA-3.0+FEB2021/xblock/block-v1:SkillFactory+SDA-3.0+FEB2021+type@lti+block@84394a2158394160af9fc34037221bb9/handler_noauth/grade_handler	False	run	2026-08-11 20:01:57.341471
f63a8b7f5d58d5c27b857c1880f8eb39		course-v1:SkillFactory+SDA-3.0+FEB2021:lms.skillfactory.ru-84394a2158394160af9fc34037221bb9:f63a8b7f5d58d5c27b857c1880f8eb39	https://lms.skillfactory.ru/courses/course-v1:SkillFactory+SDA-3.0+FEB2021/xblock/block-v1:SkillFactory+SDA-3.0+FEB2021+type@lti+block@84394a2158394160af9fc34037221bb9/handler_noauth/grade_handler	False	run	2026-08-11 20:15:19.405898
f15d790a25227944029a87ae683a5d66		course-v1:SkillFactory+PDEV+2021:lms.skillfactory.ru-ce803f1913124da38703ce7935c5104d:f15d790a25227944029a87ae683a5d66	https://lms.skillfactory.ru/courses/course-v1:SkillFactory+PDEV+2021/xblock/block-v1:SkillFactory+PDEV+2021+type@lti+block@ce803f1913124da38703ce7935c5104d/handler_noauth/grade_handler	False	run	2026-08-11 20:24:51.140352
f15d790a25227944029a87ae683a5d66		course-v1:SkillFactory+PDEV+2021:lms.skillfactory.ru-9e5027c0002d494dad2d870e35a4c60e:f15d790a25227944029a87ae683a5d66	https://lms.skillfactory.ru/courses/course-v1:SkillFactory+PDEV+2021/xblock/block-v1:SkillFactory+PDEV+2021+type@lti+block@9e5027c0002d494dad2d870e35a4c60e/handler_noauth/grade_handler	False	run	2026-08-11 20:26:58.390932
f63a8b7f5d58d5c27b857c1880f8eb39		course-v1:SkillFactory+SDA-3.0+FEB2021:lms.skillfactory.ru-ba69a652ec204848be25e4f74138ae7e:f63a8b7f5d58d5c27b857c1880f8eb39	https://lms.skillfactory.ru/courses/course-v1:SkillFactory+SDA-3.0+FEB2021/xblock/block-v1:SkillFactory+SDA-3.0+FEB2021+type@lti+block@ba69a652ec204848be25e4f74138ae7e/handler_noauth/grade_handler	False	run	2026-08-11 20:27:32.695730
f63a8b7f5d58d5c27b857c1880f8eb39		course-v1:SkillFactory+SDA-3.0+FEB2021:lms.skillfactory.ru-ba69a652ec204848be25e4f74138ae7e:f63a8b7f5d58d5c27b857c1880f8eb39	https://lms.skillfactory.ru/courses/course-v1:SkillFactory+SDA-3.0+FEB2021/xblock/block-v1:SkillFactory+SDA-3.0+FEB2021+type@lti+block@ba69a652ec204848be25e4f74138ae7e/handler_noauth/grade_handler	False	run	2026-08-11 20:29:00.861962
f15d790a25227944029a87ae683a5d66		course-v1:SkillFactory+PDEV+2021:lms.skillfactory.ru-f65e753f0ed340d0b8268593aa6f8f79:f15d790a25227944029a87ae683a5d66	https://lms.skillfactory.ru/courses/course-v1:SkillFactory+PDEV+2021/xblock/block-v1:SkillFactory+PDEV+2021+type@lti+block@f65e753f0ed340d0b8268593aa6f8f79/handler_noauth/grade_handler	False	run	2026-08-11 20:29:30.249305
f63a8b7f5d58d5c27b857c1880f8eb39		course-v1:SkillFactory+SDA-3.0+FEB2021:lms.skillfactory.ru-ba69a652ec204848be25e4f74138ae7e:f63a8b7f5d58d5c27b857c1880f8eb39	https://lms.skillfactory.ru/courses/course-v1:SkillFactory+SDA-3.0+FEB2021/xblock/block-v1:SkillFactory+SDA-3.0+FEB2021+type@lti+block@ba69a652ec204848be25e4f74138ae7e/handler_noauth/grade_handler	False	run	2026-08-11 20:29:43.661983
f15d790a25227944029a87ae683a5d66		course-v1:SkillFactory+PDEV+2021:lms.skillfactory.ru-0a157932cec949ddbebef83b338d4a6e:f15d790a25227944029a87ae683a5d66	https://lms.skillfactory.ru/courses/course-v1:SkillFactory+PDEV+2021/xblock/block-v1:SkillFactory+PDEV+2021+type@lti+block@0a157932cec949ddbebef83b338d4a6e/handler_noauth/grade_handler	False	run	2026-08-11 20:31:02.451919
f15d790a25227944029a87ae683a5d66		course-v1:SkillFactory+PDEV+2021:lms.skillfactory.ru-79a8dbf8b4e042a2b0099548cadc2c39:f15d790a25227944029a87ae683a5d66	https://lms.skillfactory.ru/courses/course-v1:SkillFactory+PDEV+2021/xblock/block-v1:SkillFactory+PDEV+2021+type@lti+block@79a8dbf8b4e042a2b0099548cadc2c39/handler_noauth/grade_handler	False	run	2026-08-11 20:43:21.850934
f63a8b7f5d58d5c27b857c1880f8eb39		course-v1:SkillFactory+SDA-3.0+FEB2021:lms.skillfactory.ru-c1fd4cc24cf841a8864499de3f756d14:f63a8b7f5d58d5c27b857c1880f8eb39	https://lms.skillfactory.ru/courses/course-v1:SkillFactory+SDA-3.0+FEB2021/xblock/block-v1:SkillFactory+SDA-3.0+FEB2021+type@lti+block@c1fd4cc24cf841a8864499de3f756d14/handler_noauth/grade_handler	False	run	2026-08-11 20:50:07.569178
f63a8b7f5d58d5c27b857c1880f8eb39		course-v1:SkillFactory+SDA-3.0+FEB2021:lms.skillfactory.ru-c1fd4cc24cf841a8864499de3f756d14:f63a8b7f5d58d5c27b857c1880f8eb39	https://lms.skillfactory.ru/courses/course-v1:SkillFactory+SDA-3.0+FEB2021/xblock/block-v1:SkillFactory+SDA-3.0+FEB2021+type@lti+block@c1fd4cc24cf841a8864499de3f756d14/handler_noauth/grade_handler	False	run	2026-08-11 20:52:30.877962
f63a8b7f5d58d5c27b857c1880f8eb39		course-v1:SkillFactory+SDA-3.0+FEB2021:lms.skillfactory.ru-c1fd4cc24cf841a8864499de3f756d14:f63a8b7f5d58d5c27b857c1880f8eb39	https://lms.skillfactory.ru/courses/course-v1:SkillFactory+SDA-3.0+FEB2021/xblock/block-v1:SkillFactory+SDA-3.0+FEB2021+type@lti+block@c1fd4cc24cf841a8864499de3f756d14/handler_noauth/grade_handler	False	run	2026-08-11 20:54:36.190297
f63a8b7f5d58d5c27b857c1880f8eb39		course-v1:SkillFactory+SDA-3.0+FEB2021:lms.skillfactory.ru-c1fd4cc24cf841a8864499de3f756d14:f63a8b7f5d58d5c27b857c1880f8eb39	https://lms.skillfactory.ru/courses/course-v1:SkillFactory+SDA-3.0+FEB2021/xblock/block-v1:SkillFactory+SDA-3.0+FEB2021+type@lti+block@c1fd4cc24cf841a8864499de3f756d14/handler_noauth/grade_handler	False	run	2026-08-11 20:58:51.172851
f63a8b7f5d58d5c27b857c1880f8eb39		course-v1:SkillFactory+SDA-3.0+FEB2021:lms.skillfactory.ru-c1fd4cc24cf841a8864499de3f756d14:f63a8b7f5d58d5c27b857c1880f8eb39	https://lms.skillfactory.ru/courses/course-v1:SkillFactory+SDA-3.0+FEB2021/xblock/block-v1:SkillFactory+SDA-3.0+FEB2021+type@lti+block@c1fd4cc24cf841a8864499de3f756d14/handler_noauth/grade_handler	False	run	2026-08-11 21:00:50.944294
f63a8b7f5d58d5c27b857c1880f8eb39		course-v1:SkillFactory+SDA-3.0+FEB2021:lms.skillfactory.ru-c1fd4cc24cf841a8864499de3f756d14:f63a8b7f5d58d5c27b857c1880f8eb39	https://lms.skillfactory.ru/courses/course-v1:SkillFactory+SDA-3.0+FEB2021/xblock/block-v1:SkillFactory+SDA-3.0+FEB2021+type@lti+block@c1fd4cc24cf841a8864499de3f756d14/handler_noauth/grade_handler	False	run	2026-08-11 21:03:48.986182
f63a8b7f5d58d5c27b857c1880f8eb39		course-v1:SkillFactory+SDA-3.0+FEB2021:lms.skillfactory.ru-c1fd4cc24cf841a8864499de3f756d14:f63a8b7f5d58d5c27b857c1880f8eb39	https://lms.skillfactory.ru/courses/course-v1:SkillFactory+SDA-3.0+FEB2021/xblock/block-v1:SkillFactory+SDA-3.0+FEB2021+type@lti+block@c1fd4cc24cf841a8864499de3f756d14/handler_noauth/grade_handler	False	run	2026-08-11 21:05:11.894868
f63a8b7f5d58d5c27b857c1880f8eb39		course-v1:SkillFactory+SDA-3.0+FEB2021:lms.skillfactory.ru-c1fd4cc24cf841a8864499de3f756d14:f63a8b7f5d58d5c27b857c1880f8eb39	https://lms.skillfactory.ru/courses/course-v1:SkillFactory+SDA-3.0+FEB2021/xblock/block-v1:SkillFactory+SDA-3.0+FEB2021+type@lti+block@c1fd4cc24cf841a8864499de3f756d14/handler_noauth/grade_handler	False	run	2026-08-11 21:06:11.156664
f63a8b7f5d58d5c27b857c1880f8eb39		course-v1:SkillFactory+SDA-3.0+FEB2021:lms.skillfactory.ru-c1fd4cc24cf841a8864499de3f756d14:f63a8b7f5d58d5c27b857c1880f8eb39	https://lms.skillfactory.ru/courses/course-v1:SkillFactory+SDA-3.0+FEB2021/xblock/block-v1:SkillFactory+SDA-3.0+FEB2021+type@lti+block@c1fd4cc24cf841a8864499de3f756d14/handler_noauth/grade_handler	False	run	2026-08-11 21:08:01.060562
f63a8b7f5d58d5c27b857c1880f8eb39		course-v1:SkillFactory+SDA-3.0+FEB2021:lms.skillfactory.ru-c1fd4cc24cf841a8864499de3f756d14:f63a8b7f5d58d5c27b857c1880f8eb39	https://lms.skillfactory.ru/courses/course-v1:SkillFactory+SDA-3.0+FEB2021/xblock/block-v1:SkillFactory+SDA-3.0+FEB2021+type@lti+block@c1fd4cc24cf841a8864499de3f756d14/handler_noauth/grade_handler	False	run	2026-08-11 21:09:05.617323
f15d790a25227944029a87ae683a5d66		course-v1:SkillFactory+PDEV+2021:lms.skillfactory.ru-ba2a1b8e3b45434fbf8cd97ccf0a4fbb:f15d790a25227944029a87ae683a5d66	https://lms.skillfactory.ru/courses/course-v1:SkillFactory+PDEV+2021/xblock/block-v1:SkillFactory+PDEV+2021+type@lti+block@ba2a1b8e3b45434fbf8cd97ccf0a4fbb/handler_noauth/grade_handler	False	run	2026-08-12 06:24:15.350282
f15d790a25227944029a87ae683a5d66		course-v1:SkillFactory+PDEV+2021:lms.skillfactory.ru-3a78088c29d8438795e730fcf9d8fd66:f15d790a25227944029a87ae683a5d66	https://lms.skillfactory.ru/courses/course-v1:SkillFactory+PDEV+2021/xblock/block-v1:SkillFactory+PDEV+2021+type@lti+block@3a78088c29d8438795e730fcf9d8fd66/handler_noauth/grade_handler	False	run	2026-08-12 06:46:24.696105
93f7ae1456fee4ad8a3a007a6abec47b		course-v1:SkillFactory+DAPR-2.0+MAR2021:lms.skillfactory.ru-ba2cd17afbd44f2781644609859de831:93f7ae1456fee4ad8a3a007a6abec47b		False	run	2026-08-12 08:45:10.067739
93f7ae1456fee4ad8a3a007a6abec47b		course-v1:SkillFactory+DAPR-2.0+MAR2021:lms.skillfactory.ru-ba2cd17afbd44f2781644609859de831:93f7ae1456fee4ad8a3a007a6abec47b		False	run	2026-08-12 08:47:46.337336
93f7ae1456fee4ad8a3a007a6abec47b		course-v1:SkillFactory+DAPR-2.0+MAR2021:lms.skillfactory.ru-ba2cd17afbd44f2781644609859de831:93f7ae1456fee4ad8a3a007a6abec47b		False	run	2026-08-12 08:48:03.706167
93f7ae1456fee4ad8a3a007a6abec47b		course-v1:SkillFactory+DAPR-2.0+MAR2021:lms.skillfactory.ru-ba2cd17afbd44f2781644609859de831:93f7ae1456fee4ad8a3a007a6abec47b		False	run	2026-08-12 08:48:56.164305
ab315ac591163a7357a61c24b17a85ad		course-v1:SkillFactory+PY-ANALYSIS+26OCT2020:lms.skillfactory.ru-eadce77e3f25493885ca70057f5ac6fc:ab315ac591163a7357a61c24b17a85ad	https://lms.skillfactory.ru/courses/course-v1:SkillFactory+PY-ANALYSIS+26OCT2020/xblock/block-v1:SkillFactory+PY-ANALYSIS+26OCT2020+type@lti+block@eadce77e3f25493885ca70057f5ac6fc/handler_noauth/grade_handler	False	run	2026-08-12 09:12:29.754756
c140a78e0fe80e8e27e8870474c5e68c		course-v1:Skillfactory+MFTIBIO-1sem+2024:lms.skillfactory.ru-46d800c164aa4f5e97b77545883b45a2:c140a78e0fe80e8e27e8870474c5e68c	https://lms.skillfactory.ru/courses/course-v1:Skillfactory+MFTIBIO-1sem+2024/xblock/block-v1:Skillfactory+MFTIBIO-1sem+2024+type@lti+block@46d800c164aa4f5e97b77545883b45a2/handler_noauth/grade_handler	False	run	2026-08-12 11:45:13.987323
c140a78e0fe80e8e27e8870474c5e68c		course-v1:Skillfactory+MFTIBIO-1sem+2024:lms.skillfactory.ru-46d800c164aa4f5e97b77545883b45a2:c140a78e0fe80e8e27e8870474c5e68c	https://lms.skillfactory.ru/courses/course-v1:Skillfactory+MFTIBIO-1sem+2024/xblock/block-v1:Skillfactory+MFTIBIO-1sem+2024+type@lti+block@46d800c164aa4f5e97b77545883b45a2/handler_noauth/grade_handler	False	run	2026-08-12 11:45:33.816461
c140a78e0fe80e8e27e8870474c5e68c		course-v1:Skillfactory+MFTIBIO-1sem+2024:lms.skillfactory.ru-cc898ba8e22c4680ad2c3a4130feacac:c140a78e0fe80e8e27e8870474c5e68c	https://lms.skillfactory.ru/courses/course-v1:Skillfactory+MFTIBIO-1sem+2024/xblock/block-v1:Skillfactory+MFTIBIO-1sem+2024+type@lti+block@cc898ba8e22c4680ad2c3a4130feacac/handler_noauth/grade_handler	False	run	2026-08-12 11:54:35.309496
c140a78e0fe80e8e27e8870474c5e68c		course-v1:Skillfactory+MFTIBIO-1sem+2024:lms.skillfactory.ru-e542c2e25a954f2594a07dcf812ea6d9:c140a78e0fe80e8e27e8870474c5e68c	https://lms.skillfactory.ru/courses/course-v1:Skillfactory+MFTIBIO-1sem+2024/xblock/block-v1:Skillfactory+MFTIBIO-1sem+2024+type@lti+block@e542c2e25a954f2594a07dcf812ea6d9/handler_noauth/grade_handler	False	run	2026-08-12 12:03:57.008256
c140a78e0fe80e8e27e8870474c5e68c		course-v1:Skillfactory+MFTIBIO-1sem+2024:lms.skillfactory.ru-e542c2e25a954f2594a07dcf812ea6d9:c140a78e0fe80e8e27e8870474c5e68c	https://lms.skillfactory.ru/courses/course-v1:Skillfactory+MFTIBIO-1sem+2024/xblock/block-v1:Skillfactory+MFTIBIO-1sem+2024+type@lti+block@e542c2e25a954f2594a07dcf812ea6d9/handler_noauth/grade_handler	False	run	2026-08-12 12:04:56.464467
c140a78e0fe80e8e27e8870474c5e68c		course-v1:Skillfactory+MFTIBIO-1sem+2024:lms.skillfactory.ru-e542c2e25a954f2594a07dcf812ea6d9:c140a78e0fe80e8e27e8870474c5e68c	https://lms.skillfactory.ru/courses/course-v1:Skillfactory+MFTIBIO-1sem+2024/xblock/block-v1:Skillfactory+MFTIBIO-1sem+2024+type@lti+block@e542c2e25a954f2594a07dcf812ea6d9/handler_noauth/grade_handler	False	run	2026-08-12 12:05:57.707294
c140a78e0fe80e8e27e8870474c5e68c		course-v1:Skillfactory+MFTIBIO-1sem+2024:lms.skillfactory.ru-e542c2e25a954f2594a07dcf812ea6d9:c140a78e0fe80e8e27e8870474c5e68c	https://lms.skillfactory.ru/courses/course-v1:Skillfactory+MFTIBIO-1sem+2024/xblock/block-v1:Skillfactory+MFTIBIO-1sem+2024+type@lti+block@e542c2e25a954f2594a07dcf812ea6d9/handler_noauth/grade_handler	False	run	2026-08-12 12:07:40.721376
c140a78e0fe80e8e27e8870474c5e68c		course-v1:Skillfactory+MFTIBIO-1sem+2024:lms.skillfactory.ru-e542c2e25a954f2594a07dcf812ea6d9:c140a78e0fe80e8e27e8870474c5e68c	https://lms.skillfactory.ru/courses/course-v1:Skillfactory+MFTIBIO-1sem+2024/xblock/block-v1:Skillfactory+MFTIBIO-1sem+2024+type@lti+block@e542c2e25a954f2594a07dcf812ea6d9/handler_noauth/grade_handler	False	run	2026-08-12 12:07:54.251679
c140a78e0fe80e8e27e8870474c5e68c		course-v1:Skillfactory+MFTIBIO-1sem+2024:lms.skillfactory.ru-6f10a640dfea4f5daef364fe7dc1ebb1:c140a78e0fe80e8e27e8870474c5e68c	https://lms.skillfactory.ru/courses/course-v1:Skillfactory+MFTIBIO-1sem+2024/xblock/block-v1:Skillfactory+MFTIBIO-1sem+2024+type@lti+block@6f10a640dfea4f5daef364fe7dc1ebb1/handler_noauth/grade_handler	False	run	2026-08-12 12:21:01.386829
b499753f880238360d412abfd7d6ee46		course-v1:SkillFactory+PY-ANALYSIS+26OCT2020:lms.skillfactory.ru-0ed8d1e13af348ba9079a4e2f03c063c:b499753f880238360d412abfd7d6ee46	https://lms.skillfactory.ru/courses/course-v1:SkillFactory+PY-ANALYSIS+26OCT2020/xblock/block-v1:SkillFactory+PY-ANALYSIS+26OCT2020+type@lti+block@0ed8d1e13af348ba9079a4e2f03c063c/handler_noauth/grade_handler	False	run	2026-08-12 12:34:31.019061
08483d52ab4c3eab9b1dcee27a793d38		course-v1:SkillFactory+DAPR-2.0+MAR2021:lms.skillfactory.ru-cc2ddf624e304b3db111101e44abe83e:08483d52ab4c3eab9b1dcee27a793d38		False	run	2026-08-12 12:47:59.670493
ab315ac591163a7357a61c24b17a85ad		course-v1:SkillFactory+PY-ANALYSIS+26OCT2020:lms.skillfactory.ru-0ed8d1e13af348ba9079a4e2f03c063c:ab315ac591163a7357a61c24b17a85ad	https://lms.skillfactory.ru/courses/course-v1:SkillFactory+PY-ANALYSIS+26OCT2020/xblock/block-v1:SkillFactory+PY-ANALYSIS+26OCT2020+type@lti+block@0ed8d1e13af348ba9079a4e2f03c063c/handler_noauth/grade_handler	False	run	2026-08-12 13:52:55.883832
ab315ac591163a7357a61c24b17a85ad		course-v1:SkillFactory+PY-ANALYSIS+26OCT2020:lms.skillfactory.ru-0ed8d1e13af348ba9079a4e2f03c063c:ab315ac591163a7357a61c24b17a85ad	https://lms.skillfactory.ru/courses/course-v1:SkillFactory+PY-ANALYSIS+26OCT2020/xblock/block-v1:SkillFactory+PY-ANALYSIS+26OCT2020+type@lti+block@0ed8d1e13af348ba9079a4e2f03c063c/handler_noauth/grade_handler	False	run	2026-08-12 14:02:24.402598
ab315ac591163a7357a61c24b17a85ad		course-v1:SkillFactory+PY-ANALYSIS+26OCT2020:lms.skillfactory.ru-91cf372d91784b27bf08760f53fa39a6:ab315ac591163a7357a61c24b17a85ad	https://lms.skillfactory.ru/courses/course-v1:SkillFactory+PY-ANALYSIS+26OCT2020/xblock/block-v1:SkillFactory+PY-ANALYSIS+26OCT2020+type@lti+block@91cf372d91784b27bf08760f53fa39a6/handler_noauth/grade_handler	False	run	2026-08-12 14:16:41.837605
ab315ac591163a7357a61c24b17a85ad		course-v1:SkillFactory+PY-ANALYSIS+26OCT2020:lms.skillfactory.ru-e3ccf97715db46a791a53732d25947bf:ab315ac591163a7357a61c24b17a85ad	https://lms.skillfactory.ru/courses/course-v1:SkillFactory+PY-ANALYSIS+26OCT2020/xblock/block-v1:SkillFactory+PY-ANALYSIS+26OCT2020+type@lti+block@e3ccf97715db46a791a53732d25947bf/handler_noauth/grade_handler	False	run	2026-08-12 15:00:00.268820
ab315ac591163a7357a61c24b17a85ad		course-v1:SkillFactory+PY-ANALYSIS+26OCT2020:lms.skillfactory.ru-e3ccf97715db46a791a53732d25947bf:ab315ac591163a7357a61c24b17a85ad	https://lms.skillfactory.ru/courses/course-v1:SkillFactory+PY-ANALYSIS+26OCT2020/xblock/block-v1:SkillFactory+PY-ANALYSIS+26OCT2020+type@lti+block@e3ccf97715db46a791a53732d25947bf/handler_noauth/grade_handler	False	run	2026-08-12 15:00:31.255717
99a607f040762d5b8ff8c7f2712b7a45		course-v1:SkillFactory+SDA-3.0+FEB2021:lms.skillfactory.ru-d7068519efed483cabab8ba6aa9aba90:99a607f040762d5b8ff8c7f2712b7a45	https://lms.skillfactory.ru/courses/course-v1:SkillFactory+SDA-3.0+FEB2021/xblock/block-v1:SkillFactory+SDA-3.0+FEB2021+type@lti+block@d7068519efed483cabab8ba6aa9aba90/handler_noauth/grade_handler	False	run	2026-08-12 15:15:58.974202
ed0a0fec589664862c75c49979adf63d		course-v1:SkillFactory+SDA-3.0+FEB2021:lms.skillfactory.ru-37380ca9255c4a9e9585f4f4a547df8e:ed0a0fec589664862c75c49979adf63d	https://lms.skillfactory.ru/courses/course-v1:SkillFactory+SDA-3.0+FEB2021/xblock/block-v1:SkillFactory+SDA-3.0+FEB2021+type@lti+block@37380ca9255c4a9e9585f4f4a547df8e/handler_noauth/grade_handler	False	run	2026-08-12 17:08:24.749060
ed0a0fec589664862c75c49979adf63d		course-v1:SkillFactory+SDA-3.0+FEB2021:lms.skillfactory.ru-27a258f598824bcbabadbac88254d7cc:ed0a0fec589664862c75c49979adf63d	https://lms.skillfactory.ru/courses/course-v1:SkillFactory+SDA-3.0+FEB2021/xblock/block-v1:SkillFactory+SDA-3.0+FEB2021+type@lti+block@27a258f598824bcbabadbac88254d7cc/handler_noauth/grade_handler	False	run	2026-08-12 17:18:20.316637
ed0a0fec589664862c75c49979adf63d		course-v1:SkillFactory+SDA-3.0+FEB2021:lms.skillfactory.ru-e6cec60da0d943179eac7ab632bcbe47:ed0a0fec589664862c75c49979adf63d	https://lms.skillfactory.ru/courses/course-v1:SkillFactory+SDA-3.0+FEB2021/xblock/block-v1:SkillFactory+SDA-3.0+FEB2021+type@lti+block@e6cec60da0d943179eac7ab632bcbe47/handler_noauth/grade_handler	False	run	2026-08-12 17:25:42.378824
ed0a0fec589664862c75c49979adf63d		course-v1:SkillFactory+SDA-3.0+FEB2021:lms.skillfactory.ru-e6cec60da0d943179eac7ab632bcbe47:ed0a0fec589664862c75c49979adf63d	https://lms.skillfactory.ru/courses/course-v1:SkillFactory+SDA-3.0+FEB2021/xblock/block-v1:SkillFactory+SDA-3.0+FEB2021+type@lti+block@e6cec60da0d943179eac7ab632bcbe47/handler_noauth/grade_handler	False	run	2026-08-12 17:28:24.954172
ed0a0fec589664862c75c49979adf63d		course-v1:SkillFactory+SDA-3.0+FEB2021:lms.skillfactory.ru-470f8334b1f94942b693cb0d4de44763:ed0a0fec589664862c75c49979adf63d	https://lms.skillfactory.ru/courses/course-v1:SkillFactory+SDA-3.0+FEB2021/xblock/block-v1:SkillFactory+SDA-3.0+FEB2021+type@lti+block@470f8334b1f94942b693cb0d4de44763/handler_noauth/grade_handler	False	run	2026-08-12 17:39:57.133953
ed0a0fec589664862c75c49979adf63d		course-v1:SkillFactory+SDA-3.0+FEB2021:lms.skillfactory.ru-33cdc89f12b44da094052faa93e62a1e:ed0a0fec589664862c75c49979adf63d	https://lms.skillfactory.ru/courses/course-v1:SkillFactory+SDA-3.0+FEB2021/xblock/block-v1:SkillFactory+SDA-3.0+FEB2021+type@lti+block@33cdc89f12b44da094052faa93e62a1e/handler_noauth/grade_handler	False	run	2026-08-12 18:02:35.101215
ed0a0fec589664862c75c49979adf63d		course-v1:SkillFactory+SDA-3.0+FEB2021:lms.skillfactory.ru-24c1e4ec6e2f4fa98862f7f9c8061bc5:ed0a0fec589664862c75c49979adf63d	https://lms.skillfactory.ru/courses/course-v1:SkillFactory+SDA-3.0+FEB2021/xblock/block-v1:SkillFactory+SDA-3.0+FEB2021+type@lti+block@24c1e4ec6e2f4fa98862f7f9c8061bc5/handler_noauth/grade_handler	False	run	2026-08-12 18:06:05.935683
5d250312e7c12bf3ba65b3c0319c0608		course-v1:SkillFactory+SDA-3.0+FEB2021:lms.skillfactory.ru-5b0c1041add74fd79b8824f50ac842cf:5d250312e7c12bf3ba65b3c0319c0608		False	run	2026-08-13 07:19:45.727603
5d250312e7c12bf3ba65b3c0319c0608		course-v1:SkillFactory+SDA-3.0+FEB2021:lms.skillfactory.ru-5b0c1041add74fd79b8824f50ac842cf:5d250312e7c12bf3ba65b3c0319c0608		False	run	2026-08-13 07:20:51.455826
5d250312e7c12bf3ba65b3c0319c0608		course-v1:SkillFactory+SDA-3.0+FEB2021:lms.skillfactory.ru-5b0c1041add74fd79b8824f50ac842cf:5d250312e7c12bf3ba65b3c0319c0608		False	run	2026-08-13 07:55:37.604103
5d250312e7c12bf3ba65b3c0319c0608		course-v1:SkillFactory+SDA-3.0+FEB2021:lms.skillfactory.ru-5b0c1041add74fd79b8824f50ac842cf:5d250312e7c12bf3ba65b3c0319c0608		False	run	2026-08-13 07:57:33.236201
5d250312e7c12bf3ba65b3c0319c0608		course-v1:SkillFactory+SDA-3.0+FEB2021:lms.skillfactory.ru-5b0c1041add74fd79b8824f50ac842cf:5d250312e7c12bf3ba65b3c0319c0608		False	run	2026-08-13 07:57:46.383105
5d250312e7c12bf3ba65b3c0319c0608		course-v1:SkillFactory+SDA-3.0+FEB2021:lms.skillfactory.ru-5b0c1041add74fd79b8824f50ac842cf:5d250312e7c12bf3ba65b3c0319c0608		False	run	2026-08-13 07:57:55.442713
5d250312e7c12bf3ba65b3c0319c0608		course-v1:SkillFactory+SDA-3.0+FEB2021:lms.skillfactory.ru-34fe143d44f447ff8084732fccda8fa8:5d250312e7c12bf3ba65b3c0319c0608		False	run	2026-08-13 08:03:35.029295
5d250312e7c12bf3ba65b3c0319c0608		course-v1:SkillFactory+SDA-3.0+FEB2021:lms.skillfactory.ru-34fe143d44f447ff8084732fccda8fa8:5d250312e7c12bf3ba65b3c0319c0608		False	run	2026-08-13 08:04:41.629303
5d250312e7c12bf3ba65b3c0319c0608		course-v1:SkillFactory+SDA-3.0+FEB2021:lms.skillfactory.ru-34fe143d44f447ff8084732fccda8fa8:5d250312e7c12bf3ba65b3c0319c0608		False	run	2026-08-13 08:05:53.416100
5d250312e7c12bf3ba65b3c0319c0608		course-v1:SkillFactory+SDA-3.0+FEB2021:lms.skillfactory.ru-34fe143d44f447ff8084732fccda8fa8:5d250312e7c12bf3ba65b3c0319c0608		False	run	2026-08-13 08:06:09.789272
f15d790a25227944029a87ae683a5d66		course-v1:SkillFactory+PDEV+2021:lms.skillfactory.ru-482066069d71411e8393574936301df7:f15d790a25227944029a87ae683a5d66	https://lms.skillfactory.ru/courses/course-v1:SkillFactory+PDEV+2021/xblock/block-v1:SkillFactory+PDEV+2021+type@lti+block@482066069d71411e8393574936301df7/handler_noauth/grade_handler	False	run	2026-08-13 08:41:01.623013
5d250312e7c12bf3ba65b3c0319c0608		course-v1:SkillFactory+SDA-3.0+FEB2021:lms.skillfactory.ru-34fe143d44f447ff8084732fccda8fa8:5d250312e7c12bf3ba65b3c0319c0608		False	run	2026-08-13 08:46:10.685539
5d250312e7c12bf3ba65b3c0319c0608		course-v1:SkillFactory+SDA-3.0+FEB2021:lms.skillfactory.ru-34fe143d44f447ff8084732fccda8fa8:5d250312e7c12bf3ba65b3c0319c0608		False	run	2026-08-13 08:48:19.393188
5d250312e7c12bf3ba65b3c0319c0608		course-v1:SkillFactory+SDA-3.0+FEB2021:lms.skillfactory.ru-34fe143d44f447ff8084732fccda8fa8:5d250312e7c12bf3ba65b3c0319c0608		False	run	2026-08-13 09:00:59.554922
ec6034d97779f1442a1e5f2a6d4fb867		course-v1:Skillfactory+QAP+18JUNE2020:lms.skillfactory.ru-02800b5d943e4500bbbf7e488f78eadf:ec6034d97779f1442a1e5f2a6d4fb867		False	run	2026-08-13 09:01:39.142889
ec6034d97779f1442a1e5f2a6d4fb867		course-v1:Skillfactory+QAP+18JUNE2020:lms.skillfactory.ru-02800b5d943e4500bbbf7e488f78eadf:ec6034d97779f1442a1e5f2a6d4fb867		False	run	2026-08-13 09:02:05.642204
ec6034d97779f1442a1e5f2a6d4fb867		course-v1:Skillfactory+QAP+18JUNE2020:lms.skillfactory.ru-02800b5d943e4500bbbf7e488f78eadf:ec6034d97779f1442a1e5f2a6d4fb867		False	run	2026-08-13 09:05:23.367406
5d250312e7c12bf3ba65b3c0319c0608		course-v1:SkillFactory+SDA-3.0+FEB2021:lms.skillfactory.ru-34fe143d44f447ff8084732fccda8fa8:5d250312e7c12bf3ba65b3c0319c0608		False	run	2026-08-13 09:54:44.773395
5d250312e7c12bf3ba65b3c0319c0608		course-v1:SkillFactory+SDA-3.0+FEB2021:lms.skillfactory.ru-34fe143d44f447ff8084732fccda8fa8:5d250312e7c12bf3ba65b3c0319c0608		False	run	2026-08-13 10:06:55.130720
f15d790a25227944029a87ae683a5d66		course-v1:SkillFactory+PDEV+2021:lms.skillfactory.ru-92c9b676e5234d029b1dbb8fa879dd62:f15d790a25227944029a87ae683a5d66	https://lms.skillfactory.ru/courses/course-v1:SkillFactory+PDEV+2021/xblock/block-v1:SkillFactory+PDEV+2021+type@lti+block@92c9b676e5234d029b1dbb8fa879dd62/handler_noauth/grade_handler	False	run	2026-08-13 10:12:42.573746
f15d790a25227944029a87ae683a5d66		course-v1:SkillFactory+PDEV+2021:lms.skillfactory.ru-92c9b676e5234d029b1dbb8fa879dd62:f15d790a25227944029a87ae683a5d66	https://lms.skillfactory.ru/courses/course-v1:SkillFactory+PDEV+2021/xblock/block-v1:SkillFactory+PDEV+2021+type@lti+block@92c9b676e5234d029b1dbb8fa879dd62/handler_noauth/grade_handler	False	run	2026-08-13 10:13:59.051301
f15d790a25227944029a87ae683a5d66		course-v1:SkillFactory+PDEV+2021:lms.skillfactory.ru-92c9b676e5234d029b1dbb8fa879dd62:f15d790a25227944029a87ae683a5d66	https://lms.skillfactory.ru/courses/course-v1:SkillFactory+PDEV+2021/xblock/block-v1:SkillFactory+PDEV+2021+type@lti+block@92c9b676e5234d029b1dbb8fa879dd62/handler_noauth/grade_handler	False	run	2026-08-13 10:14:31.438290
95a377dfe1ea48eb9ecf00707aadab35		course-v1:SkillFactory+DAPR-2.0+MAR2021:lms.skillfactory.ru-751d0ce827a34bcc99124b29e7b1ab47:95a377dfe1ea48eb9ecf00707aadab35		False	run	2026-08-13 10:19:38.833619
f15d790a25227944029a87ae683a5d66		course-v1:SkillFactory+PDEV+2021:lms.skillfactory.ru-92c9b676e5234d029b1dbb8fa879dd62:f15d790a25227944029a87ae683a5d66	https://lms.skillfactory.ru/courses/course-v1:SkillFactory+PDEV+2021/xblock/block-v1:SkillFactory+PDEV+2021+type@lti+block@92c9b676e5234d029b1dbb8fa879dd62/handler_noauth/grade_handler	False	run	2026-08-13 10:19:58.972889
f15d790a25227944029a87ae683a5d66		course-v1:SkillFactory+PDEV+2021:lms.skillfactory.ru-92c9b676e5234d029b1dbb8fa879dd62:f15d790a25227944029a87ae683a5d66	https://lms.skillfactory.ru/courses/course-v1:SkillFactory+PDEV+2021/xblock/block-v1:SkillFactory+PDEV+2021+type@lti+block@92c9b676e5234d029b1dbb8fa879dd62/handler_noauth/grade_handler	False	run	2026-08-13 10:20:18.413422
ed0a0fec589664862c75c49979adf63d		course-v1:SkillFactory+SDA-3.0+FEB2021:lms.skillfactory.ru-2b3136efe9e84150832193c61e143a3d:ed0a0fec589664862c75c49979adf63d	https://lms.skillfactory.ru/courses/course-v1:SkillFactory+SDA-3.0+FEB2021/xblock/block-v1:SkillFactory+SDA-3.0+FEB2021+type@lti+block@2b3136efe9e84150832193c61e143a3d/handler_noauth/grade_handler	False	run	2026-08-13 11:03:35.076092
ed0a0fec589664862c75c49979adf63d		course-v1:SkillFactory+SDA-3.0+FEB2021:lms.skillfactory.ru-2b3136efe9e84150832193c61e143a3d:ed0a0fec589664862c75c49979adf63d	https://lms.skillfactory.ru/courses/course-v1:SkillFactory+SDA-3.0+FEB2021/xblock/block-v1:SkillFactory+SDA-3.0+FEB2021+type@lti+block@2b3136efe9e84150832193c61e143a3d/handler_noauth/grade_handler	False	run	2026-08-13 11:03:58.561077
f15d790a25227944029a87ae683a5d66		course-v1:SkillFactory+PDEV+2021:lms.skillfactory.ru-200a9f2ea7514b1a94494c502d286553:f15d790a25227944029a87ae683a5d66	https://lms.skillfactory.ru/courses/course-v1:SkillFactory+PDEV+2021/xblock/block-v1:SkillFactory+PDEV+2021+type@lti+block@200a9f2ea7514b1a94494c502d286553/handler_noauth/grade_handler	False	run	2026-08-13 11:29:43.910854
f15d790a25227944029a87ae683a5d66		course-v1:SkillFactory+PDEV+2021:lms.skillfactory.ru-cccf477c9601402d9097e4cb4b9b92b1:f15d790a25227944029a87ae683a5d66	https://lms.skillfactory.ru/courses/course-v1:SkillFactory+PDEV+2021/xblock/block-v1:SkillFactory+PDEV+2021+type@lti+block@cccf477c9601402d9097e4cb4b9b92b1/handler_noauth/grade_handler	False	run	2026-08-13 11:30:15.889299
f15d790a25227944029a87ae683a5d66		course-v1:SkillFactory+PDEV+2021:lms.skillfactory.ru-92c9b676e5234d029b1dbb8fa879dd62:f15d790a25227944029a87ae683a5d66	https://lms.skillfactory.ru/courses/course-v1:SkillFactory+PDEV+2021/xblock/block-v1:SkillFactory+PDEV+2021+type@lti+block@92c9b676e5234d029b1dbb8fa879dd62/handler_noauth/grade_handler	False	run	2026-08-13 11:59:54.517604
f15d790a25227944029a87ae683a5d66		course-v1:SkillFactory+PDEV+2021:lms.skillfactory.ru-92c9b676e5234d029b1dbb8fa879dd62:f15d790a25227944029a87ae683a5d66	https://lms.skillfactory.ru/courses/course-v1:SkillFactory+PDEV+2021/xblock/block-v1:SkillFactory+PDEV+2021+type@lti+block@92c9b676e5234d029b1dbb8fa879dd62/handler_noauth/grade_handler	False	run	2026-08-13 12:00:52.608490
f15d790a25227944029a87ae683a5d66		course-v1:SkillFactory+PDEV+2021:lms.skillfactory.ru-535a7792c1844ee7becf026006cca207:f15d790a25227944029a87ae683a5d66	https://lms.skillfactory.ru/courses/course-v1:SkillFactory+PDEV+2021/xblock/block-v1:SkillFactory+PDEV+2021+type@lti+block@535a7792c1844ee7becf026006cca207/handler_noauth/grade_handler	False	run	2026-08-13 12:20:26.424614
f15d790a25227944029a87ae683a5d66		course-v1:SkillFactory+PDEV+2021:lms.skillfactory.ru-535a7792c1844ee7becf026006cca207:f15d790a25227944029a87ae683a5d66	https://lms.skillfactory.ru/courses/course-v1:SkillFactory+PDEV+2021/xblock/block-v1:SkillFactory+PDEV+2021+type@lti+block@535a7792c1844ee7becf026006cca207/handler_noauth/grade_handler	False	run	2026-08-13 12:20:49.389626
f15d790a25227944029a87ae683a5d66		course-v1:SkillFactory+PDEV+2021:lms.skillfactory.ru-535a7792c1844ee7becf026006cca207:f15d790a25227944029a87ae683a5d66	https://lms.skillfactory.ru/courses/course-v1:SkillFactory+PDEV+2021/xblock/block-v1:SkillFactory+PDEV+2021+type@lti+block@535a7792c1844ee7becf026006cca207/handler_noauth/grade_handler	False	run	2026-08-13 12:21:09.794455
f15d790a25227944029a87ae683a5d66		course-v1:SkillFactory+PDEV+2021:lms.skillfactory.ru-535a7792c1844ee7becf026006cca207:f15d790a25227944029a87ae683a5d66	https://lms.skillfactory.ru/courses/course-v1:SkillFactory+PDEV+2021/xblock/block-v1:SkillFactory+PDEV+2021+type@lti+block@535a7792c1844ee7becf026006cca207/handler_noauth/grade_handler	False	run	2026-08-13 12:21:30.505337
f15d790a25227944029a87ae683a5d66		course-v1:SkillFactory+PDEV+2021:lms.skillfactory.ru-535a7792c1844ee7becf026006cca207:f15d790a25227944029a87ae683a5d66	https://lms.skillfactory.ru/courses/course-v1:SkillFactory+PDEV+2021/xblock/block-v1:SkillFactory+PDEV+2021+type@lti+block@535a7792c1844ee7becf026006cca207/handler_noauth/grade_handler	False	run	2026-08-13 12:21:49.107138
670c7d48d590872005e8a660cb0a36eb		course-v1:SkillFactory+DSPRMGU+2023_FEB:lms.skillfactory.ru-db86e3ffd01c4019881c0f946ece4850:670c7d48d590872005e8a660cb0a36eb		False	run	2026-08-14 13:06:14.616280
f15d790a25227944029a87ae683a5d66		course-v1:SkillFactory+PDEV+2021:lms.skillfactory.ru-535a7792c1844ee7becf026006cca207:f15d790a25227944029a87ae683a5d66	https://lms.skillfactory.ru/courses/course-v1:SkillFactory+PDEV+2021/xblock/block-v1:SkillFactory+PDEV+2021+type@lti+block@535a7792c1844ee7becf026006cca207/handler_noauth/grade_handler	False	run	2026-08-13 12:22:00.208046
f15d790a25227944029a87ae683a5d66		course-v1:SkillFactory+PDEV+2021:lms.skillfactory.ru-535a7792c1844ee7becf026006cca207:f15d790a25227944029a87ae683a5d66	https://lms.skillfactory.ru/courses/course-v1:SkillFactory+PDEV+2021/xblock/block-v1:SkillFactory+PDEV+2021+type@lti+block@535a7792c1844ee7becf026006cca207/handler_noauth/grade_handler	False	run	2026-08-13 12:23:44.908939
f15d790a25227944029a87ae683a5d66		course-v1:SkillFactory+PDEV+2021:lms.skillfactory.ru-535a7792c1844ee7becf026006cca207:f15d790a25227944029a87ae683a5d66	https://lms.skillfactory.ru/courses/course-v1:SkillFactory+PDEV+2021/xblock/block-v1:SkillFactory+PDEV+2021+type@lti+block@535a7792c1844ee7becf026006cca207/handler_noauth/grade_handler	False	run	2026-08-13 12:24:08.977792
f15d790a25227944029a87ae683a5d66		course-v1:SkillFactory+PDEV+2021:lms.skillfactory.ru-535a7792c1844ee7becf026006cca207:f15d790a25227944029a87ae683a5d66	https://lms.skillfactory.ru/courses/course-v1:SkillFactory+PDEV+2021/xblock/block-v1:SkillFactory+PDEV+2021+type@lti+block@535a7792c1844ee7becf026006cca207/handler_noauth/grade_handler	False	run	2026-08-13 12:24:28.729343
f15d790a25227944029a87ae683a5d66		course-v1:SkillFactory+PDEV+2021:lms.skillfactory.ru-0c1d6e5cc05e499c98b669f5d2dba8df:f15d790a25227944029a87ae683a5d66	https://lms.skillfactory.ru/courses/course-v1:SkillFactory+PDEV+2021/xblock/block-v1:SkillFactory+PDEV+2021+type@lti+block@0c1d6e5cc05e499c98b669f5d2dba8df/handler_noauth/grade_handler	False	run	2026-08-13 12:26:57.066397
f15d790a25227944029a87ae683a5d66		course-v1:SkillFactory+PDEV+2021:lms.skillfactory.ru-0c1d6e5cc05e499c98b669f5d2dba8df:f15d790a25227944029a87ae683a5d66	https://lms.skillfactory.ru/courses/course-v1:SkillFactory+PDEV+2021/xblock/block-v1:SkillFactory+PDEV+2021+type@lti+block@0c1d6e5cc05e499c98b669f5d2dba8df/handler_noauth/grade_handler	False	run	2026-08-13 12:29:34.825493
f15d790a25227944029a87ae683a5d66		course-v1:SkillFactory+PDEV+2021:lms.skillfactory.ru-0c1d6e5cc05e499c98b669f5d2dba8df:f15d790a25227944029a87ae683a5d66	https://lms.skillfactory.ru/courses/course-v1:SkillFactory+PDEV+2021/xblock/block-v1:SkillFactory+PDEV+2021+type@lti+block@0c1d6e5cc05e499c98b669f5d2dba8df/handler_noauth/grade_handler	False	run	2026-08-13 12:29:51.506452
99a607f040762d5b8ff8c7f2712b7a45		course-v1:SkillFactory+SDA-3.0+FEB2021:lms.skillfactory.ru-00cccc590bcf4a68b447238005535fce:99a607f040762d5b8ff8c7f2712b7a45	https://lms.skillfactory.ru/courses/course-v1:SkillFactory+SDA-3.0+FEB2021/xblock/block-v1:SkillFactory+SDA-3.0+FEB2021+type@lti+block@00cccc590bcf4a68b447238005535fce/handler_noauth/grade_handler	False	run	2026-08-13 12:34:19.830799
99a607f040762d5b8ff8c7f2712b7a45		course-v1:SkillFactory+SDA-3.0+FEB2021:lms.skillfactory.ru-00cccc590bcf4a68b447238005535fce:99a607f040762d5b8ff8c7f2712b7a45	https://lms.skillfactory.ru/courses/course-v1:SkillFactory+SDA-3.0+FEB2021/xblock/block-v1:SkillFactory+SDA-3.0+FEB2021+type@lti+block@00cccc590bcf4a68b447238005535fce/handler_noauth/grade_handler	False	run	2026-08-13 12:34:42.620074
b499753f880238360d412abfd7d6ee46		course-v1:SkillFactory+PY-ANALYSIS+26OCT2020:lms.skillfactory.ru-9ba0e2fd8d6f40689cc8f8c8ed2ca306:b499753f880238360d412abfd7d6ee46	https://lms.skillfactory.ru/courses/course-v1:SkillFactory+PY-ANALYSIS+26OCT2020/xblock/block-v1:SkillFactory+PY-ANALYSIS+26OCT2020+type@lti+block@9ba0e2fd8d6f40689cc8f8c8ed2ca306/handler_noauth/grade_handler	False	run	2026-08-13 12:56:49.070893
b499753f880238360d412abfd7d6ee46		course-v1:SkillFactory+PY-ANALYSIS+26OCT2020:lms.skillfactory.ru-9ba0e2fd8d6f40689cc8f8c8ed2ca306:b499753f880238360d412abfd7d6ee46	https://lms.skillfactory.ru/courses/course-v1:SkillFactory+PY-ANALYSIS+26OCT2020/xblock/block-v1:SkillFactory+PY-ANALYSIS+26OCT2020+type@lti+block@9ba0e2fd8d6f40689cc8f8c8ed2ca306/handler_noauth/grade_handler	False	run	2026-08-13 12:59:27.927439
b499753f880238360d412abfd7d6ee46		course-v1:SkillFactory+PY-ANALYSIS+26OCT2020:lms.skillfactory.ru-7a4089d8ed1f4333ae66ca47d1a0e655:b499753f880238360d412abfd7d6ee46	https://lms.skillfactory.ru/courses/course-v1:SkillFactory+PY-ANALYSIS+26OCT2020/xblock/block-v1:SkillFactory+PY-ANALYSIS+26OCT2020+type@lti+block@7a4089d8ed1f4333ae66ca47d1a0e655/handler_noauth/grade_handler	False	run	2026-08-13 13:08:11.670268
b499753f880238360d412abfd7d6ee46		course-v1:SkillFactory+PY-ANALYSIS+26OCT2020:lms.skillfactory.ru-7a4089d8ed1f4333ae66ca47d1a0e655:b499753f880238360d412abfd7d6ee46	https://lms.skillfactory.ru/courses/course-v1:SkillFactory+PY-ANALYSIS+26OCT2020/xblock/block-v1:SkillFactory+PY-ANALYSIS+26OCT2020+type@lti+block@7a4089d8ed1f4333ae66ca47d1a0e655/handler_noauth/grade_handler	False	run	2026-08-13 13:11:35.994019
b499753f880238360d412abfd7d6ee46		course-v1:SkillFactory+PY-ANALYSIS+26OCT2020:lms.skillfactory.ru-7a4089d8ed1f4333ae66ca47d1a0e655:b499753f880238360d412abfd7d6ee46	https://lms.skillfactory.ru/courses/course-v1:SkillFactory+PY-ANALYSIS+26OCT2020/xblock/block-v1:SkillFactory+PY-ANALYSIS+26OCT2020+type@lti+block@7a4089d8ed1f4333ae66ca47d1a0e655/handler_noauth/grade_handler	False	run	2026-08-13 13:11:50.353114
b499753f880238360d412abfd7d6ee46		course-v1:SkillFactory+PY-ANALYSIS+26OCT2020:lms.skillfactory.ru-7a4089d8ed1f4333ae66ca47d1a0e655:b499753f880238360d412abfd7d6ee46	https://lms.skillfactory.ru/courses/course-v1:SkillFactory+PY-ANALYSIS+26OCT2020/xblock/block-v1:SkillFactory+PY-ANALYSIS+26OCT2020+type@lti+block@7a4089d8ed1f4333ae66ca47d1a0e655/handler_noauth/grade_handler	False	run	2026-08-13 13:12:18.835841
f15d790a25227944029a87ae683a5d66		course-v1:SkillFactory+PDEV+2021:lms.skillfactory.ru-3c8234b2f1024bff87e900686f6df02c:f15d790a25227944029a87ae683a5d66	https://lms.skillfactory.ru/courses/course-v1:SkillFactory+PDEV+2021/xblock/block-v1:SkillFactory+PDEV+2021+type@lti+block@3c8234b2f1024bff87e900686f6df02c/handler_noauth/grade_handler	False	run	2026-08-13 13:12:48.517711
f15d790a25227944029a87ae683a5d66		course-v1:SkillFactory+PDEV+2021:lms.skillfactory.ru-9693c7920b8e4c34b45e962bc522acbd:f15d790a25227944029a87ae683a5d66	https://lms.skillfactory.ru/courses/course-v1:SkillFactory+PDEV+2021/xblock/block-v1:SkillFactory+PDEV+2021+type@lti+block@9693c7920b8e4c34b45e962bc522acbd/handler_noauth/grade_handler	False	run	2026-08-13 13:27:39.816021
b499753f880238360d412abfd7d6ee46		course-v1:SkillFactory+PY-ANALYSIS+26OCT2020:lms.skillfactory.ru-7a4089d8ed1f4333ae66ca47d1a0e655:b499753f880238360d412abfd7d6ee46	https://lms.skillfactory.ru/courses/course-v1:SkillFactory+PY-ANALYSIS+26OCT2020/xblock/block-v1:SkillFactory+PY-ANALYSIS+26OCT2020+type@lti+block@7a4089d8ed1f4333ae66ca47d1a0e655/handler_noauth/grade_handler	False	run	2026-08-13 13:34:26.630890
b499753f880238360d412abfd7d6ee46		course-v1:SkillFactory+PY-ANALYSIS+26OCT2020:lms.skillfactory.ru-7a4089d8ed1f4333ae66ca47d1a0e655:b499753f880238360d412abfd7d6ee46	https://lms.skillfactory.ru/courses/course-v1:SkillFactory+PY-ANALYSIS+26OCT2020/xblock/block-v1:SkillFactory+PY-ANALYSIS+26OCT2020+type@lti+block@7a4089d8ed1f4333ae66ca47d1a0e655/handler_noauth/grade_handler	False	run	2026-08-13 13:34:43.692030
b499753f880238360d412abfd7d6ee46		course-v1:SkillFactory+PY-ANALYSIS+26OCT2020:lms.skillfactory.ru-7a4089d8ed1f4333ae66ca47d1a0e655:b499753f880238360d412abfd7d6ee46	https://lms.skillfactory.ru/courses/course-v1:SkillFactory+PY-ANALYSIS+26OCT2020/xblock/block-v1:SkillFactory+PY-ANALYSIS+26OCT2020+type@lti+block@7a4089d8ed1f4333ae66ca47d1a0e655/handler_noauth/grade_handler	False	run	2026-08-13 13:35:08.051214
b499753f880238360d412abfd7d6ee46		course-v1:SkillFactory+PY-ANALYSIS+26OCT2020:lms.skillfactory.ru-7a4089d8ed1f4333ae66ca47d1a0e655:b499753f880238360d412abfd7d6ee46	https://lms.skillfactory.ru/courses/course-v1:SkillFactory+PY-ANALYSIS+26OCT2020/xblock/block-v1:SkillFactory+PY-ANALYSIS+26OCT2020+type@lti+block@7a4089d8ed1f4333ae66ca47d1a0e655/handler_noauth/grade_handler	False	run	2026-08-13 13:35:38.083697
b499753f880238360d412abfd7d6ee46		course-v1:SkillFactory+PY-ANALYSIS+26OCT2020:lms.skillfactory.ru-7a4089d8ed1f4333ae66ca47d1a0e655:b499753f880238360d412abfd7d6ee46	https://lms.skillfactory.ru/courses/course-v1:SkillFactory+PY-ANALYSIS+26OCT2020/xblock/block-v1:SkillFactory+PY-ANALYSIS+26OCT2020+type@lti+block@7a4089d8ed1f4333ae66ca47d1a0e655/handler_noauth/grade_handler	False	run	2026-08-13 13:35:49.241058
b499753f880238360d412abfd7d6ee46		course-v1:SkillFactory+PY-ANALYSIS+26OCT2020:lms.skillfactory.ru-7a4089d8ed1f4333ae66ca47d1a0e655:b499753f880238360d412abfd7d6ee46	https://lms.skillfactory.ru/courses/course-v1:SkillFactory+PY-ANALYSIS+26OCT2020/xblock/block-v1:SkillFactory+PY-ANALYSIS+26OCT2020+type@lti+block@7a4089d8ed1f4333ae66ca47d1a0e655/handler_noauth/grade_handler	False	run	2026-08-13 13:36:23.100327
b499753f880238360d412abfd7d6ee46		course-v1:SkillFactory+PY-ANALYSIS+26OCT2020:lms.skillfactory.ru-7a4089d8ed1f4333ae66ca47d1a0e655:b499753f880238360d412abfd7d6ee46	https://lms.skillfactory.ru/courses/course-v1:SkillFactory+PY-ANALYSIS+26OCT2020/xblock/block-v1:SkillFactory+PY-ANALYSIS+26OCT2020+type@lti+block@7a4089d8ed1f4333ae66ca47d1a0e655/handler_noauth/grade_handler	False	run	2026-08-13 13:36:36.716456
b499753f880238360d412abfd7d6ee46		course-v1:SkillFactory+PY-ANALYSIS+26OCT2020:lms.skillfactory.ru-7a4089d8ed1f4333ae66ca47d1a0e655:b499753f880238360d412abfd7d6ee46	https://lms.skillfactory.ru/courses/course-v1:SkillFactory+PY-ANALYSIS+26OCT2020/xblock/block-v1:SkillFactory+PY-ANALYSIS+26OCT2020+type@lti+block@7a4089d8ed1f4333ae66ca47d1a0e655/handler_noauth/grade_handler	False	run	2026-08-13 13:37:32.862190
ed0a0fec589664862c75c49979adf63d		course-v1:SkillFactory+SDA-3.0+FEB2021:lms.skillfactory.ru-2b2b62c6c65947a49b3d70c4159947ee:ed0a0fec589664862c75c49979adf63d	https://lms.skillfactory.ru/courses/course-v1:SkillFactory+SDA-3.0+FEB2021/xblock/block-v1:SkillFactory+SDA-3.0+FEB2021+type@lti+block@2b2b62c6c65947a49b3d70c4159947ee/handler_noauth/grade_handler	False	run	2026-08-13 13:48:55.020693
ed0a0fec589664862c75c49979adf63d		course-v1:SkillFactory+SDA-3.0+FEB2021:lms.skillfactory.ru-18ebbdb9ca7a45299e100b83929d6cd0:ed0a0fec589664862c75c49979adf63d	https://lms.skillfactory.ru/courses/course-v1:SkillFactory+SDA-3.0+FEB2021/xblock/block-v1:SkillFactory+SDA-3.0+FEB2021+type@lti+block@18ebbdb9ca7a45299e100b83929d6cd0/handler_noauth/grade_handler	False	run	2026-08-13 13:55:12.746142
95a377dfe1ea48eb9ecf00707aadab35		course-v1:SkillFactory+DAPR-2.0+MAR2021:lms.skillfactory.ru-8d7e7e1eb4b64a1aac59ffc3abcbf6d4:95a377dfe1ea48eb9ecf00707aadab35		False	run	2026-08-13 14:04:30.165693
ed0a0fec589664862c75c49979adf63d		course-v1:SkillFactory+SDA-3.0+FEB2021:lms.skillfactory.ru-d92abd56eb344525af35b213c0321a46:ed0a0fec589664862c75c49979adf63d	https://lms.skillfactory.ru/courses/course-v1:SkillFactory+SDA-3.0+FEB2021/xblock/block-v1:SkillFactory+SDA-3.0+FEB2021+type@lti+block@d92abd56eb344525af35b213c0321a46/handler_noauth/grade_handler	False	run	2026-08-13 14:13:49.268543
99a607f040762d5b8ff8c7f2712b7a45		course-v1:SkillFactory+SDA-3.0+FEB2021:lms.skillfactory.ru-2c13743618b74113972268c4cfe3a5b4:99a607f040762d5b8ff8c7f2712b7a45	https://lms.skillfactory.ru/courses/course-v1:SkillFactory+SDA-3.0+FEB2021/xblock/block-v1:SkillFactory+SDA-3.0+FEB2021+type@lti+block@2c13743618b74113972268c4cfe3a5b4/handler_noauth/grade_handler	False	run	2026-08-13 14:39:21.008814
99a607f040762d5b8ff8c7f2712b7a45		course-v1:SkillFactory+SDA-3.0+FEB2021:lms.skillfactory.ru-2c13743618b74113972268c4cfe3a5b4:99a607f040762d5b8ff8c7f2712b7a45	https://lms.skillfactory.ru/courses/course-v1:SkillFactory+SDA-3.0+FEB2021/xblock/block-v1:SkillFactory+SDA-3.0+FEB2021+type@lti+block@2c13743618b74113972268c4cfe3a5b4/handler_noauth/grade_handler	False	run	2026-08-13 14:39:39.936042
99a607f040762d5b8ff8c7f2712b7a45		course-v1:SkillFactory+SDA-3.0+FEB2021:lms.skillfactory.ru-2c13743618b74113972268c4cfe3a5b4:99a607f040762d5b8ff8c7f2712b7a45	https://lms.skillfactory.ru/courses/course-v1:SkillFactory+SDA-3.0+FEB2021/xblock/block-v1:SkillFactory+SDA-3.0+FEB2021+type@lti+block@2c13743618b74113972268c4cfe3a5b4/handler_noauth/grade_handler	False	run	2026-08-13 14:43:46.252329
95a377dfe1ea48eb9ecf00707aadab35		course-v1:SkillFactory+DAPR-2.0+MAR2021:lms.skillfactory.ru-4ee1755c410645ecb370ffbd9bbf6e01:95a377dfe1ea48eb9ecf00707aadab35		False	run	2026-08-13 14:45:53.365248
99a607f040762d5b8ff8c7f2712b7a45		course-v1:SkillFactory+SDA-3.0+FEB2021:lms.skillfactory.ru-2c13743618b74113972268c4cfe3a5b4:99a607f040762d5b8ff8c7f2712b7a45	https://lms.skillfactory.ru/courses/course-v1:SkillFactory+SDA-3.0+FEB2021/xblock/block-v1:SkillFactory+SDA-3.0+FEB2021+type@lti+block@2c13743618b74113972268c4cfe3a5b4/handler_noauth/grade_handler	False	run	2026-08-13 14:52:52.404951
f15d790a25227944029a87ae683a5d66		course-v1:SkillFactory+PDEV+2021:lms.skillfactory.ru-d5a2fa11b9d04cae8c3432f37c94c2d6:f15d790a25227944029a87ae683a5d66	https://lms.skillfactory.ru/courses/course-v1:SkillFactory+PDEV+2021/xblock/block-v1:SkillFactory+PDEV+2021+type@lti+block@d5a2fa11b9d04cae8c3432f37c94c2d6/handler_noauth/grade_handler	False	run	2026-08-13 15:15:13.289847
f15d790a25227944029a87ae683a5d66		course-v1:SkillFactory+PDEV+2021:lms.skillfactory.ru-56cc65089a8e4b739c4f1bf974b87cae:f15d790a25227944029a87ae683a5d66	https://lms.skillfactory.ru/courses/course-v1:SkillFactory+PDEV+2021/xblock/block-v1:SkillFactory+PDEV+2021+type@lti+block@56cc65089a8e4b739c4f1bf974b87cae/handler_noauth/grade_handler	False	run	2026-08-13 16:15:34.721281
f15d790a25227944029a87ae683a5d66		course-v1:SkillFactory+PDEV+2021:lms.skillfactory.ru-1904dcd355ed453bb163095f6e03f501:f15d790a25227944029a87ae683a5d66	https://lms.skillfactory.ru/courses/course-v1:SkillFactory+PDEV+2021/xblock/block-v1:SkillFactory+PDEV+2021+type@lti+block@1904dcd355ed453bb163095f6e03f501/handler_noauth/grade_handler	False	run	2026-08-13 16:34:08.116083
ed0a0fec589664862c75c49979adf63d		course-v1:SkillFactory+SDA-3.0+FEB2021:lms.skillfactory.ru-746788f6365f45e5ab3f9deafdec5205:ed0a0fec589664862c75c49979adf63d	https://lms.skillfactory.ru/courses/course-v1:SkillFactory+SDA-3.0+FEB2021/xblock/block-v1:SkillFactory+SDA-3.0+FEB2021+type@lti+block@746788f6365f45e5ab3f9deafdec5205/handler_noauth/grade_handler	False	run	2026-08-13 17:17:18.425642
ed0a0fec589664862c75c49979adf63d		course-v1:SkillFactory+SDA-3.0+FEB2021:lms.skillfactory.ru-746788f6365f45e5ab3f9deafdec5205:ed0a0fec589664862c75c49979adf63d	https://lms.skillfactory.ru/courses/course-v1:SkillFactory+SDA-3.0+FEB2021/xblock/block-v1:SkillFactory+SDA-3.0+FEB2021+type@lti+block@746788f6365f45e5ab3f9deafdec5205/handler_noauth/grade_handler	False	run	2026-08-13 17:25:17.635695
ed0a0fec589664862c75c49979adf63d		course-v1:SkillFactory+SDA-3.0+FEB2021:lms.skillfactory.ru-746788f6365f45e5ab3f9deafdec5205:ed0a0fec589664862c75c49979adf63d	https://lms.skillfactory.ru/courses/course-v1:SkillFactory+SDA-3.0+FEB2021/xblock/block-v1:SkillFactory+SDA-3.0+FEB2021+type@lti+block@746788f6365f45e5ab3f9deafdec5205/handler_noauth/grade_handler	False	run	2026-08-13 18:35:56.360939
8a176767525a2fce8a5de1671998bef7		course-v1:SkillFactory+SQLQ+2021:lms.skillfactory.ru-ad850accdfcb4b1f80461b598da82a24:8a176767525a2fce8a5de1671998bef7	https://lms.skillfactory.ru/courses/course-v1:SkillFactory+SQLQ+2021/xblock/block-v1:SkillFactory+SQLQ+2021+type@lti+block@ad850accdfcb4b1f80461b598da82a24/handler_noauth/grade_handler	True	submit	2026-08-10 13:40:21.615428
399d9445a9eef1604ef48a6c952da542		course-v1:skillfactory+MIFIDEV-2_session_2_retake+2026:lms.skillfactory.ru-21792d99ec7f49efb1ac08654fe180b8:399d9445a9eef1604ef48a6c952da542	https://lms.skillfactory.ru/courses/course-v1:skillfactory+MIFIDEV-2_session_2_retake+2026/xblock/block-v1:skillfactory+MIFIDEV-2_session_2_retake+2026+type@lti+block@21792d99ec7f49efb1ac08654fe180b8/handler_noauth/grade_handler	False	run	2026-08-14 00:22:35.165856
ed0a0fec589664862c75c49979adf63d		course-v1:SkillFactory+SDA-3.0+FEB2021:lms.skillfactory.ru-3c042e38dbd04b6b9a21425e37b869f2:ed0a0fec589664862c75c49979adf63d	https://lms.skillfactory.ru/courses/course-v1:SkillFactory+SDA-3.0+FEB2021/xblock/block-v1:SkillFactory+SDA-3.0+FEB2021+type@lti+block@3c042e38dbd04b6b9a21425e37b869f2/handler_noauth/grade_handler	False	run	2026-08-14 07:18:46.736012
ed0a0fec589664862c75c49979adf63d		course-v1:SkillFactory+SDA-3.0+FEB2021:lms.skillfactory.ru-746788f6365f45e5ab3f9deafdec5205:ed0a0fec589664862c75c49979adf63d	https://lms.skillfactory.ru/courses/course-v1:SkillFactory+SDA-3.0+FEB2021/xblock/block-v1:SkillFactory+SDA-3.0+FEB2021+type@lti+block@746788f6365f45e5ab3f9deafdec5205/handler_noauth/grade_handler	False	run	2026-08-14 07:23:18.777748
670c7d48d590872005e8a660cb0a36eb		course-v1:SkillFactory+DSPRMGU+2023_FEB:lms.skillfactory.ru-db86e3ffd01c4019881c0f946ece4850:670c7d48d590872005e8a660cb0a36eb		False	run	2026-08-14 07:30:32.864822
670c7d48d590872005e8a660cb0a36eb		course-v1:SkillFactory+DSPRMGU+2023_FEB:lms.skillfactory.ru-db86e3ffd01c4019881c0f946ece4850:670c7d48d590872005e8a660cb0a36eb		False	run	2026-08-14 07:30:48.270333
670c7d48d590872005e8a660cb0a36eb		course-v1:SkillFactory+DSPRMGU+2023_FEB:lms.skillfactory.ru-db86e3ffd01c4019881c0f946ece4850:670c7d48d590872005e8a660cb0a36eb		False	run	2026-08-14 07:30:57.457679
670c7d48d590872005e8a660cb0a36eb		course-v1:SkillFactory+DSPRMGU+2023_FEB:lms.skillfactory.ru-db86e3ffd01c4019881c0f946ece4850:670c7d48d590872005e8a660cb0a36eb		False	run	2026-08-14 07:35:13.444014
670c7d48d590872005e8a660cb0a36eb		course-v1:SkillFactory+DSPRMGU+2023_FEB:lms.skillfactory.ru-db86e3ffd01c4019881c0f946ece4850:670c7d48d590872005e8a660cb0a36eb		False	run	2026-08-14 07:35:54.519318
670c7d48d590872005e8a660cb0a36eb		course-v1:SkillFactory+DSPRMGU+2023_FEB:lms.skillfactory.ru-db86e3ffd01c4019881c0f946ece4850:670c7d48d590872005e8a660cb0a36eb		False	run	2026-08-14 07:41:22.168166
670c7d48d590872005e8a660cb0a36eb		course-v1:SkillFactory+DSPRMGU+2023_FEB:lms.skillfactory.ru-db86e3ffd01c4019881c0f946ece4850:670c7d48d590872005e8a660cb0a36eb		False	run	2026-08-14 07:54:29.953755
670c7d48d590872005e8a660cb0a36eb		course-v1:SkillFactory+DSPRMGU+2023_FEB:lms.skillfactory.ru-db86e3ffd01c4019881c0f946ece4850:670c7d48d590872005e8a660cb0a36eb		False	run	2026-08-14 07:55:36.873687
670c7d48d590872005e8a660cb0a36eb		course-v1:SkillFactory+DSPRMGU+2023_FEB:lms.skillfactory.ru-db86e3ffd01c4019881c0f946ece4850:670c7d48d590872005e8a660cb0a36eb		False	run	2026-08-14 07:57:16.923367
670c7d48d590872005e8a660cb0a36eb		course-v1:SkillFactory+DSPRMGU+2023_FEB:lms.skillfactory.ru-db86e3ffd01c4019881c0f946ece4850:670c7d48d590872005e8a660cb0a36eb		False	run	2026-08-14 08:07:15.215938
670c7d48d590872005e8a660cb0a36eb		course-v1:SkillFactory+DSPRMGU+2023_FEB:lms.skillfactory.ru-db86e3ffd01c4019881c0f946ece4850:670c7d48d590872005e8a660cb0a36eb		False	run	2026-08-14 08:10:46.350370
670c7d48d590872005e8a660cb0a36eb		course-v1:SkillFactory+DSPRMGU+2023_FEB:lms.skillfactory.ru-db86e3ffd01c4019881c0f946ece4850:670c7d48d590872005e8a660cb0a36eb		False	run	2026-08-14 08:11:05.492277
670c7d48d590872005e8a660cb0a36eb		course-v1:SkillFactory+DSPRMGU+2023_FEB:lms.skillfactory.ru-db86e3ffd01c4019881c0f946ece4850:670c7d48d590872005e8a660cb0a36eb		False	run	2026-08-14 08:11:37.601630
670c7d48d590872005e8a660cb0a36eb		course-v1:SkillFactory+DSPRMGU+2023_FEB:lms.skillfactory.ru-db86e3ffd01c4019881c0f946ece4850:670c7d48d590872005e8a660cb0a36eb		False	run	2026-08-14 08:12:09.908358
670c7d48d590872005e8a660cb0a36eb		course-v1:SkillFactory+DSPRMGU+2023_FEB:lms.skillfactory.ru-db86e3ffd01c4019881c0f946ece4850:670c7d48d590872005e8a660cb0a36eb		False	run	2026-08-14 08:39:30.818501
670c7d48d590872005e8a660cb0a36eb		course-v1:SkillFactory+DSPRMGU+2023_FEB:lms.skillfactory.ru-db86e3ffd01c4019881c0f946ece4850:670c7d48d590872005e8a660cb0a36eb		False	run	2026-08-14 08:40:00.428850
670c7d48d590872005e8a660cb0a36eb		course-v1:SkillFactory+DSPRMGU+2023_FEB:lms.skillfactory.ru-db86e3ffd01c4019881c0f946ece4850:670c7d48d590872005e8a660cb0a36eb		False	run	2026-08-14 08:40:36.937424
ed0a0fec589664862c75c49979adf63d		course-v1:SkillFactory+SDA-3.0+FEB2021:lms.skillfactory.ru-098e7ab9dd68469f9e81592b542b2434:ed0a0fec589664862c75c49979adf63d	https://lms.skillfactory.ru/courses/course-v1:SkillFactory+SDA-3.0+FEB2021/xblock/block-v1:SkillFactory+SDA-3.0+FEB2021+type@lti+block@098e7ab9dd68469f9e81592b542b2434/handler_noauth/grade_handler	False	run	2026-08-14 10:06:44.438919
b06e2f9b2f52aa47a56ebb333ef85eee		course-v1:SkillFactory+SQL-FREE+16JUN2021:lms.skillfactory.ru-59fedbfbe70c4ebd833dc1e1e301f9e0:b06e2f9b2f52aa47a56ebb333ef85eee	https://lms.skillfactory.ru/courses/course-v1:SkillFactory+SQL-FREE+16JUN2021/xblock/block-v1:SkillFactory+SQL-FREE+16JUN2021+type@lti+block@59fedbfbe70c4ebd833dc1e1e301f9e0/handler_noauth/grade_handler	False	run	2026-08-14 10:29:48.991437
b06e2f9b2f52aa47a56ebb333ef85eee		course-v1:SkillFactory+SQL-FREE+16JUN2021:lms.skillfactory.ru-59fedbfbe70c4ebd833dc1e1e301f9e0:b06e2f9b2f52aa47a56ebb333ef85eee	https://lms.skillfactory.ru/courses/course-v1:SkillFactory+SQL-FREE+16JUN2021/xblock/block-v1:SkillFactory+SQL-FREE+16JUN2021+type@lti+block@59fedbfbe70c4ebd833dc1e1e301f9e0/handler_noauth/grade_handler	False	run	2026-08-14 10:30:04.948301
ed67d52670d6d8a0aaeecd815a97b9e6		course-v1:SkillFactory+SDA-3.0+FEB2021:lms.skillfactory.ru-34fe143d44f447ff8084732fccda8fa8:ed67d52670d6d8a0aaeecd815a97b9e6		False	run	2026-08-14 11:00:54.307047
b06e2f9b2f52aa47a56ebb333ef85eee		course-v1:SkillFactory+SQL-FREE+16JUN2021:lms.skillfactory.ru-59fedbfbe70c4ebd833dc1e1e301f9e0:b06e2f9b2f52aa47a56ebb333ef85eee	https://lms.skillfactory.ru/courses/course-v1:SkillFactory+SQL-FREE+16JUN2021/xblock/block-v1:SkillFactory+SQL-FREE+16JUN2021+type@lti+block@59fedbfbe70c4ebd833dc1e1e301f9e0/handler_noauth/grade_handler	False	run	2026-08-14 11:07:10.349980
b06e2f9b2f52aa47a56ebb333ef85eee		course-v1:SkillFactory+SQL-FREE+16JUN2021:lms.skillfactory.ru-59fedbfbe70c4ebd833dc1e1e301f9e0:b06e2f9b2f52aa47a56ebb333ef85eee	https://lms.skillfactory.ru/courses/course-v1:SkillFactory+SQL-FREE+16JUN2021/xblock/block-v1:SkillFactory+SQL-FREE+16JUN2021+type@lti+block@59fedbfbe70c4ebd833dc1e1e301f9e0/handler_noauth/grade_handler	False	run	2026-08-14 11:07:52.727883
ed67d52670d6d8a0aaeecd815a97b9e6		course-v1:SkillFactory+SDA-3.0+FEB2021:lms.skillfactory.ru-1ef80ff293764a919307b0691a3e6030:ed67d52670d6d8a0aaeecd815a97b9e6		False	run	2026-08-14 11:15:36.709304
b06e2f9b2f52aa47a56ebb333ef85eee		course-v1:SkillFactory+SQL-FREE+16JUN2021:lms.skillfactory.ru-59fedbfbe70c4ebd833dc1e1e301f9e0:b06e2f9b2f52aa47a56ebb333ef85eee	https://lms.skillfactory.ru/courses/course-v1:SkillFactory+SQL-FREE+16JUN2021/xblock/block-v1:SkillFactory+SQL-FREE+16JUN2021+type@lti+block@59fedbfbe70c4ebd833dc1e1e301f9e0/handler_noauth/grade_handler	False	run	2026-08-14 11:20:44.411913
b06e2f9b2f52aa47a56ebb333ef85eee		course-v1:SkillFactory+SQL-FREE+16JUN2021:lms.skillfactory.ru-59fedbfbe70c4ebd833dc1e1e301f9e0:b06e2f9b2f52aa47a56ebb333ef85eee	https://lms.skillfactory.ru/courses/course-v1:SkillFactory+SQL-FREE+16JUN2021/xblock/block-v1:SkillFactory+SQL-FREE+16JUN2021+type@lti+block@59fedbfbe70c4ebd833dc1e1e301f9e0/handler_noauth/grade_handler	False	run	2026-08-14 11:21:12.649316
ed0a0fec589664862c75c49979adf63d		course-v1:SkillFactory+SDA-3.0+FEB2021:lms.skillfactory.ru-96cf9784b58147f9ba373aa59e2d853e:ed0a0fec589664862c75c49979adf63d	https://lms.skillfactory.ru/courses/course-v1:SkillFactory+SDA-3.0+FEB2021/xblock/block-v1:SkillFactory+SDA-3.0+FEB2021+type@lti+block@96cf9784b58147f9ba373aa59e2d853e/handler_noauth/grade_handler	False	run	2026-08-14 11:23:19.607467
670c7d48d590872005e8a660cb0a36eb		course-v1:SkillFactory+DSPRMGU+2023_FEB:lms.skillfactory.ru-db86e3ffd01c4019881c0f946ece4850:670c7d48d590872005e8a660cb0a36eb		False	run	2026-08-14 11:23:32.568205
ed0a0fec589664862c75c49979adf63d		course-v1:SkillFactory+SDA-3.0+FEB2021:lms.skillfactory.ru-96cf9784b58147f9ba373aa59e2d853e:ed0a0fec589664862c75c49979adf63d	https://lms.skillfactory.ru/courses/course-v1:SkillFactory+SDA-3.0+FEB2021/xblock/block-v1:SkillFactory+SDA-3.0+FEB2021+type@lti+block@96cf9784b58147f9ba373aa59e2d853e/handler_noauth/grade_handler	False	run	2026-08-14 11:24:24.220174
95a377dfe1ea48eb9ecf00707aadab35		course-v1:SkillFactory+DAPR-2.0+MAR2021:lms.skillfactory.ru-a818c631e7024a34b520a42b1fb75e4e:95a377dfe1ea48eb9ecf00707aadab35		False	run	2026-08-14 11:24:57.323765
670c7d48d590872005e8a660cb0a36eb		course-v1:SkillFactory+DSPRMGU+2023_FEB:lms.skillfactory.ru-db86e3ffd01c4019881c0f946ece4850:670c7d48d590872005e8a660cb0a36eb		False	run	2026-08-14 11:27:06.862211
670c7d48d590872005e8a660cb0a36eb		course-v1:SkillFactory+DSPRMGU+2023_FEB:lms.skillfactory.ru-db86e3ffd01c4019881c0f946ece4850:670c7d48d590872005e8a660cb0a36eb		False	run	2026-08-14 11:27:23.569498
ed0a0fec589664862c75c49979adf63d		course-v1:SkillFactory+SDA-3.0+FEB2021:lms.skillfactory.ru-098e7ab9dd68469f9e81592b542b2434:ed0a0fec589664862c75c49979adf63d	https://lms.skillfactory.ru/courses/course-v1:SkillFactory+SDA-3.0+FEB2021/xblock/block-v1:SkillFactory+SDA-3.0+FEB2021+type@lti+block@098e7ab9dd68469f9e81592b542b2434/handler_noauth/grade_handler	False	run	2026-08-14 11:29:07.736014
670c7d48d590872005e8a660cb0a36eb		course-v1:SkillFactory+DSPRMGU+2023_FEB:lms.skillfactory.ru-db86e3ffd01c4019881c0f946ece4850:670c7d48d590872005e8a660cb0a36eb		False	run	2026-08-14 11:42:45.238416
670c7d48d590872005e8a660cb0a36eb		course-v1:SkillFactory+DSPRMGU+2023_FEB:lms.skillfactory.ru-db86e3ffd01c4019881c0f946ece4850:670c7d48d590872005e8a660cb0a36eb		False	run	2026-08-14 11:43:01.956247
670c7d48d590872005e8a660cb0a36eb		course-v1:SkillFactory+DSPRMGU+2023_FEB:lms.skillfactory.ru-db86e3ffd01c4019881c0f946ece4850:670c7d48d590872005e8a660cb0a36eb		False	run	2026-08-14 11:43:42.306206
670c7d48d590872005e8a660cb0a36eb		course-v1:SkillFactory+DSPRMGU+2023_FEB:lms.skillfactory.ru-db86e3ffd01c4019881c0f946ece4850:670c7d48d590872005e8a660cb0a36eb		False	run	2026-08-14 11:55:46.742476
670c7d48d590872005e8a660cb0a36eb		course-v1:SkillFactory+DSPRMGU+2023_FEB:lms.skillfactory.ru-db86e3ffd01c4019881c0f946ece4850:670c7d48d590872005e8a660cb0a36eb		False	run	2026-08-14 12:01:44.773541
670c7d48d590872005e8a660cb0a36eb		course-v1:SkillFactory+DSPRMGU+2023_FEB:lms.skillfactory.ru-db86e3ffd01c4019881c0f946ece4850:670c7d48d590872005e8a660cb0a36eb		False	run	2026-08-14 12:01:58.632768
670c7d48d590872005e8a660cb0a36eb		course-v1:SkillFactory+DSPRMGU+2023_FEB:lms.skillfactory.ru-db86e3ffd01c4019881c0f946ece4850:670c7d48d590872005e8a660cb0a36eb		False	run	2026-08-14 12:03:27.786479
670c7d48d590872005e8a660cb0a36eb		course-v1:SkillFactory+DSPRMGU+2023_FEB:lms.skillfactory.ru-db86e3ffd01c4019881c0f946ece4850:670c7d48d590872005e8a660cb0a36eb		False	run	2026-08-14 12:03:43.654962
670c7d48d590872005e8a660cb0a36eb		course-v1:SkillFactory+DSPRMGU+2023_FEB:lms.skillfactory.ru-db86e3ffd01c4019881c0f946ece4850:670c7d48d590872005e8a660cb0a36eb		False	run	2026-08-14 12:14:16.064925
670c7d48d590872005e8a660cb0a36eb		course-v1:SkillFactory+DSPRMGU+2023_FEB:lms.skillfactory.ru-db86e3ffd01c4019881c0f946ece4850:670c7d48d590872005e8a660cb0a36eb		False	run	2026-08-14 12:14:28.891566
670c7d48d590872005e8a660cb0a36eb		course-v1:SkillFactory+DSPRMGU+2023_FEB:lms.skillfactory.ru-db86e3ffd01c4019881c0f946ece4850:670c7d48d590872005e8a660cb0a36eb		False	run	2026-08-14 12:14:38.255533
670c7d48d590872005e8a660cb0a36eb		course-v1:SkillFactory+DSPRMGU+2023_FEB:lms.skillfactory.ru-db86e3ffd01c4019881c0f946ece4850:670c7d48d590872005e8a660cb0a36eb		False	run	2026-08-14 12:14:58.779888
670c7d48d590872005e8a660cb0a36eb		course-v1:SkillFactory+DSPRMGU+2023_FEB:lms.skillfactory.ru-db86e3ffd01c4019881c0f946ece4850:670c7d48d590872005e8a660cb0a36eb		False	run	2026-08-14 12:25:55.023131
670c7d48d590872005e8a660cb0a36eb		course-v1:SkillFactory+DSPRMGU+2023_FEB:lms.skillfactory.ru-db86e3ffd01c4019881c0f946ece4850:670c7d48d590872005e8a660cb0a36eb		False	run	2026-08-14 12:29:30.015575
670c7d48d590872005e8a660cb0a36eb		course-v1:SkillFactory+DSPRMGU+2023_FEB:lms.skillfactory.ru-db86e3ffd01c4019881c0f946ece4850:670c7d48d590872005e8a660cb0a36eb		False	run	2026-08-14 12:43:36.315838
670c7d48d590872005e8a660cb0a36eb		course-v1:SkillFactory+DSPRMGU+2023_FEB:lms.skillfactory.ru-db86e3ffd01c4019881c0f946ece4850:670c7d48d590872005e8a660cb0a36eb		False	run	2026-08-14 12:43:45.941379
670c7d48d590872005e8a660cb0a36eb		course-v1:SkillFactory+DSPRMGU+2023_FEB:lms.skillfactory.ru-db86e3ffd01c4019881c0f946ece4850:670c7d48d590872005e8a660cb0a36eb		False	run	2026-08-14 12:44:00.085744
670c7d48d590872005e8a660cb0a36eb		course-v1:SkillFactory+DSPRMGU+2023_FEB:lms.skillfactory.ru-db86e3ffd01c4019881c0f946ece4850:670c7d48d590872005e8a660cb0a36eb		False	run	2026-08-14 12:46:35.613912
670c7d48d590872005e8a660cb0a36eb		course-v1:SkillFactory+DSPRMGU+2023_FEB:lms.skillfactory.ru-db86e3ffd01c4019881c0f946ece4850:670c7d48d590872005e8a660cb0a36eb		False	run	2026-08-14 12:50:52.844977
95a377dfe1ea48eb9ecf00707aadab35		course-v1:SkillFactory+DAPR-2.0+MAR2021:lms.skillfactory.ru-dc3d23cf5b224fd9a9edb4f59ceac192:95a377dfe1ea48eb9ecf00707aadab35		False	run	2026-08-14 12:52:04.776645
95a377dfe1ea48eb9ecf00707aadab35		course-v1:SkillFactory+DAPR-2.0+MAR2021:lms.skillfactory.ru-dc3d23cf5b224fd9a9edb4f59ceac192:95a377dfe1ea48eb9ecf00707aadab35		False	run	2026-08-14 12:54:10.931276
b06e2f9b2f52aa47a56ebb333ef85eee		course-v1:SkillFactory+SQL-FREE+16JUN2021:lms.skillfactory.ru-f39fd5997dcc4c2c93b1e418a2f766dc:b06e2f9b2f52aa47a56ebb333ef85eee	https://lms.skillfactory.ru/courses/course-v1:SkillFactory+SQL-FREE+16JUN2021/xblock/block-v1:SkillFactory+SQL-FREE+16JUN2021+type@lti+block@f39fd5997dcc4c2c93b1e418a2f766dc/handler_noauth/grade_handler	False	run	2026-08-14 12:54:52.265200
95a377dfe1ea48eb9ecf00707aadab35		course-v1:SkillFactory+DAPR-2.0+MAR2021:lms.skillfactory.ru-dc3d23cf5b224fd9a9edb4f59ceac192:95a377dfe1ea48eb9ecf00707aadab35		False	run	2026-08-14 12:58:21.862622
b06e2f9b2f52aa47a56ebb333ef85eee		course-v1:SkillFactory+SQL-FREE+16JUN2021:lms.skillfactory.ru-f39fd5997dcc4c2c93b1e418a2f766dc:b06e2f9b2f52aa47a56ebb333ef85eee	https://lms.skillfactory.ru/courses/course-v1:SkillFactory+SQL-FREE+16JUN2021/xblock/block-v1:SkillFactory+SQL-FREE+16JUN2021+type@lti+block@f39fd5997dcc4c2c93b1e418a2f766dc/handler_noauth/grade_handler	False	run	2026-08-14 13:05:39.232874
670c7d48d590872005e8a660cb0a36eb		course-v1:SkillFactory+DSPRMGU+2023_FEB:lms.skillfactory.ru-db86e3ffd01c4019881c0f946ece4850:670c7d48d590872005e8a660cb0a36eb		False	run	2026-08-14 13:05:49.075067
b06e2f9b2f52aa47a56ebb333ef85eee		course-v1:SkillFactory+SQL-FREE+16JUN2021:lms.skillfactory.ru-f39fd5997dcc4c2c93b1e418a2f766dc:b06e2f9b2f52aa47a56ebb333ef85eee	https://lms.skillfactory.ru/courses/course-v1:SkillFactory+SQL-FREE+16JUN2021/xblock/block-v1:SkillFactory+SQL-FREE+16JUN2021+type@lti+block@f39fd5997dcc4c2c93b1e418a2f766dc/handler_noauth/grade_handler	False	run	2026-08-14 13:05:55.474688
b06e2f9b2f52aa47a56ebb333ef85eee		course-v1:SkillFactory+SQL-FREE+16JUN2021:lms.skillfactory.ru-f39fd5997dcc4c2c93b1e418a2f766dc:b06e2f9b2f52aa47a56ebb333ef85eee	https://lms.skillfactory.ru/courses/course-v1:SkillFactory+SQL-FREE+16JUN2021/xblock/block-v1:SkillFactory+SQL-FREE+16JUN2021+type@lti+block@f39fd5997dcc4c2c93b1e418a2f766dc/handler_noauth/grade_handler	False	run	2026-08-14 13:06:15.269335
670c7d48d590872005e8a660cb0a36eb		course-v1:SkillFactory+DSPRMGU+2023_FEB:lms.skillfactory.ru-db86e3ffd01c4019881c0f946ece4850:670c7d48d590872005e8a660cb0a36eb		False	run	2026-08-14 13:06:41.320299
b06e2f9b2f52aa47a56ebb333ef85eee		course-v1:SkillFactory+SQL-FREE+16JUN2021:lms.skillfactory.ru-f39fd5997dcc4c2c93b1e418a2f766dc:b06e2f9b2f52aa47a56ebb333ef85eee	https://lms.skillfactory.ru/courses/course-v1:SkillFactory+SQL-FREE+16JUN2021/xblock/block-v1:SkillFactory+SQL-FREE+16JUN2021+type@lti+block@f39fd5997dcc4c2c93b1e418a2f766dc/handler_noauth/grade_handler	False	run	2026-08-14 13:06:55.315512
670c7d48d590872005e8a660cb0a36eb		course-v1:SkillFactory+DSPRMGU+2023_FEB:lms.skillfactory.ru-db86e3ffd01c4019881c0f946ece4850:670c7d48d590872005e8a660cb0a36eb		False	run	2026-08-14 13:08:02.162741
b06e2f9b2f52aa47a56ebb333ef85eee		course-v1:SkillFactory+SQL-FREE+16JUN2021:lms.skillfactory.ru-f39fd5997dcc4c2c93b1e418a2f766dc:b06e2f9b2f52aa47a56ebb333ef85eee	https://lms.skillfactory.ru/courses/course-v1:SkillFactory+SQL-FREE+16JUN2021/xblock/block-v1:SkillFactory+SQL-FREE+16JUN2021+type@lti+block@f39fd5997dcc4c2c93b1e418a2f766dc/handler_noauth/grade_handler	False	run	2026-08-14 13:08:09.028192
b06e2f9b2f52aa47a56ebb333ef85eee		course-v1:SkillFactory+SQL-FREE+16JUN2021:lms.skillfactory.ru-f39fd5997dcc4c2c93b1e418a2f766dc:b06e2f9b2f52aa47a56ebb333ef85eee	https://lms.skillfactory.ru/courses/course-v1:SkillFactory+SQL-FREE+16JUN2021/xblock/block-v1:SkillFactory+SQL-FREE+16JUN2021+type@lti+block@f39fd5997dcc4c2c93b1e418a2f766dc/handler_noauth/grade_handler	False	run	2026-08-14 13:08:37.073294
b06e2f9b2f52aa47a56ebb333ef85eee		course-v1:SkillFactory+SQL-FREE+16JUN2021:lms.skillfactory.ru-f39fd5997dcc4c2c93b1e418a2f766dc:b06e2f9b2f52aa47a56ebb333ef85eee	https://lms.skillfactory.ru/courses/course-v1:SkillFactory+SQL-FREE+16JUN2021/xblock/block-v1:SkillFactory+SQL-FREE+16JUN2021+type@lti+block@f39fd5997dcc4c2c93b1e418a2f766dc/handler_noauth/grade_handler	False	run	2026-08-14 13:09:00.098328
b06e2f9b2f52aa47a56ebb333ef85eee		course-v1:SkillFactory+SQL-FREE+16JUN2021:lms.skillfactory.ru-f39fd5997dcc4c2c93b1e418a2f766dc:b06e2f9b2f52aa47a56ebb333ef85eee	https://lms.skillfactory.ru/courses/course-v1:SkillFactory+SQL-FREE+16JUN2021/xblock/block-v1:SkillFactory+SQL-FREE+16JUN2021+type@lti+block@f39fd5997dcc4c2c93b1e418a2f766dc/handler_noauth/grade_handler	False	run	2026-08-14 13:09:23.537718
b06e2f9b2f52aa47a56ebb333ef85eee		course-v1:SkillFactory+SQL-FREE+16JUN2021:lms.skillfactory.ru-f39fd5997dcc4c2c93b1e418a2f766dc:b06e2f9b2f52aa47a56ebb333ef85eee	https://lms.skillfactory.ru/courses/course-v1:SkillFactory+SQL-FREE+16JUN2021/xblock/block-v1:SkillFactory+SQL-FREE+16JUN2021+type@lti+block@f39fd5997dcc4c2c93b1e418a2f766dc/handler_noauth/grade_handler	False	run	2026-08-14 13:11:29.678873
b06e2f9b2f52aa47a56ebb333ef85eee		course-v1:SkillFactory+SQL-FREE+16JUN2021:lms.skillfactory.ru-f39fd5997dcc4c2c93b1e418a2f766dc:b06e2f9b2f52aa47a56ebb333ef85eee	https://lms.skillfactory.ru/courses/course-v1:SkillFactory+SQL-FREE+16JUN2021/xblock/block-v1:SkillFactory+SQL-FREE+16JUN2021+type@lti+block@f39fd5997dcc4c2c93b1e418a2f766dc/handler_noauth/grade_handler	False	run	2026-08-14 13:11:37.324758
670c7d48d590872005e8a660cb0a36eb		course-v1:SkillFactory+DSPRMGU+2023_FEB:lms.skillfactory.ru-db86e3ffd01c4019881c0f946ece4850:670c7d48d590872005e8a660cb0a36eb		False	run	2026-08-14 13:12:42.615146
670c7d48d590872005e8a660cb0a36eb		course-v1:SkillFactory+DSPRMGU+2023_FEB:lms.skillfactory.ru-db86e3ffd01c4019881c0f946ece4850:670c7d48d590872005e8a660cb0a36eb		False	run	2026-08-14 13:13:13.646371
670c7d48d590872005e8a660cb0a36eb		course-v1:SkillFactory+DSPRMGU+2023_FEB:lms.skillfactory.ru-db86e3ffd01c4019881c0f946ece4850:670c7d48d590872005e8a660cb0a36eb		False	run	2026-08-14 13:18:54.321888
670c7d48d590872005e8a660cb0a36eb		course-v1:SkillFactory+DSPRMGU+2023_FEB:lms.skillfactory.ru-db86e3ffd01c4019881c0f946ece4850:670c7d48d590872005e8a660cb0a36eb		False	run	2026-08-14 13:21:00.885244
670c7d48d590872005e8a660cb0a36eb		course-v1:SkillFactory+DSPRMGU+2023_FEB:lms.skillfactory.ru-db86e3ffd01c4019881c0f946ece4850:670c7d48d590872005e8a660cb0a36eb		False	run	2026-08-14 13:24:22.328026
670c7d48d590872005e8a660cb0a36eb		course-v1:SkillFactory+DSPRMGU+2023_FEB:lms.skillfactory.ru-db86e3ffd01c4019881c0f946ece4850:670c7d48d590872005e8a660cb0a36eb		False	run	2026-08-14 13:25:01.392386
670c7d48d590872005e8a660cb0a36eb		course-v1:SkillFactory+DSPRMGU+2023_FEB:lms.skillfactory.ru-db86e3ffd01c4019881c0f946ece4850:670c7d48d590872005e8a660cb0a36eb		False	run	2026-08-14 13:26:49.613169
670c7d48d590872005e8a660cb0a36eb		course-v1:SkillFactory+DSPRMGU+2023_FEB:lms.skillfactory.ru-db86e3ffd01c4019881c0f946ece4850:670c7d48d590872005e8a660cb0a36eb		False	run	2026-08-14 13:27:27.113157
670c7d48d590872005e8a660cb0a36eb		course-v1:SkillFactory+DSPRMGU+2023_FEB:lms.skillfactory.ru-db86e3ffd01c4019881c0f946ece4850:670c7d48d590872005e8a660cb0a36eb		False	run	2026-08-14 13:30:54.554287
670c7d48d590872005e8a660cb0a36eb		course-v1:SkillFactory+DSPRMGU+2023_FEB:lms.skillfactory.ru-db86e3ffd01c4019881c0f946ece4850:670c7d48d590872005e8a660cb0a36eb		False	run	2026-08-14 13:32:44.505478
670c7d48d590872005e8a660cb0a36eb		course-v1:SkillFactory+DSPRMGU+2023_FEB:lms.skillfactory.ru-db86e3ffd01c4019881c0f946ece4850:670c7d48d590872005e8a660cb0a36eb		False	run	2026-08-14 13:33:23.414374
670c7d48d590872005e8a660cb0a36eb		course-v1:SkillFactory+DSPRMGU+2023_FEB:lms.skillfactory.ru-db86e3ffd01c4019881c0f946ece4850:670c7d48d590872005e8a660cb0a36eb		False	run	2026-08-14 13:34:13.262202
670c7d48d590872005e8a660cb0a36eb		course-v1:SkillFactory+DSPRMGU+2023_FEB:lms.skillfactory.ru-db86e3ffd01c4019881c0f946ece4850:670c7d48d590872005e8a660cb0a36eb		False	run	2026-08-14 13:35:14.804937
670c7d48d590872005e8a660cb0a36eb		course-v1:SkillFactory+DSPRMGU+2023_FEB:lms.skillfactory.ru-db86e3ffd01c4019881c0f946ece4850:670c7d48d590872005e8a660cb0a36eb		False	run	2026-08-14 13:35:26.801448
95a377dfe1ea48eb9ecf00707aadab35		course-v1:SkillFactory+DAPR-2.0+MAR2021:lms.skillfactory.ru-9db9075f64d449c6b2d282bec64a8c45:95a377dfe1ea48eb9ecf00707aadab35		False	run	2026-08-14 14:50:51.002461
ba6d1a93f80371b95237c0fddc9f2a41		course-v1:SkillFactory+DAPR-2.0+MAR2021:lms.skillfactory.ru-a300b2e6dec342648ee9bf08e3bcc20d:ba6d1a93f80371b95237c0fddc9f2a41	https://lms.skillfactory.ru/courses/course-v1:SkillFactory+DAPR-2.0+MAR2021/xblock/block-v1:SkillFactory+DAPR-2.0+MAR2021+type@lti+block@a300b2e6dec342648ee9bf08e3bcc20d/handler_noauth/grade_handler	False	run	2026-08-15 14:34:49.201034
625c735c10d61b74cc20943d2a6cb3cc		course-v1:skillfactory+MIFIDEV-2_session_2_retake+2026:lms.skillfactory.ru-b23711bdd31441ebb98bf54ea7c16974:625c735c10d61b74cc20943d2a6cb3cc	https://lms.skillfactory.ru/courses/course-v1:skillfactory+MIFIDEV-2_session_2_retake+2026/xblock/block-v1:skillfactory+MIFIDEV-2_session_2_retake+2026+type@lti+block@b23711bdd31441ebb98bf54ea7c16974/handler_noauth/grade_handler	False	run	2026-08-15 18:47:26.145632
625c735c10d61b74cc20943d2a6cb3cc		course-v1:skillfactory+MIFIDEV-2_session_2_retake+2026:lms.skillfactory.ru-f877c270a475466f9b5a3fd2f202d82d:625c735c10d61b74cc20943d2a6cb3cc	https://lms.skillfactory.ru/courses/course-v1:skillfactory+MIFIDEV-2_session_2_retake+2026/xblock/block-v1:skillfactory+MIFIDEV-2_session_2_retake+2026+type@lti+block@f877c270a475466f9b5a3fd2f202d82d/handler_noauth/grade_handler	False	run	2026-08-15 19:02:15.787453
625c735c10d61b74cc20943d2a6cb3cc		course-v1:skillfactory+MIFIDEV-2_session_2_retake+2026:lms.skillfactory.ru-136016594c3544fe97231d75be00e586:625c735c10d61b74cc20943d2a6cb3cc	https://lms.skillfactory.ru/courses/course-v1:skillfactory+MIFIDEV-2_session_2_retake+2026/xblock/block-v1:skillfactory+MIFIDEV-2_session_2_retake+2026+type@lti+block@136016594c3544fe97231d75be00e586/handler_noauth/grade_handler	False	run	2026-08-15 19:10:56.921118
625c735c10d61b74cc20943d2a6cb3cc		course-v1:skillfactory+MIFIDEV-2_session_2_retake+2026:lms.skillfactory.ru-136016594c3544fe97231d75be00e586:625c735c10d61b74cc20943d2a6cb3cc	https://lms.skillfactory.ru/courses/course-v1:skillfactory+MIFIDEV-2_session_2_retake+2026/xblock/block-v1:skillfactory+MIFIDEV-2_session_2_retake+2026+type@lti+block@136016594c3544fe97231d75be00e586/handler_noauth/grade_handler	False	run	2026-08-15 19:11:30.431320
625c735c10d61b74cc20943d2a6cb3cc		course-v1:skillfactory+MIFIDEV-2_session_2_retake+2026:lms.skillfactory.ru-136016594c3544fe97231d75be00e586:625c735c10d61b74cc20943d2a6cb3cc	https://lms.skillfactory.ru/courses/course-v1:skillfactory+MIFIDEV-2_session_2_retake+2026/xblock/block-v1:skillfactory+MIFIDEV-2_session_2_retake+2026+type@lti+block@136016594c3544fe97231d75be00e586/handler_noauth/grade_handler	False	run	2026-08-15 19:11:57.348037
d17982fdf1a034ef99c2e397f0666066		course-v1:SkillFactory+SQL2.0+31AUG2020:lms.skillfactory.ru-47d86408f3fa408baf2012da1278f993:d17982fdf1a034ef99c2e397f0666066	https://lms.skillfactory.ru/courses/course-v1:SkillFactory+SQL2.0+31AUG2020/xblock/block-v1:SkillFactory+SQL2.0+31AUG2020+type@lti+block@47d86408f3fa408baf2012da1278f993/handler_noauth/grade_handler	False	run	2026-08-15 21:28:17.523168
d17982fdf1a034ef99c2e397f0666066		course-v1:SkillFactory+SQL2.0+31AUG2020:lms.skillfactory.ru-e7b46edeb0de444da0b6bb8918ece0c3:d17982fdf1a034ef99c2e397f0666066	https://lms.skillfactory.ru/courses/course-v1:SkillFactory+SQL2.0+31AUG2020/xblock/block-v1:SkillFactory+SQL2.0+31AUG2020+type@lti+block@e7b46edeb0de444da0b6bb8918ece0c3/handler_noauth/grade_handler	False	run	2026-08-15 21:40:37.540494
d17982fdf1a034ef99c2e397f0666066		course-v1:SkillFactory+SQL2.0+31AUG2020:lms.skillfactory.ru-e7b46edeb0de444da0b6bb8918ece0c3:d17982fdf1a034ef99c2e397f0666066	https://lms.skillfactory.ru/courses/course-v1:SkillFactory+SQL2.0+31AUG2020/xblock/block-v1:SkillFactory+SQL2.0+31AUG2020+type@lti+block@e7b46edeb0de444da0b6bb8918ece0c3/handler_noauth/grade_handler	False	run	2026-08-15 21:41:54.755695
d17982fdf1a034ef99c2e397f0666066		course-v1:SkillFactory+SQL2.0+31AUG2020:lms.skillfactory.ru-e7b46edeb0de444da0b6bb8918ece0c3:d17982fdf1a034ef99c2e397f0666066	https://lms.skillfactory.ru/courses/course-v1:SkillFactory+SQL2.0+31AUG2020/xblock/block-v1:SkillFactory+SQL2.0+31AUG2020+type@lti+block@e7b46edeb0de444da0b6bb8918ece0c3/handler_noauth/grade_handler	False	run	2026-08-15 21:42:19.882736
d17982fdf1a034ef99c2e397f0666066		course-v1:SkillFactory+SQL2.0+31AUG2020:lms.skillfactory.ru-e7b46edeb0de444da0b6bb8918ece0c3:d17982fdf1a034ef99c2e397f0666066	https://lms.skillfactory.ru/courses/course-v1:SkillFactory+SQL2.0+31AUG2020/xblock/block-v1:SkillFactory+SQL2.0+31AUG2020+type@lti+block@e7b46edeb0de444da0b6bb8918ece0c3/handler_noauth/grade_handler	False	run	2026-08-15 21:43:38.995018
d17982fdf1a034ef99c2e397f0666066		course-v1:SkillFactory+SQL2.0+31AUG2020:lms.skillfactory.ru-e7b46edeb0de444da0b6bb8918ece0c3:d17982fdf1a034ef99c2e397f0666066	https://lms.skillfactory.ru/courses/course-v1:SkillFactory+SQL2.0+31AUG2020/xblock/block-v1:SkillFactory+SQL2.0+31AUG2020+type@lti+block@e7b46edeb0de444da0b6bb8918ece0c3/handler_noauth/grade_handler	False	run	2026-08-15 21:44:53.257255
d17982fdf1a034ef99c2e397f0666066		course-v1:SkillFactory+SQL2.0+31AUG2020:lms.skillfactory.ru-e7b46edeb0de444da0b6bb8918ece0c3:d17982fdf1a034ef99c2e397f0666066	https://lms.skillfactory.ru/courses/course-v1:SkillFactory+SQL2.0+31AUG2020/xblock/block-v1:SkillFactory+SQL2.0+31AUG2020+type@lti+block@e7b46edeb0de444da0b6bb8918ece0c3/handler_noauth/grade_handler	False	run	2026-08-15 21:45:14.942606
d17982fdf1a034ef99c2e397f0666066		course-v1:SkillFactory+SQL2.0+31AUG2020:lms.skillfactory.ru-b848ae88cb7f4683aa365d17cc83e864:d17982fdf1a034ef99c2e397f0666066	https://lms.skillfactory.ru/courses/course-v1:SkillFactory+SQL2.0+31AUG2020/xblock/block-v1:SkillFactory+SQL2.0+31AUG2020+type@lti+block@b848ae88cb7f4683aa365d17cc83e864/handler_noauth/grade_handler	False	run	2026-08-15 21:55:39.648711
d17982fdf1a034ef99c2e397f0666066		course-v1:SkillFactory+SQL2.0+31AUG2020:lms.skillfactory.ru-b848ae88cb7f4683aa365d17cc83e864:d17982fdf1a034ef99c2e397f0666066	https://lms.skillfactory.ru/courses/course-v1:SkillFactory+SQL2.0+31AUG2020/xblock/block-v1:SkillFactory+SQL2.0+31AUG2020+type@lti+block@b848ae88cb7f4683aa365d17cc83e864/handler_noauth/grade_handler	False	run	2026-08-15 21:56:17.444870
d17982fdf1a034ef99c2e397f0666066		course-v1:SkillFactory+SQL2.0+31AUG2020:lms.skillfactory.ru-b848ae88cb7f4683aa365d17cc83e864:d17982fdf1a034ef99c2e397f0666066	https://lms.skillfactory.ru/courses/course-v1:SkillFactory+SQL2.0+31AUG2020/xblock/block-v1:SkillFactory+SQL2.0+31AUG2020+type@lti+block@b848ae88cb7f4683aa365d17cc83e864/handler_noauth/grade_handler	False	run	2026-08-15 21:57:33.818495
d17982fdf1a034ef99c2e397f0666066		course-v1:SkillFactory+SQL2.0+31AUG2020:lms.skillfactory.ru-b848ae88cb7f4683aa365d17cc83e864:d17982fdf1a034ef99c2e397f0666066	https://lms.skillfactory.ru/courses/course-v1:SkillFactory+SQL2.0+31AUG2020/xblock/block-v1:SkillFactory+SQL2.0+31AUG2020+type@lti+block@b848ae88cb7f4683aa365d17cc83e864/handler_noauth/grade_handler	False	run	2026-08-15 22:00:24.578933
d17982fdf1a034ef99c2e397f0666066		course-v1:SkillFactory+SQL2.0+31AUG2020:lms.skillfactory.ru-b848ae88cb7f4683aa365d17cc83e864:d17982fdf1a034ef99c2e397f0666066	https://lms.skillfactory.ru/courses/course-v1:SkillFactory+SQL2.0+31AUG2020/xblock/block-v1:SkillFactory+SQL2.0+31AUG2020+type@lti+block@b848ae88cb7f4683aa365d17cc83e864/handler_noauth/grade_handler	False	run	2026-08-15 22:11:07.850079
d17982fdf1a034ef99c2e397f0666066		course-v1:SkillFactory+SQL2.0+31AUG2020:lms.skillfactory.ru-b848ae88cb7f4683aa365d17cc83e864:d17982fdf1a034ef99c2e397f0666066	https://lms.skillfactory.ru/courses/course-v1:SkillFactory+SQL2.0+31AUG2020/xblock/block-v1:SkillFactory+SQL2.0+31AUG2020+type@lti+block@b848ae88cb7f4683aa365d17cc83e864/handler_noauth/grade_handler	False	run	2026-08-15 22:12:31.633103
d17982fdf1a034ef99c2e397f0666066		course-v1:SkillFactory+SQL2.0+31AUG2020:lms.skillfactory.ru-b848ae88cb7f4683aa365d17cc83e864:d17982fdf1a034ef99c2e397f0666066	https://lms.skillfactory.ru/courses/course-v1:SkillFactory+SQL2.0+31AUG2020/xblock/block-v1:SkillFactory+SQL2.0+31AUG2020+type@lti+block@b848ae88cb7f4683aa365d17cc83e864/handler_noauth/grade_handler	False	run	2026-08-15 22:12:48.965453
d17982fdf1a034ef99c2e397f0666066		course-v1:SkillFactory+SQL2.0+31AUG2020:lms.skillfactory.ru-fa52ccb498fa4d7dbf7d21b18ec42ea7:d17982fdf1a034ef99c2e397f0666066	https://lms.skillfactory.ru/courses/course-v1:SkillFactory+SQL2.0+31AUG2020/xblock/block-v1:SkillFactory+SQL2.0+31AUG2020+type@lti+block@fa52ccb498fa4d7dbf7d21b18ec42ea7/handler_noauth/grade_handler	False	run	2026-08-15 22:25:49.671888
d17982fdf1a034ef99c2e397f0666066		course-v1:SkillFactory+SQL2.0+31AUG2020:lms.skillfactory.ru-fa52ccb498fa4d7dbf7d21b18ec42ea7:d17982fdf1a034ef99c2e397f0666066	https://lms.skillfactory.ru/courses/course-v1:SkillFactory+SQL2.0+31AUG2020/xblock/block-v1:SkillFactory+SQL2.0+31AUG2020+type@lti+block@fa52ccb498fa4d7dbf7d21b18ec42ea7/handler_noauth/grade_handler	False	run	2026-08-15 22:26:26.017166
d17982fdf1a034ef99c2e397f0666066		course-v1:SkillFactory+SQL2.0+31AUG2020:lms.skillfactory.ru-fa52ccb498fa4d7dbf7d21b18ec42ea7:d17982fdf1a034ef99c2e397f0666066	https://lms.skillfactory.ru/courses/course-v1:SkillFactory+SQL2.0+31AUG2020/xblock/block-v1:SkillFactory+SQL2.0+31AUG2020+type@lti+block@fa52ccb498fa4d7dbf7d21b18ec42ea7/handler_noauth/grade_handler	False	run	2026-08-15 22:26:35.900328
d17982fdf1a034ef99c2e397f0666066		course-v1:SkillFactory+SQL2.0+31AUG2020:lms.skillfactory.ru-fa52ccb498fa4d7dbf7d21b18ec42ea7:d17982fdf1a034ef99c2e397f0666066	https://lms.skillfactory.ru/courses/course-v1:SkillFactory+SQL2.0+31AUG2020/xblock/block-v1:SkillFactory+SQL2.0+31AUG2020+type@lti+block@fa52ccb498fa4d7dbf7d21b18ec42ea7/handler_noauth/grade_handler	False	run	2026-08-15 22:28:53.590142
d17982fdf1a034ef99c2e397f0666066		course-v1:SkillFactory+SQL2.0+31AUG2020:lms.skillfactory.ru-fa52ccb498fa4d7dbf7d21b18ec42ea7:d17982fdf1a034ef99c2e397f0666066	https://lms.skillfactory.ru/courses/course-v1:SkillFactory+SQL2.0+31AUG2020/xblock/block-v1:SkillFactory+SQL2.0+31AUG2020+type@lti+block@fa52ccb498fa4d7dbf7d21b18ec42ea7/handler_noauth/grade_handler	False	run	2026-08-15 22:29:16.670319
d17982fdf1a034ef99c2e397f0666066		course-v1:SkillFactory+SQL2.0+31AUG2020:lms.skillfactory.ru-fa52ccb498fa4d7dbf7d21b18ec42ea7:d17982fdf1a034ef99c2e397f0666066	https://lms.skillfactory.ru/courses/course-v1:SkillFactory+SQL2.0+31AUG2020/xblock/block-v1:SkillFactory+SQL2.0+31AUG2020+type@lti+block@fa52ccb498fa4d7dbf7d21b18ec42ea7/handler_noauth/grade_handler	False	run	2026-08-15 22:29:26.890079
d17982fdf1a034ef99c2e397f0666066		course-v1:SkillFactory+SQL2.0+31AUG2020:lms.skillfactory.ru-d822ec8fddc549a5abb966e45de687ce:d17982fdf1a034ef99c2e397f0666066	https://lms.skillfactory.ru/courses/course-v1:SkillFactory+SQL2.0+31AUG2020/xblock/block-v1:SkillFactory+SQL2.0+31AUG2020+type@lti+block@d822ec8fddc549a5abb966e45de687ce/handler_noauth/grade_handler	False	run	2026-08-15 22:31:36.322473
d17982fdf1a034ef99c2e397f0666066		course-v1:SkillFactory+SQL2.0+31AUG2020:lms.skillfactory.ru-d822ec8fddc549a5abb966e45de687ce:d17982fdf1a034ef99c2e397f0666066	https://lms.skillfactory.ru/courses/course-v1:SkillFactory+SQL2.0+31AUG2020/xblock/block-v1:SkillFactory+SQL2.0+31AUG2020+type@lti+block@d822ec8fddc549a5abb966e45de687ce/handler_noauth/grade_handler	False	run	2026-08-15 22:33:53.281370
d17982fdf1a034ef99c2e397f0666066		course-v1:SkillFactory+SQL2.0+31AUG2020:lms.skillfactory.ru-c00a424a80d042a69176c45bf2dc8064:d17982fdf1a034ef99c2e397f0666066	https://lms.skillfactory.ru/courses/course-v1:SkillFactory+SQL2.0+31AUG2020/xblock/block-v1:SkillFactory+SQL2.0+31AUG2020+type@lti+block@c00a424a80d042a69176c45bf2dc8064/handler_noauth/grade_handler	False	run	2026-08-15 22:57:33.727195
d17982fdf1a034ef99c2e397f0666066		course-v1:SkillFactory+SQL2.0+31AUG2020:lms.skillfactory.ru-85de65152c69453eafe60611a7e5f4a1:d17982fdf1a034ef99c2e397f0666066	https://lms.skillfactory.ru/courses/course-v1:SkillFactory+SQL2.0+31AUG2020/xblock/block-v1:SkillFactory+SQL2.0+31AUG2020+type@lti+block@85de65152c69453eafe60611a7e5f4a1/handler_noauth/grade_handler	False	run	2026-08-15 23:00:03.500492
d17982fdf1a034ef99c2e397f0666066		course-v1:SkillFactory+SQL2.0+31AUG2020:lms.skillfactory.ru-85de65152c69453eafe60611a7e5f4a1:d17982fdf1a034ef99c2e397f0666066	https://lms.skillfactory.ru/courses/course-v1:SkillFactory+SQL2.0+31AUG2020/xblock/block-v1:SkillFactory+SQL2.0+31AUG2020+type@lti+block@85de65152c69453eafe60611a7e5f4a1/handler_noauth/grade_handler	False	run	2026-08-15 23:00:15.910561
d17982fdf1a034ef99c2e397f0666066		course-v1:SkillFactory+SQL2.0+31AUG2020:lms.skillfactory.ru-e6a750b99d924e0faa5370ad208ba906:d17982fdf1a034ef99c2e397f0666066	https://lms.skillfactory.ru/courses/course-v1:SkillFactory+SQL2.0+31AUG2020/xblock/block-v1:SkillFactory+SQL2.0+31AUG2020+type@lti+block@e6a750b99d924e0faa5370ad208ba906/handler_noauth/grade_handler	False	run	2026-08-15 23:04:01.376757
d17982fdf1a034ef99c2e397f0666066		course-v1:SkillFactory+SQL2.0+31AUG2020:lms.skillfactory.ru-e6a750b99d924e0faa5370ad208ba906:d17982fdf1a034ef99c2e397f0666066	https://lms.skillfactory.ru/courses/course-v1:SkillFactory+SQL2.0+31AUG2020/xblock/block-v1:SkillFactory+SQL2.0+31AUG2020+type@lti+block@e6a750b99d924e0faa5370ad208ba906/handler_noauth/grade_handler	False	run	2026-08-15 23:05:40.894297
d17982fdf1a034ef99c2e397f0666066		course-v1:SkillFactory+SQL2.0+31AUG2020:lms.skillfactory.ru-e6a750b99d924e0faa5370ad208ba906:d17982fdf1a034ef99c2e397f0666066	https://lms.skillfactory.ru/courses/course-v1:SkillFactory+SQL2.0+31AUG2020/xblock/block-v1:SkillFactory+SQL2.0+31AUG2020+type@lti+block@e6a750b99d924e0faa5370ad208ba906/handler_noauth/grade_handler	False	run	2026-08-15 23:07:38.734683
d17982fdf1a034ef99c2e397f0666066		course-v1:SkillFactory+SQL2.0+31AUG2020:lms.skillfactory.ru-e6a750b99d924e0faa5370ad208ba906:d17982fdf1a034ef99c2e397f0666066	https://lms.skillfactory.ru/courses/course-v1:SkillFactory+SQL2.0+31AUG2020/xblock/block-v1:SkillFactory+SQL2.0+31AUG2020+type@lti+block@e6a750b99d924e0faa5370ad208ba906/handler_noauth/grade_handler	False	run	2026-08-15 23:09:11.825178
d17982fdf1a034ef99c2e397f0666066		course-v1:SkillFactory+SQL2.0+31AUG2020:lms.skillfactory.ru-e6a750b99d924e0faa5370ad208ba906:d17982fdf1a034ef99c2e397f0666066	https://lms.skillfactory.ru/courses/course-v1:SkillFactory+SQL2.0+31AUG2020/xblock/block-v1:SkillFactory+SQL2.0+31AUG2020+type@lti+block@e6a750b99d924e0faa5370ad208ba906/handler_noauth/grade_handler	False	run	2026-08-15 23:09:27.191900
d17982fdf1a034ef99c2e397f0666066		course-v1:SkillFactory+SQL2.0+31AUG2020:lms.skillfactory.ru-e6a750b99d924e0faa5370ad208ba906:d17982fdf1a034ef99c2e397f0666066	https://lms.skillfactory.ru/courses/course-v1:SkillFactory+SQL2.0+31AUG2020/xblock/block-v1:SkillFactory+SQL2.0+31AUG2020+type@lti+block@e6a750b99d924e0faa5370ad208ba906/handler_noauth/grade_handler	False	run	2026-08-15 23:09:39.173892
d33d5bbc1e01ccd276c5442af3300152		course-v1:SkillFactory+MIPTDS+SEPT22:lms.skillfactory.ru-4a1b69e3f95b4c1dbb0bc71bbadc8a01:d33d5bbc1e01ccd276c5442af3300152	https://lms.skillfactory.ru/courses/course-v1:SkillFactory+MIPTDS+SEPT22/xblock/block-v1:SkillFactory+MIPTDS+SEPT22+type@lti+block@4a1b69e3f95b4c1dbb0bc71bbadc8a01/handler_noauth/grade_handler	False	submit	2026-08-09 10:29:57.198880
d33d5bbc1e01ccd276c5442af3300152		course-v1:SkillFactory+MIPTDS+SEPT22:lms.skillfactory.ru-4a1b69e3f95b4c1dbb0bc71bbadc8a01:d33d5bbc1e01ccd276c5442af3300152	https://lms.skillfactory.ru/courses/course-v1:SkillFactory+MIPTDS+SEPT22/xblock/block-v1:SkillFactory+MIPTDS+SEPT22+type@lti+block@4a1b69e3f95b4c1dbb0bc71bbadc8a01/handler_noauth/grade_handler	True	submit	2026-08-09 10:34:10.414703
99a607f040762d5b8ff8c7f2712b7a45		course-v1:SkillFactory+SDA-3.0+FEB2021:lms.skillfactory.ru-42f07343418944238777af01b1bb8695:99a607f040762d5b8ff8c7f2712b7a45	https://lms.skillfactory.ru/courses/course-v1:SkillFactory+SDA-3.0+FEB2021/xblock/block-v1:SkillFactory+SDA-3.0+FEB2021+type@lti+block@42f07343418944238777af01b1bb8695/handler_noauth/grade_handler	False	submit	2026-08-09 12:20:12.533953
99a607f040762d5b8ff8c7f2712b7a45		course-v1:SkillFactory+SDA-3.0+FEB2021:lms.skillfactory.ru-42f07343418944238777af01b1bb8695:99a607f040762d5b8ff8c7f2712b7a45	https://lms.skillfactory.ru/courses/course-v1:SkillFactory+SDA-3.0+FEB2021/xblock/block-v1:SkillFactory+SDA-3.0+FEB2021+type@lti+block@42f07343418944238777af01b1bb8695/handler_noauth/grade_handler	True	submit	2026-08-09 12:21:10.304025
d33d5bbc1e01ccd276c5442af3300152		course-v1:SkillFactory+MIPTDS+SEPT22:lms.skillfactory.ru-69d4bac8009b44498510cd589f15d9b6:d33d5bbc1e01ccd276c5442af3300152	https://lms.skillfactory.ru/courses/course-v1:SkillFactory+MIPTDS+SEPT22/xblock/block-v1:SkillFactory+MIPTDS+SEPT22+type@lti+block@69d4bac8009b44498510cd589f15d9b6/handler_noauth/grade_handler	False	submit	2026-08-09 15:05:52.947963
d33d5bbc1e01ccd276c5442af3300152		course-v1:SkillFactory+MIPTDS+SEPT22:lms.skillfactory.ru-69d4bac8009b44498510cd589f15d9b6:d33d5bbc1e01ccd276c5442af3300152	https://lms.skillfactory.ru/courses/course-v1:SkillFactory+MIPTDS+SEPT22/xblock/block-v1:SkillFactory+MIPTDS+SEPT22+type@lti+block@69d4bac8009b44498510cd589f15d9b6/handler_noauth/grade_handler	False	submit	2026-08-09 15:06:20.381450
d33d5bbc1e01ccd276c5442af3300152		course-v1:SkillFactory+MIPTDS+SEPT22:lms.skillfactory.ru-69d4bac8009b44498510cd589f15d9b6:d33d5bbc1e01ccd276c5442af3300152	https://lms.skillfactory.ru/courses/course-v1:SkillFactory+MIPTDS+SEPT22/xblock/block-v1:SkillFactory+MIPTDS+SEPT22+type@lti+block@69d4bac8009b44498510cd589f15d9b6/handler_noauth/grade_handler	False	submit	2026-08-09 15:06:44.363922
d33d5bbc1e01ccd276c5442af3300152		course-v1:SkillFactory+MIPTDS+SEPT22:lms.skillfactory.ru-69d4bac8009b44498510cd589f15d9b6:d33d5bbc1e01ccd276c5442af3300152	https://lms.skillfactory.ru/courses/course-v1:SkillFactory+MIPTDS+SEPT22/xblock/block-v1:SkillFactory+MIPTDS+SEPT22+type@lti+block@69d4bac8009b44498510cd589f15d9b6/handler_noauth/grade_handler	False	submit	2026-08-09 15:07:36.884810
d33d5bbc1e01ccd276c5442af3300152		course-v1:SkillFactory+MIPTDS+SEPT22:lms.skillfactory.ru-69d4bac8009b44498510cd589f15d9b6:d33d5bbc1e01ccd276c5442af3300152	https://lms.skillfactory.ru/courses/course-v1:SkillFactory+MIPTDS+SEPT22/xblock/block-v1:SkillFactory+MIPTDS+SEPT22+type@lti+block@69d4bac8009b44498510cd589f15d9b6/handler_noauth/grade_handler	False	submit	2026-08-09 15:12:00.803227
d33d5bbc1e01ccd276c5442af3300152		course-v1:SkillFactory+MIPTDS+SEPT22:lms.skillfactory.ru-69d4bac8009b44498510cd589f15d9b6:d33d5bbc1e01ccd276c5442af3300152	https://lms.skillfactory.ru/courses/course-v1:SkillFactory+MIPTDS+SEPT22/xblock/block-v1:SkillFactory+MIPTDS+SEPT22+type@lti+block@69d4bac8009b44498510cd589f15d9b6/handler_noauth/grade_handler	False	submit	2026-08-09 15:14:04.425278
d33d5bbc1e01ccd276c5442af3300152		course-v1:SkillFactory+MIPTDS+SEPT22:lms.skillfactory.ru-69d4bac8009b44498510cd589f15d9b6:d33d5bbc1e01ccd276c5442af3300152	https://lms.skillfactory.ru/courses/course-v1:SkillFactory+MIPTDS+SEPT22/xblock/block-v1:SkillFactory+MIPTDS+SEPT22+type@lti+block@69d4bac8009b44498510cd589f15d9b6/handler_noauth/grade_handler	True	submit	2026-08-09 15:14:36.192671
492862993edaf4088e6127bcc4be711d		course-v1:SkillFactory+SQL2.0+31AUG2020:lms.skillfactory.ru-99be91560f9843b4b8c71da14080d9bf:492862993edaf4088e6127bcc4be711d	https://lms.skillfactory.ru/courses/course-v1:SkillFactory+SQL2.0+31AUG2020/xblock/block-v1:SkillFactory+SQL2.0+31AUG2020+type@lti+block@99be91560f9843b4b8c71da14080d9bf/handler_noauth/grade_handler	False	submit	2026-08-10 10:27:12.179640
b137f3864e4986f57708ce134e573dae		course-v1:SkillFactory+SDA-3.0+FEB2021:lms.skillfactory.ru-1ef80ff293764a919307b0691a3e6030:b137f3864e4986f57708ce134e573dae		True	submit	2026-08-10 10:28:52.598219
492862993edaf4088e6127bcc4be711d		course-v1:SkillFactory+SQL2.0+31AUG2020:lms.skillfactory.ru-99be91560f9843b4b8c71da14080d9bf:492862993edaf4088e6127bcc4be711d	https://lms.skillfactory.ru/courses/course-v1:SkillFactory+SQL2.0+31AUG2020/xblock/block-v1:SkillFactory+SQL2.0+31AUG2020+type@lti+block@99be91560f9843b4b8c71da14080d9bf/handler_noauth/grade_handler	False	submit	2026-08-10 10:31:37.949142
492862993edaf4088e6127bcc4be711d		course-v1:SkillFactory+SQL2.0+31AUG2020:lms.skillfactory.ru-99be91560f9843b4b8c71da14080d9bf:492862993edaf4088e6127bcc4be711d	https://lms.skillfactory.ru/courses/course-v1:SkillFactory+SQL2.0+31AUG2020/xblock/block-v1:SkillFactory+SQL2.0+31AUG2020+type@lti+block@99be91560f9843b4b8c71da14080d9bf/handler_noauth/grade_handler	False	submit	2026-08-10 10:31:52.886307
492862993edaf4088e6127bcc4be711d		course-v1:SkillFactory+SQL2.0+31AUG2020:lms.skillfactory.ru-99be91560f9843b4b8c71da14080d9bf:492862993edaf4088e6127bcc4be711d	https://lms.skillfactory.ru/courses/course-v1:SkillFactory+SQL2.0+31AUG2020/xblock/block-v1:SkillFactory+SQL2.0+31AUG2020+type@lti+block@99be91560f9843b4b8c71da14080d9bf/handler_noauth/grade_handler	False	submit	2026-08-10 10:33:59.350395
492862993edaf4088e6127bcc4be711d		course-v1:SkillFactory+SQL2.0+31AUG2020:lms.skillfactory.ru-99be91560f9843b4b8c71da14080d9bf:492862993edaf4088e6127bcc4be711d	https://lms.skillfactory.ru/courses/course-v1:SkillFactory+SQL2.0+31AUG2020/xblock/block-v1:SkillFactory+SQL2.0+31AUG2020+type@lti+block@99be91560f9843b4b8c71da14080d9bf/handler_noauth/grade_handler	False	submit	2026-08-10 10:34:32.058080
492862993edaf4088e6127bcc4be711d		course-v1:SkillFactory+SQL2.0+31AUG2020:lms.skillfactory.ru-99be91560f9843b4b8c71da14080d9bf:492862993edaf4088e6127bcc4be711d	https://lms.skillfactory.ru/courses/course-v1:SkillFactory+SQL2.0+31AUG2020/xblock/block-v1:SkillFactory+SQL2.0+31AUG2020+type@lti+block@99be91560f9843b4b8c71da14080d9bf/handler_noauth/grade_handler	False	submit	2026-08-10 10:34:48.225786
492862993edaf4088e6127bcc4be711d		course-v1:SkillFactory+SQL2.0+31AUG2020:lms.skillfactory.ru-99be91560f9843b4b8c71da14080d9bf:492862993edaf4088e6127bcc4be711d	https://lms.skillfactory.ru/courses/course-v1:SkillFactory+SQL2.0+31AUG2020/xblock/block-v1:SkillFactory+SQL2.0+31AUG2020+type@lti+block@99be91560f9843b4b8c71da14080d9bf/handler_noauth/grade_handler	False	submit	2026-08-10 10:35:06.302438
492862993edaf4088e6127bcc4be711d		course-v1:SkillFactory+SQL2.0+31AUG2020:lms.skillfactory.ru-99be91560f9843b4b8c71da14080d9bf:492862993edaf4088e6127bcc4be711d	https://lms.skillfactory.ru/courses/course-v1:SkillFactory+SQL2.0+31AUG2020/xblock/block-v1:SkillFactory+SQL2.0+31AUG2020+type@lti+block@99be91560f9843b4b8c71da14080d9bf/handler_noauth/grade_handler	False	submit	2026-08-10 10:35:13.919225
492862993edaf4088e6127bcc4be711d		course-v1:SkillFactory+SQL2.0+31AUG2020:lms.skillfactory.ru-99be91560f9843b4b8c71da14080d9bf:492862993edaf4088e6127bcc4be711d	https://lms.skillfactory.ru/courses/course-v1:SkillFactory+SQL2.0+31AUG2020/xblock/block-v1:SkillFactory+SQL2.0+31AUG2020+type@lti+block@99be91560f9843b4b8c71da14080d9bf/handler_noauth/grade_handler	False	submit	2026-08-10 10:35:21.201773
492862993edaf4088e6127bcc4be711d		course-v1:SkillFactory+SQL2.0+31AUG2020:lms.skillfactory.ru-99be91560f9843b4b8c71da14080d9bf:492862993edaf4088e6127bcc4be711d	https://lms.skillfactory.ru/courses/course-v1:SkillFactory+SQL2.0+31AUG2020/xblock/block-v1:SkillFactory+SQL2.0+31AUG2020+type@lti+block@99be91560f9843b4b8c71da14080d9bf/handler_noauth/grade_handler	False	submit	2026-08-10 10:35:27.661980
492862993edaf4088e6127bcc4be711d		course-v1:SkillFactory+SQL2.0+31AUG2020:lms.skillfactory.ru-99be91560f9843b4b8c71da14080d9bf:492862993edaf4088e6127bcc4be711d	https://lms.skillfactory.ru/courses/course-v1:SkillFactory+SQL2.0+31AUG2020/xblock/block-v1:SkillFactory+SQL2.0+31AUG2020+type@lti+block@99be91560f9843b4b8c71da14080d9bf/handler_noauth/grade_handler	True	submit	2026-08-10 10:40:33.390284
492862993edaf4088e6127bcc4be711d		course-v1:SkillFactory+SQL2.0+31AUG2020:lms.skillfactory.ru-05e22b11f6004a5cb8ffdd5ed48c8807:492862993edaf4088e6127bcc4be711d	https://lms.skillfactory.ru/courses/course-v1:SkillFactory+SQL2.0+31AUG2020/xblock/block-v1:SkillFactory+SQL2.0+31AUG2020+type@lti+block@05e22b11f6004a5cb8ffdd5ed48c8807/handler_noauth/grade_handler	False	submit	2026-08-10 10:57:17.863284
492862993edaf4088e6127bcc4be711d		course-v1:SkillFactory+SQL2.0+31AUG2020:lms.skillfactory.ru-05e22b11f6004a5cb8ffdd5ed48c8807:492862993edaf4088e6127bcc4be711d	https://lms.skillfactory.ru/courses/course-v1:SkillFactory+SQL2.0+31AUG2020/xblock/block-v1:SkillFactory+SQL2.0+31AUG2020+type@lti+block@05e22b11f6004a5cb8ffdd5ed48c8807/handler_noauth/grade_handler	True	submit	2026-08-10 11:00:55.595009
492862993edaf4088e6127bcc4be711d		course-v1:SkillFactory+SQL2.0+31AUG2020:lms.skillfactory.ru-3c931dcacc9744d38163c71e69b0b6f1:492862993edaf4088e6127bcc4be711d	https://lms.skillfactory.ru/courses/course-v1:SkillFactory+SQL2.0+31AUG2020/xblock/block-v1:SkillFactory+SQL2.0+31AUG2020+type@lti+block@3c931dcacc9744d38163c71e69b0b6f1/handler_noauth/grade_handler	False	submit	2026-08-10 11:06:18.742720
492862993edaf4088e6127bcc4be711d		course-v1:SkillFactory+SQL2.0+31AUG2020:lms.skillfactory.ru-3c931dcacc9744d38163c71e69b0b6f1:492862993edaf4088e6127bcc4be711d	https://lms.skillfactory.ru/courses/course-v1:SkillFactory+SQL2.0+31AUG2020/xblock/block-v1:SkillFactory+SQL2.0+31AUG2020+type@lti+block@3c931dcacc9744d38163c71e69b0b6f1/handler_noauth/grade_handler	False	submit	2026-08-10 11:08:42.694358
492862993edaf4088e6127bcc4be711d		course-v1:SkillFactory+SQL2.0+31AUG2020:lms.skillfactory.ru-3c931dcacc9744d38163c71e69b0b6f1:492862993edaf4088e6127bcc4be711d	https://lms.skillfactory.ru/courses/course-v1:SkillFactory+SQL2.0+31AUG2020/xblock/block-v1:SkillFactory+SQL2.0+31AUG2020+type@lti+block@3c931dcacc9744d38163c71e69b0b6f1/handler_noauth/grade_handler	False	submit	2026-08-10 11:09:00.231099
492862993edaf4088e6127bcc4be711d		course-v1:SkillFactory+SQL2.0+31AUG2020:lms.skillfactory.ru-3c931dcacc9744d38163c71e69b0b6f1:492862993edaf4088e6127bcc4be711d	https://lms.skillfactory.ru/courses/course-v1:SkillFactory+SQL2.0+31AUG2020/xblock/block-v1:SkillFactory+SQL2.0+31AUG2020+type@lti+block@3c931dcacc9744d38163c71e69b0b6f1/handler_noauth/grade_handler	False	submit	2026-08-10 11:10:23.735963
492862993edaf4088e6127bcc4be711d		course-v1:SkillFactory+SQL2.0+31AUG2020:lms.skillfactory.ru-3c931dcacc9744d38163c71e69b0b6f1:492862993edaf4088e6127bcc4be711d	https://lms.skillfactory.ru/courses/course-v1:SkillFactory+SQL2.0+31AUG2020/xblock/block-v1:SkillFactory+SQL2.0+31AUG2020+type@lti+block@3c931dcacc9744d38163c71e69b0b6f1/handler_noauth/grade_handler	False	submit	2026-08-10 11:11:35.171414
492862993edaf4088e6127bcc4be711d		course-v1:SkillFactory+SQL2.0+31AUG2020:lms.skillfactory.ru-3c931dcacc9744d38163c71e69b0b6f1:492862993edaf4088e6127bcc4be711d	https://lms.skillfactory.ru/courses/course-v1:SkillFactory+SQL2.0+31AUG2020/xblock/block-v1:SkillFactory+SQL2.0+31AUG2020+type@lti+block@3c931dcacc9744d38163c71e69b0b6f1/handler_noauth/grade_handler	False	submit	2026-08-10 11:13:32.770622
492862993edaf4088e6127bcc4be711d		course-v1:SkillFactory+SQL2.0+31AUG2020:lms.skillfactory.ru-3c931dcacc9744d38163c71e69b0b6f1:492862993edaf4088e6127bcc4be711d	https://lms.skillfactory.ru/courses/course-v1:SkillFactory+SQL2.0+31AUG2020/xblock/block-v1:SkillFactory+SQL2.0+31AUG2020+type@lti+block@3c931dcacc9744d38163c71e69b0b6f1/handler_noauth/grade_handler	False	submit	2026-08-10 11:13:37.709159
492862993edaf4088e6127bcc4be711d		course-v1:SkillFactory+SQL2.0+31AUG2020:lms.skillfactory.ru-3c931dcacc9744d38163c71e69b0b6f1:492862993edaf4088e6127bcc4be711d	https://lms.skillfactory.ru/courses/course-v1:SkillFactory+SQL2.0+31AUG2020/xblock/block-v1:SkillFactory+SQL2.0+31AUG2020+type@lti+block@3c931dcacc9744d38163c71e69b0b6f1/handler_noauth/grade_handler	False	submit	2026-08-10 11:14:08.059842
492862993edaf4088e6127bcc4be711d		course-v1:SkillFactory+SQL2.0+31AUG2020:lms.skillfactory.ru-3c931dcacc9744d38163c71e69b0b6f1:492862993edaf4088e6127bcc4be711d	https://lms.skillfactory.ru/courses/course-v1:SkillFactory+SQL2.0+31AUG2020/xblock/block-v1:SkillFactory+SQL2.0+31AUG2020+type@lti+block@3c931dcacc9744d38163c71e69b0b6f1/handler_noauth/grade_handler	False	submit	2026-08-10 11:14:21.682244
492862993edaf4088e6127bcc4be711d		course-v1:SkillFactory+SQL2.0+31AUG2020:lms.skillfactory.ru-3c931dcacc9744d38163c71e69b0b6f1:492862993edaf4088e6127bcc4be711d	https://lms.skillfactory.ru/courses/course-v1:SkillFactory+SQL2.0+31AUG2020/xblock/block-v1:SkillFactory+SQL2.0+31AUG2020+type@lti+block@3c931dcacc9744d38163c71e69b0b6f1/handler_noauth/grade_handler	False	submit	2026-08-10 11:14:27.217406
492862993edaf4088e6127bcc4be711d		course-v1:SkillFactory+SQL2.0+31AUG2020:lms.skillfactory.ru-3c931dcacc9744d38163c71e69b0b6f1:492862993edaf4088e6127bcc4be711d	https://lms.skillfactory.ru/courses/course-v1:SkillFactory+SQL2.0+31AUG2020/xblock/block-v1:SkillFactory+SQL2.0+31AUG2020+type@lti+block@3c931dcacc9744d38163c71e69b0b6f1/handler_noauth/grade_handler	True	submit	2026-08-10 11:17:23.724706
ec6034d97779f1442a1e5f2a6d4fb867		course-v1:Skillfactory+QAP+18JUNE2020:lms.skillfactory.ru-9439a16caa46479f92b18a45510e8f73:ec6034d97779f1442a1e5f2a6d4fb867		False	submit	2026-08-10 11:41:24.055788
492862993edaf4088e6127bcc4be711d		course-v1:SkillFactory+SQL2.0+31AUG2020:lms.skillfactory.ru-cac805ceefc545389c746b7e865b231a:492862993edaf4088e6127bcc4be711d	https://lms.skillfactory.ru/courses/course-v1:SkillFactory+SQL2.0+31AUG2020/xblock/block-v1:SkillFactory+SQL2.0+31AUG2020+type@lti+block@cac805ceefc545389c746b7e865b231a/handler_noauth/grade_handler	False	submit	2026-08-10 11:41:45.475939
492862993edaf4088e6127bcc4be711d		course-v1:SkillFactory+SQL2.0+31AUG2020:lms.skillfactory.ru-cac805ceefc545389c746b7e865b231a:492862993edaf4088e6127bcc4be711d	https://lms.skillfactory.ru/courses/course-v1:SkillFactory+SQL2.0+31AUG2020/xblock/block-v1:SkillFactory+SQL2.0+31AUG2020+type@lti+block@cac805ceefc545389c746b7e865b231a/handler_noauth/grade_handler	False	submit	2026-08-10 11:41:54.070419
492862993edaf4088e6127bcc4be711d		course-v1:SkillFactory+SQL2.0+31AUG2020:lms.skillfactory.ru-cac805ceefc545389c746b7e865b231a:492862993edaf4088e6127bcc4be711d	https://lms.skillfactory.ru/courses/course-v1:SkillFactory+SQL2.0+31AUG2020/xblock/block-v1:SkillFactory+SQL2.0+31AUG2020+type@lti+block@cac805ceefc545389c746b7e865b231a/handler_noauth/grade_handler	False	submit	2026-08-10 11:42:32.575641
492862993edaf4088e6127bcc4be711d		course-v1:SkillFactory+SQL2.0+31AUG2020:lms.skillfactory.ru-cac805ceefc545389c746b7e865b231a:492862993edaf4088e6127bcc4be711d	https://lms.skillfactory.ru/courses/course-v1:SkillFactory+SQL2.0+31AUG2020/xblock/block-v1:SkillFactory+SQL2.0+31AUG2020+type@lti+block@cac805ceefc545389c746b7e865b231a/handler_noauth/grade_handler	False	submit	2026-08-10 11:42:41.085698
492862993edaf4088e6127bcc4be711d		course-v1:SkillFactory+SQL2.0+31AUG2020:lms.skillfactory.ru-cac805ceefc545389c746b7e865b231a:492862993edaf4088e6127bcc4be711d	https://lms.skillfactory.ru/courses/course-v1:SkillFactory+SQL2.0+31AUG2020/xblock/block-v1:SkillFactory+SQL2.0+31AUG2020+type@lti+block@cac805ceefc545389c746b7e865b231a/handler_noauth/grade_handler	False	submit	2026-08-10 11:43:13.161933
492862993edaf4088e6127bcc4be711d		course-v1:SkillFactory+SQL2.0+31AUG2020:lms.skillfactory.ru-cac805ceefc545389c746b7e865b231a:492862993edaf4088e6127bcc4be711d	https://lms.skillfactory.ru/courses/course-v1:SkillFactory+SQL2.0+31AUG2020/xblock/block-v1:SkillFactory+SQL2.0+31AUG2020+type@lti+block@cac805ceefc545389c746b7e865b231a/handler_noauth/grade_handler	False	submit	2026-08-10 11:43:29.045916
492862993edaf4088e6127bcc4be711d		course-v1:SkillFactory+SQL2.0+31AUG2020:lms.skillfactory.ru-cac805ceefc545389c746b7e865b231a:492862993edaf4088e6127bcc4be711d	https://lms.skillfactory.ru/courses/course-v1:SkillFactory+SQL2.0+31AUG2020/xblock/block-v1:SkillFactory+SQL2.0+31AUG2020+type@lti+block@cac805ceefc545389c746b7e865b231a/handler_noauth/grade_handler	False	submit	2026-08-10 11:43:34.085964
ec6034d97779f1442a1e5f2a6d4fb867		course-v1:Skillfactory+QAP+18JUNE2020:lms.skillfactory.ru-9439a16caa46479f92b18a45510e8f73:ec6034d97779f1442a1e5f2a6d4fb867		False	submit	2026-08-10 11:43:41.567058
492862993edaf4088e6127bcc4be711d		course-v1:SkillFactory+SQL2.0+31AUG2020:lms.skillfactory.ru-cac805ceefc545389c746b7e865b231a:492862993edaf4088e6127bcc4be711d	https://lms.skillfactory.ru/courses/course-v1:SkillFactory+SQL2.0+31AUG2020/xblock/block-v1:SkillFactory+SQL2.0+31AUG2020+type@lti+block@cac805ceefc545389c746b7e865b231a/handler_noauth/grade_handler	False	submit	2026-08-10 11:43:41.718893
492862993edaf4088e6127bcc4be711d		course-v1:SkillFactory+SQL2.0+31AUG2020:lms.skillfactory.ru-cac805ceefc545389c746b7e865b231a:492862993edaf4088e6127bcc4be711d	https://lms.skillfactory.ru/courses/course-v1:SkillFactory+SQL2.0+31AUG2020/xblock/block-v1:SkillFactory+SQL2.0+31AUG2020+type@lti+block@cac805ceefc545389c746b7e865b231a/handler_noauth/grade_handler	False	submit	2026-08-10 11:43:47.286247
492862993edaf4088e6127bcc4be711d		course-v1:SkillFactory+SQL2.0+31AUG2020:lms.skillfactory.ru-cac805ceefc545389c746b7e865b231a:492862993edaf4088e6127bcc4be711d	https://lms.skillfactory.ru/courses/course-v1:SkillFactory+SQL2.0+31AUG2020/xblock/block-v1:SkillFactory+SQL2.0+31AUG2020+type@lti+block@cac805ceefc545389c746b7e865b231a/handler_noauth/grade_handler	False	submit	2026-08-10 11:43:52.437670
492862993edaf4088e6127bcc4be711d		course-v1:SkillFactory+SQL2.0+31AUG2020:lms.skillfactory.ru-cac805ceefc545389c746b7e865b231a:492862993edaf4088e6127bcc4be711d	https://lms.skillfactory.ru/courses/course-v1:SkillFactory+SQL2.0+31AUG2020/xblock/block-v1:SkillFactory+SQL2.0+31AUG2020+type@lti+block@cac805ceefc545389c746b7e865b231a/handler_noauth/grade_handler	True	submit	2026-08-10 11:46:05.773543
492862993edaf4088e6127bcc4be711d		course-v1:SkillFactory+SQL2.0+31AUG2020:lms.skillfactory.ru-2bfaba49dacd436b8057f1388edebf5e:492862993edaf4088e6127bcc4be711d	https://lms.skillfactory.ru/courses/course-v1:SkillFactory+SQL2.0+31AUG2020/xblock/block-v1:SkillFactory+SQL2.0+31AUG2020+type@lti+block@2bfaba49dacd436b8057f1388edebf5e/handler_noauth/grade_handler	True	submit	2026-08-10 11:49:50.633361
8a176767525a2fce8a5de1671998bef7		course-v1:SkillFactory+SQLQ+2021:lms.skillfactory.ru-6848a688558640f39da00792c2c34244:8a176767525a2fce8a5de1671998bef7	https://lms.skillfactory.ru/courses/course-v1:SkillFactory+SQLQ+2021/xblock/block-v1:SkillFactory+SQLQ+2021+type@lti+block@6848a688558640f39da00792c2c34244/handler_noauth/grade_handler	True	submit	2026-08-10 12:38:32.856804
7a950300a5cec478a19d550ec12acfc0		course-v1:skillfactory+MIFIML-1sem+2026:lms.skillfactory.ru-54d75c6aca674b60a98b6f62ac7b62dc:7a950300a5cec478a19d550ec12acfc0	https://lms.skillfactory.ru/courses/course-v1:skillfactory+MIFIML-1sem+2026/xblock/block-v1:skillfactory+MIFIML-1sem+2026+type@lti+block@54d75c6aca674b60a98b6f62ac7b62dc/handler_noauth/grade_handler	True	submit	2026-08-10 12:52:00.178100
7a950300a5cec478a19d550ec12acfc0		course-v1:skillfactory+MIFIML-1sem+2026:lms.skillfactory.ru-fe9a7cfdc3f54a1990bce7349efba01e:7a950300a5cec478a19d550ec12acfc0	https://lms.skillfactory.ru/courses/course-v1:skillfactory+MIFIML-1sem+2026/xblock/block-v1:skillfactory+MIFIML-1sem+2026+type@lti+block@fe9a7cfdc3f54a1990bce7349efba01e/handler_noauth/grade_handler	True	submit	2026-08-10 12:53:06.706839
7a950300a5cec478a19d550ec12acfc0		course-v1:skillfactory+MIFIML-1sem+2026:lms.skillfactory.ru-1dfd794631c64779b9a7759527619467:7a950300a5cec478a19d550ec12acfc0	https://lms.skillfactory.ru/courses/course-v1:skillfactory+MIFIML-1sem+2026/xblock/block-v1:skillfactory+MIFIML-1sem+2026+type@lti+block@1dfd794631c64779b9a7759527619467/handler_noauth/grade_handler	True	submit	2026-08-10 12:53:48.238790
7a950300a5cec478a19d550ec12acfc0		course-v1:skillfactory+MIFIML-1sem+2026:lms.skillfactory.ru-f48bdf4ea5eb4a438aec3453fa4f22f6:7a950300a5cec478a19d550ec12acfc0	https://lms.skillfactory.ru/courses/course-v1:skillfactory+MIFIML-1sem+2026/xblock/block-v1:skillfactory+MIFIML-1sem+2026+type@lti+block@f48bdf4ea5eb4a438aec3453fa4f22f6/handler_noauth/grade_handler	True	submit	2026-08-10 12:54:31.347647
7a950300a5cec478a19d550ec12acfc0		course-v1:skillfactory+MIFIML-1sem+2026:lms.skillfactory.ru-597c5dbaaeae414d9befb5bfdf926f24:7a950300a5cec478a19d550ec12acfc0	https://lms.skillfactory.ru/courses/course-v1:skillfactory+MIFIML-1sem+2026/xblock/block-v1:skillfactory+MIFIML-1sem+2026+type@lti+block@597c5dbaaeae414d9befb5bfdf926f24/handler_noauth/grade_handler	True	submit	2026-08-10 12:55:42.386938
7a950300a5cec478a19d550ec12acfc0		course-v1:skillfactory+MIFIML-1sem+2026:lms.skillfactory.ru-597c5dbaaeae414d9befb5bfdf926f24:7a950300a5cec478a19d550ec12acfc0	https://lms.skillfactory.ru/courses/course-v1:skillfactory+MIFIML-1sem+2026/xblock/block-v1:skillfactory+MIFIML-1sem+2026+type@lti+block@597c5dbaaeae414d9befb5bfdf926f24/handler_noauth/grade_handler	True	submit	2026-08-10 12:56:08.293454
7a950300a5cec478a19d550ec12acfc0		course-v1:skillfactory+MIFIML-1sem+2026:lms.skillfactory.ru-620e14bbc8f044848d9e4ec859915f05:7a950300a5cec478a19d550ec12acfc0	https://lms.skillfactory.ru/courses/course-v1:skillfactory+MIFIML-1sem+2026/xblock/block-v1:skillfactory+MIFIML-1sem+2026+type@lti+block@620e14bbc8f044848d9e4ec859915f05/handler_noauth/grade_handler	True	submit	2026-08-10 12:57:09.305148
c140a78e0fe80e8e27e8870474c5e68c		course-v1:Skillfactory+MFTIBIO-1sem+2024:lms.skillfactory.ru-354c1e7b066748d7802d01a1d3c7c057:c140a78e0fe80e8e27e8870474c5e68c	https://lms.skillfactory.ru/courses/course-v1:Skillfactory+MFTIBIO-1sem+2024/xblock/block-v1:Skillfactory+MFTIBIO-1sem+2024+type@lti+block@354c1e7b066748d7802d01a1d3c7c057/handler_noauth/grade_handler	False	submit	2026-08-10 13:12:04.201123
c140a78e0fe80e8e27e8870474c5e68c		course-v1:Skillfactory+MFTIBIO-1sem+2024:lms.skillfactory.ru-354c1e7b066748d7802d01a1d3c7c057:c140a78e0fe80e8e27e8870474c5e68c	https://lms.skillfactory.ru/courses/course-v1:Skillfactory+MFTIBIO-1sem+2024/xblock/block-v1:Skillfactory+MFTIBIO-1sem+2024+type@lti+block@354c1e7b066748d7802d01a1d3c7c057/handler_noauth/grade_handler	True	submit	2026-08-10 13:12:16.181876
8a176767525a2fce8a5de1671998bef7		course-v1:SkillFactory+SQLQ+2021:lms.skillfactory.ru-ad850accdfcb4b1f80461b598da82a24:8a176767525a2fce8a5de1671998bef7	https://lms.skillfactory.ru/courses/course-v1:SkillFactory+SQLQ+2021/xblock/block-v1:SkillFactory+SQLQ+2021+type@lti+block@ad850accdfcb4b1f80461b598da82a24/handler_noauth/grade_handler	False	submit	2026-08-10 13:14:01.606719
93f7ae1456fee4ad8a3a007a6abec47b		course-v1:SkillFactory+DAPR-2.0+MAR2021:lms.skillfactory.ru-0b63ddb1e05d45e7a21e560105050fec:93f7ae1456fee4ad8a3a007a6abec47b	https://lms.skillfactory.ru/courses/course-v1:SkillFactory+DAPR-2.0+MAR2021/xblock/block-v1:SkillFactory+DAPR-2.0+MAR2021+type@lti+block@0b63ddb1e05d45e7a21e560105050fec/handler_noauth/grade_handler	False	submit	2026-08-10 13:38:37.163266
93f7ae1456fee4ad8a3a007a6abec47b		course-v1:SkillFactory+DAPR-2.0+MAR2021:lms.skillfactory.ru-0b63ddb1e05d45e7a21e560105050fec:93f7ae1456fee4ad8a3a007a6abec47b	https://lms.skillfactory.ru/courses/course-v1:SkillFactory+DAPR-2.0+MAR2021/xblock/block-v1:SkillFactory+DAPR-2.0+MAR2021+type@lti+block@0b63ddb1e05d45e7a21e560105050fec/handler_noauth/grade_handler	False	submit	2026-08-10 13:38:55.206421
8a176767525a2fce8a5de1671998bef7		course-v1:SkillFactory+SQLQ+2021:lms.skillfactory.ru-ad850accdfcb4b1f80461b598da82a24:8a176767525a2fce8a5de1671998bef7	https://lms.skillfactory.ru/courses/course-v1:SkillFactory+SQLQ+2021/xblock/block-v1:SkillFactory+SQLQ+2021+type@lti+block@ad850accdfcb4b1f80461b598da82a24/handler_noauth/grade_handler	False	submit	2026-08-10 13:39:33.262116
93f7ae1456fee4ad8a3a007a6abec47b		course-v1:SkillFactory+DAPR-2.0+MAR2021:lms.skillfactory.ru-0b63ddb1e05d45e7a21e560105050fec:93f7ae1456fee4ad8a3a007a6abec47b	https://lms.skillfactory.ru/courses/course-v1:SkillFactory+DAPR-2.0+MAR2021/xblock/block-v1:SkillFactory+DAPR-2.0+MAR2021+type@lti+block@0b63ddb1e05d45e7a21e560105050fec/handler_noauth/grade_handler	True	submit	2026-08-10 13:39:59.162748
c140a78e0fe80e8e27e8870474c5e68c		course-v1:Skillfactory+MFTIBIO-1sem+2024:lms.skillfactory.ru-829fe2aff5ae4f5cb6de0a470cc008bd:c140a78e0fe80e8e27e8870474c5e68c	https://lms.skillfactory.ru/courses/course-v1:Skillfactory+MFTIBIO-1sem+2024/xblock/block-v1:Skillfactory+MFTIBIO-1sem+2024+type@lti+block@829fe2aff5ae4f5cb6de0a470cc008bd/handler_noauth/grade_handler	True	submit	2026-08-10 13:45:34.543755
8a176767525a2fce8a5de1671998bef7		course-v1:SkillFactory+SQLQ+2021:lms.skillfactory.ru-1e4695ac1b3c49fe86019ad2b68a2edb:8a176767525a2fce8a5de1671998bef7	https://lms.skillfactory.ru/courses/course-v1:SkillFactory+SQLQ+2021/xblock/block-v1:SkillFactory+SQLQ+2021+type@lti+block@1e4695ac1b3c49fe86019ad2b68a2edb/handler_noauth/grade_handler	False	submit	2026-08-10 13:59:16.108738
8a176767525a2fce8a5de1671998bef7		course-v1:SkillFactory+SQLQ+2021:lms.skillfactory.ru-1e4695ac1b3c49fe86019ad2b68a2edb:8a176767525a2fce8a5de1671998bef7	https://lms.skillfactory.ru/courses/course-v1:SkillFactory+SQLQ+2021/xblock/block-v1:SkillFactory+SQLQ+2021+type@lti+block@1e4695ac1b3c49fe86019ad2b68a2edb/handler_noauth/grade_handler	True	submit	2026-08-10 13:59:51.210649
c140a78e0fe80e8e27e8870474c5e68c		course-v1:Skillfactory+MFTIBIO-1sem+2024:lms.skillfactory.ru-e0926897abc646eda8e22a4f0325ab60:c140a78e0fe80e8e27e8870474c5e68c	https://lms.skillfactory.ru/courses/course-v1:Skillfactory+MFTIBIO-1sem+2024/xblock/block-v1:Skillfactory+MFTIBIO-1sem+2024+type@lti+block@e0926897abc646eda8e22a4f0325ab60/handler_noauth/grade_handler	True	submit	2026-08-10 14:06:32.390289
c140a78e0fe80e8e27e8870474c5e68c		course-v1:Skillfactory+MFTIBIO-1sem+2024:lms.skillfactory.ru-85d17ac71c4c4cdf8a88e14fc90cf2e0:c140a78e0fe80e8e27e8870474c5e68c	https://lms.skillfactory.ru/courses/course-v1:Skillfactory+MFTIBIO-1sem+2024/xblock/block-v1:Skillfactory+MFTIBIO-1sem+2024+type@lti+block@85d17ac71c4c4cdf8a88e14fc90cf2e0/handler_noauth/grade_handler	True	submit	2026-08-10 14:19:56.168862
8a176767525a2fce8a5de1671998bef7		course-v1:SkillFactory+SQLQ+2021:lms.skillfactory.ru-ff67647215ee4b23a9f0f490c651599e:8a176767525a2fce8a5de1671998bef7	https://lms.skillfactory.ru/courses/course-v1:SkillFactory+SQLQ+2021/xblock/block-v1:SkillFactory+SQLQ+2021+type@lti+block@ff67647215ee4b23a9f0f490c651599e/handler_noauth/grade_handler	False	submit	2026-08-10 14:20:41.633867
8a176767525a2fce8a5de1671998bef7		course-v1:SkillFactory+SQLQ+2021:lms.skillfactory.ru-ff67647215ee4b23a9f0f490c651599e:8a176767525a2fce8a5de1671998bef7	https://lms.skillfactory.ru/courses/course-v1:SkillFactory+SQLQ+2021/xblock/block-v1:SkillFactory+SQLQ+2021+type@lti+block@ff67647215ee4b23a9f0f490c651599e/handler_noauth/grade_handler	False	submit	2026-08-10 14:24:16.836520
8a176767525a2fce8a5de1671998bef7		course-v1:SkillFactory+SQLQ+2021:lms.skillfactory.ru-ff67647215ee4b23a9f0f490c651599e:8a176767525a2fce8a5de1671998bef7	https://lms.skillfactory.ru/courses/course-v1:SkillFactory+SQLQ+2021/xblock/block-v1:SkillFactory+SQLQ+2021+type@lti+block@ff67647215ee4b23a9f0f490c651599e/handler_noauth/grade_handler	True	submit	2026-08-10 14:24:50.941808
99a607f040762d5b8ff8c7f2712b7a45		course-v1:SkillFactory+SDA-3.0+FEB2021:lms.skillfactory.ru-1370bda76ed0456b9b1b245e00f7952f:99a607f040762d5b8ff8c7f2712b7a45	https://lms.skillfactory.ru/courses/course-v1:SkillFactory+SDA-3.0+FEB2021/xblock/block-v1:SkillFactory+SDA-3.0+FEB2021+type@lti+block@1370bda76ed0456b9b1b245e00f7952f/handler_noauth/grade_handler	True	submit	2026-08-10 15:22:54.489007
c140a78e0fe80e8e27e8870474c5e68c		course-v1:Skillfactory+MFTIBIO-1sem+2024:lms.skillfactory.ru-111557f59cdc4c8eb5d94d16aa9ccc25:c140a78e0fe80e8e27e8870474c5e68c	https://lms.skillfactory.ru/courses/course-v1:Skillfactory+MFTIBIO-1sem+2024/xblock/block-v1:Skillfactory+MFTIBIO-1sem+2024+type@lti+block@111557f59cdc4c8eb5d94d16aa9ccc25/handler_noauth/grade_handler	True	submit	2026-08-10 15:37:20.733742
99a607f040762d5b8ff8c7f2712b7a45		course-v1:SkillFactory+SDA-3.0+FEB2021:lms.skillfactory.ru-030d5892d6e642b4937bd37019de030a:99a607f040762d5b8ff8c7f2712b7a45	https://lms.skillfactory.ru/courses/course-v1:SkillFactory+SDA-3.0+FEB2021/xblock/block-v1:SkillFactory+SDA-3.0+FEB2021+type@lti+block@030d5892d6e642b4937bd37019de030a/handler_noauth/grade_handler	False	submit	2026-08-10 16:11:32.148174
99a607f040762d5b8ff8c7f2712b7a45		course-v1:SkillFactory+SDA-3.0+FEB2021:lms.skillfactory.ru-030d5892d6e642b4937bd37019de030a:99a607f040762d5b8ff8c7f2712b7a45	https://lms.skillfactory.ru/courses/course-v1:SkillFactory+SDA-3.0+FEB2021/xblock/block-v1:SkillFactory+SDA-3.0+FEB2021+type@lti+block@030d5892d6e642b4937bd37019de030a/handler_noauth/grade_handler	True	submit	2026-08-10 16:13:13.342959
f63a8b7f5d58d5c27b857c1880f8eb39		course-v1:SkillFactory+SDA-3.0+FEB2021:lms.skillfactory.ru-4f91e409a455430db257b728b0825396:f63a8b7f5d58d5c27b857c1880f8eb39	https://lms.skillfactory.ru/courses/course-v1:SkillFactory+SDA-3.0+FEB2021/xblock/block-v1:SkillFactory+SDA-3.0+FEB2021+type@lti+block@4f91e409a455430db257b728b0825396/handler_noauth/grade_handler	False	submit	2026-08-10 19:03:04.721892
f63a8b7f5d58d5c27b857c1880f8eb39		course-v1:SkillFactory+SDA-3.0+FEB2021:lms.skillfactory.ru-4f91e409a455430db257b728b0825396:f63a8b7f5d58d5c27b857c1880f8eb39	https://lms.skillfactory.ru/courses/course-v1:SkillFactory+SDA-3.0+FEB2021/xblock/block-v1:SkillFactory+SDA-3.0+FEB2021+type@lti+block@4f91e409a455430db257b728b0825396/handler_noauth/grade_handler	False	submit	2026-08-10 19:05:49.133286
f63a8b7f5d58d5c27b857c1880f8eb39		course-v1:SkillFactory+SDA-3.0+FEB2021:lms.skillfactory.ru-4f91e409a455430db257b728b0825396:f63a8b7f5d58d5c27b857c1880f8eb39	https://lms.skillfactory.ru/courses/course-v1:SkillFactory+SDA-3.0+FEB2021/xblock/block-v1:SkillFactory+SDA-3.0+FEB2021+type@lti+block@4f91e409a455430db257b728b0825396/handler_noauth/grade_handler	False	submit	2026-08-10 19:09:18.342223
f63a8b7f5d58d5c27b857c1880f8eb39		course-v1:SkillFactory+SDA-3.0+FEB2021:lms.skillfactory.ru-4f91e409a455430db257b728b0825396:f63a8b7f5d58d5c27b857c1880f8eb39	https://lms.skillfactory.ru/courses/course-v1:SkillFactory+SDA-3.0+FEB2021/xblock/block-v1:SkillFactory+SDA-3.0+FEB2021+type@lti+block@4f91e409a455430db257b728b0825396/handler_noauth/grade_handler	True	submit	2026-08-10 19:10:40.710764
f63a8b7f5d58d5c27b857c1880f8eb39		course-v1:SkillFactory+SDA-3.0+FEB2021:lms.skillfactory.ru-8191aa06298d4307a9fddbf3813e2661:f63a8b7f5d58d5c27b857c1880f8eb39	https://lms.skillfactory.ru/courses/course-v1:SkillFactory+SDA-3.0+FEB2021/xblock/block-v1:SkillFactory+SDA-3.0+FEB2021+type@lti+block@8191aa06298d4307a9fddbf3813e2661/handler_noauth/grade_handler	True	submit	2026-08-10 19:51:11.236011
25738616b4fa27b5a880479ab8d053bb		course-v1:skillfactory+MIFIDEV-2_session_2_retake+2026:lms.skillfactory.ru-e187d737bdde4cb79fb849c8bcce24fe:25738616b4fa27b5a880479ab8d053bb	https://lms.skillfactory.ru/courses/course-v1:skillfactory+MIFIDEV-2_session_2_retake+2026/xblock/block-v1:skillfactory+MIFIDEV-2_session_2_retake+2026+type@lti+block@e187d737bdde4cb79fb849c8bcce24fe/handler_noauth/grade_handler	True	submit	2026-08-10 21:33:38.167588
25738616b4fa27b5a880479ab8d053bb		course-v1:skillfactory+MIFIDEV-2_session_2_retake+2026:lms.skillfactory.ru-e460b7b2628047e7bd5bdb2c3c92da17:25738616b4fa27b5a880479ab8d053bb	https://lms.skillfactory.ru/courses/course-v1:skillfactory+MIFIDEV-2_session_2_retake+2026/xblock/block-v1:skillfactory+MIFIDEV-2_session_2_retake+2026+type@lti+block@e460b7b2628047e7bd5bdb2c3c92da17/handler_noauth/grade_handler	False	submit	2026-08-10 21:35:47.319388
93f7ae1456fee4ad8a3a007a6abec47b		course-v1:SkillFactory+DAPR-2.0+MAR2021:lms.skillfactory.ru-167cfaff7d1b4c17aa9993f3384998f8:93f7ae1456fee4ad8a3a007a6abec47b	https://lms.skillfactory.ru/courses/course-v1:SkillFactory+DAPR-2.0+MAR2021/xblock/block-v1:SkillFactory+DAPR-2.0+MAR2021+type@lti+block@167cfaff7d1b4c17aa9993f3384998f8/handler_noauth/grade_handler	False	submit	2026-08-11 07:48:21.093978
25738616b4fa27b5a880479ab8d053bb		course-v1:skillfactory+MIFIDEV-2_session_2_retake+2026:lms.skillfactory.ru-e460b7b2628047e7bd5bdb2c3c92da17:25738616b4fa27b5a880479ab8d053bb	https://lms.skillfactory.ru/courses/course-v1:skillfactory+MIFIDEV-2_session_2_retake+2026/xblock/block-v1:skillfactory+MIFIDEV-2_session_2_retake+2026+type@lti+block@e460b7b2628047e7bd5bdb2c3c92da17/handler_noauth/grade_handler	False	submit	2026-08-10 21:38:43.288182
25738616b4fa27b5a880479ab8d053bb		course-v1:skillfactory+MIFIDEV-2_session_2_retake+2026:lms.skillfactory.ru-e460b7b2628047e7bd5bdb2c3c92da17:25738616b4fa27b5a880479ab8d053bb	https://lms.skillfactory.ru/courses/course-v1:skillfactory+MIFIDEV-2_session_2_retake+2026/xblock/block-v1:skillfactory+MIFIDEV-2_session_2_retake+2026+type@lti+block@e460b7b2628047e7bd5bdb2c3c92da17/handler_noauth/grade_handler	False	submit	2026-08-10 21:46:47.500472
25738616b4fa27b5a880479ab8d053bb		course-v1:skillfactory+MIFIDEV-2_session_2_retake+2026:lms.skillfactory.ru-e460b7b2628047e7bd5bdb2c3c92da17:25738616b4fa27b5a880479ab8d053bb	https://lms.skillfactory.ru/courses/course-v1:skillfactory+MIFIDEV-2_session_2_retake+2026/xblock/block-v1:skillfactory+MIFIDEV-2_session_2_retake+2026+type@lti+block@e460b7b2628047e7bd5bdb2c3c92da17/handler_noauth/grade_handler	False	submit	2026-08-10 21:49:56.214913
25738616b4fa27b5a880479ab8d053bb		course-v1:skillfactory+MIFIDEV-2_session_2_retake+2026:lms.skillfactory.ru-e460b7b2628047e7bd5bdb2c3c92da17:25738616b4fa27b5a880479ab8d053bb	https://lms.skillfactory.ru/courses/course-v1:skillfactory+MIFIDEV-2_session_2_retake+2026/xblock/block-v1:skillfactory+MIFIDEV-2_session_2_retake+2026+type@lti+block@e460b7b2628047e7bd5bdb2c3c92da17/handler_noauth/grade_handler	True	submit	2026-08-10 21:53:22.258785
25738616b4fa27b5a880479ab8d053bb		course-v1:skillfactory+MIFIDEV-2_session_2_retake+2026:lms.skillfactory.ru-9a9e0358339745d09e11dca8a6865956:25738616b4fa27b5a880479ab8d053bb	https://lms.skillfactory.ru/courses/course-v1:skillfactory+MIFIDEV-2_session_2_retake+2026/xblock/block-v1:skillfactory+MIFIDEV-2_session_2_retake+2026+type@lti+block@9a9e0358339745d09e11dca8a6865956/handler_noauth/grade_handler	True	submit	2026-08-10 21:54:36.830439
6f36744a21f920e6e787803cfacb830b		course-v1:skillfactory+MIFIDEV-2_session_2_retake+2026:lms.skillfactory.ru-b23711bdd31441ebb98bf54ea7c16974:6f36744a21f920e6e787803cfacb830b	https://lms.skillfactory.ru/courses/course-v1:skillfactory+MIFIDEV-2_session_2_retake+2026/xblock/block-v1:skillfactory+MIFIDEV-2_session_2_retake+2026+type@lti+block@b23711bdd31441ebb98bf54ea7c16974/handler_noauth/grade_handler	True	submit	2026-08-11 06:07:38.075013
6f36744a21f920e6e787803cfacb830b		course-v1:skillfactory+MIFIDEV-2_session_2_retake+2026:lms.skillfactory.ru-f877c270a475466f9b5a3fd2f202d82d:6f36744a21f920e6e787803cfacb830b	https://lms.skillfactory.ru/courses/course-v1:skillfactory+MIFIDEV-2_session_2_retake+2026/xblock/block-v1:skillfactory+MIFIDEV-2_session_2_retake+2026+type@lti+block@f877c270a475466f9b5a3fd2f202d82d/handler_noauth/grade_handler	True	submit	2026-08-11 06:08:41.762044
6f36744a21f920e6e787803cfacb830b		course-v1:skillfactory+MIFIDEV-2_session_2_retake+2026:lms.skillfactory.ru-136016594c3544fe97231d75be00e586:6f36744a21f920e6e787803cfacb830b	https://lms.skillfactory.ru/courses/course-v1:skillfactory+MIFIDEV-2_session_2_retake+2026/xblock/block-v1:skillfactory+MIFIDEV-2_session_2_retake+2026+type@lti+block@136016594c3544fe97231d75be00e586/handler_noauth/grade_handler	False	submit	2026-08-11 06:09:13.567564
6f36744a21f920e6e787803cfacb830b		course-v1:skillfactory+MIFIDEV-2_session_2_retake+2026:lms.skillfactory.ru-136016594c3544fe97231d75be00e586:6f36744a21f920e6e787803cfacb830b	https://lms.skillfactory.ru/courses/course-v1:skillfactory+MIFIDEV-2_session_2_retake+2026/xblock/block-v1:skillfactory+MIFIDEV-2_session_2_retake+2026+type@lti+block@136016594c3544fe97231d75be00e586/handler_noauth/grade_handler	False	submit	2026-08-11 06:11:30.025810
6f36744a21f920e6e787803cfacb830b		course-v1:skillfactory+MIFIDEV-2_session_2_retake+2026:lms.skillfactory.ru-136016594c3544fe97231d75be00e586:6f36744a21f920e6e787803cfacb830b	https://lms.skillfactory.ru/courses/course-v1:skillfactory+MIFIDEV-2_session_2_retake+2026/xblock/block-v1:skillfactory+MIFIDEV-2_session_2_retake+2026+type@lti+block@136016594c3544fe97231d75be00e586/handler_noauth/grade_handler	False	submit	2026-08-11 06:13:55.328640
6f36744a21f920e6e787803cfacb830b		course-v1:skillfactory+MIFIDEV-2_session_2_retake+2026:lms.skillfactory.ru-136016594c3544fe97231d75be00e586:6f36744a21f920e6e787803cfacb830b	https://lms.skillfactory.ru/courses/course-v1:skillfactory+MIFIDEV-2_session_2_retake+2026/xblock/block-v1:skillfactory+MIFIDEV-2_session_2_retake+2026+type@lti+block@136016594c3544fe97231d75be00e586/handler_noauth/grade_handler	False	submit	2026-08-11 06:15:21.644220
6f36744a21f920e6e787803cfacb830b		course-v1:skillfactory+MIFIDEV-2_session_2_retake+2026:lms.skillfactory.ru-136016594c3544fe97231d75be00e586:6f36744a21f920e6e787803cfacb830b	https://lms.skillfactory.ru/courses/course-v1:skillfactory+MIFIDEV-2_session_2_retake+2026/xblock/block-v1:skillfactory+MIFIDEV-2_session_2_retake+2026+type@lti+block@136016594c3544fe97231d75be00e586/handler_noauth/grade_handler	False	submit	2026-08-11 06:17:53.181285
6f36744a21f920e6e787803cfacb830b		course-v1:skillfactory+MIFIDEV-2_session_2_retake+2026:lms.skillfactory.ru-136016594c3544fe97231d75be00e586:6f36744a21f920e6e787803cfacb830b	https://lms.skillfactory.ru/courses/course-v1:skillfactory+MIFIDEV-2_session_2_retake+2026/xblock/block-v1:skillfactory+MIFIDEV-2_session_2_retake+2026+type@lti+block@136016594c3544fe97231d75be00e586/handler_noauth/grade_handler	False	submit	2026-08-11 06:20:57.736366
6f36744a21f920e6e787803cfacb830b		course-v1:skillfactory+MIFIDEV-2_session_2_retake+2026:lms.skillfactory.ru-136016594c3544fe97231d75be00e586:6f36744a21f920e6e787803cfacb830b	https://lms.skillfactory.ru/courses/course-v1:skillfactory+MIFIDEV-2_session_2_retake+2026/xblock/block-v1:skillfactory+MIFIDEV-2_session_2_retake+2026+type@lti+block@136016594c3544fe97231d75be00e586/handler_noauth/grade_handler	False	submit	2026-08-11 06:25:00.530340
6f36744a21f920e6e787803cfacb830b		course-v1:skillfactory+MIFIDEV-2_session_2_retake+2026:lms.skillfactory.ru-136016594c3544fe97231d75be00e586:6f36744a21f920e6e787803cfacb830b	https://lms.skillfactory.ru/courses/course-v1:skillfactory+MIFIDEV-2_session_2_retake+2026/xblock/block-v1:skillfactory+MIFIDEV-2_session_2_retake+2026+type@lti+block@136016594c3544fe97231d75be00e586/handler_noauth/grade_handler	False	submit	2026-08-11 06:28:06.202845
6f36744a21f920e6e787803cfacb830b		course-v1:skillfactory+MIFIDEV-2_session_2_retake+2026:lms.skillfactory.ru-136016594c3544fe97231d75be00e586:6f36744a21f920e6e787803cfacb830b	https://lms.skillfactory.ru/courses/course-v1:skillfactory+MIFIDEV-2_session_2_retake+2026/xblock/block-v1:skillfactory+MIFIDEV-2_session_2_retake+2026+type@lti+block@136016594c3544fe97231d75be00e586/handler_noauth/grade_handler	False	submit	2026-08-11 06:28:54.529936
6f36744a21f920e6e787803cfacb830b		course-v1:skillfactory+MIFIDEV-2_session_2_retake+2026:lms.skillfactory.ru-136016594c3544fe97231d75be00e586:6f36744a21f920e6e787803cfacb830b	https://lms.skillfactory.ru/courses/course-v1:skillfactory+MIFIDEV-2_session_2_retake+2026/xblock/block-v1:skillfactory+MIFIDEV-2_session_2_retake+2026+type@lti+block@136016594c3544fe97231d75be00e586/handler_noauth/grade_handler	True	submit	2026-08-11 06:31:05.633498
6f36744a21f920e6e787803cfacb830b		course-v1:skillfactory+MIFIDEV-2_session_2_retake+2026:lms.skillfactory.ru-21792d99ec7f49efb1ac08654fe180b8:6f36744a21f920e6e787803cfacb830b	https://lms.skillfactory.ru/courses/course-v1:skillfactory+MIFIDEV-2_session_2_retake+2026/xblock/block-v1:skillfactory+MIFIDEV-2_session_2_retake+2026+type@lti+block@21792d99ec7f49efb1ac08654fe180b8/handler_noauth/grade_handler	False	submit	2026-08-11 06:40:52.107917
6f36744a21f920e6e787803cfacb830b		course-v1:skillfactory+MIFIDEV-2_session_2_retake+2026:lms.skillfactory.ru-21792d99ec7f49efb1ac08654fe180b8:6f36744a21f920e6e787803cfacb830b	https://lms.skillfactory.ru/courses/course-v1:skillfactory+MIFIDEV-2_session_2_retake+2026/xblock/block-v1:skillfactory+MIFIDEV-2_session_2_retake+2026+type@lti+block@21792d99ec7f49efb1ac08654fe180b8/handler_noauth/grade_handler	True	submit	2026-08-11 06:42:13.932684
6f36744a21f920e6e787803cfacb830b		course-v1:skillfactory+MIFIDEV-2_session_2_retake+2026:lms.skillfactory.ru-ef8957c129324eddade1c96b805a5fc5:6f36744a21f920e6e787803cfacb830b	https://lms.skillfactory.ru/courses/course-v1:skillfactory+MIFIDEV-2_session_2_retake+2026/xblock/block-v1:skillfactory+MIFIDEV-2_session_2_retake+2026+type@lti+block@ef8957c129324eddade1c96b805a5fc5/handler_noauth/grade_handler	True	submit	2026-08-11 06:43:38.712213
6f36744a21f920e6e787803cfacb830b		course-v1:skillfactory+MIFIDEV-2_session_2_retake+2026:lms.skillfactory.ru-14b99a5c620c42e1959d13f41b3210f6:6f36744a21f920e6e787803cfacb830b	https://lms.skillfactory.ru/courses/course-v1:skillfactory+MIFIDEV-2_session_2_retake+2026/xblock/block-v1:skillfactory+MIFIDEV-2_session_2_retake+2026+type@lti+block@14b99a5c620c42e1959d13f41b3210f6/handler_noauth/grade_handler	True	submit	2026-08-11 06:45:22.863518
6f36744a21f920e6e787803cfacb830b		course-v1:skillfactory+MIFIDEV-2_session_2_retake+2026:lms.skillfactory.ru-e187d737bdde4cb79fb849c8bcce24fe:6f36744a21f920e6e787803cfacb830b	https://lms.skillfactory.ru/courses/course-v1:skillfactory+MIFIDEV-2_session_2_retake+2026/xblock/block-v1:skillfactory+MIFIDEV-2_session_2_retake+2026+type@lti+block@e187d737bdde4cb79fb849c8bcce24fe/handler_noauth/grade_handler	True	submit	2026-08-11 06:47:33.517237
6f36744a21f920e6e787803cfacb830b		course-v1:skillfactory+MIFIDEV-2_session_2_retake+2026:lms.skillfactory.ru-e460b7b2628047e7bd5bdb2c3c92da17:6f36744a21f920e6e787803cfacb830b	https://lms.skillfactory.ru/courses/course-v1:skillfactory+MIFIDEV-2_session_2_retake+2026/xblock/block-v1:skillfactory+MIFIDEV-2_session_2_retake+2026+type@lti+block@e460b7b2628047e7bd5bdb2c3c92da17/handler_noauth/grade_handler	False	submit	2026-08-11 06:48:39.004528
6f36744a21f920e6e787803cfacb830b		course-v1:skillfactory+MIFIDEV-2_session_2_retake+2026:lms.skillfactory.ru-e460b7b2628047e7bd5bdb2c3c92da17:6f36744a21f920e6e787803cfacb830b	https://lms.skillfactory.ru/courses/course-v1:skillfactory+MIFIDEV-2_session_2_retake+2026/xblock/block-v1:skillfactory+MIFIDEV-2_session_2_retake+2026+type@lti+block@e460b7b2628047e7bd5bdb2c3c92da17/handler_noauth/grade_handler	False	submit	2026-08-11 06:50:47.333282
6f36744a21f920e6e787803cfacb830b		course-v1:skillfactory+MIFIDEV-2_session_2_retake+2026:lms.skillfactory.ru-e460b7b2628047e7bd5bdb2c3c92da17:6f36744a21f920e6e787803cfacb830b	https://lms.skillfactory.ru/courses/course-v1:skillfactory+MIFIDEV-2_session_2_retake+2026/xblock/block-v1:skillfactory+MIFIDEV-2_session_2_retake+2026+type@lti+block@e460b7b2628047e7bd5bdb2c3c92da17/handler_noauth/grade_handler	True	submit	2026-08-11 06:51:58.292082
6f36744a21f920e6e787803cfacb830b		course-v1:skillfactory+MIFIDEV-2_session_2_retake+2026:lms.skillfactory.ru-9a9e0358339745d09e11dca8a6865956:6f36744a21f920e6e787803cfacb830b	https://lms.skillfactory.ru/courses/course-v1:skillfactory+MIFIDEV-2_session_2_retake+2026/xblock/block-v1:skillfactory+MIFIDEV-2_session_2_retake+2026+type@lti+block@9a9e0358339745d09e11dca8a6865956/handler_noauth/grade_handler	True	submit	2026-08-11 06:53:04.598041
93f7ae1456fee4ad8a3a007a6abec47b		course-v1:SkillFactory+DAPR-2.0+MAR2021:lms.skillfactory.ru-167cfaff7d1b4c17aa9993f3384998f8:93f7ae1456fee4ad8a3a007a6abec47b	https://lms.skillfactory.ru/courses/course-v1:SkillFactory+DAPR-2.0+MAR2021/xblock/block-v1:SkillFactory+DAPR-2.0+MAR2021+type@lti+block@167cfaff7d1b4c17aa9993f3384998f8/handler_noauth/grade_handler	False	submit	2026-08-11 07:25:25.756333
93f7ae1456fee4ad8a3a007a6abec47b		course-v1:SkillFactory+DAPR-2.0+MAR2021:lms.skillfactory.ru-167cfaff7d1b4c17aa9993f3384998f8:93f7ae1456fee4ad8a3a007a6abec47b	https://lms.skillfactory.ru/courses/course-v1:SkillFactory+DAPR-2.0+MAR2021/xblock/block-v1:SkillFactory+DAPR-2.0+MAR2021+type@lti+block@167cfaff7d1b4c17aa9993f3384998f8/handler_noauth/grade_handler	False	submit	2026-08-11 07:36:13.560136
93f7ae1456fee4ad8a3a007a6abec47b		course-v1:SkillFactory+DAPR-2.0+MAR2021:lms.skillfactory.ru-167cfaff7d1b4c17aa9993f3384998f8:93f7ae1456fee4ad8a3a007a6abec47b	https://lms.skillfactory.ru/courses/course-v1:SkillFactory+DAPR-2.0+MAR2021/xblock/block-v1:SkillFactory+DAPR-2.0+MAR2021+type@lti+block@167cfaff7d1b4c17aa9993f3384998f8/handler_noauth/grade_handler	False	submit	2026-08-11 07:38:20.944617
93f7ae1456fee4ad8a3a007a6abec47b		course-v1:SkillFactory+DAPR-2.0+MAR2021:lms.skillfactory.ru-167cfaff7d1b4c17aa9993f3384998f8:93f7ae1456fee4ad8a3a007a6abec47b	https://lms.skillfactory.ru/courses/course-v1:SkillFactory+DAPR-2.0+MAR2021/xblock/block-v1:SkillFactory+DAPR-2.0+MAR2021+type@lti+block@167cfaff7d1b4c17aa9993f3384998f8/handler_noauth/grade_handler	False	submit	2026-08-11 07:39:01.578492
93f7ae1456fee4ad8a3a007a6abec47b		course-v1:SkillFactory+DAPR-2.0+MAR2021:lms.skillfactory.ru-167cfaff7d1b4c17aa9993f3384998f8:93f7ae1456fee4ad8a3a007a6abec47b	https://lms.skillfactory.ru/courses/course-v1:SkillFactory+DAPR-2.0+MAR2021/xblock/block-v1:SkillFactory+DAPR-2.0+MAR2021+type@lti+block@167cfaff7d1b4c17aa9993f3384998f8/handler_noauth/grade_handler	False	submit	2026-08-11 07:42:50.670093
93f7ae1456fee4ad8a3a007a6abec47b		course-v1:SkillFactory+DAPR-2.0+MAR2021:lms.skillfactory.ru-167cfaff7d1b4c17aa9993f3384998f8:93f7ae1456fee4ad8a3a007a6abec47b	https://lms.skillfactory.ru/courses/course-v1:SkillFactory+DAPR-2.0+MAR2021/xblock/block-v1:SkillFactory+DAPR-2.0+MAR2021+type@lti+block@167cfaff7d1b4c17aa9993f3384998f8/handler_noauth/grade_handler	False	submit	2026-08-11 07:44:57.068814
93f7ae1456fee4ad8a3a007a6abec47b		course-v1:SkillFactory+DAPR-2.0+MAR2021:lms.skillfactory.ru-167cfaff7d1b4c17aa9993f3384998f8:93f7ae1456fee4ad8a3a007a6abec47b	https://lms.skillfactory.ru/courses/course-v1:SkillFactory+DAPR-2.0+MAR2021/xblock/block-v1:SkillFactory+DAPR-2.0+MAR2021+type@lti+block@167cfaff7d1b4c17aa9993f3384998f8/handler_noauth/grade_handler	False	submit	2026-08-11 07:47:53.032101
93f7ae1456fee4ad8a3a007a6abec47b		course-v1:SkillFactory+DAPR-2.0+MAR2021:lms.skillfactory.ru-167cfaff7d1b4c17aa9993f3384998f8:93f7ae1456fee4ad8a3a007a6abec47b	https://lms.skillfactory.ru/courses/course-v1:SkillFactory+DAPR-2.0+MAR2021/xblock/block-v1:SkillFactory+DAPR-2.0+MAR2021+type@lti+block@167cfaff7d1b4c17aa9993f3384998f8/handler_noauth/grade_handler	False	submit	2026-08-11 07:48:06.278664
93f7ae1456fee4ad8a3a007a6abec47b		course-v1:SkillFactory+DAPR-2.0+MAR2021:lms.skillfactory.ru-167cfaff7d1b4c17aa9993f3384998f8:93f7ae1456fee4ad8a3a007a6abec47b	https://lms.skillfactory.ru/courses/course-v1:SkillFactory+DAPR-2.0+MAR2021/xblock/block-v1:SkillFactory+DAPR-2.0+MAR2021+type@lti+block@167cfaff7d1b4c17aa9993f3384998f8/handler_noauth/grade_handler	False	submit	2026-08-11 07:48:15.885224
93f7ae1456fee4ad8a3a007a6abec47b		course-v1:SkillFactory+DAPR-2.0+MAR2021:lms.skillfactory.ru-167cfaff7d1b4c17aa9993f3384998f8:93f7ae1456fee4ad8a3a007a6abec47b	https://lms.skillfactory.ru/courses/course-v1:SkillFactory+DAPR-2.0+MAR2021/xblock/block-v1:SkillFactory+DAPR-2.0+MAR2021+type@lti+block@167cfaff7d1b4c17aa9993f3384998f8/handler_noauth/grade_handler	True	submit	2026-08-11 07:49:03.786210
2842bb062ad26a1fcb06eca4d5056731		course-v1:SkillFactory+DAPR-2.0+MAR2021:lms.skillfactory.ru-78bec5945be2480090ac3ba403a22834:2842bb062ad26a1fcb06eca4d5056731	https://lms.skillfactory.ru/courses/course-v1:SkillFactory+DAPR-2.0+MAR2021/xblock/block-v1:SkillFactory+DAPR-2.0+MAR2021+type@lti+block@78bec5945be2480090ac3ba403a22834/handler_noauth/grade_handler	False	submit	2026-08-11 10:34:49.402946
2842bb062ad26a1fcb06eca4d5056731		course-v1:SkillFactory+DAPR-2.0+MAR2021:lms.skillfactory.ru-78bec5945be2480090ac3ba403a22834:2842bb062ad26a1fcb06eca4d5056731	https://lms.skillfactory.ru/courses/course-v1:SkillFactory+DAPR-2.0+MAR2021/xblock/block-v1:SkillFactory+DAPR-2.0+MAR2021+type@lti+block@78bec5945be2480090ac3ba403a22834/handler_noauth/grade_handler	True	submit	2026-08-11 10:35:07.669293
99a607f040762d5b8ff8c7f2712b7a45		course-v1:SkillFactory+SDA-3.0+FEB2021:lms.skillfactory.ru-48aa7ca716d24c2997bcd0896b8761fc:99a607f040762d5b8ff8c7f2712b7a45	https://lms.skillfactory.ru/courses/course-v1:SkillFactory+SDA-3.0+FEB2021/xblock/block-v1:SkillFactory+SDA-3.0+FEB2021+type@lti+block@48aa7ca716d24c2997bcd0896b8761fc/handler_noauth/grade_handler	False	submit	2026-08-11 10:43:21.027440
1390075babb4754ece4433c7da54ad48		course-v1:skillfactory+MIFIML-DS+2025:lms.skillfactory.ru-287fa0315f0344f19af6f54cb47f3eb7:1390075babb4754ece4433c7da54ad48	https://lms.skillfactory.ru/courses/course-v1:skillfactory+MIFIML-DS+2025/xblock/block-v1:skillfactory+MIFIML-DS+2025+type@lti+block@287fa0315f0344f19af6f54cb47f3eb7/handler_noauth/grade_handler	False	submit	2026-08-11 11:05:25.503118
1390075babb4754ece4433c7da54ad48		course-v1:skillfactory+MIFIML-DS+2025:lms.skillfactory.ru-287fa0315f0344f19af6f54cb47f3eb7:1390075babb4754ece4433c7da54ad48	https://lms.skillfactory.ru/courses/course-v1:skillfactory+MIFIML-DS+2025/xblock/block-v1:skillfactory+MIFIML-DS+2025+type@lti+block@287fa0315f0344f19af6f54cb47f3eb7/handler_noauth/grade_handler	True	submit	2026-08-11 11:06:35.448602
2842bb062ad26a1fcb06eca4d5056731		course-v1:SkillFactory+DAPR-2.0+MAR2021:lms.skillfactory.ru-167cfaff7d1b4c17aa9993f3384998f8:2842bb062ad26a1fcb06eca4d5056731	https://lms.skillfactory.ru/courses/course-v1:SkillFactory+DAPR-2.0+MAR2021/xblock/block-v1:SkillFactory+DAPR-2.0+MAR2021+type@lti+block@167cfaff7d1b4c17aa9993f3384998f8/handler_noauth/grade_handler	False	submit	2026-08-11 11:12:56.899269
2842bb062ad26a1fcb06eca4d5056731		course-v1:SkillFactory+DAPR-2.0+MAR2021:lms.skillfactory.ru-167cfaff7d1b4c17aa9993f3384998f8:2842bb062ad26a1fcb06eca4d5056731	https://lms.skillfactory.ru/courses/course-v1:SkillFactory+DAPR-2.0+MAR2021/xblock/block-v1:SkillFactory+DAPR-2.0+MAR2021+type@lti+block@167cfaff7d1b4c17aa9993f3384998f8/handler_noauth/grade_handler	False	submit	2026-08-11 11:15:21.782330
2842bb062ad26a1fcb06eca4d5056731		course-v1:SkillFactory+DAPR-2.0+MAR2021:lms.skillfactory.ru-167cfaff7d1b4c17aa9993f3384998f8:2842bb062ad26a1fcb06eca4d5056731	https://lms.skillfactory.ru/courses/course-v1:SkillFactory+DAPR-2.0+MAR2021/xblock/block-v1:SkillFactory+DAPR-2.0+MAR2021+type@lti+block@167cfaff7d1b4c17aa9993f3384998f8/handler_noauth/grade_handler	False	submit	2026-08-11 11:31:49.325776
2842bb062ad26a1fcb06eca4d5056731		course-v1:SkillFactory+DAPR-2.0+MAR2021:lms.skillfactory.ru-167cfaff7d1b4c17aa9993f3384998f8:2842bb062ad26a1fcb06eca4d5056731	https://lms.skillfactory.ru/courses/course-v1:SkillFactory+DAPR-2.0+MAR2021/xblock/block-v1:SkillFactory+DAPR-2.0+MAR2021+type@lti+block@167cfaff7d1b4c17aa9993f3384998f8/handler_noauth/grade_handler	False	submit	2026-08-11 11:33:25.353426
93f7ae1456fee4ad8a3a007a6abec47b		course-v1:SkillFactory+DAPR-2.0+MAR2021:lms.skillfactory.ru-d46ad76eeda74d8298cc7e32a2763413:93f7ae1456fee4ad8a3a007a6abec47b	https://lms.skillfactory.ru/courses/course-v1:SkillFactory+DAPR-2.0+MAR2021/xblock/block-v1:SkillFactory+DAPR-2.0+MAR2021+type@lti+block@d46ad76eeda74d8298cc7e32a2763413/handler_noauth/grade_handler	False	submit	2026-08-11 11:44:09.560912
93f7ae1456fee4ad8a3a007a6abec47b		course-v1:SkillFactory+DAPR-2.0+MAR2021:lms.skillfactory.ru-d46ad76eeda74d8298cc7e32a2763413:93f7ae1456fee4ad8a3a007a6abec47b	https://lms.skillfactory.ru/courses/course-v1:SkillFactory+DAPR-2.0+MAR2021/xblock/block-v1:SkillFactory+DAPR-2.0+MAR2021+type@lti+block@d46ad76eeda74d8298cc7e32a2763413/handler_noauth/grade_handler	True	submit	2026-08-11 11:49:02.150380
2842bb062ad26a1fcb06eca4d5056731		course-v1:SkillFactory+DAPR-2.0+MAR2021:lms.skillfactory.ru-167cfaff7d1b4c17aa9993f3384998f8:2842bb062ad26a1fcb06eca4d5056731	https://lms.skillfactory.ru/courses/course-v1:SkillFactory+DAPR-2.0+MAR2021/xblock/block-v1:SkillFactory+DAPR-2.0+MAR2021+type@lti+block@167cfaff7d1b4c17aa9993f3384998f8/handler_noauth/grade_handler	False	submit	2026-08-11 11:59:20.236206
2842bb062ad26a1fcb06eca4d5056731		course-v1:SkillFactory+DAPR-2.0+MAR2021:lms.skillfactory.ru-167cfaff7d1b4c17aa9993f3384998f8:2842bb062ad26a1fcb06eca4d5056731	https://lms.skillfactory.ru/courses/course-v1:SkillFactory+DAPR-2.0+MAR2021/xblock/block-v1:SkillFactory+DAPR-2.0+MAR2021+type@lti+block@167cfaff7d1b4c17aa9993f3384998f8/handler_noauth/grade_handler	True	submit	2026-08-11 11:59:59.522720
1390075babb4754ece4433c7da54ad48		course-v1:skillfactory+MIFIML-DS+2025:lms.skillfactory.ru-59c768fe06db4786ac810e6e6d6fe4a0:1390075babb4754ece4433c7da54ad48	https://lms.skillfactory.ru/courses/course-v1:skillfactory+MIFIML-DS+2025/xblock/block-v1:skillfactory+MIFIML-DS+2025+type@lti+block@59c768fe06db4786ac810e6e6d6fe4a0/handler_noauth/grade_handler	True	submit	2026-08-11 12:47:19.823424
6f36744a21f920e6e787803cfacb830b		course-v1:skillfactory+MIFIDEV-2_session_2_retake+2026:lms.skillfactory.ru-5fdfc8a82dba499a920e2afe3ca37179:6f36744a21f920e6e787803cfacb830b	https://lms.skillfactory.ru/courses/course-v1:skillfactory+MIFIDEV-2_session_2_retake+2026/xblock/block-v1:skillfactory+MIFIDEV-2_session_2_retake+2026+type@lti+block@5fdfc8a82dba499a920e2afe3ca37179/handler_noauth/grade_handler	False	submit	2026-08-11 13:26:27.938224
6f36744a21f920e6e787803cfacb830b		course-v1:skillfactory+MIFIDEV-2_session_2_retake+2026:lms.skillfactory.ru-5fdfc8a82dba499a920e2afe3ca37179:6f36744a21f920e6e787803cfacb830b	https://lms.skillfactory.ru/courses/course-v1:skillfactory+MIFIDEV-2_session_2_retake+2026/xblock/block-v1:skillfactory+MIFIDEV-2_session_2_retake+2026+type@lti+block@5fdfc8a82dba499a920e2afe3ca37179/handler_noauth/grade_handler	True	submit	2026-08-11 13:27:24.776048
6f36744a21f920e6e787803cfacb830b		course-v1:skillfactory+MIFIDEV-2_session_2_retake+2026:lms.skillfactory.ru-05e3539dc23443c8898ccf3500cc040d:6f36744a21f920e6e787803cfacb830b	https://lms.skillfactory.ru/courses/course-v1:skillfactory+MIFIDEV-2_session_2_retake+2026/xblock/block-v1:skillfactory+MIFIDEV-2_session_2_retake+2026+type@lti+block@05e3539dc23443c8898ccf3500cc040d/handler_noauth/grade_handler	False	submit	2026-08-11 13:28:08.324703
6f36744a21f920e6e787803cfacb830b		course-v1:skillfactory+MIFIDEV-2_session_2_retake+2026:lms.skillfactory.ru-05e3539dc23443c8898ccf3500cc040d:6f36744a21f920e6e787803cfacb830b	https://lms.skillfactory.ru/courses/course-v1:skillfactory+MIFIDEV-2_session_2_retake+2026/xblock/block-v1:skillfactory+MIFIDEV-2_session_2_retake+2026+type@lti+block@05e3539dc23443c8898ccf3500cc040d/handler_noauth/grade_handler	False	submit	2026-08-11 13:28:44.303796
6f36744a21f920e6e787803cfacb830b		course-v1:skillfactory+MIFIDEV-2_session_2_retake+2026:lms.skillfactory.ru-05e3539dc23443c8898ccf3500cc040d:6f36744a21f920e6e787803cfacb830b	https://lms.skillfactory.ru/courses/course-v1:skillfactory+MIFIDEV-2_session_2_retake+2026/xblock/block-v1:skillfactory+MIFIDEV-2_session_2_retake+2026+type@lti+block@05e3539dc23443c8898ccf3500cc040d/handler_noauth/grade_handler	True	submit	2026-08-11 13:29:23.522083
6f36744a21f920e6e787803cfacb830b		course-v1:skillfactory+MIFIDEV-2_session_2_retake+2026:lms.skillfactory.ru-41b83da4d03f4667b360b3ca1bd9ab2e:6f36744a21f920e6e787803cfacb830b	https://lms.skillfactory.ru/courses/course-v1:skillfactory+MIFIDEV-2_session_2_retake+2026/xblock/block-v1:skillfactory+MIFIDEV-2_session_2_retake+2026+type@lti+block@41b83da4d03f4667b360b3ca1bd9ab2e/handler_noauth/grade_handler	True	submit	2026-08-11 13:30:09.249830
9d94377d4adf9b1c51df821cc189db1d		course-v1:Skillfactory+DSMED+2023:lms.skillfactory.ru-36a6ef038a54420ea7809a601889b488:9d94377d4adf9b1c51df821cc189db1d	https://lms.skillfactory.ru/courses/course-v1:Skillfactory+DSMED+2023/xblock/block-v1:Skillfactory+DSMED+2023+type@lti+block@36a6ef038a54420ea7809a601889b488/handler_noauth/grade_handler	True	submit	2026-08-11 13:32:45.530162
93f7ae1456fee4ad8a3a007a6abec47b		course-v1:SkillFactory+DAPR-2.0+MAR2021:lms.skillfactory.ru-3a970c3242394ace8e6d5f584da41465:93f7ae1456fee4ad8a3a007a6abec47b	https://lms.skillfactory.ru/courses/course-v1:SkillFactory+DAPR-2.0+MAR2021/xblock/block-v1:SkillFactory+DAPR-2.0+MAR2021+type@lti+block@3a970c3242394ace8e6d5f584da41465/handler_noauth/grade_handler	False	submit	2026-08-11 13:40:22.298877
93f7ae1456fee4ad8a3a007a6abec47b		course-v1:SkillFactory+DAPR-2.0+MAR2021:lms.skillfactory.ru-3a970c3242394ace8e6d5f584da41465:93f7ae1456fee4ad8a3a007a6abec47b	https://lms.skillfactory.ru/courses/course-v1:SkillFactory+DAPR-2.0+MAR2021/xblock/block-v1:SkillFactory+DAPR-2.0+MAR2021+type@lti+block@3a970c3242394ace8e6d5f584da41465/handler_noauth/grade_handler	False	submit	2026-08-11 13:44:26.654154
93f7ae1456fee4ad8a3a007a6abec47b		course-v1:SkillFactory+DAPR-2.0+MAR2021:lms.skillfactory.ru-3a970c3242394ace8e6d5f584da41465:93f7ae1456fee4ad8a3a007a6abec47b	https://lms.skillfactory.ru/courses/course-v1:SkillFactory+DAPR-2.0+MAR2021/xblock/block-v1:SkillFactory+DAPR-2.0+MAR2021+type@lti+block@3a970c3242394ace8e6d5f584da41465/handler_noauth/grade_handler	False	submit	2026-08-11 13:48:58.646050
93f7ae1456fee4ad8a3a007a6abec47b		course-v1:SkillFactory+DAPR-2.0+MAR2021:lms.skillfactory.ru-3a970c3242394ace8e6d5f584da41465:93f7ae1456fee4ad8a3a007a6abec47b	https://lms.skillfactory.ru/courses/course-v1:SkillFactory+DAPR-2.0+MAR2021/xblock/block-v1:SkillFactory+DAPR-2.0+MAR2021+type@lti+block@3a970c3242394ace8e6d5f584da41465/handler_noauth/grade_handler	False	submit	2026-08-11 13:49:44.911327
93f7ae1456fee4ad8a3a007a6abec47b		course-v1:SkillFactory+DAPR-2.0+MAR2021:lms.skillfactory.ru-3a970c3242394ace8e6d5f584da41465:93f7ae1456fee4ad8a3a007a6abec47b	https://lms.skillfactory.ru/courses/course-v1:SkillFactory+DAPR-2.0+MAR2021/xblock/block-v1:SkillFactory+DAPR-2.0+MAR2021+type@lti+block@3a970c3242394ace8e6d5f584da41465/handler_noauth/grade_handler	False	submit	2026-08-11 13:54:30.149107
93f7ae1456fee4ad8a3a007a6abec47b		course-v1:SkillFactory+DAPR-2.0+MAR2021:lms.skillfactory.ru-3a970c3242394ace8e6d5f584da41465:93f7ae1456fee4ad8a3a007a6abec47b	https://lms.skillfactory.ru/courses/course-v1:SkillFactory+DAPR-2.0+MAR2021/xblock/block-v1:SkillFactory+DAPR-2.0+MAR2021+type@lti+block@3a970c3242394ace8e6d5f584da41465/handler_noauth/grade_handler	True	submit	2026-08-11 13:54:49.319784
c140a78e0fe80e8e27e8870474c5e68c		course-v1:Skillfactory+MFTIBIO-1sem+2024:lms.skillfactory.ru-d41c42fc747842c6a8b95f24342a12d3:c140a78e0fe80e8e27e8870474c5e68c	https://lms.skillfactory.ru/courses/course-v1:Skillfactory+MFTIBIO-1sem+2024/xblock/block-v1:Skillfactory+MFTIBIO-1sem+2024+type@lti+block@d41c42fc747842c6a8b95f24342a12d3/handler_noauth/grade_handler	True	submit	2026-08-11 14:23:10.831202
c140a78e0fe80e8e27e8870474c5e68c		course-v1:Skillfactory+MFTIBIO-1sem+2024:lms.skillfactory.ru-993b48ceb98b4dba99b3214db63e91d4:c140a78e0fe80e8e27e8870474c5e68c	https://lms.skillfactory.ru/courses/course-v1:Skillfactory+MFTIBIO-1sem+2024/xblock/block-v1:Skillfactory+MFTIBIO-1sem+2024+type@lti+block@993b48ceb98b4dba99b3214db63e91d4/handler_noauth/grade_handler	True	submit	2026-08-11 14:46:05.596903
1390075babb4754ece4433c7da54ad48		course-v1:skillfactory+MIFIML-DS+2025:lms.skillfactory.ru-d17f88bd2bc44c919e196a504322059d:1390075babb4754ece4433c7da54ad48	https://lms.skillfactory.ru/courses/course-v1:skillfactory+MIFIML-DS+2025/xblock/block-v1:skillfactory+MIFIML-DS+2025+type@lti+block@d17f88bd2bc44c919e196a504322059d/handler_noauth/grade_handler	True	submit	2026-08-11 18:20:37.121691
1390075babb4754ece4433c7da54ad48		course-v1:skillfactory+MIFIML-DS+2025:lms.skillfactory.ru-4ad4d5297ca44d8bbfbbff1c8e791fba:1390075babb4754ece4433c7da54ad48	https://lms.skillfactory.ru/courses/course-v1:skillfactory+MIFIML-DS+2025/xblock/block-v1:skillfactory+MIFIML-DS+2025+type@lti+block@4ad4d5297ca44d8bbfbbff1c8e791fba/handler_noauth/grade_handler	True	submit	2026-08-11 18:30:04.829435
f63a8b7f5d58d5c27b857c1880f8eb39		course-v1:SkillFactory+SDA-3.0+FEB2021:lms.skillfactory.ru-f74a7f688d79407a8da81bb62126900e:f63a8b7f5d58d5c27b857c1880f8eb39	https://lms.skillfactory.ru/courses/course-v1:SkillFactory+SDA-3.0+FEB2021/xblock/block-v1:SkillFactory+SDA-3.0+FEB2021+type@lti+block@f74a7f688d79407a8da81bb62126900e/handler_noauth/grade_handler	True	submit	2026-08-11 19:41:18.909961
f63a8b7f5d58d5c27b857c1880f8eb39		course-v1:SkillFactory+SDA-3.0+FEB2021:lms.skillfactory.ru-d0af8fc8437e43fd80617ef71b5b5731:f63a8b7f5d58d5c27b857c1880f8eb39	https://lms.skillfactory.ru/courses/course-v1:SkillFactory+SDA-3.0+FEB2021/xblock/block-v1:SkillFactory+SDA-3.0+FEB2021+type@lti+block@d0af8fc8437e43fd80617ef71b5b5731/handler_noauth/grade_handler	True	submit	2026-08-11 19:45:27.829067
f63a8b7f5d58d5c27b857c1880f8eb39		course-v1:SkillFactory+SDA-3.0+FEB2021:lms.skillfactory.ru-84394a2158394160af9fc34037221bb9:f63a8b7f5d58d5c27b857c1880f8eb39	https://lms.skillfactory.ru/courses/course-v1:SkillFactory+SDA-3.0+FEB2021/xblock/block-v1:SkillFactory+SDA-3.0+FEB2021+type@lti+block@84394a2158394160af9fc34037221bb9/handler_noauth/grade_handler	False	submit	2026-08-11 19:57:03.070107
f63a8b7f5d58d5c27b857c1880f8eb39		course-v1:SkillFactory+SDA-3.0+FEB2021:lms.skillfactory.ru-84394a2158394160af9fc34037221bb9:f63a8b7f5d58d5c27b857c1880f8eb39	https://lms.skillfactory.ru/courses/course-v1:SkillFactory+SDA-3.0+FEB2021/xblock/block-v1:SkillFactory+SDA-3.0+FEB2021+type@lti+block@84394a2158394160af9fc34037221bb9/handler_noauth/grade_handler	False	submit	2026-08-11 19:59:58.939568
f63a8b7f5d58d5c27b857c1880f8eb39		course-v1:SkillFactory+SDA-3.0+FEB2021:lms.skillfactory.ru-84394a2158394160af9fc34037221bb9:f63a8b7f5d58d5c27b857c1880f8eb39	https://lms.skillfactory.ru/courses/course-v1:SkillFactory+SDA-3.0+FEB2021/xblock/block-v1:SkillFactory+SDA-3.0+FEB2021+type@lti+block@84394a2158394160af9fc34037221bb9/handler_noauth/grade_handler	False	submit	2026-08-11 20:02:18.053955
f63a8b7f5d58d5c27b857c1880f8eb39		course-v1:SkillFactory+SDA-3.0+FEB2021:lms.skillfactory.ru-84394a2158394160af9fc34037221bb9:f63a8b7f5d58d5c27b857c1880f8eb39	https://lms.skillfactory.ru/courses/course-v1:SkillFactory+SDA-3.0+FEB2021/xblock/block-v1:SkillFactory+SDA-3.0+FEB2021+type@lti+block@84394a2158394160af9fc34037221bb9/handler_noauth/grade_handler	True	submit	2026-08-11 20:15:34.756967
f15d790a25227944029a87ae683a5d66		course-v1:SkillFactory+PDEV+2021:lms.skillfactory.ru-ce803f1913124da38703ce7935c5104d:f15d790a25227944029a87ae683a5d66	https://lms.skillfactory.ru/courses/course-v1:SkillFactory+PDEV+2021/xblock/block-v1:SkillFactory+PDEV+2021+type@lti+block@ce803f1913124da38703ce7935c5104d/handler_noauth/grade_handler	True	submit	2026-08-11 20:25:01.170457
f15d790a25227944029a87ae683a5d66		course-v1:SkillFactory+PDEV+2021:lms.skillfactory.ru-9e5027c0002d494dad2d870e35a4c60e:f15d790a25227944029a87ae683a5d66	https://lms.skillfactory.ru/courses/course-v1:SkillFactory+PDEV+2021/xblock/block-v1:SkillFactory+PDEV+2021+type@lti+block@9e5027c0002d494dad2d870e35a4c60e/handler_noauth/grade_handler	True	submit	2026-08-11 20:27:13.407673
f63a8b7f5d58d5c27b857c1880f8eb39		course-v1:SkillFactory+SDA-3.0+FEB2021:lms.skillfactory.ru-ba69a652ec204848be25e4f74138ae7e:f63a8b7f5d58d5c27b857c1880f8eb39	https://lms.skillfactory.ru/courses/course-v1:SkillFactory+SDA-3.0+FEB2021/xblock/block-v1:SkillFactory+SDA-3.0+FEB2021+type@lti+block@ba69a652ec204848be25e4f74138ae7e/handler_noauth/grade_handler	False	submit	2026-08-11 20:27:48.268828
f15d790a25227944029a87ae683a5d66		course-v1:SkillFactory+PDEV+2021:lms.skillfactory.ru-f65e753f0ed340d0b8268593aa6f8f79:f15d790a25227944029a87ae683a5d66	https://lms.skillfactory.ru/courses/course-v1:SkillFactory+PDEV+2021/xblock/block-v1:SkillFactory+PDEV+2021+type@lti+block@f65e753f0ed340d0b8268593aa6f8f79/handler_noauth/grade_handler	True	submit	2026-08-11 20:29:39.981489
f63a8b7f5d58d5c27b857c1880f8eb39		course-v1:SkillFactory+SDA-3.0+FEB2021:lms.skillfactory.ru-ba69a652ec204848be25e4f74138ae7e:f63a8b7f5d58d5c27b857c1880f8eb39	https://lms.skillfactory.ru/courses/course-v1:SkillFactory+SDA-3.0+FEB2021/xblock/block-v1:SkillFactory+SDA-3.0+FEB2021+type@lti+block@ba69a652ec204848be25e4f74138ae7e/handler_noauth/grade_handler	True	submit	2026-08-11 20:29:54.565133
f15d790a25227944029a87ae683a5d66		course-v1:SkillFactory+PDEV+2021:lms.skillfactory.ru-0a157932cec949ddbebef83b338d4a6e:f15d790a25227944029a87ae683a5d66	https://lms.skillfactory.ru/courses/course-v1:SkillFactory+PDEV+2021/xblock/block-v1:SkillFactory+PDEV+2021+type@lti+block@0a157932cec949ddbebef83b338d4a6e/handler_noauth/grade_handler	True	submit	2026-08-11 20:31:14.871216
f15d790a25227944029a87ae683a5d66		course-v1:SkillFactory+PDEV+2021:lms.skillfactory.ru-4766c2cea9fe4e5db8bc3b3ca13cb2fd:f15d790a25227944029a87ae683a5d66	https://lms.skillfactory.ru/courses/course-v1:SkillFactory+PDEV+2021/xblock/block-v1:SkillFactory+PDEV+2021+type@lti+block@4766c2cea9fe4e5db8bc3b3ca13cb2fd/handler_noauth/grade_handler	True	submit	2026-08-11 20:38:53.361723
f15d790a25227944029a87ae683a5d66		course-v1:SkillFactory+PDEV+2021:lms.skillfactory.ru-79a8dbf8b4e042a2b0099548cadc2c39:f15d790a25227944029a87ae683a5d66	https://lms.skillfactory.ru/courses/course-v1:SkillFactory+PDEV+2021/xblock/block-v1:SkillFactory+PDEV+2021+type@lti+block@79a8dbf8b4e042a2b0099548cadc2c39/handler_noauth/grade_handler	True	submit	2026-08-11 20:43:31.555467
f15d790a25227944029a87ae683a5d66		course-v1:SkillFactory+PDEV+2021:lms.skillfactory.ru-2f5d2f6d497642a9abc66fe30e671790:f15d790a25227944029a87ae683a5d66	https://lms.skillfactory.ru/courses/course-v1:SkillFactory+PDEV+2021/xblock/block-v1:SkillFactory+PDEV+2021+type@lti+block@2f5d2f6d497642a9abc66fe30e671790/handler_noauth/grade_handler	True	submit	2026-08-11 20:46:57.747232
f63a8b7f5d58d5c27b857c1880f8eb39		course-v1:SkillFactory+SDA-3.0+FEB2021:lms.skillfactory.ru-c1fd4cc24cf841a8864499de3f756d14:f63a8b7f5d58d5c27b857c1880f8eb39	https://lms.skillfactory.ru/courses/course-v1:SkillFactory+SDA-3.0+FEB2021/xblock/block-v1:SkillFactory+SDA-3.0+FEB2021+type@lti+block@c1fd4cc24cf841a8864499de3f756d14/handler_noauth/grade_handler	False	submit	2026-08-11 20:50:52.541159
f63a8b7f5d58d5c27b857c1880f8eb39		course-v1:SkillFactory+SDA-3.0+FEB2021:lms.skillfactory.ru-c1fd4cc24cf841a8864499de3f756d14:f63a8b7f5d58d5c27b857c1880f8eb39	https://lms.skillfactory.ru/courses/course-v1:SkillFactory+SDA-3.0+FEB2021/xblock/block-v1:SkillFactory+SDA-3.0+FEB2021+type@lti+block@c1fd4cc24cf841a8864499de3f756d14/handler_noauth/grade_handler	False	submit	2026-08-11 20:52:51.898548
f63a8b7f5d58d5c27b857c1880f8eb39		course-v1:SkillFactory+SDA-3.0+FEB2021:lms.skillfactory.ru-c1fd4cc24cf841a8864499de3f756d14:f63a8b7f5d58d5c27b857c1880f8eb39	https://lms.skillfactory.ru/courses/course-v1:SkillFactory+SDA-3.0+FEB2021/xblock/block-v1:SkillFactory+SDA-3.0+FEB2021+type@lti+block@c1fd4cc24cf841a8864499de3f756d14/handler_noauth/grade_handler	False	submit	2026-08-11 20:54:47.529547
f63a8b7f5d58d5c27b857c1880f8eb39		course-v1:SkillFactory+SDA-3.0+FEB2021:lms.skillfactory.ru-c1fd4cc24cf841a8864499de3f756d14:f63a8b7f5d58d5c27b857c1880f8eb39	https://lms.skillfactory.ru/courses/course-v1:SkillFactory+SDA-3.0+FEB2021/xblock/block-v1:SkillFactory+SDA-3.0+FEB2021+type@lti+block@c1fd4cc24cf841a8864499de3f756d14/handler_noauth/grade_handler	False	submit	2026-08-11 21:04:14.985989
f63a8b7f5d58d5c27b857c1880f8eb39		course-v1:SkillFactory+SDA-3.0+FEB2021:lms.skillfactory.ru-c1fd4cc24cf841a8864499de3f756d14:f63a8b7f5d58d5c27b857c1880f8eb39	https://lms.skillfactory.ru/courses/course-v1:SkillFactory+SDA-3.0+FEB2021/xblock/block-v1:SkillFactory+SDA-3.0+FEB2021+type@lti+block@c1fd4cc24cf841a8864499de3f756d14/handler_noauth/grade_handler	False	submit	2026-08-11 21:05:24.957227
f63a8b7f5d58d5c27b857c1880f8eb39		course-v1:SkillFactory+SDA-3.0+FEB2021:lms.skillfactory.ru-c1fd4cc24cf841a8864499de3f756d14:f63a8b7f5d58d5c27b857c1880f8eb39	https://lms.skillfactory.ru/courses/course-v1:SkillFactory+SDA-3.0+FEB2021/xblock/block-v1:SkillFactory+SDA-3.0+FEB2021+type@lti+block@c1fd4cc24cf841a8864499de3f756d14/handler_noauth/grade_handler	False	submit	2026-08-11 21:06:22.051296
f63a8b7f5d58d5c27b857c1880f8eb39		course-v1:SkillFactory+SDA-3.0+FEB2021:lms.skillfactory.ru-c1fd4cc24cf841a8864499de3f756d14:f63a8b7f5d58d5c27b857c1880f8eb39	https://lms.skillfactory.ru/courses/course-v1:SkillFactory+SDA-3.0+FEB2021/xblock/block-v1:SkillFactory+SDA-3.0+FEB2021+type@lti+block@c1fd4cc24cf841a8864499de3f756d14/handler_noauth/grade_handler	False	submit	2026-08-11 21:08:20.158401
f63a8b7f5d58d5c27b857c1880f8eb39		course-v1:SkillFactory+SDA-3.0+FEB2021:lms.skillfactory.ru-c1fd4cc24cf841a8864499de3f756d14:f63a8b7f5d58d5c27b857c1880f8eb39	https://lms.skillfactory.ru/courses/course-v1:SkillFactory+SDA-3.0+FEB2021/xblock/block-v1:SkillFactory+SDA-3.0+FEB2021+type@lti+block@c1fd4cc24cf841a8864499de3f756d14/handler_noauth/grade_handler	False	submit	2026-08-11 21:09:19.401536
f15d790a25227944029a87ae683a5d66		course-v1:SkillFactory+PDEV+2021:lms.skillfactory.ru-092aea967a344a7c84a3655198e7dd1e:f15d790a25227944029a87ae683a5d66	https://lms.skillfactory.ru/courses/course-v1:SkillFactory+PDEV+2021/xblock/block-v1:SkillFactory+PDEV+2021+type@lti+block@092aea967a344a7c84a3655198e7dd1e/handler_noauth/grade_handler	True	submit	2026-08-12 06:21:04.301044
f15d790a25227944029a87ae683a5d66		course-v1:SkillFactory+PDEV+2021:lms.skillfactory.ru-ba2a1b8e3b45434fbf8cd97ccf0a4fbb:f15d790a25227944029a87ae683a5d66	https://lms.skillfactory.ru/courses/course-v1:SkillFactory+PDEV+2021/xblock/block-v1:SkillFactory+PDEV+2021+type@lti+block@ba2a1b8e3b45434fbf8cd97ccf0a4fbb/handler_noauth/grade_handler	True	submit	2026-08-12 06:24:32.224426
f15d790a25227944029a87ae683a5d66		course-v1:SkillFactory+PDEV+2021:lms.skillfactory.ru-c92c2048b21c4e76b6cb2c2b2eeaf05f:f15d790a25227944029a87ae683a5d66	https://lms.skillfactory.ru/courses/course-v1:SkillFactory+PDEV+2021/xblock/block-v1:SkillFactory+PDEV+2021+type@lti+block@c92c2048b21c4e76b6cb2c2b2eeaf05f/handler_noauth/grade_handler	True	submit	2026-08-12 06:27:27.503492
f15d790a25227944029a87ae683a5d66		course-v1:SkillFactory+PDEV+2021:lms.skillfactory.ru-dea2f820092448e1bb021cbeb2767262:f15d790a25227944029a87ae683a5d66	https://lms.skillfactory.ru/courses/course-v1:SkillFactory+PDEV+2021/xblock/block-v1:SkillFactory+PDEV+2021+type@lti+block@dea2f820092448e1bb021cbeb2767262/handler_noauth/grade_handler	False	submit	2026-08-12 06:31:42.080302
f15d790a25227944029a87ae683a5d66		course-v1:SkillFactory+PDEV+2021:lms.skillfactory.ru-dea2f820092448e1bb021cbeb2767262:f15d790a25227944029a87ae683a5d66	https://lms.skillfactory.ru/courses/course-v1:SkillFactory+PDEV+2021/xblock/block-v1:SkillFactory+PDEV+2021+type@lti+block@dea2f820092448e1bb021cbeb2767262/handler_noauth/grade_handler	True	submit	2026-08-12 06:32:46.251353
f15d790a25227944029a87ae683a5d66		course-v1:SkillFactory+PDEV+2021:lms.skillfactory.ru-5c8d275e603442498dca237b2445b43e:f15d790a25227944029a87ae683a5d66	https://lms.skillfactory.ru/courses/course-v1:SkillFactory+PDEV+2021/xblock/block-v1:SkillFactory+PDEV+2021+type@lti+block@5c8d275e603442498dca237b2445b43e/handler_noauth/grade_handler	False	submit	2026-08-12 06:37:09.448832
f15d790a25227944029a87ae683a5d66		course-v1:SkillFactory+PDEV+2021:lms.skillfactory.ru-5c8d275e603442498dca237b2445b43e:f15d790a25227944029a87ae683a5d66	https://lms.skillfactory.ru/courses/course-v1:SkillFactory+PDEV+2021/xblock/block-v1:SkillFactory+PDEV+2021+type@lti+block@5c8d275e603442498dca237b2445b43e/handler_noauth/grade_handler	False	submit	2026-08-12 06:37:36.504343
f15d790a25227944029a87ae683a5d66		course-v1:SkillFactory+PDEV+2021:lms.skillfactory.ru-5c8d275e603442498dca237b2445b43e:f15d790a25227944029a87ae683a5d66	https://lms.skillfactory.ru/courses/course-v1:SkillFactory+PDEV+2021/xblock/block-v1:SkillFactory+PDEV+2021+type@lti+block@5c8d275e603442498dca237b2445b43e/handler_noauth/grade_handler	True	submit	2026-08-12 06:38:01.368403
f15d790a25227944029a87ae683a5d66		course-v1:SkillFactory+PDEV+2021:lms.skillfactory.ru-3a78088c29d8438795e730fcf9d8fd66:f15d790a25227944029a87ae683a5d66	https://lms.skillfactory.ru/courses/course-v1:SkillFactory+PDEV+2021/xblock/block-v1:SkillFactory+PDEV+2021+type@lti+block@3a78088c29d8438795e730fcf9d8fd66/handler_noauth/grade_handler	True	submit	2026-08-12 06:45:31.990595
f15d790a25227944029a87ae683a5d66		course-v1:SkillFactory+PDEV+2021:lms.skillfactory.ru-3a78088c29d8438795e730fcf9d8fd66:f15d790a25227944029a87ae683a5d66	https://lms.skillfactory.ru/courses/course-v1:SkillFactory+PDEV+2021/xblock/block-v1:SkillFactory+PDEV+2021+type@lti+block@3a78088c29d8438795e730fcf9d8fd66/handler_noauth/grade_handler	False	submit	2026-08-12 06:46:37.938392
f15d790a25227944029a87ae683a5d66		course-v1:SkillFactory+PDEV+2021:lms.skillfactory.ru-3a78088c29d8438795e730fcf9d8fd66:f15d790a25227944029a87ae683a5d66	https://lms.skillfactory.ru/courses/course-v1:SkillFactory+PDEV+2021/xblock/block-v1:SkillFactory+PDEV+2021+type@lti+block@3a78088c29d8438795e730fcf9d8fd66/handler_noauth/grade_handler	True	submit	2026-08-12 06:46:48.621192
f15d790a25227944029a87ae683a5d66		course-v1:SkillFactory+PDEV+2021:lms.skillfactory.ru-9a2ebe4e15b8410e9f270536b5125b14:f15d790a25227944029a87ae683a5d66	https://lms.skillfactory.ru/courses/course-v1:SkillFactory+PDEV+2021/xblock/block-v1:SkillFactory+PDEV+2021+type@lti+block@9a2ebe4e15b8410e9f270536b5125b14/handler_noauth/grade_handler	False	submit	2026-08-12 06:59:07.052693
f15d790a25227944029a87ae683a5d66		course-v1:SkillFactory+PDEV+2021:lms.skillfactory.ru-9a2ebe4e15b8410e9f270536b5125b14:f15d790a25227944029a87ae683a5d66	https://lms.skillfactory.ru/courses/course-v1:SkillFactory+PDEV+2021/xblock/block-v1:SkillFactory+PDEV+2021+type@lti+block@9a2ebe4e15b8410e9f270536b5125b14/handler_noauth/grade_handler	True	submit	2026-08-12 07:00:35.230598
f15d790a25227944029a87ae683a5d66		course-v1:SkillFactory+PDEV+2021:lms.skillfactory.ru-e480b03b52184ad5b903dd74eae7485d:f15d790a25227944029a87ae683a5d66	https://lms.skillfactory.ru/courses/course-v1:SkillFactory+PDEV+2021/xblock/block-v1:SkillFactory+PDEV+2021+type@lti+block@e480b03b52184ad5b903dd74eae7485d/handler_noauth/grade_handler	False	submit	2026-08-12 07:08:52.203001
f15d790a25227944029a87ae683a5d66		course-v1:SkillFactory+PDEV+2021:lms.skillfactory.ru-e480b03b52184ad5b903dd74eae7485d:f15d790a25227944029a87ae683a5d66	https://lms.skillfactory.ru/courses/course-v1:SkillFactory+PDEV+2021/xblock/block-v1:SkillFactory+PDEV+2021+type@lti+block@e480b03b52184ad5b903dd74eae7485d/handler_noauth/grade_handler	False	submit	2026-08-12 07:09:25.068504
f15d790a25227944029a87ae683a5d66		course-v1:SkillFactory+PDEV+2021:lms.skillfactory.ru-e480b03b52184ad5b903dd74eae7485d:f15d790a25227944029a87ae683a5d66	https://lms.skillfactory.ru/courses/course-v1:SkillFactory+PDEV+2021/xblock/block-v1:SkillFactory+PDEV+2021+type@lti+block@e480b03b52184ad5b903dd74eae7485d/handler_noauth/grade_handler	True	submit	2026-08-12 07:10:17.819317
f15d790a25227944029a87ae683a5d66		course-v1:SkillFactory+PDEV+2021:lms.skillfactory.ru-9ac6257717394ec598a858020970b4b6:f15d790a25227944029a87ae683a5d66	https://lms.skillfactory.ru/courses/course-v1:SkillFactory+PDEV+2021/xblock/block-v1:SkillFactory+PDEV+2021+type@lti+block@9ac6257717394ec598a858020970b4b6/handler_noauth/grade_handler	False	submit	2026-08-12 07:15:17.700533
f15d790a25227944029a87ae683a5d66		course-v1:SkillFactory+PDEV+2021:lms.skillfactory.ru-9ac6257717394ec598a858020970b4b6:f15d790a25227944029a87ae683a5d66	https://lms.skillfactory.ru/courses/course-v1:SkillFactory+PDEV+2021/xblock/block-v1:SkillFactory+PDEV+2021+type@lti+block@9ac6257717394ec598a858020970b4b6/handler_noauth/grade_handler	True	submit	2026-08-12 07:16:11.825557
f15d790a25227944029a87ae683a5d66		course-v1:SkillFactory+PDEV+2021:lms.skillfactory.ru-2766692aa45e4acbb07416ef9f0c7759:f15d790a25227944029a87ae683a5d66	https://lms.skillfactory.ru/courses/course-v1:SkillFactory+PDEV+2021/xblock/block-v1:SkillFactory+PDEV+2021+type@lti+block@2766692aa45e4acbb07416ef9f0c7759/handler_noauth/grade_handler	False	submit	2026-08-12 07:19:26.741414
f15d790a25227944029a87ae683a5d66		course-v1:SkillFactory+PDEV+2021:lms.skillfactory.ru-2766692aa45e4acbb07416ef9f0c7759:f15d790a25227944029a87ae683a5d66	https://lms.skillfactory.ru/courses/course-v1:SkillFactory+PDEV+2021/xblock/block-v1:SkillFactory+PDEV+2021+type@lti+block@2766692aa45e4acbb07416ef9f0c7759/handler_noauth/grade_handler	True	submit	2026-08-12 07:19:43.956705
f15d790a25227944029a87ae683a5d66		course-v1:SkillFactory+PDEV+2021:lms.skillfactory.ru-d71bbeb8d40e49fc91f8128b4d6a9aad:f15d790a25227944029a87ae683a5d66	https://lms.skillfactory.ru/courses/course-v1:SkillFactory+PDEV+2021/xblock/block-v1:SkillFactory+PDEV+2021+type@lti+block@d71bbeb8d40e49fc91f8128b4d6a9aad/handler_noauth/grade_handler	False	submit	2026-08-12 07:27:57.513077
f15d790a25227944029a87ae683a5d66		course-v1:SkillFactory+PDEV+2021:lms.skillfactory.ru-d71bbeb8d40e49fc91f8128b4d6a9aad:f15d790a25227944029a87ae683a5d66	https://lms.skillfactory.ru/courses/course-v1:SkillFactory+PDEV+2021/xblock/block-v1:SkillFactory+PDEV+2021+type@lti+block@d71bbeb8d40e49fc91f8128b4d6a9aad/handler_noauth/grade_handler	True	submit	2026-08-12 07:31:28.656536
f15d790a25227944029a87ae683a5d66		course-v1:SkillFactory+PDEV+2021:lms.skillfactory.ru-76c564c63718478e8df5e212728a3f29:f15d790a25227944029a87ae683a5d66	https://lms.skillfactory.ru/courses/course-v1:SkillFactory+PDEV+2021/xblock/block-v1:SkillFactory+PDEV+2021+type@lti+block@76c564c63718478e8df5e212728a3f29/handler_noauth/grade_handler	True	submit	2026-08-12 07:36:15.990642
f15d790a25227944029a87ae683a5d66		course-v1:SkillFactory+PDEV+2021:lms.skillfactory.ru-b104e57e17af4fdda44e1ec9d8e41de2:f15d790a25227944029a87ae683a5d66	https://lms.skillfactory.ru/courses/course-v1:SkillFactory+PDEV+2021/xblock/block-v1:SkillFactory+PDEV+2021+type@lti+block@b104e57e17af4fdda44e1ec9d8e41de2/handler_noauth/grade_handler	True	submit	2026-08-12 08:22:54.632712
f15d790a25227944029a87ae683a5d66		course-v1:SkillFactory+PDEV+2021:lms.skillfactory.ru-2b11551805c346d5810a70adfeef173e:f15d790a25227944029a87ae683a5d66	https://lms.skillfactory.ru/courses/course-v1:SkillFactory+PDEV+2021/xblock/block-v1:SkillFactory+PDEV+2021+type@lti+block@2b11551805c346d5810a70adfeef173e/handler_noauth/grade_handler	True	submit	2026-08-12 08:30:50.310648
f15d790a25227944029a87ae683a5d66		course-v1:SkillFactory+PDEV+2021:lms.skillfactory.ru-f30075c3f91d482fb75e80a70f3eb145:f15d790a25227944029a87ae683a5d66	https://lms.skillfactory.ru/courses/course-v1:SkillFactory+PDEV+2021/xblock/block-v1:SkillFactory+PDEV+2021+type@lti+block@f30075c3f91d482fb75e80a70f3eb145/handler_noauth/grade_handler	False	submit	2026-08-12 08:34:45.236717
f15d790a25227944029a87ae683a5d66		course-v1:SkillFactory+PDEV+2021:lms.skillfactory.ru-f30075c3f91d482fb75e80a70f3eb145:f15d790a25227944029a87ae683a5d66	https://lms.skillfactory.ru/courses/course-v1:SkillFactory+PDEV+2021/xblock/block-v1:SkillFactory+PDEV+2021+type@lti+block@f30075c3f91d482fb75e80a70f3eb145/handler_noauth/grade_handler	True	submit	2026-08-12 08:35:29.483911
f15d790a25227944029a87ae683a5d66		course-v1:SkillFactory+PDEV+2021:lms.skillfactory.ru-eb976e92eda443108016a389fb7028fd:f15d790a25227944029a87ae683a5d66	https://lms.skillfactory.ru/courses/course-v1:SkillFactory+PDEV+2021/xblock/block-v1:SkillFactory+PDEV+2021+type@lti+block@eb976e92eda443108016a389fb7028fd/handler_noauth/grade_handler	True	submit	2026-08-12 08:45:38.440490
f15d790a25227944029a87ae683a5d66		course-v1:SkillFactory+PDEV+2021:lms.skillfactory.ru-84a6be71c24d4727afa36910318e3840:f15d790a25227944029a87ae683a5d66	https://lms.skillfactory.ru/courses/course-v1:SkillFactory+PDEV+2021/xblock/block-v1:SkillFactory+PDEV+2021+type@lti+block@84a6be71c24d4727afa36910318e3840/handler_noauth/grade_handler	True	submit	2026-08-12 08:51:28.891871
f15d790a25227944029a87ae683a5d66		course-v1:SkillFactory+PDEV+2021:lms.skillfactory.ru-77c92ca1b25b437bb2e6c16024c2ae2a:f15d790a25227944029a87ae683a5d66	https://lms.skillfactory.ru/courses/course-v1:SkillFactory+PDEV+2021/xblock/block-v1:SkillFactory+PDEV+2021+type@lti+block@77c92ca1b25b437bb2e6c16024c2ae2a/handler_noauth/grade_handler	False	submit	2026-08-12 08:55:02.982438
f15d790a25227944029a87ae683a5d66		course-v1:SkillFactory+PDEV+2021:lms.skillfactory.ru-77c92ca1b25b437bb2e6c16024c2ae2a:f15d790a25227944029a87ae683a5d66	https://lms.skillfactory.ru/courses/course-v1:SkillFactory+PDEV+2021/xblock/block-v1:SkillFactory+PDEV+2021+type@lti+block@77c92ca1b25b437bb2e6c16024c2ae2a/handler_noauth/grade_handler	True	submit	2026-08-12 08:55:24.504735
93f7ae1456fee4ad8a3a007a6abec47b		course-v1:SkillFactory+DAPR-2.0+MAR2021:lms.skillfactory.ru-7ad9f936af2144b692ceba265cc79c18:93f7ae1456fee4ad8a3a007a6abec47b	https://lms.skillfactory.ru/courses/course-v1:SkillFactory+DAPR-2.0+MAR2021/xblock/block-v1:SkillFactory+DAPR-2.0+MAR2021+type@lti+block@7ad9f936af2144b692ceba265cc79c18/handler_noauth/grade_handler	False	submit	2026-08-12 08:59:59.057706
93f7ae1456fee4ad8a3a007a6abec47b		course-v1:SkillFactory+DAPR-2.0+MAR2021:lms.skillfactory.ru-7ad9f936af2144b692ceba265cc79c18:93f7ae1456fee4ad8a3a007a6abec47b	https://lms.skillfactory.ru/courses/course-v1:SkillFactory+DAPR-2.0+MAR2021/xblock/block-v1:SkillFactory+DAPR-2.0+MAR2021+type@lti+block@7ad9f936af2144b692ceba265cc79c18/handler_noauth/grade_handler	True	submit	2026-08-12 09:00:57.103788
ab315ac591163a7357a61c24b17a85ad		course-v1:SkillFactory+PY-ANALYSIS+26OCT2020:lms.skillfactory.ru-bbaac53f6cdc4781852dbe4ba38c1896:ab315ac591163a7357a61c24b17a85ad	https://lms.skillfactory.ru/courses/course-v1:SkillFactory+PY-ANALYSIS+26OCT2020/xblock/block-v1:SkillFactory+PY-ANALYSIS+26OCT2020+type@lti+block@bbaac53f6cdc4781852dbe4ba38c1896/handler_noauth/grade_handler	True	submit	2026-08-12 09:05:05.684300
ab315ac591163a7357a61c24b17a85ad		course-v1:SkillFactory+PY-ANALYSIS+26OCT2020:lms.skillfactory.ru-eadce77e3f25493885ca70057f5ac6fc:ab315ac591163a7357a61c24b17a85ad	https://lms.skillfactory.ru/courses/course-v1:SkillFactory+PY-ANALYSIS+26OCT2020/xblock/block-v1:SkillFactory+PY-ANALYSIS+26OCT2020+type@lti+block@eadce77e3f25493885ca70057f5ac6fc/handler_noauth/grade_handler	True	submit	2026-08-12 09:13:08.938147
9d94377d4adf9b1c51df821cc189db1d		course-v1:Skillfactory+DSMED+2023:lms.skillfactory.ru-7c41258827e44a59a043d3c52bd0efe1:9d94377d4adf9b1c51df821cc189db1d	https://lms.skillfactory.ru/courses/course-v1:Skillfactory+DSMED+2023/xblock/block-v1:Skillfactory+DSMED+2023+type@lti+block@7c41258827e44a59a043d3c52bd0efe1/handler_noauth/grade_handler	True	submit	2026-08-12 11:26:35.151771
c140a78e0fe80e8e27e8870474c5e68c		course-v1:Skillfactory+MFTIBIO-1sem+2024:lms.skillfactory.ru-46d800c164aa4f5e97b77545883b45a2:c140a78e0fe80e8e27e8870474c5e68c	https://lms.skillfactory.ru/courses/course-v1:Skillfactory+MFTIBIO-1sem+2024/xblock/block-v1:Skillfactory+MFTIBIO-1sem+2024+type@lti+block@46d800c164aa4f5e97b77545883b45a2/handler_noauth/grade_handler	True	submit	2026-08-12 11:45:51.465938
d33d5bbc1e01ccd276c5442af3300152		course-v1:SkillFactory+MIPTDS+SEPT22:lms.skillfactory.ru-a01b3cad49fb41b091b84b269ea71172:d33d5bbc1e01ccd276c5442af3300152		False	submit	2026-08-12 11:51:48.927103
c140a78e0fe80e8e27e8870474c5e68c		course-v1:Skillfactory+MFTIBIO-1sem+2024:lms.skillfactory.ru-cc898ba8e22c4680ad2c3a4130feacac:c140a78e0fe80e8e27e8870474c5e68c	https://lms.skillfactory.ru/courses/course-v1:Skillfactory+MFTIBIO-1sem+2024/xblock/block-v1:Skillfactory+MFTIBIO-1sem+2024+type@lti+block@cc898ba8e22c4680ad2c3a4130feacac/handler_noauth/grade_handler	False	submit	2026-08-12 11:55:21.069790
c140a78e0fe80e8e27e8870474c5e68c		course-v1:Skillfactory+MFTIBIO-1sem+2024:lms.skillfactory.ru-cc898ba8e22c4680ad2c3a4130feacac:c140a78e0fe80e8e27e8870474c5e68c	https://lms.skillfactory.ru/courses/course-v1:Skillfactory+MFTIBIO-1sem+2024/xblock/block-v1:Skillfactory+MFTIBIO-1sem+2024+type@lti+block@cc898ba8e22c4680ad2c3a4130feacac/handler_noauth/grade_handler	False	submit	2026-08-12 11:55:28.425798
c140a78e0fe80e8e27e8870474c5e68c		course-v1:Skillfactory+MFTIBIO-1sem+2024:lms.skillfactory.ru-cc898ba8e22c4680ad2c3a4130feacac:c140a78e0fe80e8e27e8870474c5e68c	https://lms.skillfactory.ru/courses/course-v1:Skillfactory+MFTIBIO-1sem+2024/xblock/block-v1:Skillfactory+MFTIBIO-1sem+2024+type@lti+block@cc898ba8e22c4680ad2c3a4130feacac/handler_noauth/grade_handler	True	submit	2026-08-12 11:56:12.270130
c140a78e0fe80e8e27e8870474c5e68c		course-v1:Skillfactory+MFTIBIO-1sem+2024:lms.skillfactory.ru-e542c2e25a954f2594a07dcf812ea6d9:c140a78e0fe80e8e27e8870474c5e68c	https://lms.skillfactory.ru/courses/course-v1:Skillfactory+MFTIBIO-1sem+2024/xblock/block-v1:Skillfactory+MFTIBIO-1sem+2024+type@lti+block@e542c2e25a954f2594a07dcf812ea6d9/handler_noauth/grade_handler	False	submit	2026-08-12 12:08:14.597812
c140a78e0fe80e8e27e8870474c5e68c		course-v1:Skillfactory+MFTIBIO-1sem+2024:lms.skillfactory.ru-e542c2e25a954f2594a07dcf812ea6d9:c140a78e0fe80e8e27e8870474c5e68c	https://lms.skillfactory.ru/courses/course-v1:Skillfactory+MFTIBIO-1sem+2024/xblock/block-v1:Skillfactory+MFTIBIO-1sem+2024+type@lti+block@e542c2e25a954f2594a07dcf812ea6d9/handler_noauth/grade_handler	False	submit	2026-08-12 12:10:12.588686
c140a78e0fe80e8e27e8870474c5e68c		course-v1:Skillfactory+MFTIBIO-1sem+2024:lms.skillfactory.ru-e542c2e25a954f2594a07dcf812ea6d9:c140a78e0fe80e8e27e8870474c5e68c	https://lms.skillfactory.ru/courses/course-v1:Skillfactory+MFTIBIO-1sem+2024/xblock/block-v1:Skillfactory+MFTIBIO-1sem+2024+type@lti+block@e542c2e25a954f2594a07dcf812ea6d9/handler_noauth/grade_handler	False	submit	2026-08-12 12:10:36.148207
c140a78e0fe80e8e27e8870474c5e68c		course-v1:Skillfactory+MFTIBIO-1sem+2024:lms.skillfactory.ru-e542c2e25a954f2594a07dcf812ea6d9:c140a78e0fe80e8e27e8870474c5e68c	https://lms.skillfactory.ru/courses/course-v1:Skillfactory+MFTIBIO-1sem+2024/xblock/block-v1:Skillfactory+MFTIBIO-1sem+2024+type@lti+block@e542c2e25a954f2594a07dcf812ea6d9/handler_noauth/grade_handler	False	submit	2026-08-12 12:10:49.281602
c140a78e0fe80e8e27e8870474c5e68c		course-v1:Skillfactory+MFTIBIO-1sem+2024:lms.skillfactory.ru-e542c2e25a954f2594a07dcf812ea6d9:c140a78e0fe80e8e27e8870474c5e68c	https://lms.skillfactory.ru/courses/course-v1:Skillfactory+MFTIBIO-1sem+2024/xblock/block-v1:Skillfactory+MFTIBIO-1sem+2024+type@lti+block@e542c2e25a954f2594a07dcf812ea6d9/handler_noauth/grade_handler	False	submit	2026-08-12 12:11:09.952251
c140a78e0fe80e8e27e8870474c5e68c		course-v1:Skillfactory+MFTIBIO-1sem+2024:lms.skillfactory.ru-e542c2e25a954f2594a07dcf812ea6d9:c140a78e0fe80e8e27e8870474c5e68c	https://lms.skillfactory.ru/courses/course-v1:Skillfactory+MFTIBIO-1sem+2024/xblock/block-v1:Skillfactory+MFTIBIO-1sem+2024+type@lti+block@e542c2e25a954f2594a07dcf812ea6d9/handler_noauth/grade_handler	True	submit	2026-08-12 12:11:44.508428
c140a78e0fe80e8e27e8870474c5e68c		course-v1:Skillfactory+MFTIBIO-1sem+2024:lms.skillfactory.ru-e542c2e25a954f2594a07dcf812ea6d9:c140a78e0fe80e8e27e8870474c5e68c	https://lms.skillfactory.ru/courses/course-v1:Skillfactory+MFTIBIO-1sem+2024/xblock/block-v1:Skillfactory+MFTIBIO-1sem+2024+type@lti+block@e542c2e25a954f2594a07dcf812ea6d9/handler_noauth/grade_handler	True	submit	2026-08-12 12:12:18.729875
c140a78e0fe80e8e27e8870474c5e68c		course-v1:Skillfactory+MFTIBIO-1sem+2024:lms.skillfactory.ru-6f10a640dfea4f5daef364fe7dc1ebb1:c140a78e0fe80e8e27e8870474c5e68c	https://lms.skillfactory.ru/courses/course-v1:Skillfactory+MFTIBIO-1sem+2024/xblock/block-v1:Skillfactory+MFTIBIO-1sem+2024+type@lti+block@6f10a640dfea4f5daef364fe7dc1ebb1/handler_noauth/grade_handler	True	submit	2026-08-12 12:21:26.917812
f15d790a25227944029a87ae683a5d66		course-v1:SkillFactory+PDEV+2021:lms.skillfactory.ru-20209ca83f554af0ad00764912d6c04b:f15d790a25227944029a87ae683a5d66	https://lms.skillfactory.ru/courses/course-v1:SkillFactory+PDEV+2021/xblock/block-v1:SkillFactory+PDEV+2021+type@lti+block@20209ca83f554af0ad00764912d6c04b/handler_noauth/grade_handler	False	submit	2026-08-12 12:34:25.253063
f15d790a25227944029a87ae683a5d66		course-v1:SkillFactory+PDEV+2021:lms.skillfactory.ru-20209ca83f554af0ad00764912d6c04b:f15d790a25227944029a87ae683a5d66	https://lms.skillfactory.ru/courses/course-v1:SkillFactory+PDEV+2021/xblock/block-v1:SkillFactory+PDEV+2021+type@lti+block@20209ca83f554af0ad00764912d6c04b/handler_noauth/grade_handler	False	submit	2026-08-12 12:35:32.009455
f15d790a25227944029a87ae683a5d66		course-v1:SkillFactory+PDEV+2021:lms.skillfactory.ru-20209ca83f554af0ad00764912d6c04b:f15d790a25227944029a87ae683a5d66	https://lms.skillfactory.ru/courses/course-v1:SkillFactory+PDEV+2021/xblock/block-v1:SkillFactory+PDEV+2021+type@lti+block@20209ca83f554af0ad00764912d6c04b/handler_noauth/grade_handler	False	submit	2026-08-12 12:39:55.807091
f15d790a25227944029a87ae683a5d66		course-v1:SkillFactory+PDEV+2021:lms.skillfactory.ru-20209ca83f554af0ad00764912d6c04b:f15d790a25227944029a87ae683a5d66	https://lms.skillfactory.ru/courses/course-v1:SkillFactory+PDEV+2021/xblock/block-v1:SkillFactory+PDEV+2021+type@lti+block@20209ca83f554af0ad00764912d6c04b/handler_noauth/grade_handler	True	submit	2026-08-12 12:40:16.516990
f15d790a25227944029a87ae683a5d66		course-v1:SkillFactory+PDEV+2021:lms.skillfactory.ru-73609e85739848db84fa2af9be827bb8:f15d790a25227944029a87ae683a5d66	https://lms.skillfactory.ru/courses/course-v1:SkillFactory+PDEV+2021/xblock/block-v1:SkillFactory+PDEV+2021+type@lti+block@73609e85739848db84fa2af9be827bb8/handler_noauth/grade_handler	True	submit	2026-08-12 12:47:38.010686
d33d5bbc1e01ccd276c5442af3300152		course-v1:SkillFactory+MIPTDS+SEPT22:lms.skillfactory.ru-a01b3cad49fb41b091b84b269ea71172:d33d5bbc1e01ccd276c5442af3300152		False	submit	2026-08-12 12:49:04.201827
d33d5bbc1e01ccd276c5442af3300152		course-v1:SkillFactory+MIPTDS+SEPT22:lms.skillfactory.ru-a01b3cad49fb41b091b84b269ea71172:d33d5bbc1e01ccd276c5442af3300152		False	submit	2026-08-12 12:49:29.845840
f15d790a25227944029a87ae683a5d66		course-v1:SkillFactory+PDEV+2021:lms.skillfactory.ru-01ad24fd6831411baae98fcf04e673ea:f15d790a25227944029a87ae683a5d66	https://lms.skillfactory.ru/courses/course-v1:SkillFactory+PDEV+2021/xblock/block-v1:SkillFactory+PDEV+2021+type@lti+block@01ad24fd6831411baae98fcf04e673ea/handler_noauth/grade_handler	True	submit	2026-08-12 12:54:59.890527
f15d790a25227944029a87ae683a5d66		course-v1:SkillFactory+PDEV+2021:lms.skillfactory.ru-fda9a10569404524ac2924ac687a26e6:f15d790a25227944029a87ae683a5d66	https://lms.skillfactory.ru/courses/course-v1:SkillFactory+PDEV+2021/xblock/block-v1:SkillFactory+PDEV+2021+type@lti+block@fda9a10569404524ac2924ac687a26e6/handler_noauth/grade_handler	False	submit	2026-08-12 13:13:53.108002
f15d790a25227944029a87ae683a5d66		course-v1:SkillFactory+PDEV+2021:lms.skillfactory.ru-fda9a10569404524ac2924ac687a26e6:f15d790a25227944029a87ae683a5d66	https://lms.skillfactory.ru/courses/course-v1:SkillFactory+PDEV+2021/xblock/block-v1:SkillFactory+PDEV+2021+type@lti+block@fda9a10569404524ac2924ac687a26e6/handler_noauth/grade_handler	False	submit	2026-08-12 13:16:40.815262
f15d790a25227944029a87ae683a5d66		course-v1:SkillFactory+PDEV+2021:lms.skillfactory.ru-fda9a10569404524ac2924ac687a26e6:f15d790a25227944029a87ae683a5d66	https://lms.skillfactory.ru/courses/course-v1:SkillFactory+PDEV+2021/xblock/block-v1:SkillFactory+PDEV+2021+type@lti+block@fda9a10569404524ac2924ac687a26e6/handler_noauth/grade_handler	True	submit	2026-08-12 13:17:07.711867
ab315ac591163a7357a61c24b17a85ad		course-v1:SkillFactory+PY-ANALYSIS+26OCT2020:lms.skillfactory.ru-0ed8d1e13af348ba9079a4e2f03c063c:ab315ac591163a7357a61c24b17a85ad	https://lms.skillfactory.ru/courses/course-v1:SkillFactory+PY-ANALYSIS+26OCT2020/xblock/block-v1:SkillFactory+PY-ANALYSIS+26OCT2020+type@lti+block@0ed8d1e13af348ba9079a4e2f03c063c/handler_noauth/grade_handler	False	submit	2026-08-12 14:02:40.030022
ab315ac591163a7357a61c24b17a85ad		course-v1:SkillFactory+PY-ANALYSIS+26OCT2020:lms.skillfactory.ru-0ed8d1e13af348ba9079a4e2f03c063c:ab315ac591163a7357a61c24b17a85ad	https://lms.skillfactory.ru/courses/course-v1:SkillFactory+PY-ANALYSIS+26OCT2020/xblock/block-v1:SkillFactory+PY-ANALYSIS+26OCT2020+type@lti+block@0ed8d1e13af348ba9079a4e2f03c063c/handler_noauth/grade_handler	True	submit	2026-08-12 14:03:40.300874
f15d790a25227944029a87ae683a5d66		course-v1:SkillFactory+PDEV+2021:lms.skillfactory.ru-e58c787bf4304d25b0fbfa63b37c9fef:f15d790a25227944029a87ae683a5d66	https://lms.skillfactory.ru/courses/course-v1:SkillFactory+PDEV+2021/xblock/block-v1:SkillFactory+PDEV+2021+type@lti+block@e58c787bf4304d25b0fbfa63b37c9fef/handler_noauth/grade_handler	True	submit	2026-08-12 14:12:15.922484
ab315ac591163a7357a61c24b17a85ad		course-v1:SkillFactory+PY-ANALYSIS+26OCT2020:lms.skillfactory.ru-91cf372d91784b27bf08760f53fa39a6:ab315ac591163a7357a61c24b17a85ad	https://lms.skillfactory.ru/courses/course-v1:SkillFactory+PY-ANALYSIS+26OCT2020/xblock/block-v1:SkillFactory+PY-ANALYSIS+26OCT2020+type@lti+block@91cf372d91784b27bf08760f53fa39a6/handler_noauth/grade_handler	True	submit	2026-08-12 14:16:57.187952
d33d5bbc1e01ccd276c5442af3300152		course-v1:SkillFactory+MIPTDS+SEPT22:lms.skillfactory.ru-a01b3cad49fb41b091b84b269ea71172:d33d5bbc1e01ccd276c5442af3300152		False	submit	2026-08-12 14:30:25.409066
ab315ac591163a7357a61c24b17a85ad		course-v1:SkillFactory+PY-ANALYSIS+26OCT2020:lms.skillfactory.ru-b25cf627d94244469b6a5f684876597e:ab315ac591163a7357a61c24b17a85ad	https://lms.skillfactory.ru/courses/course-v1:SkillFactory+PY-ANALYSIS+26OCT2020/xblock/block-v1:SkillFactory+PY-ANALYSIS+26OCT2020+type@lti+block@b25cf627d94244469b6a5f684876597e/handler_noauth/grade_handler	True	submit	2026-08-12 14:38:02.487317
d33d5bbc1e01ccd276c5442af3300152		course-v1:SkillFactory+MIPTDS+SEPT22:lms.skillfactory.ru-1446811b58fa46d7b52d2776ba1c35b9:d33d5bbc1e01ccd276c5442af3300152	https://lms.skillfactory.ru/courses/course-v1:SkillFactory+MIPTDS+SEPT22/xblock/block-v1:SkillFactory+MIPTDS+SEPT22+type@lti+block@1446811b58fa46d7b52d2776ba1c35b9/handler_noauth/grade_handler	False	submit	2026-08-12 14:42:45.007981
d33d5bbc1e01ccd276c5442af3300152		course-v1:SkillFactory+MIPTDS+SEPT22:lms.skillfactory.ru-1446811b58fa46d7b52d2776ba1c35b9:d33d5bbc1e01ccd276c5442af3300152	https://lms.skillfactory.ru/courses/course-v1:SkillFactory+MIPTDS+SEPT22/xblock/block-v1:SkillFactory+MIPTDS+SEPT22+type@lti+block@1446811b58fa46d7b52d2776ba1c35b9/handler_noauth/grade_handler	False	submit	2026-08-12 14:43:59.347416
d33d5bbc1e01ccd276c5442af3300152		course-v1:SkillFactory+MIPTDS+SEPT22:lms.skillfactory.ru-1446811b58fa46d7b52d2776ba1c35b9:d33d5bbc1e01ccd276c5442af3300152	https://lms.skillfactory.ru/courses/course-v1:SkillFactory+MIPTDS+SEPT22/xblock/block-v1:SkillFactory+MIPTDS+SEPT22+type@lti+block@1446811b58fa46d7b52d2776ba1c35b9/handler_noauth/grade_handler	False	submit	2026-08-12 14:44:14.240428
d33d5bbc1e01ccd276c5442af3300152		course-v1:SkillFactory+MIPTDS+SEPT22:lms.skillfactory.ru-1446811b58fa46d7b52d2776ba1c35b9:d33d5bbc1e01ccd276c5442af3300152	https://lms.skillfactory.ru/courses/course-v1:SkillFactory+MIPTDS+SEPT22/xblock/block-v1:SkillFactory+MIPTDS+SEPT22+type@lti+block@1446811b58fa46d7b52d2776ba1c35b9/handler_noauth/grade_handler	False	submit	2026-08-12 14:45:56.687953
d33d5bbc1e01ccd276c5442af3300152		course-v1:SkillFactory+MIPTDS+SEPT22:lms.skillfactory.ru-1446811b58fa46d7b52d2776ba1c35b9:d33d5bbc1e01ccd276c5442af3300152	https://lms.skillfactory.ru/courses/course-v1:SkillFactory+MIPTDS+SEPT22/xblock/block-v1:SkillFactory+MIPTDS+SEPT22+type@lti+block@1446811b58fa46d7b52d2776ba1c35b9/handler_noauth/grade_handler	False	submit	2026-08-12 14:46:02.286249
d33d5bbc1e01ccd276c5442af3300152		course-v1:SkillFactory+MIPTDS+SEPT22:lms.skillfactory.ru-1446811b58fa46d7b52d2776ba1c35b9:d33d5bbc1e01ccd276c5442af3300152	https://lms.skillfactory.ru/courses/course-v1:SkillFactory+MIPTDS+SEPT22/xblock/block-v1:SkillFactory+MIPTDS+SEPT22+type@lti+block@1446811b58fa46d7b52d2776ba1c35b9/handler_noauth/grade_handler	False	submit	2026-08-12 14:46:08.797706
d33d5bbc1e01ccd276c5442af3300152		course-v1:SkillFactory+MIPTDS+SEPT22:lms.skillfactory.ru-1446811b58fa46d7b52d2776ba1c35b9:d33d5bbc1e01ccd276c5442af3300152	https://lms.skillfactory.ru/courses/course-v1:SkillFactory+MIPTDS+SEPT22/xblock/block-v1:SkillFactory+MIPTDS+SEPT22+type@lti+block@1446811b58fa46d7b52d2776ba1c35b9/handler_noauth/grade_handler	False	submit	2026-08-12 14:46:25.958412
d33d5bbc1e01ccd276c5442af3300152		course-v1:SkillFactory+MIPTDS+SEPT22:lms.skillfactory.ru-1446811b58fa46d7b52d2776ba1c35b9:d33d5bbc1e01ccd276c5442af3300152	https://lms.skillfactory.ru/courses/course-v1:SkillFactory+MIPTDS+SEPT22/xblock/block-v1:SkillFactory+MIPTDS+SEPT22+type@lti+block@1446811b58fa46d7b52d2776ba1c35b9/handler_noauth/grade_handler	False	submit	2026-08-12 14:46:31.697684
d33d5bbc1e01ccd276c5442af3300152		course-v1:SkillFactory+MIPTDS+SEPT22:lms.skillfactory.ru-1446811b58fa46d7b52d2776ba1c35b9:d33d5bbc1e01ccd276c5442af3300152	https://lms.skillfactory.ru/courses/course-v1:SkillFactory+MIPTDS+SEPT22/xblock/block-v1:SkillFactory+MIPTDS+SEPT22+type@lti+block@1446811b58fa46d7b52d2776ba1c35b9/handler_noauth/grade_handler	False	submit	2026-08-12 14:46:36.952927
d33d5bbc1e01ccd276c5442af3300152		course-v1:SkillFactory+MIPTDS+SEPT22:lms.skillfactory.ru-1446811b58fa46d7b52d2776ba1c35b9:d33d5bbc1e01ccd276c5442af3300152	https://lms.skillfactory.ru/courses/course-v1:SkillFactory+MIPTDS+SEPT22/xblock/block-v1:SkillFactory+MIPTDS+SEPT22+type@lti+block@1446811b58fa46d7b52d2776ba1c35b9/handler_noauth/grade_handler	False	submit	2026-08-12 14:46:42.262927
d33d5bbc1e01ccd276c5442af3300152		course-v1:SkillFactory+MIPTDS+SEPT22:lms.skillfactory.ru-1446811b58fa46d7b52d2776ba1c35b9:d33d5bbc1e01ccd276c5442af3300152	https://lms.skillfactory.ru/courses/course-v1:SkillFactory+MIPTDS+SEPT22/xblock/block-v1:SkillFactory+MIPTDS+SEPT22+type@lti+block@1446811b58fa46d7b52d2776ba1c35b9/handler_noauth/grade_handler	False	submit	2026-08-12 14:46:47.654658
d33d5bbc1e01ccd276c5442af3300152		course-v1:SkillFactory+MIPTDS+SEPT22:lms.skillfactory.ru-1446811b58fa46d7b52d2776ba1c35b9:d33d5bbc1e01ccd276c5442af3300152	https://lms.skillfactory.ru/courses/course-v1:SkillFactory+MIPTDS+SEPT22/xblock/block-v1:SkillFactory+MIPTDS+SEPT22+type@lti+block@1446811b58fa46d7b52d2776ba1c35b9/handler_noauth/grade_handler	True	submit	2026-08-12 14:47:05.155129
d33d5bbc1e01ccd276c5442af3300152		course-v1:SkillFactory+MIPTDS+SEPT22:lms.skillfactory.ru-a01b3cad49fb41b091b84b269ea71172:d33d5bbc1e01ccd276c5442af3300152		False	submit	2026-08-12 14:49:01.796178
ab315ac591163a7357a61c24b17a85ad		course-v1:SkillFactory+PY-ANALYSIS+26OCT2020:lms.skillfactory.ru-e3ccf97715db46a791a53732d25947bf:ab315ac591163a7357a61c24b17a85ad	https://lms.skillfactory.ru/courses/course-v1:SkillFactory+PY-ANALYSIS+26OCT2020/xblock/block-v1:SkillFactory+PY-ANALYSIS+26OCT2020+type@lti+block@e3ccf97715db46a791a53732d25947bf/handler_noauth/grade_handler	True	submit	2026-08-12 15:00:47.026714
99a607f040762d5b8ff8c7f2712b7a45		course-v1:SkillFactory+SDA-3.0+FEB2021:lms.skillfactory.ru-48aa7ca716d24c2997bcd0896b8761fc:99a607f040762d5b8ff8c7f2712b7a45	https://lms.skillfactory.ru/courses/course-v1:SkillFactory+SDA-3.0+FEB2021/xblock/block-v1:SkillFactory+SDA-3.0+FEB2021+type@lti+block@48aa7ca716d24c2997bcd0896b8761fc/handler_noauth/grade_handler	True	submit	2026-08-12 15:07:46.719077
99a607f040762d5b8ff8c7f2712b7a45		course-v1:SkillFactory+SDA-3.0+FEB2021:lms.skillfactory.ru-2470e8be10aa443fa6cde4aae862109a:99a607f040762d5b8ff8c7f2712b7a45	https://lms.skillfactory.ru/courses/course-v1:SkillFactory+SDA-3.0+FEB2021/xblock/block-v1:SkillFactory+SDA-3.0+FEB2021+type@lti+block@2470e8be10aa443fa6cde4aae862109a/handler_noauth/grade_handler	False	submit	2026-08-12 15:12:16.717973
99a607f040762d5b8ff8c7f2712b7a45		course-v1:SkillFactory+SDA-3.0+FEB2021:lms.skillfactory.ru-2470e8be10aa443fa6cde4aae862109a:99a607f040762d5b8ff8c7f2712b7a45	https://lms.skillfactory.ru/courses/course-v1:SkillFactory+SDA-3.0+FEB2021/xblock/block-v1:SkillFactory+SDA-3.0+FEB2021+type@lti+block@2470e8be10aa443fa6cde4aae862109a/handler_noauth/grade_handler	True	submit	2026-08-12 15:12:48.962971
99a607f040762d5b8ff8c7f2712b7a45		course-v1:SkillFactory+SDA-3.0+FEB2021:lms.skillfactory.ru-d7068519efed483cabab8ba6aa9aba90:99a607f040762d5b8ff8c7f2712b7a45	https://lms.skillfactory.ru/courses/course-v1:SkillFactory+SDA-3.0+FEB2021/xblock/block-v1:SkillFactory+SDA-3.0+FEB2021+type@lti+block@d7068519efed483cabab8ba6aa9aba90/handler_noauth/grade_handler	True	submit	2026-08-12 15:16:14.692671
99a607f040762d5b8ff8c7f2712b7a45		course-v1:SkillFactory+SDA-3.0+FEB2021:lms.skillfactory.ru-e55db9c566934ea5b2388a37377482c2:99a607f040762d5b8ff8c7f2712b7a45	https://lms.skillfactory.ru/courses/course-v1:SkillFactory+SDA-3.0+FEB2021/xblock/block-v1:SkillFactory+SDA-3.0+FEB2021+type@lti+block@e55db9c566934ea5b2388a37377482c2/handler_noauth/grade_handler	True	submit	2026-08-12 15:17:57.864342
ab315ac591163a7357a61c24b17a85ad		course-v1:SkillFactory+PY-ANALYSIS+26OCT2020:lms.skillfactory.ru-200ed30ad97a4d79993890b1579e0f21:ab315ac591163a7357a61c24b17a85ad	https://lms.skillfactory.ru/courses/course-v1:SkillFactory+PY-ANALYSIS+26OCT2020/xblock/block-v1:SkillFactory+PY-ANALYSIS+26OCT2020+type@lti+block@200ed30ad97a4d79993890b1579e0f21/handler_noauth/grade_handler	False	submit	2026-08-12 15:19:28.551651
99a607f040762d5b8ff8c7f2712b7a45		course-v1:SkillFactory+SDA-3.0+FEB2021:lms.skillfactory.ru-2a3383dcf77941b686213fa8facc58c4:99a607f040762d5b8ff8c7f2712b7a45	https://lms.skillfactory.ru/courses/course-v1:SkillFactory+SDA-3.0+FEB2021/xblock/block-v1:SkillFactory+SDA-3.0+FEB2021+type@lti+block@2a3383dcf77941b686213fa8facc58c4/handler_noauth/grade_handler	False	submit	2026-08-12 15:19:46.392903
ab315ac591163a7357a61c24b17a85ad		course-v1:SkillFactory+PY-ANALYSIS+26OCT2020:lms.skillfactory.ru-200ed30ad97a4d79993890b1579e0f21:ab315ac591163a7357a61c24b17a85ad	https://lms.skillfactory.ru/courses/course-v1:SkillFactory+PY-ANALYSIS+26OCT2020/xblock/block-v1:SkillFactory+PY-ANALYSIS+26OCT2020+type@lti+block@200ed30ad97a4d79993890b1579e0f21/handler_noauth/grade_handler	True	submit	2026-08-12 15:20:00.639417
99a607f040762d5b8ff8c7f2712b7a45		course-v1:SkillFactory+SDA-3.0+FEB2021:lms.skillfactory.ru-2a3383dcf77941b686213fa8facc58c4:99a607f040762d5b8ff8c7f2712b7a45	https://lms.skillfactory.ru/courses/course-v1:SkillFactory+SDA-3.0+FEB2021/xblock/block-v1:SkillFactory+SDA-3.0+FEB2021+type@lti+block@2a3383dcf77941b686213fa8facc58c4/handler_noauth/grade_handler	False	submit	2026-08-12 15:20:13.368759
99a607f040762d5b8ff8c7f2712b7a45		course-v1:SkillFactory+SDA-3.0+FEB2021:lms.skillfactory.ru-2a3383dcf77941b686213fa8facc58c4:99a607f040762d5b8ff8c7f2712b7a45	https://lms.skillfactory.ru/courses/course-v1:SkillFactory+SDA-3.0+FEB2021/xblock/block-v1:SkillFactory+SDA-3.0+FEB2021+type@lti+block@2a3383dcf77941b686213fa8facc58c4/handler_noauth/grade_handler	True	submit	2026-08-12 15:21:35.851959
ab315ac591163a7357a61c24b17a85ad		course-v1:SkillFactory+PY-ANALYSIS+26OCT2020:lms.skillfactory.ru-cd7f8b07760444ff8d05a5ca63c0ba9a:ab315ac591163a7357a61c24b17a85ad	https://lms.skillfactory.ru/courses/course-v1:SkillFactory+PY-ANALYSIS+26OCT2020/xblock/block-v1:SkillFactory+PY-ANALYSIS+26OCT2020+type@lti+block@cd7f8b07760444ff8d05a5ca63c0ba9a/handler_noauth/grade_handler	True	submit	2026-08-12 15:30:11.366747
ab315ac591163a7357a61c24b17a85ad		course-v1:SkillFactory+PY-ANALYSIS+26OCT2020:lms.skillfactory.ru-08dfe3be3c95494498759ab30b8a93f7:ab315ac591163a7357a61c24b17a85ad	https://lms.skillfactory.ru/courses/course-v1:SkillFactory+PY-ANALYSIS+26OCT2020/xblock/block-v1:SkillFactory+PY-ANALYSIS+26OCT2020+type@lti+block@08dfe3be3c95494498759ab30b8a93f7/handler_noauth/grade_handler	False	submit	2026-08-12 15:35:31.239393
ab315ac591163a7357a61c24b17a85ad		course-v1:SkillFactory+PY-ANALYSIS+26OCT2020:lms.skillfactory.ru-08dfe3be3c95494498759ab30b8a93f7:ab315ac591163a7357a61c24b17a85ad	https://lms.skillfactory.ru/courses/course-v1:SkillFactory+PY-ANALYSIS+26OCT2020/xblock/block-v1:SkillFactory+PY-ANALYSIS+26OCT2020+type@lti+block@08dfe3be3c95494498759ab30b8a93f7/handler_noauth/grade_handler	False	submit	2026-08-12 15:38:02.033881
ab315ac591163a7357a61c24b17a85ad		course-v1:SkillFactory+PY-ANALYSIS+26OCT2020:lms.skillfactory.ru-08dfe3be3c95494498759ab30b8a93f7:ab315ac591163a7357a61c24b17a85ad	https://lms.skillfactory.ru/courses/course-v1:SkillFactory+PY-ANALYSIS+26OCT2020/xblock/block-v1:SkillFactory+PY-ANALYSIS+26OCT2020+type@lti+block@08dfe3be3c95494498759ab30b8a93f7/handler_noauth/grade_handler	False	submit	2026-08-12 15:44:23.246902
f15d790a25227944029a87ae683a5d66		course-v1:SkillFactory+PDEV+2021:lms.skillfactory.ru-4d4afcc0307d4e64883fb93992845770:f15d790a25227944029a87ae683a5d66	https://lms.skillfactory.ru/courses/course-v1:SkillFactory+PDEV+2021/xblock/block-v1:SkillFactory+PDEV+2021+type@lti+block@4d4afcc0307d4e64883fb93992845770/handler_noauth/grade_handler	False	submit	2026-08-12 15:47:31.173519
f15d790a25227944029a87ae683a5d66		course-v1:SkillFactory+PDEV+2021:lms.skillfactory.ru-4d4afcc0307d4e64883fb93992845770:f15d790a25227944029a87ae683a5d66	https://lms.skillfactory.ru/courses/course-v1:SkillFactory+PDEV+2021/xblock/block-v1:SkillFactory+PDEV+2021+type@lti+block@4d4afcc0307d4e64883fb93992845770/handler_noauth/grade_handler	True	submit	2026-08-12 15:48:15.208794
ab315ac591163a7357a61c24b17a85ad		course-v1:SkillFactory+PY-ANALYSIS+26OCT2020:lms.skillfactory.ru-08dfe3be3c95494498759ab30b8a93f7:ab315ac591163a7357a61c24b17a85ad	https://lms.skillfactory.ru/courses/course-v1:SkillFactory+PY-ANALYSIS+26OCT2020/xblock/block-v1:SkillFactory+PY-ANALYSIS+26OCT2020+type@lti+block@08dfe3be3c95494498759ab30b8a93f7/handler_noauth/grade_handler	False	submit	2026-08-12 15:48:46.708116
ab315ac591163a7357a61c24b17a85ad		course-v1:SkillFactory+PY-ANALYSIS+26OCT2020:lms.skillfactory.ru-08dfe3be3c95494498759ab30b8a93f7:ab315ac591163a7357a61c24b17a85ad	https://lms.skillfactory.ru/courses/course-v1:SkillFactory+PY-ANALYSIS+26OCT2020/xblock/block-v1:SkillFactory+PY-ANALYSIS+26OCT2020+type@lti+block@08dfe3be3c95494498759ab30b8a93f7/handler_noauth/grade_handler	True	submit	2026-08-12 15:50:06.613127
99a607f040762d5b8ff8c7f2712b7a45		course-v1:SkillFactory+SDA-3.0+FEB2021:lms.skillfactory.ru-c080f37e8df14a8ebea4c2769a9965d5:99a607f040762d5b8ff8c7f2712b7a45	https://lms.skillfactory.ru/courses/course-v1:SkillFactory+SDA-3.0+FEB2021/xblock/block-v1:SkillFactory+SDA-3.0+FEB2021+type@lti+block@c080f37e8df14a8ebea4c2769a9965d5/handler_noauth/grade_handler	False	submit	2026-08-12 15:54:14.052018
99a607f040762d5b8ff8c7f2712b7a45		course-v1:SkillFactory+SDA-3.0+FEB2021:lms.skillfactory.ru-c080f37e8df14a8ebea4c2769a9965d5:99a607f040762d5b8ff8c7f2712b7a45	https://lms.skillfactory.ru/courses/course-v1:SkillFactory+SDA-3.0+FEB2021/xblock/block-v1:SkillFactory+SDA-3.0+FEB2021+type@lti+block@c080f37e8df14a8ebea4c2769a9965d5/handler_noauth/grade_handler	True	submit	2026-08-12 15:54:41.415178
f15d790a25227944029a87ae683a5d66		course-v1:SkillFactory+PDEV+2021:lms.skillfactory.ru-9faa3ff053d84c2facf6b7619416b563:f15d790a25227944029a87ae683a5d66	https://lms.skillfactory.ru/courses/course-v1:SkillFactory+PDEV+2021/xblock/block-v1:SkillFactory+PDEV+2021+type@lti+block@9faa3ff053d84c2facf6b7619416b563/handler_noauth/grade_handler	True	submit	2026-08-12 15:54:53.249477
99a607f040762d5b8ff8c7f2712b7a45		course-v1:SkillFactory+SDA-3.0+FEB2021:lms.skillfactory.ru-6d1079174cae4662bca4b93d2b3c834b:99a607f040762d5b8ff8c7f2712b7a45	https://lms.skillfactory.ru/courses/course-v1:SkillFactory+SDA-3.0+FEB2021/xblock/block-v1:SkillFactory+SDA-3.0+FEB2021+type@lti+block@6d1079174cae4662bca4b93d2b3c834b/handler_noauth/grade_handler	True	submit	2026-08-12 15:56:02.281222
f15d790a25227944029a87ae683a5d66		course-v1:SkillFactory+PDEV+2021:lms.skillfactory.ru-a155726d38944f509d598ff8db0d3a46:f15d790a25227944029a87ae683a5d66	https://lms.skillfactory.ru/courses/course-v1:SkillFactory+PDEV+2021/xblock/block-v1:SkillFactory+PDEV+2021+type@lti+block@a155726d38944f509d598ff8db0d3a46/handler_noauth/grade_handler	True	submit	2026-08-12 15:57:02.482347
f15d790a25227944029a87ae683a5d66		course-v1:SkillFactory+PDEV+2021:lms.skillfactory.ru-cfef09aca2114c67adc98410e37f4def:f15d790a25227944029a87ae683a5d66	https://lms.skillfactory.ru/courses/course-v1:SkillFactory+PDEV+2021/xblock/block-v1:SkillFactory+PDEV+2021+type@lti+block@cfef09aca2114c67adc98410e37f4def/handler_noauth/grade_handler	True	submit	2026-08-12 16:02:11.111286
99a607f040762d5b8ff8c7f2712b7a45		course-v1:SkillFactory+SDA-3.0+FEB2021:lms.skillfactory.ru-d702783b41fa44f69571dc794cab4b5a:99a607f040762d5b8ff8c7f2712b7a45	https://lms.skillfactory.ru/courses/course-v1:SkillFactory+SDA-3.0+FEB2021/xblock/block-v1:SkillFactory+SDA-3.0+FEB2021+type@lti+block@d702783b41fa44f69571dc794cab4b5a/handler_noauth/grade_handler	False	submit	2026-08-12 16:04:25.451210
99a607f040762d5b8ff8c7f2712b7a45		course-v1:SkillFactory+SDA-3.0+FEB2021:lms.skillfactory.ru-d702783b41fa44f69571dc794cab4b5a:99a607f040762d5b8ff8c7f2712b7a45	https://lms.skillfactory.ru/courses/course-v1:SkillFactory+SDA-3.0+FEB2021/xblock/block-v1:SkillFactory+SDA-3.0+FEB2021+type@lti+block@d702783b41fa44f69571dc794cab4b5a/handler_noauth/grade_handler	True	submit	2026-08-12 16:04:52.737825
f15d790a25227944029a87ae683a5d66		course-v1:SkillFactory+PDEV+2021:lms.skillfactory.ru-c5936076a11c4d13b02328a1d50a2ce5:f15d790a25227944029a87ae683a5d66	https://lms.skillfactory.ru/courses/course-v1:SkillFactory+PDEV+2021/xblock/block-v1:SkillFactory+PDEV+2021+type@lti+block@c5936076a11c4d13b02328a1d50a2ce5/handler_noauth/grade_handler	True	submit	2026-08-12 16:06:32.090160
99a607f040762d5b8ff8c7f2712b7a45		course-v1:SkillFactory+SDA-3.0+FEB2021:lms.skillfactory.ru-7d682dc4e9e248028c8a603791e07f11:99a607f040762d5b8ff8c7f2712b7a45	https://lms.skillfactory.ru/courses/course-v1:SkillFactory+SDA-3.0+FEB2021/xblock/block-v1:SkillFactory+SDA-3.0+FEB2021+type@lti+block@7d682dc4e9e248028c8a603791e07f11/handler_noauth/grade_handler	True	submit	2026-08-12 16:06:34.187509
ab315ac591163a7357a61c24b17a85ad		course-v1:SkillFactory+PY-ANALYSIS+26OCT2020:lms.skillfactory.ru-2b4ba826dc7e49148898857b03f619a3:ab315ac591163a7357a61c24b17a85ad	https://lms.skillfactory.ru/courses/course-v1:SkillFactory+PY-ANALYSIS+26OCT2020/xblock/block-v1:SkillFactory+PY-ANALYSIS+26OCT2020+type@lti+block@2b4ba826dc7e49148898857b03f619a3/handler_noauth/grade_handler	True	submit	2026-08-12 16:09:30.276949
f15d790a25227944029a87ae683a5d66		course-v1:SkillFactory+PDEV+2021:lms.skillfactory.ru-4ff7f1ff3e9148e79922bf5c7bf89f7c:f15d790a25227944029a87ae683a5d66	https://lms.skillfactory.ru/courses/course-v1:SkillFactory+PDEV+2021/xblock/block-v1:SkillFactory+PDEV+2021+type@lti+block@4ff7f1ff3e9148e79922bf5c7bf89f7c/handler_noauth/grade_handler	True	submit	2026-08-12 16:10:08.655331
ab315ac591163a7357a61c24b17a85ad		course-v1:SkillFactory+PY-ANALYSIS+26OCT2020:lms.skillfactory.ru-c1aa6b8d0e8f49f8b81d5515d960c5e5:ab315ac591163a7357a61c24b17a85ad	https://lms.skillfactory.ru/courses/course-v1:SkillFactory+PY-ANALYSIS+26OCT2020/xblock/block-v1:SkillFactory+PY-ANALYSIS+26OCT2020+type@lti+block@c1aa6b8d0e8f49f8b81d5515d960c5e5/handler_noauth/grade_handler	True	submit	2026-08-12 16:13:09.801188
99a607f040762d5b8ff8c7f2712b7a45		course-v1:SkillFactory+SDA-3.0+FEB2021:lms.skillfactory.ru-c086872b6d02468c807ed6ad92b36c6f:99a607f040762d5b8ff8c7f2712b7a45	https://lms.skillfactory.ru/courses/course-v1:SkillFactory+SDA-3.0+FEB2021/xblock/block-v1:SkillFactory+SDA-3.0+FEB2021+type@lti+block@c086872b6d02468c807ed6ad92b36c6f/handler_noauth/grade_handler	True	submit	2026-08-12 16:13:50.559893
99a607f040762d5b8ff8c7f2712b7a45		course-v1:SkillFactory+SDA-3.0+FEB2021:lms.skillfactory.ru-143dfb93de0e479b9dd03fce9955b825:99a607f040762d5b8ff8c7f2712b7a45	https://lms.skillfactory.ru/courses/course-v1:SkillFactory+SDA-3.0+FEB2021/xblock/block-v1:SkillFactory+SDA-3.0+FEB2021+type@lti+block@143dfb93de0e479b9dd03fce9955b825/handler_noauth/grade_handler	False	submit	2026-08-12 16:19:02.093429
99a607f040762d5b8ff8c7f2712b7a45		course-v1:SkillFactory+SDA-3.0+FEB2021:lms.skillfactory.ru-143dfb93de0e479b9dd03fce9955b825:99a607f040762d5b8ff8c7f2712b7a45	https://lms.skillfactory.ru/courses/course-v1:SkillFactory+SDA-3.0+FEB2021/xblock/block-v1:SkillFactory+SDA-3.0+FEB2021+type@lti+block@143dfb93de0e479b9dd03fce9955b825/handler_noauth/grade_handler	False	submit	2026-08-12 16:19:25.767059
99a607f040762d5b8ff8c7f2712b7a45		course-v1:SkillFactory+SDA-3.0+FEB2021:lms.skillfactory.ru-143dfb93de0e479b9dd03fce9955b825:99a607f040762d5b8ff8c7f2712b7a45	https://lms.skillfactory.ru/courses/course-v1:SkillFactory+SDA-3.0+FEB2021/xblock/block-v1:SkillFactory+SDA-3.0+FEB2021+type@lti+block@143dfb93de0e479b9dd03fce9955b825/handler_noauth/grade_handler	True	submit	2026-08-12 16:20:11.879245
99a607f040762d5b8ff8c7f2712b7a45		course-v1:SkillFactory+SDA-3.0+FEB2021:lms.skillfactory.ru-3ad22b7f33c44e68b45e8c1af971a6ea:99a607f040762d5b8ff8c7f2712b7a45	https://lms.skillfactory.ru/courses/course-v1:SkillFactory+SDA-3.0+FEB2021/xblock/block-v1:SkillFactory+SDA-3.0+FEB2021+type@lti+block@3ad22b7f33c44e68b45e8c1af971a6ea/handler_noauth/grade_handler	True	submit	2026-08-12 16:24:39.275801
99a607f040762d5b8ff8c7f2712b7a45		course-v1:SkillFactory+SDA-3.0+FEB2021:lms.skillfactory.ru-4206dd0a3e3740ae827d52250a31a2f3:99a607f040762d5b8ff8c7f2712b7a45	https://lms.skillfactory.ru/courses/course-v1:SkillFactory+SDA-3.0+FEB2021/xblock/block-v1:SkillFactory+SDA-3.0+FEB2021+type@lti+block@4206dd0a3e3740ae827d52250a31a2f3/handler_noauth/grade_handler	True	submit	2026-08-12 16:26:54.765376
ab315ac591163a7357a61c24b17a85ad		course-v1:SkillFactory+PY-ANALYSIS+26OCT2020:lms.skillfactory.ru-29537b727d3349139b8fb5f417a1dd8a:ab315ac591163a7357a61c24b17a85ad	https://lms.skillfactory.ru/courses/course-v1:SkillFactory+PY-ANALYSIS+26OCT2020/xblock/block-v1:SkillFactory+PY-ANALYSIS+26OCT2020+type@lti+block@29537b727d3349139b8fb5f417a1dd8a/handler_noauth/grade_handler	True	submit	2026-08-12 16:31:46.382412
99a607f040762d5b8ff8c7f2712b7a45		course-v1:SkillFactory+SDA-3.0+FEB2021:lms.skillfactory.ru-bee3597409294ada84e46efbaf11d99d:99a607f040762d5b8ff8c7f2712b7a45	https://lms.skillfactory.ru/courses/course-v1:SkillFactory+SDA-3.0+FEB2021/xblock/block-v1:SkillFactory+SDA-3.0+FEB2021+type@lti+block@bee3597409294ada84e46efbaf11d99d/handler_noauth/grade_handler	False	submit	2026-08-12 16:33:15.890710
99a607f040762d5b8ff8c7f2712b7a45		course-v1:SkillFactory+SDA-3.0+FEB2021:lms.skillfactory.ru-bee3597409294ada84e46efbaf11d99d:99a607f040762d5b8ff8c7f2712b7a45	https://lms.skillfactory.ru/courses/course-v1:SkillFactory+SDA-3.0+FEB2021/xblock/block-v1:SkillFactory+SDA-3.0+FEB2021+type@lti+block@bee3597409294ada84e46efbaf11d99d/handler_noauth/grade_handler	False	submit	2026-08-12 16:34:00.529091
99a607f040762d5b8ff8c7f2712b7a45		course-v1:SkillFactory+SDA-3.0+FEB2021:lms.skillfactory.ru-bee3597409294ada84e46efbaf11d99d:99a607f040762d5b8ff8c7f2712b7a45	https://lms.skillfactory.ru/courses/course-v1:SkillFactory+SDA-3.0+FEB2021/xblock/block-v1:SkillFactory+SDA-3.0+FEB2021+type@lti+block@bee3597409294ada84e46efbaf11d99d/handler_noauth/grade_handler	True	submit	2026-08-12 16:34:46.501188
f15d790a25227944029a87ae683a5d66		course-v1:SkillFactory+PDEV+2021:lms.skillfactory.ru-482066069d71411e8393574936301df7:f15d790a25227944029a87ae683a5d66	https://lms.skillfactory.ru/courses/course-v1:SkillFactory+PDEV+2021/xblock/block-v1:SkillFactory+PDEV+2021+type@lti+block@482066069d71411e8393574936301df7/handler_noauth/grade_handler	False	submit	2026-08-12 16:43:01.415307
f15d790a25227944029a87ae683a5d66		course-v1:SkillFactory+PDEV+2021:lms.skillfactory.ru-482066069d71411e8393574936301df7:f15d790a25227944029a87ae683a5d66	https://lms.skillfactory.ru/courses/course-v1:SkillFactory+PDEV+2021/xblock/block-v1:SkillFactory+PDEV+2021+type@lti+block@482066069d71411e8393574936301df7/handler_noauth/grade_handler	False	submit	2026-08-12 16:44:14.940923
f15d790a25227944029a87ae683a5d66		course-v1:SkillFactory+PDEV+2021:lms.skillfactory.ru-482066069d71411e8393574936301df7:f15d790a25227944029a87ae683a5d66	https://lms.skillfactory.ru/courses/course-v1:SkillFactory+PDEV+2021/xblock/block-v1:SkillFactory+PDEV+2021+type@lti+block@482066069d71411e8393574936301df7/handler_noauth/grade_handler	True	submit	2026-08-12 16:45:23.533920
99a607f040762d5b8ff8c7f2712b7a45		course-v1:SkillFactory+SDA-3.0+FEB2021:lms.skillfactory.ru-7e9567a392884bd1b3bc90c9cfad05cc:99a607f040762d5b8ff8c7f2712b7a45	https://lms.skillfactory.ru/courses/course-v1:SkillFactory+SDA-3.0+FEB2021/xblock/block-v1:SkillFactory+SDA-3.0+FEB2021+type@lti+block@7e9567a392884bd1b3bc90c9cfad05cc/handler_noauth/grade_handler	False	submit	2026-08-12 16:47:12.254152
99a607f040762d5b8ff8c7f2712b7a45		course-v1:SkillFactory+SDA-3.0+FEB2021:lms.skillfactory.ru-7e9567a392884bd1b3bc90c9cfad05cc:99a607f040762d5b8ff8c7f2712b7a45	https://lms.skillfactory.ru/courses/course-v1:SkillFactory+SDA-3.0+FEB2021/xblock/block-v1:SkillFactory+SDA-3.0+FEB2021+type@lti+block@7e9567a392884bd1b3bc90c9cfad05cc/handler_noauth/grade_handler	False	submit	2026-08-12 16:47:51.714420
99a607f040762d5b8ff8c7f2712b7a45		course-v1:SkillFactory+SDA-3.0+FEB2021:lms.skillfactory.ru-7e9567a392884bd1b3bc90c9cfad05cc:99a607f040762d5b8ff8c7f2712b7a45	https://lms.skillfactory.ru/courses/course-v1:SkillFactory+SDA-3.0+FEB2021/xblock/block-v1:SkillFactory+SDA-3.0+FEB2021+type@lti+block@7e9567a392884bd1b3bc90c9cfad05cc/handler_noauth/grade_handler	False	submit	2026-08-12 16:48:44.212252
99a607f040762d5b8ff8c7f2712b7a45		course-v1:SkillFactory+SDA-3.0+FEB2021:lms.skillfactory.ru-7e9567a392884bd1b3bc90c9cfad05cc:99a607f040762d5b8ff8c7f2712b7a45	https://lms.skillfactory.ru/courses/course-v1:SkillFactory+SDA-3.0+FEB2021/xblock/block-v1:SkillFactory+SDA-3.0+FEB2021+type@lti+block@7e9567a392884bd1b3bc90c9cfad05cc/handler_noauth/grade_handler	True	submit	2026-08-12 16:52:18.038082
f15d790a25227944029a87ae683a5d66		course-v1:SkillFactory+PDEV+2021:lms.skillfactory.ru-cccf477c9601402d9097e4cb4b9b92b1:f15d790a25227944029a87ae683a5d66	https://lms.skillfactory.ru/courses/course-v1:SkillFactory+PDEV+2021/xblock/block-v1:SkillFactory+PDEV+2021+type@lti+block@cccf477c9601402d9097e4cb4b9b92b1/handler_noauth/grade_handler	False	submit	2026-08-12 16:53:16.408901
f15d790a25227944029a87ae683a5d66		course-v1:SkillFactory+PDEV+2021:lms.skillfactory.ru-cccf477c9601402d9097e4cb4b9b92b1:f15d790a25227944029a87ae683a5d66	https://lms.skillfactory.ru/courses/course-v1:SkillFactory+PDEV+2021/xblock/block-v1:SkillFactory+PDEV+2021+type@lti+block@cccf477c9601402d9097e4cb4b9b92b1/handler_noauth/grade_handler	True	submit	2026-08-12 16:54:00.269941
ab315ac591163a7357a61c24b17a85ad		course-v1:SkillFactory+PY-ANALYSIS+26OCT2020:lms.skillfactory.ru-efba38cfb46e493ea93ad38100282df3:ab315ac591163a7357a61c24b17a85ad	https://lms.skillfactory.ru/courses/course-v1:SkillFactory+PY-ANALYSIS+26OCT2020/xblock/block-v1:SkillFactory+PY-ANALYSIS+26OCT2020+type@lti+block@efba38cfb46e493ea93ad38100282df3/handler_noauth/grade_handler	False	submit	2026-08-12 16:54:15.483740
f15d790a25227944029a87ae683a5d66		course-v1:SkillFactory+PDEV+2021:lms.skillfactory.ru-200a9f2ea7514b1a94494c502d286553:f15d790a25227944029a87ae683a5d66	https://lms.skillfactory.ru/courses/course-v1:SkillFactory+PDEV+2021/xblock/block-v1:SkillFactory+PDEV+2021+type@lti+block@200a9f2ea7514b1a94494c502d286553/handler_noauth/grade_handler	True	submit	2026-08-12 16:56:22.613156
99a607f040762d5b8ff8c7f2712b7a45		course-v1:SkillFactory+SDA-3.0+FEB2021:lms.skillfactory.ru-b701582336fb452093c067859a7b7378:99a607f040762d5b8ff8c7f2712b7a45	https://lms.skillfactory.ru/courses/course-v1:SkillFactory+SDA-3.0+FEB2021/xblock/block-v1:SkillFactory+SDA-3.0+FEB2021+type@lti+block@b701582336fb452093c067859a7b7378/handler_noauth/grade_handler	False	submit	2026-08-12 16:56:22.835245
99a607f040762d5b8ff8c7f2712b7a45		course-v1:SkillFactory+SDA-3.0+FEB2021:lms.skillfactory.ru-b701582336fb452093c067859a7b7378:99a607f040762d5b8ff8c7f2712b7a45	https://lms.skillfactory.ru/courses/course-v1:SkillFactory+SDA-3.0+FEB2021/xblock/block-v1:SkillFactory+SDA-3.0+FEB2021+type@lti+block@b701582336fb452093c067859a7b7378/handler_noauth/grade_handler	True	submit	2026-08-12 16:56:44.267086
99a607f040762d5b8ff8c7f2712b7a45		course-v1:SkillFactory+SDA-3.0+FEB2021:lms.skillfactory.ru-167179a9a0e94127a5418a8513098be0:99a607f040762d5b8ff8c7f2712b7a45	https://lms.skillfactory.ru/courses/course-v1:SkillFactory+SDA-3.0+FEB2021/xblock/block-v1:SkillFactory+SDA-3.0+FEB2021+type@lti+block@167179a9a0e94127a5418a8513098be0/handler_noauth/grade_handler	False	submit	2026-08-12 16:59:37.846193
ab315ac591163a7357a61c24b17a85ad		course-v1:SkillFactory+PY-ANALYSIS+26OCT2020:lms.skillfactory.ru-efba38cfb46e493ea93ad38100282df3:ab315ac591163a7357a61c24b17a85ad	https://lms.skillfactory.ru/courses/course-v1:SkillFactory+PY-ANALYSIS+26OCT2020/xblock/block-v1:SkillFactory+PY-ANALYSIS+26OCT2020+type@lti+block@efba38cfb46e493ea93ad38100282df3/handler_noauth/grade_handler	False	submit	2026-08-12 16:59:48.274959
99a607f040762d5b8ff8c7f2712b7a45		course-v1:SkillFactory+SDA-3.0+FEB2021:lms.skillfactory.ru-167179a9a0e94127a5418a8513098be0:99a607f040762d5b8ff8c7f2712b7a45	https://lms.skillfactory.ru/courses/course-v1:SkillFactory+SDA-3.0+FEB2021/xblock/block-v1:SkillFactory+SDA-3.0+FEB2021+type@lti+block@167179a9a0e94127a5418a8513098be0/handler_noauth/grade_handler	True	submit	2026-08-12 17:00:13.395256
ab315ac591163a7357a61c24b17a85ad		course-v1:SkillFactory+PY-ANALYSIS+26OCT2020:lms.skillfactory.ru-efba38cfb46e493ea93ad38100282df3:ab315ac591163a7357a61c24b17a85ad	https://lms.skillfactory.ru/courses/course-v1:SkillFactory+PY-ANALYSIS+26OCT2020/xblock/block-v1:SkillFactory+PY-ANALYSIS+26OCT2020+type@lti+block@efba38cfb46e493ea93ad38100282df3/handler_noauth/grade_handler	True	submit	2026-08-12 17:02:12.791332
99a607f040762d5b8ff8c7f2712b7a45		course-v1:SkillFactory+SDA-3.0+FEB2021:lms.skillfactory.ru-cc86bf3f581a425ea3b568555d3a7b62:99a607f040762d5b8ff8c7f2712b7a45	https://lms.skillfactory.ru/courses/course-v1:SkillFactory+SDA-3.0+FEB2021/xblock/block-v1:SkillFactory+SDA-3.0+FEB2021+type@lti+block@cc86bf3f581a425ea3b568555d3a7b62/handler_noauth/grade_handler	True	submit	2026-08-12 17:03:23.712899
99a607f040762d5b8ff8c7f2712b7a45		course-v1:SkillFactory+SDA-3.0+FEB2021:lms.skillfactory.ru-ba744d82f51341219e07e56639639fbc:99a607f040762d5b8ff8c7f2712b7a45	https://lms.skillfactory.ru/courses/course-v1:SkillFactory+SDA-3.0+FEB2021/xblock/block-v1:SkillFactory+SDA-3.0+FEB2021+type@lti+block@ba744d82f51341219e07e56639639fbc/handler_noauth/grade_handler	True	submit	2026-08-12 17:05:07.813723
99a607f040762d5b8ff8c7f2712b7a45		course-v1:SkillFactory+SDA-3.0+FEB2021:lms.skillfactory.ru-c40c986191b04144946a3541e5d6610e:99a607f040762d5b8ff8c7f2712b7a45	https://lms.skillfactory.ru/courses/course-v1:SkillFactory+SDA-3.0+FEB2021/xblock/block-v1:SkillFactory+SDA-3.0+FEB2021+type@lti+block@c40c986191b04144946a3541e5d6610e/handler_noauth/grade_handler	True	submit	2026-08-12 17:06:54.554671
ed0a0fec589664862c75c49979adf63d		course-v1:SkillFactory+SDA-3.0+FEB2021:lms.skillfactory.ru-37380ca9255c4a9e9585f4f4a547df8e:ed0a0fec589664862c75c49979adf63d	https://lms.skillfactory.ru/courses/course-v1:SkillFactory+SDA-3.0+FEB2021/xblock/block-v1:SkillFactory+SDA-3.0+FEB2021+type@lti+block@37380ca9255c4a9e9585f4f4a547df8e/handler_noauth/grade_handler	True	submit	2026-08-12 17:08:03.521246
99a607f040762d5b8ff8c7f2712b7a45		course-v1:SkillFactory+SDA-3.0+FEB2021:lms.skillfactory.ru-ff831e0d05474daaaf54f5082794abe1:99a607f040762d5b8ff8c7f2712b7a45	https://lms.skillfactory.ru/courses/course-v1:SkillFactory+SDA-3.0+FEB2021/xblock/block-v1:SkillFactory+SDA-3.0+FEB2021+type@lti+block@ff831e0d05474daaaf54f5082794abe1/handler_noauth/grade_handler	True	submit	2026-08-12 17:11:43.382545
ed0a0fec589664862c75c49979adf63d		course-v1:SkillFactory+SDA-3.0+FEB2021:lms.skillfactory.ru-27a258f598824bcbabadbac88254d7cc:ed0a0fec589664862c75c49979adf63d	https://lms.skillfactory.ru/courses/course-v1:SkillFactory+SDA-3.0+FEB2021/xblock/block-v1:SkillFactory+SDA-3.0+FEB2021+type@lti+block@27a258f598824bcbabadbac88254d7cc/handler_noauth/grade_handler	True	submit	2026-08-12 17:15:02.661330
99a607f040762d5b8ff8c7f2712b7a45		course-v1:SkillFactory+SDA-3.0+FEB2021:lms.skillfactory.ru-0a6c50a778eb447a9746fabacc4a2d6c:99a607f040762d5b8ff8c7f2712b7a45	https://lms.skillfactory.ru/courses/course-v1:SkillFactory+SDA-3.0+FEB2021/xblock/block-v1:SkillFactory+SDA-3.0+FEB2021+type@lti+block@0a6c50a778eb447a9746fabacc4a2d6c/handler_noauth/grade_handler	True	submit	2026-08-12 17:20:28.889288
ed0a0fec589664862c75c49979adf63d		course-v1:SkillFactory+SDA-3.0+FEB2021:lms.skillfactory.ru-e6cec60da0d943179eac7ab632bcbe47:ed0a0fec589664862c75c49979adf63d	https://lms.skillfactory.ru/courses/course-v1:SkillFactory+SDA-3.0+FEB2021/xblock/block-v1:SkillFactory+SDA-3.0+FEB2021+type@lti+block@e6cec60da0d943179eac7ab632bcbe47/handler_noauth/grade_handler	True	submit	2026-08-12 17:25:36.934492
99a607f040762d5b8ff8c7f2712b7a45		course-v1:SkillFactory+SDA-3.0+FEB2021:lms.skillfactory.ru-dfcb0370abcc4ff8ad0105667ccea493:99a607f040762d5b8ff8c7f2712b7a45	https://lms.skillfactory.ru/courses/course-v1:SkillFactory+SDA-3.0+FEB2021/xblock/block-v1:SkillFactory+SDA-3.0+FEB2021+type@lti+block@dfcb0370abcc4ff8ad0105667ccea493/handler_noauth/grade_handler	True	submit	2026-08-12 17:26:26.288269
ed0a0fec589664862c75c49979adf63d		course-v1:SkillFactory+SDA-3.0+FEB2021:lms.skillfactory.ru-470f8334b1f94942b693cb0d4de44763:ed0a0fec589664862c75c49979adf63d	https://lms.skillfactory.ru/courses/course-v1:SkillFactory+SDA-3.0+FEB2021/xblock/block-v1:SkillFactory+SDA-3.0+FEB2021+type@lti+block@470f8334b1f94942b693cb0d4de44763/handler_noauth/grade_handler	True	submit	2026-08-12 17:38:47.580147
99a607f040762d5b8ff8c7f2712b7a45		course-v1:SkillFactory+SDA-3.0+FEB2021:lms.skillfactory.ru-8e13e5318aed435eb0fb4edd8ca2b315:99a607f040762d5b8ff8c7f2712b7a45	https://lms.skillfactory.ru/courses/course-v1:SkillFactory+SDA-3.0+FEB2021/xblock/block-v1:SkillFactory+SDA-3.0+FEB2021+type@lti+block@8e13e5318aed435eb0fb4edd8ca2b315/handler_noauth/grade_handler	False	submit	2026-08-12 17:54:23.584552
99a607f040762d5b8ff8c7f2712b7a45		course-v1:SkillFactory+SDA-3.0+FEB2021:lms.skillfactory.ru-8e13e5318aed435eb0fb4edd8ca2b315:99a607f040762d5b8ff8c7f2712b7a45	https://lms.skillfactory.ru/courses/course-v1:SkillFactory+SDA-3.0+FEB2021/xblock/block-v1:SkillFactory+SDA-3.0+FEB2021+type@lti+block@8e13e5318aed435eb0fb4edd8ca2b315/handler_noauth/grade_handler	False	submit	2026-08-12 17:54:55.375292
99a607f040762d5b8ff8c7f2712b7a45		course-v1:SkillFactory+SDA-3.0+FEB2021:lms.skillfactory.ru-8e13e5318aed435eb0fb4edd8ca2b315:99a607f040762d5b8ff8c7f2712b7a45	https://lms.skillfactory.ru/courses/course-v1:SkillFactory+SDA-3.0+FEB2021/xblock/block-v1:SkillFactory+SDA-3.0+FEB2021+type@lti+block@8e13e5318aed435eb0fb4edd8ca2b315/handler_noauth/grade_handler	True	submit	2026-08-12 17:55:30.970210
ed0a0fec589664862c75c49979adf63d		course-v1:SkillFactory+SDA-3.0+FEB2021:lms.skillfactory.ru-33cdc89f12b44da094052faa93e62a1e:ed0a0fec589664862c75c49979adf63d	https://lms.skillfactory.ru/courses/course-v1:SkillFactory+SDA-3.0+FEB2021/xblock/block-v1:SkillFactory+SDA-3.0+FEB2021+type@lti+block@33cdc89f12b44da094052faa93e62a1e/handler_noauth/grade_handler	True	submit	2026-08-12 18:02:05.828127
ed0a0fec589664862c75c49979adf63d		course-v1:SkillFactory+SDA-3.0+FEB2021:lms.skillfactory.ru-24c1e4ec6e2f4fa98862f7f9c8061bc5:ed0a0fec589664862c75c49979adf63d	https://lms.skillfactory.ru/courses/course-v1:SkillFactory+SDA-3.0+FEB2021/xblock/block-v1:SkillFactory+SDA-3.0+FEB2021+type@lti+block@24c1e4ec6e2f4fa98862f7f9c8061bc5/handler_noauth/grade_handler	True	submit	2026-08-12 18:05:56.419981
5d250312e7c12bf3ba65b3c0319c0608		course-v1:SkillFactory+SDA-3.0+FEB2021:lms.skillfactory.ru-5b0c1041add74fd79b8824f50ac842cf:5d250312e7c12bf3ba65b3c0319c0608		True	submit	2026-08-13 07:59:27.009982
5d250312e7c12bf3ba65b3c0319c0608		course-v1:SkillFactory+SDA-3.0+FEB2021:lms.skillfactory.ru-34fe143d44f447ff8084732fccda8fa8:5d250312e7c12bf3ba65b3c0319c0608		False	submit	2026-08-13 08:04:25.840686
5d250312e7c12bf3ba65b3c0319c0608		course-v1:SkillFactory+SDA-3.0+FEB2021:lms.skillfactory.ru-34fe143d44f447ff8084732fccda8fa8:5d250312e7c12bf3ba65b3c0319c0608		False	submit	2026-08-13 08:04:52.400255
f15d790a25227944029a87ae683a5d66		course-v1:SkillFactory+PDEV+2021:lms.skillfactory.ru-401ac22a48024243974ad7f07057325b:f15d790a25227944029a87ae683a5d66	https://lms.skillfactory.ru/courses/course-v1:SkillFactory+PDEV+2021/xblock/block-v1:SkillFactory+PDEV+2021+type@lti+block@401ac22a48024243974ad7f07057325b/handler_noauth/grade_handler	True	submit	2026-08-13 08:44:01.214606
f15d790a25227944029a87ae683a5d66		course-v1:SkillFactory+PDEV+2021:lms.skillfactory.ru-15ce49ad5fba4862add4e654b4aa249f:f15d790a25227944029a87ae683a5d66	https://lms.skillfactory.ru/courses/course-v1:SkillFactory+PDEV+2021/xblock/block-v1:SkillFactory+PDEV+2021+type@lti+block@15ce49ad5fba4862add4e654b4aa249f/handler_noauth/grade_handler	True	submit	2026-08-13 08:55:54.457907
ec6034d97779f1442a1e5f2a6d4fb867		course-v1:Skillfactory+QAP+18JUNE2020:lms.skillfactory.ru-02800b5d943e4500bbbf7e488f78eadf:ec6034d97779f1442a1e5f2a6d4fb867		False	submit	2026-08-13 09:02:02.033391
ec6034d97779f1442a1e5f2a6d4fb867		course-v1:Skillfactory+QAP+18JUNE2020:lms.skillfactory.ru-02800b5d943e4500bbbf7e488f78eadf:ec6034d97779f1442a1e5f2a6d4fb867		False	submit	2026-08-13 09:02:20.135142
ec6034d97779f1442a1e5f2a6d4fb867		course-v1:Skillfactory+QAP+18JUNE2020:lms.skillfactory.ru-02800b5d943e4500bbbf7e488f78eadf:ec6034d97779f1442a1e5f2a6d4fb867		False	submit	2026-08-13 09:03:27.079976
ec6034d97779f1442a1e5f2a6d4fb867		course-v1:Skillfactory+QAP+18JUNE2020:lms.skillfactory.ru-02800b5d943e4500bbbf7e488f78eadf:ec6034d97779f1442a1e5f2a6d4fb867		False	submit	2026-08-13 09:05:06.789536
ec6034d97779f1442a1e5f2a6d4fb867		course-v1:Skillfactory+QAP+18JUNE2020:lms.skillfactory.ru-02800b5d943e4500bbbf7e488f78eadf:ec6034d97779f1442a1e5f2a6d4fb867		False	submit	2026-08-13 09:05:18.249778
ec6034d97779f1442a1e5f2a6d4fb867		course-v1:Skillfactory+QAP+18JUNE2020:lms.skillfactory.ru-02800b5d943e4500bbbf7e488f78eadf:ec6034d97779f1442a1e5f2a6d4fb867		False	submit	2026-08-13 09:05:34.420713
95a377dfe1ea48eb9ecf00707aadab35		course-v1:SkillFactory+DAPR-2.0+MAR2021:lms.skillfactory.ru-751d0ce827a34bcc99124b29e7b1ab47:95a377dfe1ea48eb9ecf00707aadab35		True	submit	2026-08-13 10:19:54.864979
ed0a0fec589664862c75c49979adf63d		course-v1:SkillFactory+SDA-3.0+FEB2021:lms.skillfactory.ru-2b3136efe9e84150832193c61e143a3d:ed0a0fec589664862c75c49979adf63d	https://lms.skillfactory.ru/courses/course-v1:SkillFactory+SDA-3.0+FEB2021/xblock/block-v1:SkillFactory+SDA-3.0+FEB2021+type@lti+block@2b3136efe9e84150832193c61e143a3d/handler_noauth/grade_handler	True	submit	2026-08-13 11:03:53.169696
99a607f040762d5b8ff8c7f2712b7a45		course-v1:SkillFactory+SDA-3.0+FEB2021:lms.skillfactory.ru-6ee8b8167ebb42eb8d6b2a4e8fc1b1dd:99a607f040762d5b8ff8c7f2712b7a45	https://lms.skillfactory.ru/courses/course-v1:SkillFactory+SDA-3.0+FEB2021/xblock/block-v1:SkillFactory+SDA-3.0+FEB2021+type@lti+block@6ee8b8167ebb42eb8d6b2a4e8fc1b1dd/handler_noauth/grade_handler	False	submit	2026-08-13 11:13:25.289409
99a607f040762d5b8ff8c7f2712b7a45		course-v1:SkillFactory+SDA-3.0+FEB2021:lms.skillfactory.ru-6ee8b8167ebb42eb8d6b2a4e8fc1b1dd:99a607f040762d5b8ff8c7f2712b7a45	https://lms.skillfactory.ru/courses/course-v1:SkillFactory+SDA-3.0+FEB2021/xblock/block-v1:SkillFactory+SDA-3.0+FEB2021+type@lti+block@6ee8b8167ebb42eb8d6b2a4e8fc1b1dd/handler_noauth/grade_handler	True	submit	2026-08-13 11:14:28.829580
f15d790a25227944029a87ae683a5d66		course-v1:SkillFactory+PDEV+2021:lms.skillfactory.ru-92c9b676e5234d029b1dbb8fa879dd62:f15d790a25227944029a87ae683a5d66	https://lms.skillfactory.ru/courses/course-v1:SkillFactory+PDEV+2021/xblock/block-v1:SkillFactory+PDEV+2021+type@lti+block@92c9b676e5234d029b1dbb8fa879dd62/handler_noauth/grade_handler	False	submit	2026-08-13 11:28:22.956811
f15d790a25227944029a87ae683a5d66		course-v1:SkillFactory+PDEV+2021:lms.skillfactory.ru-92c9b676e5234d029b1dbb8fa879dd62:f15d790a25227944029a87ae683a5d66	https://lms.skillfactory.ru/courses/course-v1:SkillFactory+PDEV+2021/xblock/block-v1:SkillFactory+PDEV+2021+type@lti+block@92c9b676e5234d029b1dbb8fa879dd62/handler_noauth/grade_handler	False	submit	2026-08-13 11:36:36.700129
f15d790a25227944029a87ae683a5d66		course-v1:SkillFactory+PDEV+2021:lms.skillfactory.ru-92c9b676e5234d029b1dbb8fa879dd62:f15d790a25227944029a87ae683a5d66	https://lms.skillfactory.ru/courses/course-v1:SkillFactory+PDEV+2021/xblock/block-v1:SkillFactory+PDEV+2021+type@lti+block@92c9b676e5234d029b1dbb8fa879dd62/handler_noauth/grade_handler	False	submit	2026-08-13 11:43:54.069361
f15d790a25227944029a87ae683a5d66		course-v1:SkillFactory+PDEV+2021:lms.skillfactory.ru-92c9b676e5234d029b1dbb8fa879dd62:f15d790a25227944029a87ae683a5d66	https://lms.skillfactory.ru/courses/course-v1:SkillFactory+PDEV+2021/xblock/block-v1:SkillFactory+PDEV+2021+type@lti+block@92c9b676e5234d029b1dbb8fa879dd62/handler_noauth/grade_handler	False	submit	2026-08-13 11:51:27.103815
f15d790a25227944029a87ae683a5d66		course-v1:SkillFactory+PDEV+2021:lms.skillfactory.ru-92c9b676e5234d029b1dbb8fa879dd62:f15d790a25227944029a87ae683a5d66	https://lms.skillfactory.ru/courses/course-v1:SkillFactory+PDEV+2021/xblock/block-v1:SkillFactory+PDEV+2021+type@lti+block@92c9b676e5234d029b1dbb8fa879dd62/handler_noauth/grade_handler	True	submit	2026-08-13 12:01:55.084061
f15d790a25227944029a87ae683a5d66		course-v1:SkillFactory+PDEV+2021:lms.skillfactory.ru-535a7792c1844ee7becf026006cca207:f15d790a25227944029a87ae683a5d66	https://lms.skillfactory.ru/courses/course-v1:SkillFactory+PDEV+2021/xblock/block-v1:SkillFactory+PDEV+2021+type@lti+block@535a7792c1844ee7becf026006cca207/handler_noauth/grade_handler	True	submit	2026-08-13 12:24:38.800121
f15d790a25227944029a87ae683a5d66		course-v1:SkillFactory+PDEV+2021:lms.skillfactory.ru-0c1d6e5cc05e499c98b669f5d2dba8df:f15d790a25227944029a87ae683a5d66	https://lms.skillfactory.ru/courses/course-v1:SkillFactory+PDEV+2021/xblock/block-v1:SkillFactory+PDEV+2021+type@lti+block@0c1d6e5cc05e499c98b669f5d2dba8df/handler_noauth/grade_handler	True	submit	2026-08-13 12:33:58.154827
99a607f040762d5b8ff8c7f2712b7a45		course-v1:SkillFactory+SDA-3.0+FEB2021:lms.skillfactory.ru-00cccc590bcf4a68b447238005535fce:99a607f040762d5b8ff8c7f2712b7a45	https://lms.skillfactory.ru/courses/course-v1:SkillFactory+SDA-3.0+FEB2021/xblock/block-v1:SkillFactory+SDA-3.0+FEB2021+type@lti+block@00cccc590bcf4a68b447238005535fce/handler_noauth/grade_handler	False	submit	2026-08-13 12:34:59.303265
f15d790a25227944029a87ae683a5d66		course-v1:SkillFactory+PDEV+2021:lms.skillfactory.ru-06dc67b687b1451fb0c9e9e1b8fdac4e:f15d790a25227944029a87ae683a5d66	https://lms.skillfactory.ru/courses/course-v1:SkillFactory+PDEV+2021/xblock/block-v1:SkillFactory+PDEV+2021+type@lti+block@06dc67b687b1451fb0c9e9e1b8fdac4e/handler_noauth/grade_handler	False	submit	2026-08-13 12:35:02.640527
99a607f040762d5b8ff8c7f2712b7a45		course-v1:SkillFactory+SDA-3.0+FEB2021:lms.skillfactory.ru-00cccc590bcf4a68b447238005535fce:99a607f040762d5b8ff8c7f2712b7a45	https://lms.skillfactory.ru/courses/course-v1:SkillFactory+SDA-3.0+FEB2021/xblock/block-v1:SkillFactory+SDA-3.0+FEB2021+type@lti+block@00cccc590bcf4a68b447238005535fce/handler_noauth/grade_handler	True	submit	2026-08-13 12:35:14.982963
f15d790a25227944029a87ae683a5d66		course-v1:SkillFactory+PDEV+2021:lms.skillfactory.ru-06dc67b687b1451fb0c9e9e1b8fdac4e:f15d790a25227944029a87ae683a5d66	https://lms.skillfactory.ru/courses/course-v1:SkillFactory+PDEV+2021/xblock/block-v1:SkillFactory+PDEV+2021+type@lti+block@06dc67b687b1451fb0c9e9e1b8fdac4e/handler_noauth/grade_handler	True	submit	2026-08-13 12:37:40.753945
f15d790a25227944029a87ae683a5d66		course-v1:SkillFactory+PDEV+2021:lms.skillfactory.ru-8e4f264503ec43f5812ce4d23e9c7bc0:f15d790a25227944029a87ae683a5d66	https://lms.skillfactory.ru/courses/course-v1:SkillFactory+PDEV+2021/xblock/block-v1:SkillFactory+PDEV+2021+type@lti+block@8e4f264503ec43f5812ce4d23e9c7bc0/handler_noauth/grade_handler	True	submit	2026-08-13 12:38:34.270852
f15d790a25227944029a87ae683a5d66		course-v1:SkillFactory+PDEV+2021:lms.skillfactory.ru-65469f7c7eeb409c814a6ed8b13d501f:f15d790a25227944029a87ae683a5d66	https://lms.skillfactory.ru/courses/course-v1:SkillFactory+PDEV+2021/xblock/block-v1:SkillFactory+PDEV+2021+type@lti+block@65469f7c7eeb409c814a6ed8b13d501f/handler_noauth/grade_handler	False	submit	2026-08-13 12:44:48.113258
f15d790a25227944029a87ae683a5d66		course-v1:SkillFactory+PDEV+2021:lms.skillfactory.ru-65469f7c7eeb409c814a6ed8b13d501f:f15d790a25227944029a87ae683a5d66	https://lms.skillfactory.ru/courses/course-v1:SkillFactory+PDEV+2021/xblock/block-v1:SkillFactory+PDEV+2021+type@lti+block@65469f7c7eeb409c814a6ed8b13d501f/handler_noauth/grade_handler	True	submit	2026-08-13 12:45:33.805968
f15d790a25227944029a87ae683a5d66		course-v1:SkillFactory+PDEV+2021:lms.skillfactory.ru-11485a079a814c4380990684995ae5c8:f15d790a25227944029a87ae683a5d66	https://lms.skillfactory.ru/courses/course-v1:SkillFactory+PDEV+2021/xblock/block-v1:SkillFactory+PDEV+2021+type@lti+block@11485a079a814c4380990684995ae5c8/handler_noauth/grade_handler	True	submit	2026-08-13 12:49:21.910954
f15d790a25227944029a87ae683a5d66		course-v1:SkillFactory+PDEV+2021:lms.skillfactory.ru-37cf8ccd5206496ba018d34143d27498:f15d790a25227944029a87ae683a5d66	https://lms.skillfactory.ru/courses/course-v1:SkillFactory+PDEV+2021/xblock/block-v1:SkillFactory+PDEV+2021+type@lti+block@37cf8ccd5206496ba018d34143d27498/handler_noauth/grade_handler	True	submit	2026-08-13 12:50:14.797631
f15d790a25227944029a87ae683a5d66		course-v1:SkillFactory+PDEV+2021:lms.skillfactory.ru-9693c7920b8e4c34b45e962bc522acbd:f15d790a25227944029a87ae683a5d66	https://lms.skillfactory.ru/courses/course-v1:SkillFactory+PDEV+2021/xblock/block-v1:SkillFactory+PDEV+2021+type@lti+block@9693c7920b8e4c34b45e962bc522acbd/handler_noauth/grade_handler	False	submit	2026-08-13 12:57:07.991360
b499753f880238360d412abfd7d6ee46		course-v1:SkillFactory+PY-ANALYSIS+26OCT2020:lms.skillfactory.ru-9ba0e2fd8d6f40689cc8f8c8ed2ca306:b499753f880238360d412abfd7d6ee46	https://lms.skillfactory.ru/courses/course-v1:SkillFactory+PY-ANALYSIS+26OCT2020/xblock/block-v1:SkillFactory+PY-ANALYSIS+26OCT2020+type@lti+block@9ba0e2fd8d6f40689cc8f8c8ed2ca306/handler_noauth/grade_handler	False	submit	2026-08-13 12:59:17.289726
b499753f880238360d412abfd7d6ee46		course-v1:SkillFactory+PY-ANALYSIS+26OCT2020:lms.skillfactory.ru-9ba0e2fd8d6f40689cc8f8c8ed2ca306:b499753f880238360d412abfd7d6ee46	https://lms.skillfactory.ru/courses/course-v1:SkillFactory+PY-ANALYSIS+26OCT2020/xblock/block-v1:SkillFactory+PY-ANALYSIS+26OCT2020+type@lti+block@9ba0e2fd8d6f40689cc8f8c8ed2ca306/handler_noauth/grade_handler	True	submit	2026-08-13 12:59:38.127198
762588545a2a94623576b40b00a8e2da		course-v1:SkillFactory+PDEV2.0+JUL_2024:lms.skillfactory.ru-cd61ae43143b45faaa9f97d8b987cdc9:762588545a2a94623576b40b00a8e2da	https://lms.skillfactory.ru/courses/course-v1:SkillFactory+PDEV2.0+JUL_2024/xblock/block-v1:SkillFactory+PDEV2.0+JUL_2024+type@lti+block@cd61ae43143b45faaa9f97d8b987cdc9/handler_noauth/grade_handler	True	submit	2026-08-13 13:08:11.130541
b499753f880238360d412abfd7d6ee46		course-v1:SkillFactory+PY-ANALYSIS+26OCT2020:lms.skillfactory.ru-7a4089d8ed1f4333ae66ca47d1a0e655:b499753f880238360d412abfd7d6ee46	https://lms.skillfactory.ru/courses/course-v1:SkillFactory+PY-ANALYSIS+26OCT2020/xblock/block-v1:SkillFactory+PY-ANALYSIS+26OCT2020+type@lti+block@7a4089d8ed1f4333ae66ca47d1a0e655/handler_noauth/grade_handler	False	submit	2026-08-13 13:08:54.371477
762588545a2a94623576b40b00a8e2da		course-v1:SkillFactory+PDEV2.0+JUL_2024:lms.skillfactory.ru-cd61ae43143b45faaa9f97d8b987cdc9:762588545a2a94623576b40b00a8e2da	https://lms.skillfactory.ru/courses/course-v1:SkillFactory+PDEV2.0+JUL_2024/xblock/block-v1:SkillFactory+PDEV2.0+JUL_2024+type@lti+block@cd61ae43143b45faaa9f97d8b987cdc9/handler_noauth/grade_handler	True	submit	2026-08-13 13:08:56.886802
b499753f880238360d412abfd7d6ee46		course-v1:SkillFactory+PY-ANALYSIS+26OCT2020:lms.skillfactory.ru-7a4089d8ed1f4333ae66ca47d1a0e655:b499753f880238360d412abfd7d6ee46	https://lms.skillfactory.ru/courses/course-v1:SkillFactory+PY-ANALYSIS+26OCT2020/xblock/block-v1:SkillFactory+PY-ANALYSIS+26OCT2020+type@lti+block@7a4089d8ed1f4333ae66ca47d1a0e655/handler_noauth/grade_handler	False	submit	2026-08-13 13:09:33.052431
b499753f880238360d412abfd7d6ee46		course-v1:SkillFactory+PY-ANALYSIS+26OCT2020:lms.skillfactory.ru-7a4089d8ed1f4333ae66ca47d1a0e655:b499753f880238360d412abfd7d6ee46	https://lms.skillfactory.ru/courses/course-v1:SkillFactory+PY-ANALYSIS+26OCT2020/xblock/block-v1:SkillFactory+PY-ANALYSIS+26OCT2020+type@lti+block@7a4089d8ed1f4333ae66ca47d1a0e655/handler_noauth/grade_handler	False	submit	2026-08-13 13:12:03.098614
b499753f880238360d412abfd7d6ee46		course-v1:SkillFactory+PY-ANALYSIS+26OCT2020:lms.skillfactory.ru-7a4089d8ed1f4333ae66ca47d1a0e655:b499753f880238360d412abfd7d6ee46	https://lms.skillfactory.ru/courses/course-v1:SkillFactory+PY-ANALYSIS+26OCT2020/xblock/block-v1:SkillFactory+PY-ANALYSIS+26OCT2020+type@lti+block@7a4089d8ed1f4333ae66ca47d1a0e655/handler_noauth/grade_handler	False	submit	2026-08-13 13:12:28.547809
b499753f880238360d412abfd7d6ee46		course-v1:SkillFactory+PY-ANALYSIS+26OCT2020:lms.skillfactory.ru-7a4089d8ed1f4333ae66ca47d1a0e655:b499753f880238360d412abfd7d6ee46	https://lms.skillfactory.ru/courses/course-v1:SkillFactory+PY-ANALYSIS+26OCT2020/xblock/block-v1:SkillFactory+PY-ANALYSIS+26OCT2020+type@lti+block@7a4089d8ed1f4333ae66ca47d1a0e655/handler_noauth/grade_handler	False	submit	2026-08-13 13:13:00.443129
f15d790a25227944029a87ae683a5d66		course-v1:SkillFactory+PDEV+2021:lms.skillfactory.ru-3c8234b2f1024bff87e900686f6df02c:f15d790a25227944029a87ae683a5d66	https://lms.skillfactory.ru/courses/course-v1:SkillFactory+PDEV+2021/xblock/block-v1:SkillFactory+PDEV+2021+type@lti+block@3c8234b2f1024bff87e900686f6df02c/handler_noauth/grade_handler	True	submit	2026-08-13 13:13:04.547490
b499753f880238360d412abfd7d6ee46		course-v1:SkillFactory+PY-ANALYSIS+26OCT2020:lms.skillfactory.ru-7a4089d8ed1f4333ae66ca47d1a0e655:b499753f880238360d412abfd7d6ee46	https://lms.skillfactory.ru/courses/course-v1:SkillFactory+PY-ANALYSIS+26OCT2020/xblock/block-v1:SkillFactory+PY-ANALYSIS+26OCT2020+type@lti+block@7a4089d8ed1f4333ae66ca47d1a0e655/handler_noauth/grade_handler	False	submit	2026-08-13 13:13:06.715895
b499753f880238360d412abfd7d6ee46		course-v1:SkillFactory+PY-ANALYSIS+26OCT2020:lms.skillfactory.ru-7a4089d8ed1f4333ae66ca47d1a0e655:b499753f880238360d412abfd7d6ee46	https://lms.skillfactory.ru/courses/course-v1:SkillFactory+PY-ANALYSIS+26OCT2020/xblock/block-v1:SkillFactory+PY-ANALYSIS+26OCT2020+type@lti+block@7a4089d8ed1f4333ae66ca47d1a0e655/handler_noauth/grade_handler	False	submit	2026-08-13 13:13:12.403167
b499753f880238360d412abfd7d6ee46		course-v1:SkillFactory+PY-ANALYSIS+26OCT2020:lms.skillfactory.ru-7a4089d8ed1f4333ae66ca47d1a0e655:b499753f880238360d412abfd7d6ee46	https://lms.skillfactory.ru/courses/course-v1:SkillFactory+PY-ANALYSIS+26OCT2020/xblock/block-v1:SkillFactory+PY-ANALYSIS+26OCT2020+type@lti+block@7a4089d8ed1f4333ae66ca47d1a0e655/handler_noauth/grade_handler	False	submit	2026-08-13 13:13:17.875336
b499753f880238360d412abfd7d6ee46		course-v1:SkillFactory+PY-ANALYSIS+26OCT2020:lms.skillfactory.ru-7a4089d8ed1f4333ae66ca47d1a0e655:b499753f880238360d412abfd7d6ee46	https://lms.skillfactory.ru/courses/course-v1:SkillFactory+PY-ANALYSIS+26OCT2020/xblock/block-v1:SkillFactory+PY-ANALYSIS+26OCT2020+type@lti+block@7a4089d8ed1f4333ae66ca47d1a0e655/handler_noauth/grade_handler	False	submit	2026-08-13 13:13:24.014804
b499753f880238360d412abfd7d6ee46		course-v1:SkillFactory+PY-ANALYSIS+26OCT2020:lms.skillfactory.ru-7a4089d8ed1f4333ae66ca47d1a0e655:b499753f880238360d412abfd7d6ee46	https://lms.skillfactory.ru/courses/course-v1:SkillFactory+PY-ANALYSIS+26OCT2020/xblock/block-v1:SkillFactory+PY-ANALYSIS+26OCT2020+type@lti+block@7a4089d8ed1f4333ae66ca47d1a0e655/handler_noauth/grade_handler	False	submit	2026-08-13 13:13:29.825008
f15d790a25227944029a87ae683a5d66		course-v1:SkillFactory+PDEV+2021:lms.skillfactory.ru-afa366fe8e3d42239b3ce1c043314bc4:f15d790a25227944029a87ae683a5d66	https://lms.skillfactory.ru/courses/course-v1:SkillFactory+PDEV+2021/xblock/block-v1:SkillFactory+PDEV+2021+type@lti+block@afa366fe8e3d42239b3ce1c043314bc4/handler_noauth/grade_handler	False	submit	2026-08-13 13:20:16.965394
f15d790a25227944029a87ae683a5d66		course-v1:SkillFactory+PDEV+2021:lms.skillfactory.ru-afa366fe8e3d42239b3ce1c043314bc4:f15d790a25227944029a87ae683a5d66	https://lms.skillfactory.ru/courses/course-v1:SkillFactory+PDEV+2021/xblock/block-v1:SkillFactory+PDEV+2021+type@lti+block@afa366fe8e3d42239b3ce1c043314bc4/handler_noauth/grade_handler	True	submit	2026-08-13 13:20:51.419275
f15d790a25227944029a87ae683a5d66		course-v1:SkillFactory+PDEV+2021:lms.skillfactory.ru-9693c7920b8e4c34b45e962bc522acbd:f15d790a25227944029a87ae683a5d66	https://lms.skillfactory.ru/courses/course-v1:SkillFactory+PDEV+2021/xblock/block-v1:SkillFactory+PDEV+2021+type@lti+block@9693c7920b8e4c34b45e962bc522acbd/handler_noauth/grade_handler	False	submit	2026-08-13 13:27:55.038905
f15d790a25227944029a87ae683a5d66		course-v1:SkillFactory+PDEV+2021:lms.skillfactory.ru-9693c7920b8e4c34b45e962bc522acbd:f15d790a25227944029a87ae683a5d66	https://lms.skillfactory.ru/courses/course-v1:SkillFactory+PDEV+2021/xblock/block-v1:SkillFactory+PDEV+2021+type@lti+block@9693c7920b8e4c34b45e962bc522acbd/handler_noauth/grade_handler	False	submit	2026-08-13 13:31:23.928918
f15d790a25227944029a87ae683a5d66		course-v1:SkillFactory+PDEV+2021:lms.skillfactory.ru-9693c7920b8e4c34b45e962bc522acbd:f15d790a25227944029a87ae683a5d66	https://lms.skillfactory.ru/courses/course-v1:SkillFactory+PDEV+2021/xblock/block-v1:SkillFactory+PDEV+2021+type@lti+block@9693c7920b8e4c34b45e962bc522acbd/handler_noauth/grade_handler	False	submit	2026-08-13 13:31:32.308243
f15d790a25227944029a87ae683a5d66		course-v1:SkillFactory+PDEV+2021:lms.skillfactory.ru-9693c7920b8e4c34b45e962bc522acbd:f15d790a25227944029a87ae683a5d66	https://lms.skillfactory.ru/courses/course-v1:SkillFactory+PDEV+2021/xblock/block-v1:SkillFactory+PDEV+2021+type@lti+block@9693c7920b8e4c34b45e962bc522acbd/handler_noauth/grade_handler	False	submit	2026-08-13 13:31:37.352086
f15d790a25227944029a87ae683a5d66		course-v1:SkillFactory+PDEV+2021:lms.skillfactory.ru-9693c7920b8e4c34b45e962bc522acbd:f15d790a25227944029a87ae683a5d66	https://lms.skillfactory.ru/courses/course-v1:SkillFactory+PDEV+2021/xblock/block-v1:SkillFactory+PDEV+2021+type@lti+block@9693c7920b8e4c34b45e962bc522acbd/handler_noauth/grade_handler	False	submit	2026-08-13 13:31:41.929327
f15d790a25227944029a87ae683a5d66		course-v1:SkillFactory+PDEV+2021:lms.skillfactory.ru-9693c7920b8e4c34b45e962bc522acbd:f15d790a25227944029a87ae683a5d66	https://lms.skillfactory.ru/courses/course-v1:SkillFactory+PDEV+2021/xblock/block-v1:SkillFactory+PDEV+2021+type@lti+block@9693c7920b8e4c34b45e962bc522acbd/handler_noauth/grade_handler	False	submit	2026-08-13 13:31:46.967619
f15d790a25227944029a87ae683a5d66		course-v1:SkillFactory+PDEV+2021:lms.skillfactory.ru-9693c7920b8e4c34b45e962bc522acbd:f15d790a25227944029a87ae683a5d66	https://lms.skillfactory.ru/courses/course-v1:SkillFactory+PDEV+2021/xblock/block-v1:SkillFactory+PDEV+2021+type@lti+block@9693c7920b8e4c34b45e962bc522acbd/handler_noauth/grade_handler	False	submit	2026-08-13 13:31:52.923660
f15d790a25227944029a87ae683a5d66		course-v1:SkillFactory+PDEV+2021:lms.skillfactory.ru-9693c7920b8e4c34b45e962bc522acbd:f15d790a25227944029a87ae683a5d66	https://lms.skillfactory.ru/courses/course-v1:SkillFactory+PDEV+2021/xblock/block-v1:SkillFactory+PDEV+2021+type@lti+block@9693c7920b8e4c34b45e962bc522acbd/handler_noauth/grade_handler	True	submit	2026-08-13 13:36:16.081191
ed0a0fec589664862c75c49979adf63d		course-v1:SkillFactory+SDA-3.0+FEB2021:lms.skillfactory.ru-2b2b62c6c65947a49b3d70c4159947ee:ed0a0fec589664862c75c49979adf63d	https://lms.skillfactory.ru/courses/course-v1:SkillFactory+SDA-3.0+FEB2021/xblock/block-v1:SkillFactory+SDA-3.0+FEB2021+type@lti+block@2b2b62c6c65947a49b3d70c4159947ee/handler_noauth/grade_handler	True	submit	2026-08-13 13:48:50.245893
ed0a0fec589664862c75c49979adf63d		course-v1:SkillFactory+SDA-3.0+FEB2021:lms.skillfactory.ru-18ebbdb9ca7a45299e100b83929d6cd0:ed0a0fec589664862c75c49979adf63d	https://lms.skillfactory.ru/courses/course-v1:SkillFactory+SDA-3.0+FEB2021/xblock/block-v1:SkillFactory+SDA-3.0+FEB2021+type@lti+block@18ebbdb9ca7a45299e100b83929d6cd0/handler_noauth/grade_handler	True	submit	2026-08-13 13:55:09.659805
d33d5bbc1e01ccd276c5442af3300152		course-v1:SkillFactory+MIPTDS+SEPT22:lms.skillfactory.ru-cf739c9726224c54a9557837855babe0:d33d5bbc1e01ccd276c5442af3300152	https://lms.skillfactory.ru/courses/course-v1:SkillFactory+MIPTDS+SEPT22/xblock/block-v1:SkillFactory+MIPTDS+SEPT22+type@lti+block@cf739c9726224c54a9557837855babe0/handler_noauth/grade_handler	False	submit	2026-08-13 14:04:39.568995
95a377dfe1ea48eb9ecf00707aadab35		course-v1:SkillFactory+DAPR-2.0+MAR2021:lms.skillfactory.ru-8d7e7e1eb4b64a1aac59ffc3abcbf6d4:95a377dfe1ea48eb9ecf00707aadab35		True	submit	2026-08-13 14:04:49.057813
d33d5bbc1e01ccd276c5442af3300152		course-v1:SkillFactory+MIPTDS+SEPT22:lms.skillfactory.ru-cf739c9726224c54a9557837855babe0:d33d5bbc1e01ccd276c5442af3300152	https://lms.skillfactory.ru/courses/course-v1:SkillFactory+MIPTDS+SEPT22/xblock/block-v1:SkillFactory+MIPTDS+SEPT22+type@lti+block@cf739c9726224c54a9557837855babe0/handler_noauth/grade_handler	False	submit	2026-08-13 14:05:06.534458
d33d5bbc1e01ccd276c5442af3300152		course-v1:SkillFactory+MIPTDS+SEPT22:lms.skillfactory.ru-cf739c9726224c54a9557837855babe0:d33d5bbc1e01ccd276c5442af3300152	https://lms.skillfactory.ru/courses/course-v1:SkillFactory+MIPTDS+SEPT22/xblock/block-v1:SkillFactory+MIPTDS+SEPT22+type@lti+block@cf739c9726224c54a9557837855babe0/handler_noauth/grade_handler	True	submit	2026-08-13 14:06:02.628190
d33d5bbc1e01ccd276c5442af3300152		course-v1:SkillFactory+MIPTDS+SEPT22:lms.skillfactory.ru-a01b3cad49fb41b091b84b269ea71172:d33d5bbc1e01ccd276c5442af3300152		False	submit	2026-08-13 14:07:14.326144
d33d5bbc1e01ccd276c5442af3300152		course-v1:SkillFactory+MIPTDS+SEPT22:lms.skillfactory.ru-22cbc9c8a5934cc8b8a1683e57e61df8:d33d5bbc1e01ccd276c5442af3300152	https://lms.skillfactory.ru/courses/course-v1:SkillFactory+MIPTDS+SEPT22/xblock/block-v1:SkillFactory+MIPTDS+SEPT22+type@lti+block@22cbc9c8a5934cc8b8a1683e57e61df8/handler_noauth/grade_handler	False	submit	2026-08-13 14:09:34.603937
d33d5bbc1e01ccd276c5442af3300152		course-v1:SkillFactory+MIPTDS+SEPT22:lms.skillfactory.ru-22cbc9c8a5934cc8b8a1683e57e61df8:d33d5bbc1e01ccd276c5442af3300152	https://lms.skillfactory.ru/courses/course-v1:SkillFactory+MIPTDS+SEPT22/xblock/block-v1:SkillFactory+MIPTDS+SEPT22+type@lti+block@22cbc9c8a5934cc8b8a1683e57e61df8/handler_noauth/grade_handler	False	submit	2026-08-13 14:09:48.588512
d33d5bbc1e01ccd276c5442af3300152		course-v1:SkillFactory+MIPTDS+SEPT22:lms.skillfactory.ru-22cbc9c8a5934cc8b8a1683e57e61df8:d33d5bbc1e01ccd276c5442af3300152	https://lms.skillfactory.ru/courses/course-v1:SkillFactory+MIPTDS+SEPT22/xblock/block-v1:SkillFactory+MIPTDS+SEPT22+type@lti+block@22cbc9c8a5934cc8b8a1683e57e61df8/handler_noauth/grade_handler	False	submit	2026-08-13 14:11:25.423231
d33d5bbc1e01ccd276c5442af3300152		course-v1:SkillFactory+MIPTDS+SEPT22:lms.skillfactory.ru-22cbc9c8a5934cc8b8a1683e57e61df8:d33d5bbc1e01ccd276c5442af3300152	https://lms.skillfactory.ru/courses/course-v1:SkillFactory+MIPTDS+SEPT22/xblock/block-v1:SkillFactory+MIPTDS+SEPT22+type@lti+block@22cbc9c8a5934cc8b8a1683e57e61df8/handler_noauth/grade_handler	False	submit	2026-08-13 14:11:53.853771
d33d5bbc1e01ccd276c5442af3300152		course-v1:SkillFactory+MIPTDS+SEPT22:lms.skillfactory.ru-22cbc9c8a5934cc8b8a1683e57e61df8:d33d5bbc1e01ccd276c5442af3300152	https://lms.skillfactory.ru/courses/course-v1:SkillFactory+MIPTDS+SEPT22/xblock/block-v1:SkillFactory+MIPTDS+SEPT22+type@lti+block@22cbc9c8a5934cc8b8a1683e57e61df8/handler_noauth/grade_handler	False	submit	2026-08-13 14:12:19.208531
d33d5bbc1e01ccd276c5442af3300152		course-v1:SkillFactory+MIPTDS+SEPT22:lms.skillfactory.ru-22cbc9c8a5934cc8b8a1683e57e61df8:d33d5bbc1e01ccd276c5442af3300152	https://lms.skillfactory.ru/courses/course-v1:SkillFactory+MIPTDS+SEPT22/xblock/block-v1:SkillFactory+MIPTDS+SEPT22+type@lti+block@22cbc9c8a5934cc8b8a1683e57e61df8/handler_noauth/grade_handler	False	submit	2026-08-13 14:12:37.954136
d33d5bbc1e01ccd276c5442af3300152		course-v1:SkillFactory+MIPTDS+SEPT22:lms.skillfactory.ru-22cbc9c8a5934cc8b8a1683e57e61df8:d33d5bbc1e01ccd276c5442af3300152	https://lms.skillfactory.ru/courses/course-v1:SkillFactory+MIPTDS+SEPT22/xblock/block-v1:SkillFactory+MIPTDS+SEPT22+type@lti+block@22cbc9c8a5934cc8b8a1683e57e61df8/handler_noauth/grade_handler	False	submit	2026-08-13 14:13:11.215411
ed0a0fec589664862c75c49979adf63d		course-v1:SkillFactory+SDA-3.0+FEB2021:lms.skillfactory.ru-d92abd56eb344525af35b213c0321a46:ed0a0fec589664862c75c49979adf63d	https://lms.skillfactory.ru/courses/course-v1:SkillFactory+SDA-3.0+FEB2021/xblock/block-v1:SkillFactory+SDA-3.0+FEB2021+type@lti+block@d92abd56eb344525af35b213c0321a46/handler_noauth/grade_handler	True	submit	2026-08-13 14:13:45.553437
d33d5bbc1e01ccd276c5442af3300152		course-v1:SkillFactory+MIPTDS+SEPT22:lms.skillfactory.ru-22cbc9c8a5934cc8b8a1683e57e61df8:d33d5bbc1e01ccd276c5442af3300152	https://lms.skillfactory.ru/courses/course-v1:SkillFactory+MIPTDS+SEPT22/xblock/block-v1:SkillFactory+MIPTDS+SEPT22+type@lti+block@22cbc9c8a5934cc8b8a1683e57e61df8/handler_noauth/grade_handler	False	submit	2026-08-13 14:13:50.971036
d33d5bbc1e01ccd276c5442af3300152		course-v1:SkillFactory+MIPTDS+SEPT22:lms.skillfactory.ru-22cbc9c8a5934cc8b8a1683e57e61df8:d33d5bbc1e01ccd276c5442af3300152	https://lms.skillfactory.ru/courses/course-v1:SkillFactory+MIPTDS+SEPT22/xblock/block-v1:SkillFactory+MIPTDS+SEPT22+type@lti+block@22cbc9c8a5934cc8b8a1683e57e61df8/handler_noauth/grade_handler	False	submit	2026-08-13 14:14:01.064547
d33d5bbc1e01ccd276c5442af3300152		course-v1:SkillFactory+MIPTDS+SEPT22:lms.skillfactory.ru-22cbc9c8a5934cc8b8a1683e57e61df8:d33d5bbc1e01ccd276c5442af3300152	https://lms.skillfactory.ru/courses/course-v1:SkillFactory+MIPTDS+SEPT22/xblock/block-v1:SkillFactory+MIPTDS+SEPT22+type@lti+block@22cbc9c8a5934cc8b8a1683e57e61df8/handler_noauth/grade_handler	False	submit	2026-08-13 14:15:53.897587
d33d5bbc1e01ccd276c5442af3300152		course-v1:SkillFactory+MIPTDS+SEPT22:lms.skillfactory.ru-22cbc9c8a5934cc8b8a1683e57e61df8:d33d5bbc1e01ccd276c5442af3300152	https://lms.skillfactory.ru/courses/course-v1:SkillFactory+MIPTDS+SEPT22/xblock/block-v1:SkillFactory+MIPTDS+SEPT22+type@lti+block@22cbc9c8a5934cc8b8a1683e57e61df8/handler_noauth/grade_handler	False	submit	2026-08-13 14:16:37.948446
d33d5bbc1e01ccd276c5442af3300152		course-v1:SkillFactory+MIPTDS+SEPT22:lms.skillfactory.ru-22cbc9c8a5934cc8b8a1683e57e61df8:d33d5bbc1e01ccd276c5442af3300152	https://lms.skillfactory.ru/courses/course-v1:SkillFactory+MIPTDS+SEPT22/xblock/block-v1:SkillFactory+MIPTDS+SEPT22+type@lti+block@22cbc9c8a5934cc8b8a1683e57e61df8/handler_noauth/grade_handler	False	submit	2026-08-13 14:16:52.395956
d33d5bbc1e01ccd276c5442af3300152		course-v1:SkillFactory+MIPTDS+SEPT22:lms.skillfactory.ru-22cbc9c8a5934cc8b8a1683e57e61df8:d33d5bbc1e01ccd276c5442af3300152	https://lms.skillfactory.ru/courses/course-v1:SkillFactory+MIPTDS+SEPT22/xblock/block-v1:SkillFactory+MIPTDS+SEPT22+type@lti+block@22cbc9c8a5934cc8b8a1683e57e61df8/handler_noauth/grade_handler	True	submit	2026-08-13 14:18:02.953841
95a377dfe1ea48eb9ecf00707aadab35		course-v1:SkillFactory+DAPR-2.0+MAR2021:lms.skillfactory.ru-4ee1755c410645ecb370ffbd9bbf6e01:95a377dfe1ea48eb9ecf00707aadab35		True	submit	2026-08-13 14:46:15.465615
f15d790a25227944029a87ae683a5d66		course-v1:SkillFactory+PDEV+2021:lms.skillfactory.ru-755bfd19c3cd4f928a6214ee56bb0bdf:f15d790a25227944029a87ae683a5d66	https://lms.skillfactory.ru/courses/course-v1:SkillFactory+PDEV+2021/xblock/block-v1:SkillFactory+PDEV+2021+type@lti+block@755bfd19c3cd4f928a6214ee56bb0bdf/handler_noauth/grade_handler	True	submit	2026-08-13 14:53:42.094512
99a607f040762d5b8ff8c7f2712b7a45		course-v1:SkillFactory+SDA-3.0+FEB2021:lms.skillfactory.ru-2c13743618b74113972268c4cfe3a5b4:99a607f040762d5b8ff8c7f2712b7a45	https://lms.skillfactory.ru/courses/course-v1:SkillFactory+SDA-3.0+FEB2021/xblock/block-v1:SkillFactory+SDA-3.0+FEB2021+type@lti+block@2c13743618b74113972268c4cfe3a5b4/handler_noauth/grade_handler	True	submit	2026-08-13 14:54:43.445179
99a607f040762d5b8ff8c7f2712b7a45		course-v1:SkillFactory+SDA-3.0+FEB2021:lms.skillfactory.ru-2c13743618b74113972268c4cfe3a5b4:99a607f040762d5b8ff8c7f2712b7a45	https://lms.skillfactory.ru/courses/course-v1:SkillFactory+SDA-3.0+FEB2021/xblock/block-v1:SkillFactory+SDA-3.0+FEB2021+type@lti+block@2c13743618b74113972268c4cfe3a5b4/handler_noauth/grade_handler	True	submit	2026-08-13 14:55:18.360873
99a607f040762d5b8ff8c7f2712b7a45		course-v1:SkillFactory+SDA-3.0+FEB2021:lms.skillfactory.ru-2c13743618b74113972268c4cfe3a5b4:99a607f040762d5b8ff8c7f2712b7a45	https://lms.skillfactory.ru/courses/course-v1:SkillFactory+SDA-3.0+FEB2021/xblock/block-v1:SkillFactory+SDA-3.0+FEB2021+type@lti+block@2c13743618b74113972268c4cfe3a5b4/handler_noauth/grade_handler	True	submit	2026-08-13 14:56:16.266920
99a607f040762d5b8ff8c7f2712b7a45		course-v1:SkillFactory+SDA-3.0+FEB2021:lms.skillfactory.ru-2c13743618b74113972268c4cfe3a5b4:99a607f040762d5b8ff8c7f2712b7a45	https://lms.skillfactory.ru/courses/course-v1:SkillFactory+SDA-3.0+FEB2021/xblock/block-v1:SkillFactory+SDA-3.0+FEB2021+type@lti+block@2c13743618b74113972268c4cfe3a5b4/handler_noauth/grade_handler	True	submit	2026-08-13 14:57:03.326905
99a607f040762d5b8ff8c7f2712b7a45		course-v1:SkillFactory+SDA-3.0+FEB2021:lms.skillfactory.ru-2c13743618b74113972268c4cfe3a5b4:99a607f040762d5b8ff8c7f2712b7a45	https://lms.skillfactory.ru/courses/course-v1:SkillFactory+SDA-3.0+FEB2021/xblock/block-v1:SkillFactory+SDA-3.0+FEB2021+type@lti+block@2c13743618b74113972268c4cfe3a5b4/handler_noauth/grade_handler	True	submit	2026-08-13 14:57:44.188048
f15d790a25227944029a87ae683a5d66		course-v1:SkillFactory+PDEV+2021:lms.skillfactory.ru-50aaa62fda7b4debac9d2ab2e94068ce:f15d790a25227944029a87ae683a5d66	https://lms.skillfactory.ru/courses/course-v1:SkillFactory+PDEV+2021/xblock/block-v1:SkillFactory+PDEV+2021+type@lti+block@50aaa62fda7b4debac9d2ab2e94068ce/handler_noauth/grade_handler	True	submit	2026-08-13 15:05:42.768311
f15d790a25227944029a87ae683a5d66		course-v1:SkillFactory+PDEV+2021:lms.skillfactory.ru-d5a2fa11b9d04cae8c3432f37c94c2d6:f15d790a25227944029a87ae683a5d66	https://lms.skillfactory.ru/courses/course-v1:SkillFactory+PDEV+2021/xblock/block-v1:SkillFactory+PDEV+2021+type@lti+block@d5a2fa11b9d04cae8c3432f37c94c2d6/handler_noauth/grade_handler	True	submit	2026-08-13 15:15:24.046215
f15d790a25227944029a87ae683a5d66		course-v1:SkillFactory+PDEV+2021:lms.skillfactory.ru-bd7c01fe2d25420f9758ab0353dcb031:f15d790a25227944029a87ae683a5d66	https://lms.skillfactory.ru/courses/course-v1:SkillFactory+PDEV+2021/xblock/block-v1:SkillFactory+PDEV+2021+type@lti+block@bd7c01fe2d25420f9758ab0353dcb031/handler_noauth/grade_handler	True	submit	2026-08-13 16:04:42.682197
f15d790a25227944029a87ae683a5d66		course-v1:SkillFactory+PDEV+2021:lms.skillfactory.ru-56cc65089a8e4b739c4f1bf974b87cae:f15d790a25227944029a87ae683a5d66	https://lms.skillfactory.ru/courses/course-v1:SkillFactory+PDEV+2021/xblock/block-v1:SkillFactory+PDEV+2021+type@lti+block@56cc65089a8e4b739c4f1bf974b87cae/handler_noauth/grade_handler	True	submit	2026-08-13 16:18:06.885421
f15d790a25227944029a87ae683a5d66		course-v1:SkillFactory+PDEV+2021:lms.skillfactory.ru-1904dcd355ed453bb163095f6e03f501:f15d790a25227944029a87ae683a5d66	https://lms.skillfactory.ru/courses/course-v1:SkillFactory+PDEV+2021/xblock/block-v1:SkillFactory+PDEV+2021+type@lti+block@1904dcd355ed453bb163095f6e03f501/handler_noauth/grade_handler	True	submit	2026-08-13 16:34:18.553443
f15d790a25227944029a87ae683a5d66		course-v1:SkillFactory+PDEV+2021:lms.skillfactory.ru-edc716a8b183475d8fa19a7428c50884:f15d790a25227944029a87ae683a5d66	https://lms.skillfactory.ru/courses/course-v1:SkillFactory+PDEV+2021/xblock/block-v1:SkillFactory+PDEV+2021+type@lti+block@edc716a8b183475d8fa19a7428c50884/handler_noauth/grade_handler	False	submit	2026-08-13 16:46:35.135740
f15d790a25227944029a87ae683a5d66		course-v1:SkillFactory+PDEV+2021:lms.skillfactory.ru-edc716a8b183475d8fa19a7428c50884:f15d790a25227944029a87ae683a5d66	https://lms.skillfactory.ru/courses/course-v1:SkillFactory+PDEV+2021/xblock/block-v1:SkillFactory+PDEV+2021+type@lti+block@edc716a8b183475d8fa19a7428c50884/handler_noauth/grade_handler	True	submit	2026-08-13 16:47:06.855162
f15d790a25227944029a87ae683a5d66		course-v1:SkillFactory+PDEV+2021:lms.skillfactory.ru-edc716a8b183475d8fa19a7428c50884:f15d790a25227944029a87ae683a5d66	https://lms.skillfactory.ru/courses/course-v1:SkillFactory+PDEV+2021/xblock/block-v1:SkillFactory+PDEV+2021+type@lti+block@edc716a8b183475d8fa19a7428c50884/handler_noauth/grade_handler	True	submit	2026-08-13 16:47:25.370756
f15d790a25227944029a87ae683a5d66		course-v1:SkillFactory+PDEV+2021:lms.skillfactory.ru-8c70e3f7309f4c2385208836380379b6:f15d790a25227944029a87ae683a5d66	https://lms.skillfactory.ru/courses/course-v1:SkillFactory+PDEV+2021/xblock/block-v1:SkillFactory+PDEV+2021+type@lti+block@8c70e3f7309f4c2385208836380379b6/handler_noauth/grade_handler	True	submit	2026-08-13 16:50:56.546406
f15d790a25227944029a87ae683a5d66		course-v1:SkillFactory+PDEV+2021:lms.skillfactory.ru-dba70fecb8aa4c6fac9c0beac320ed54:f15d790a25227944029a87ae683a5d66	https://lms.skillfactory.ru/courses/course-v1:SkillFactory+PDEV+2021/xblock/block-v1:SkillFactory+PDEV+2021+type@lti+block@dba70fecb8aa4c6fac9c0beac320ed54/handler_noauth/grade_handler	True	submit	2026-08-13 16:53:36.666196
ed0a0fec589664862c75c49979adf63d		course-v1:SkillFactory+SDA-3.0+FEB2021:lms.skillfactory.ru-746788f6365f45e5ab3f9deafdec5205:ed0a0fec589664862c75c49979adf63d	https://lms.skillfactory.ru/courses/course-v1:SkillFactory+SDA-3.0+FEB2021/xblock/block-v1:SkillFactory+SDA-3.0+FEB2021+type@lti+block@746788f6365f45e5ab3f9deafdec5205/handler_noauth/grade_handler	True	submit	2026-08-13 17:17:13.892864
399d9445a9eef1604ef48a6c952da542		course-v1:skillfactory+MIFIDEV-2_session_2_retake+2026:lms.skillfactory.ru-21792d99ec7f49efb1ac08654fe180b8:399d9445a9eef1604ef48a6c952da542	https://lms.skillfactory.ru/courses/course-v1:skillfactory+MIFIDEV-2_session_2_retake+2026/xblock/block-v1:skillfactory+MIFIDEV-2_session_2_retake+2026+type@lti+block@21792d99ec7f49efb1ac08654fe180b8/handler_noauth/grade_handler	False	submit	2026-08-14 00:23:13.626824
f15d790a25227944029a87ae683a5d66		course-v1:SkillFactory+PDEV+2021:lms.skillfactory.ru-d8bc26d2b7a8465b897546d5764025db:f15d790a25227944029a87ae683a5d66	https://lms.skillfactory.ru/courses/course-v1:SkillFactory+PDEV+2021/xblock/block-v1:SkillFactory+PDEV+2021+type@lti+block@d8bc26d2b7a8465b897546d5764025db/handler_noauth/grade_handler	False	submit	2026-08-14 09:57:36.935929
399d9445a9eef1604ef48a6c952da542		course-v1:skillfactory+MIFIDEV-2_session_2_retake+2026:lms.skillfactory.ru-21792d99ec7f49efb1ac08654fe180b8:399d9445a9eef1604ef48a6c952da542	https://lms.skillfactory.ru/courses/course-v1:skillfactory+MIFIDEV-2_session_2_retake+2026/xblock/block-v1:skillfactory+MIFIDEV-2_session_2_retake+2026+type@lti+block@21792d99ec7f49efb1ac08654fe180b8/handler_noauth/grade_handler	False	submit	2026-08-14 00:24:48.385040
399d9445a9eef1604ef48a6c952da542		course-v1:skillfactory+MIFIDEV-2_session_2_retake+2026:lms.skillfactory.ru-21792d99ec7f49efb1ac08654fe180b8:399d9445a9eef1604ef48a6c952da542	https://lms.skillfactory.ru/courses/course-v1:skillfactory+MIFIDEV-2_session_2_retake+2026/xblock/block-v1:skillfactory+MIFIDEV-2_session_2_retake+2026+type@lti+block@21792d99ec7f49efb1ac08654fe180b8/handler_noauth/grade_handler	False	submit	2026-08-14 00:26:18.019037
399d9445a9eef1604ef48a6c952da542		course-v1:skillfactory+MIFIDEV-2_session_2_retake+2026:lms.skillfactory.ru-21792d99ec7f49efb1ac08654fe180b8:399d9445a9eef1604ef48a6c952da542	https://lms.skillfactory.ru/courses/course-v1:skillfactory+MIFIDEV-2_session_2_retake+2026/xblock/block-v1:skillfactory+MIFIDEV-2_session_2_retake+2026+type@lti+block@21792d99ec7f49efb1ac08654fe180b8/handler_noauth/grade_handler	False	submit	2026-08-14 00:27:23.398189
399d9445a9eef1604ef48a6c952da542		course-v1:skillfactory+MIFIDEV-2_session_2_retake+2026:lms.skillfactory.ru-21792d99ec7f49efb1ac08654fe180b8:399d9445a9eef1604ef48a6c952da542	https://lms.skillfactory.ru/courses/course-v1:skillfactory+MIFIDEV-2_session_2_retake+2026/xblock/block-v1:skillfactory+MIFIDEV-2_session_2_retake+2026+type@lti+block@21792d99ec7f49efb1ac08654fe180b8/handler_noauth/grade_handler	False	submit	2026-08-14 00:30:13.686791
399d9445a9eef1604ef48a6c952da542		course-v1:skillfactory+MIFIDEV-2_session_2_retake+2026:lms.skillfactory.ru-21792d99ec7f49efb1ac08654fe180b8:399d9445a9eef1604ef48a6c952da542	https://lms.skillfactory.ru/courses/course-v1:skillfactory+MIFIDEV-2_session_2_retake+2026/xblock/block-v1:skillfactory+MIFIDEV-2_session_2_retake+2026+type@lti+block@21792d99ec7f49efb1ac08654fe180b8/handler_noauth/grade_handler	False	submit	2026-08-14 00:32:10.561620
399d9445a9eef1604ef48a6c952da542		course-v1:skillfactory+MIFIDEV-2_session_2_retake+2026:lms.skillfactory.ru-ef8957c129324eddade1c96b805a5fc5:399d9445a9eef1604ef48a6c952da542	https://lms.skillfactory.ru/courses/course-v1:skillfactory+MIFIDEV-2_session_2_retake+2026/xblock/block-v1:skillfactory+MIFIDEV-2_session_2_retake+2026+type@lti+block@ef8957c129324eddade1c96b805a5fc5/handler_noauth/grade_handler	True	submit	2026-08-14 00:32:10.877341
399d9445a9eef1604ef48a6c952da542		course-v1:skillfactory+MIFIDEV-2_session_2_retake+2026:lms.skillfactory.ru-21792d99ec7f49efb1ac08654fe180b8:399d9445a9eef1604ef48a6c952da542	https://lms.skillfactory.ru/courses/course-v1:skillfactory+MIFIDEV-2_session_2_retake+2026/xblock/block-v1:skillfactory+MIFIDEV-2_session_2_retake+2026+type@lti+block@21792d99ec7f49efb1ac08654fe180b8/handler_noauth/grade_handler	False	submit	2026-08-14 00:32:56.631815
399d9445a9eef1604ef48a6c952da542		course-v1:skillfactory+MIFIDEV-2_session_2_retake+2026:lms.skillfactory.ru-14b99a5c620c42e1959d13f41b3210f6:399d9445a9eef1604ef48a6c952da542	https://lms.skillfactory.ru/courses/course-v1:skillfactory+MIFIDEV-2_session_2_retake+2026/xblock/block-v1:skillfactory+MIFIDEV-2_session_2_retake+2026+type@lti+block@14b99a5c620c42e1959d13f41b3210f6/handler_noauth/grade_handler	True	submit	2026-08-14 00:33:36.737294
399d9445a9eef1604ef48a6c952da542		course-v1:skillfactory+MIFIDEV-2_session_2_retake+2026:lms.skillfactory.ru-21792d99ec7f49efb1ac08654fe180b8:399d9445a9eef1604ef48a6c952da542	https://lms.skillfactory.ru/courses/course-v1:skillfactory+MIFIDEV-2_session_2_retake+2026/xblock/block-v1:skillfactory+MIFIDEV-2_session_2_retake+2026+type@lti+block@21792d99ec7f49efb1ac08654fe180b8/handler_noauth/grade_handler	False	submit	2026-08-14 00:34:34.750610
399d9445a9eef1604ef48a6c952da542		course-v1:skillfactory+MIFIDEV-2_session_2_retake+2026:lms.skillfactory.ru-21792d99ec7f49efb1ac08654fe180b8:399d9445a9eef1604ef48a6c952da542	https://lms.skillfactory.ru/courses/course-v1:skillfactory+MIFIDEV-2_session_2_retake+2026/xblock/block-v1:skillfactory+MIFIDEV-2_session_2_retake+2026+type@lti+block@21792d99ec7f49efb1ac08654fe180b8/handler_noauth/grade_handler	False	submit	2026-08-14 00:36:13.363538
399d9445a9eef1604ef48a6c952da542		course-v1:skillfactory+MIFIDEV-2_session_2_retake+2026:lms.skillfactory.ru-21792d99ec7f49efb1ac08654fe180b8:399d9445a9eef1604ef48a6c952da542	https://lms.skillfactory.ru/courses/course-v1:skillfactory+MIFIDEV-2_session_2_retake+2026/xblock/block-v1:skillfactory+MIFIDEV-2_session_2_retake+2026+type@lti+block@21792d99ec7f49efb1ac08654fe180b8/handler_noauth/grade_handler	False	submit	2026-08-14 00:36:49.643516
399d9445a9eef1604ef48a6c952da542		course-v1:skillfactory+MIFIDEV-2_session_2_retake+2026:lms.skillfactory.ru-21792d99ec7f49efb1ac08654fe180b8:399d9445a9eef1604ef48a6c952da542	https://lms.skillfactory.ru/courses/course-v1:skillfactory+MIFIDEV-2_session_2_retake+2026/xblock/block-v1:skillfactory+MIFIDEV-2_session_2_retake+2026+type@lti+block@21792d99ec7f49efb1ac08654fe180b8/handler_noauth/grade_handler	False	submit	2026-08-14 00:37:23.687262
399d9445a9eef1604ef48a6c952da542		course-v1:skillfactory+MIFIDEV-2_session_2_retake+2026:lms.skillfactory.ru-21792d99ec7f49efb1ac08654fe180b8:399d9445a9eef1604ef48a6c952da542	https://lms.skillfactory.ru/courses/course-v1:skillfactory+MIFIDEV-2_session_2_retake+2026/xblock/block-v1:skillfactory+MIFIDEV-2_session_2_retake+2026+type@lti+block@21792d99ec7f49efb1ac08654fe180b8/handler_noauth/grade_handler	False	submit	2026-08-14 00:38:27.865110
399d9445a9eef1604ef48a6c952da542		course-v1:skillfactory+MIFIDEV-2_session_2_retake+2026:lms.skillfactory.ru-ef8957c129324eddade1c96b805a5fc5:399d9445a9eef1604ef48a6c952da542	https://lms.skillfactory.ru/courses/course-v1:skillfactory+MIFIDEV-2_session_2_retake+2026/xblock/block-v1:skillfactory+MIFIDEV-2_session_2_retake+2026+type@lti+block@ef8957c129324eddade1c96b805a5fc5/handler_noauth/grade_handler	True	submit	2026-08-14 00:39:43.966848
399d9445a9eef1604ef48a6c952da542		course-v1:skillfactory+MIFIDEV-2_session_2_retake+2026:lms.skillfactory.ru-5fdfc8a82dba499a920e2afe3ca37179:399d9445a9eef1604ef48a6c952da542	https://lms.skillfactory.ru/courses/course-v1:skillfactory+MIFIDEV-2_session_2_retake+2026/xblock/block-v1:skillfactory+MIFIDEV-2_session_2_retake+2026+type@lti+block@5fdfc8a82dba499a920e2afe3ca37179/handler_noauth/grade_handler	False	submit	2026-08-14 00:43:07.627165
399d9445a9eef1604ef48a6c952da542		course-v1:skillfactory+MIFIDEV-2_session_2_retake+2026:lms.skillfactory.ru-5fdfc8a82dba499a920e2afe3ca37179:399d9445a9eef1604ef48a6c952da542	https://lms.skillfactory.ru/courses/course-v1:skillfactory+MIFIDEV-2_session_2_retake+2026/xblock/block-v1:skillfactory+MIFIDEV-2_session_2_retake+2026+type@lti+block@5fdfc8a82dba499a920e2afe3ca37179/handler_noauth/grade_handler	True	submit	2026-08-14 00:43:59.910969
399d9445a9eef1604ef48a6c952da542		course-v1:skillfactory+MIFIDEV-2_session_2_retake+2026:lms.skillfactory.ru-05e3539dc23443c8898ccf3500cc040d:399d9445a9eef1604ef48a6c952da542	https://lms.skillfactory.ru/courses/course-v1:skillfactory+MIFIDEV-2_session_2_retake+2026/xblock/block-v1:skillfactory+MIFIDEV-2_session_2_retake+2026+type@lti+block@05e3539dc23443c8898ccf3500cc040d/handler_noauth/grade_handler	True	submit	2026-08-14 00:45:00.488211
399d9445a9eef1604ef48a6c952da542		course-v1:skillfactory+MIFIDEV-2_session_2_retake+2026:lms.skillfactory.ru-41b83da4d03f4667b360b3ca1bd9ab2e:399d9445a9eef1604ef48a6c952da542	https://lms.skillfactory.ru/courses/course-v1:skillfactory+MIFIDEV-2_session_2_retake+2026/xblock/block-v1:skillfactory+MIFIDEV-2_session_2_retake+2026+type@lti+block@41b83da4d03f4667b360b3ca1bd9ab2e/handler_noauth/grade_handler	True	submit	2026-08-14 00:46:04.048135
ed0a0fec589664862c75c49979adf63d		course-v1:SkillFactory+SDA-3.0+FEB2021:lms.skillfactory.ru-3c042e38dbd04b6b9a21425e37b869f2:ed0a0fec589664862c75c49979adf63d	https://lms.skillfactory.ru/courses/course-v1:SkillFactory+SDA-3.0+FEB2021/xblock/block-v1:SkillFactory+SDA-3.0+FEB2021+type@lti+block@3c042e38dbd04b6b9a21425e37b869f2/handler_noauth/grade_handler	True	submit	2026-08-14 07:18:43.313047
ed0a0fec589664862c75c49979adf63d		course-v1:SkillFactory+SDA-3.0+FEB2021:lms.skillfactory.ru-746788f6365f45e5ab3f9deafdec5205:ed0a0fec589664862c75c49979adf63d	https://lms.skillfactory.ru/courses/course-v1:SkillFactory+SDA-3.0+FEB2021/xblock/block-v1:SkillFactory+SDA-3.0+FEB2021+type@lti+block@746788f6365f45e5ab3f9deafdec5205/handler_noauth/grade_handler	True	submit	2026-08-14 07:23:15.584855
ed0a0fec589664862c75c49979adf63d		course-v1:SkillFactory+SDA-3.0+FEB2021:lms.skillfactory.ru-96cf9784b58147f9ba373aa59e2d853e:ed0a0fec589664862c75c49979adf63d	https://lms.skillfactory.ru/courses/course-v1:SkillFactory+SDA-3.0+FEB2021/xblock/block-v1:SkillFactory+SDA-3.0+FEB2021+type@lti+block@96cf9784b58147f9ba373aa59e2d853e/handler_noauth/grade_handler	False	submit	2026-08-14 08:57:56.415783
f15d790a25227944029a87ae683a5d66		course-v1:SkillFactory+PDEV+2021:lms.skillfactory.ru-8c36593680984566a8bcba42e065cbb8:f15d790a25227944029a87ae683a5d66	https://lms.skillfactory.ru/courses/course-v1:SkillFactory+PDEV+2021/xblock/block-v1:SkillFactory+PDEV+2021+type@lti+block@8c36593680984566a8bcba42e065cbb8/handler_noauth/grade_handler	False	submit	2026-08-14 09:20:23.626676
f15d790a25227944029a87ae683a5d66		course-v1:SkillFactory+PDEV+2021:lms.skillfactory.ru-8c36593680984566a8bcba42e065cbb8:f15d790a25227944029a87ae683a5d66	https://lms.skillfactory.ru/courses/course-v1:SkillFactory+PDEV+2021/xblock/block-v1:SkillFactory+PDEV+2021+type@lti+block@8c36593680984566a8bcba42e065cbb8/handler_noauth/grade_handler	False	submit	2026-08-14 09:30:04.470517
f15d790a25227944029a87ae683a5d66		course-v1:SkillFactory+PDEV+2021:lms.skillfactory.ru-8c36593680984566a8bcba42e065cbb8:f15d790a25227944029a87ae683a5d66	https://lms.skillfactory.ru/courses/course-v1:SkillFactory+PDEV+2021/xblock/block-v1:SkillFactory+PDEV+2021+type@lti+block@8c36593680984566a8bcba42e065cbb8/handler_noauth/grade_handler	False	submit	2026-08-14 09:32:11.873924
f15d790a25227944029a87ae683a5d66		course-v1:SkillFactory+PDEV+2021:lms.skillfactory.ru-8c36593680984566a8bcba42e065cbb8:f15d790a25227944029a87ae683a5d66	https://lms.skillfactory.ru/courses/course-v1:SkillFactory+PDEV+2021/xblock/block-v1:SkillFactory+PDEV+2021+type@lti+block@8c36593680984566a8bcba42e065cbb8/handler_noauth/grade_handler	False	submit	2026-08-14 09:33:12.807474
f15d790a25227944029a87ae683a5d66		course-v1:SkillFactory+PDEV+2021:lms.skillfactory.ru-8c36593680984566a8bcba42e065cbb8:f15d790a25227944029a87ae683a5d66	https://lms.skillfactory.ru/courses/course-v1:SkillFactory+PDEV+2021/xblock/block-v1:SkillFactory+PDEV+2021+type@lti+block@8c36593680984566a8bcba42e065cbb8/handler_noauth/grade_handler	False	submit	2026-08-14 09:34:10.793711
f15d790a25227944029a87ae683a5d66		course-v1:SkillFactory+PDEV+2021:lms.skillfactory.ru-8c36593680984566a8bcba42e065cbb8:f15d790a25227944029a87ae683a5d66	https://lms.skillfactory.ru/courses/course-v1:SkillFactory+PDEV+2021/xblock/block-v1:SkillFactory+PDEV+2021+type@lti+block@8c36593680984566a8bcba42e065cbb8/handler_noauth/grade_handler	False	submit	2026-08-14 09:34:26.823218
f15d790a25227944029a87ae683a5d66		course-v1:SkillFactory+PDEV+2021:lms.skillfactory.ru-8c36593680984566a8bcba42e065cbb8:f15d790a25227944029a87ae683a5d66	https://lms.skillfactory.ru/courses/course-v1:SkillFactory+PDEV+2021/xblock/block-v1:SkillFactory+PDEV+2021+type@lti+block@8c36593680984566a8bcba42e065cbb8/handler_noauth/grade_handler	False	submit	2026-08-14 09:34:32.724672
f15d790a25227944029a87ae683a5d66		course-v1:SkillFactory+PDEV+2021:lms.skillfactory.ru-8c36593680984566a8bcba42e065cbb8:f15d790a25227944029a87ae683a5d66	https://lms.skillfactory.ru/courses/course-v1:SkillFactory+PDEV+2021/xblock/block-v1:SkillFactory+PDEV+2021+type@lti+block@8c36593680984566a8bcba42e065cbb8/handler_noauth/grade_handler	False	submit	2026-08-14 09:34:45.516737
f15d790a25227944029a87ae683a5d66		course-v1:SkillFactory+PDEV+2021:lms.skillfactory.ru-8c36593680984566a8bcba42e065cbb8:f15d790a25227944029a87ae683a5d66	https://lms.skillfactory.ru/courses/course-v1:SkillFactory+PDEV+2021/xblock/block-v1:SkillFactory+PDEV+2021+type@lti+block@8c36593680984566a8bcba42e065cbb8/handler_noauth/grade_handler	False	submit	2026-08-14 09:34:50.100259
f15d790a25227944029a87ae683a5d66		course-v1:SkillFactory+PDEV+2021:lms.skillfactory.ru-8c36593680984566a8bcba42e065cbb8:f15d790a25227944029a87ae683a5d66	https://lms.skillfactory.ru/courses/course-v1:SkillFactory+PDEV+2021/xblock/block-v1:SkillFactory+PDEV+2021+type@lti+block@8c36593680984566a8bcba42e065cbb8/handler_noauth/grade_handler	False	submit	2026-08-14 09:35:46.315324
f15d790a25227944029a87ae683a5d66		course-v1:SkillFactory+PDEV+2021:lms.skillfactory.ru-8c36593680984566a8bcba42e065cbb8:f15d790a25227944029a87ae683a5d66	https://lms.skillfactory.ru/courses/course-v1:SkillFactory+PDEV+2021/xblock/block-v1:SkillFactory+PDEV+2021+type@lti+block@8c36593680984566a8bcba42e065cbb8/handler_noauth/grade_handler	True	submit	2026-08-14 09:36:30.345356
f15d790a25227944029a87ae683a5d66		course-v1:SkillFactory+PDEV+2021:lms.skillfactory.ru-d8bc26d2b7a8465b897546d5764025db:f15d790a25227944029a87ae683a5d66	https://lms.skillfactory.ru/courses/course-v1:SkillFactory+PDEV+2021/xblock/block-v1:SkillFactory+PDEV+2021+type@lti+block@d8bc26d2b7a8465b897546d5764025db/handler_noauth/grade_handler	False	submit	2026-08-14 09:49:20.606980
f15d790a25227944029a87ae683a5d66		course-v1:SkillFactory+PDEV+2021:lms.skillfactory.ru-d8bc26d2b7a8465b897546d5764025db:f15d790a25227944029a87ae683a5d66	https://lms.skillfactory.ru/courses/course-v1:SkillFactory+PDEV+2021/xblock/block-v1:SkillFactory+PDEV+2021+type@lti+block@d8bc26d2b7a8465b897546d5764025db/handler_noauth/grade_handler	False	submit	2026-08-14 09:54:42.755549
f15d790a25227944029a87ae683a5d66		course-v1:SkillFactory+PDEV+2021:lms.skillfactory.ru-d8bc26d2b7a8465b897546d5764025db:f15d790a25227944029a87ae683a5d66	https://lms.skillfactory.ru/courses/course-v1:SkillFactory+PDEV+2021/xblock/block-v1:SkillFactory+PDEV+2021+type@lti+block@d8bc26d2b7a8465b897546d5764025db/handler_noauth/grade_handler	False	submit	2026-08-14 09:56:11.667235
f15d790a25227944029a87ae683a5d66		course-v1:SkillFactory+PDEV+2021:lms.skillfactory.ru-d8bc26d2b7a8465b897546d5764025db:f15d790a25227944029a87ae683a5d66	https://lms.skillfactory.ru/courses/course-v1:SkillFactory+PDEV+2021/xblock/block-v1:SkillFactory+PDEV+2021+type@lti+block@d8bc26d2b7a8465b897546d5764025db/handler_noauth/grade_handler	False	submit	2026-08-14 09:56:29.820332
f15d790a25227944029a87ae683a5d66		course-v1:SkillFactory+PDEV+2021:lms.skillfactory.ru-d8bc26d2b7a8465b897546d5764025db:f15d790a25227944029a87ae683a5d66	https://lms.skillfactory.ru/courses/course-v1:SkillFactory+PDEV+2021/xblock/block-v1:SkillFactory+PDEV+2021+type@lti+block@d8bc26d2b7a8465b897546d5764025db/handler_noauth/grade_handler	False	submit	2026-08-14 09:57:31.539524
f15d790a25227944029a87ae683a5d66		course-v1:SkillFactory+PDEV+2021:lms.skillfactory.ru-d8bc26d2b7a8465b897546d5764025db:f15d790a25227944029a87ae683a5d66	https://lms.skillfactory.ru/courses/course-v1:SkillFactory+PDEV+2021/xblock/block-v1:SkillFactory+PDEV+2021+type@lti+block@d8bc26d2b7a8465b897546d5764025db/handler_noauth/grade_handler	False	submit	2026-08-14 09:59:11.683088
ed0a0fec589664862c75c49979adf63d		course-v1:SkillFactory+SDA-3.0+FEB2021:lms.skillfactory.ru-098e7ab9dd68469f9e81592b542b2434:ed0a0fec589664862c75c49979adf63d	https://lms.skillfactory.ru/courses/course-v1:SkillFactory+SDA-3.0+FEB2021/xblock/block-v1:SkillFactory+SDA-3.0+FEB2021+type@lti+block@098e7ab9dd68469f9e81592b542b2434/handler_noauth/grade_handler	True	submit	2026-08-14 10:06:39.361573
c865fb05433b70f6a93585fe6d47ab37		course-v1:SkillFactory+DAPR-2.0+MAR2021:lms.skillfactory.ru-1f76ceae16034726b2f5530a3e0bd31c:c865fb05433b70f6a93585fe6d47ab37	https://lms.skillfactory.ru/courses/course-v1:SkillFactory+DAPR-2.0+MAR2021/xblock/block-v1:SkillFactory+DAPR-2.0+MAR2021+type@lti+block@1f76ceae16034726b2f5530a3e0bd31c/handler_noauth/grade_handler	False	submit	2026-08-14 10:38:22.849681
d33d5bbc1e01ccd276c5442af3300152		course-v1:SkillFactory+MIPTDS+SEPT22:lms.skillfactory.ru-e4c3af4283ad4381a377dcce99424205:d33d5bbc1e01ccd276c5442af3300152	https://lms.skillfactory.ru/courses/course-v1:SkillFactory+MIPTDS+SEPT22/xblock/block-v1:SkillFactory+MIPTDS+SEPT22+type@lti+block@e4c3af4283ad4381a377dcce99424205/handler_noauth/grade_handler	False	submit	2026-08-14 10:38:38.762910
d33d5bbc1e01ccd276c5442af3300152		course-v1:SkillFactory+MIPTDS+SEPT22:lms.skillfactory.ru-e4c3af4283ad4381a377dcce99424205:d33d5bbc1e01ccd276c5442af3300152	https://lms.skillfactory.ru/courses/course-v1:SkillFactory+MIPTDS+SEPT22/xblock/block-v1:SkillFactory+MIPTDS+SEPT22+type@lti+block@e4c3af4283ad4381a377dcce99424205/handler_noauth/grade_handler	False	submit	2026-08-14 10:39:20.517295
c865fb05433b70f6a93585fe6d47ab37		course-v1:SkillFactory+DAPR-2.0+MAR2021:lms.skillfactory.ru-1f76ceae16034726b2f5530a3e0bd31c:c865fb05433b70f6a93585fe6d47ab37	https://lms.skillfactory.ru/courses/course-v1:SkillFactory+DAPR-2.0+MAR2021/xblock/block-v1:SkillFactory+DAPR-2.0+MAR2021+type@lti+block@1f76ceae16034726b2f5530a3e0bd31c/handler_noauth/grade_handler	True	submit	2026-08-14 10:39:26.400438
d33d5bbc1e01ccd276c5442af3300152		course-v1:SkillFactory+MIPTDS+SEPT22:lms.skillfactory.ru-e4c3af4283ad4381a377dcce99424205:d33d5bbc1e01ccd276c5442af3300152	https://lms.skillfactory.ru/courses/course-v1:SkillFactory+MIPTDS+SEPT22/xblock/block-v1:SkillFactory+MIPTDS+SEPT22+type@lti+block@e4c3af4283ad4381a377dcce99424205/handler_noauth/grade_handler	False	submit	2026-08-14 10:39:54.665057
d33d5bbc1e01ccd276c5442af3300152		course-v1:SkillFactory+MIPTDS+SEPT22:lms.skillfactory.ru-e4c3af4283ad4381a377dcce99424205:d33d5bbc1e01ccd276c5442af3300152	https://lms.skillfactory.ru/courses/course-v1:SkillFactory+MIPTDS+SEPT22/xblock/block-v1:SkillFactory+MIPTDS+SEPT22+type@lti+block@e4c3af4283ad4381a377dcce99424205/handler_noauth/grade_handler	False	submit	2026-08-14 10:40:54.030297
c865fb05433b70f6a93585fe6d47ab37		course-v1:SkillFactory+DAPR-2.0+MAR2021:lms.skillfactory.ru-1f76ceae16034726b2f5530a3e0bd31c:c865fb05433b70f6a93585fe6d47ab37	https://lms.skillfactory.ru/courses/course-v1:SkillFactory+DAPR-2.0+MAR2021/xblock/block-v1:SkillFactory+DAPR-2.0+MAR2021+type@lti+block@1f76ceae16034726b2f5530a3e0bd31c/handler_noauth/grade_handler	False	submit	2026-08-14 10:40:59.805175
d33d5bbc1e01ccd276c5442af3300152		course-v1:SkillFactory+MIPTDS+SEPT22:lms.skillfactory.ru-e4c3af4283ad4381a377dcce99424205:d33d5bbc1e01ccd276c5442af3300152	https://lms.skillfactory.ru/courses/course-v1:SkillFactory+MIPTDS+SEPT22/xblock/block-v1:SkillFactory+MIPTDS+SEPT22+type@lti+block@e4c3af4283ad4381a377dcce99424205/handler_noauth/grade_handler	False	submit	2026-08-14 10:41:47.270501
c865fb05433b70f6a93585fe6d47ab37		course-v1:SkillFactory+DAPR-2.0+MAR2021:lms.skillfactory.ru-1f76ceae16034726b2f5530a3e0bd31c:c865fb05433b70f6a93585fe6d47ab37	https://lms.skillfactory.ru/courses/course-v1:SkillFactory+DAPR-2.0+MAR2021/xblock/block-v1:SkillFactory+DAPR-2.0+MAR2021+type@lti+block@1f76ceae16034726b2f5530a3e0bd31c/handler_noauth/grade_handler	False	submit	2026-08-14 10:42:42.982280
d33d5bbc1e01ccd276c5442af3300152		course-v1:SkillFactory+MIPTDS+SEPT22:lms.skillfactory.ru-e4c3af4283ad4381a377dcce99424205:d33d5bbc1e01ccd276c5442af3300152	https://lms.skillfactory.ru/courses/course-v1:SkillFactory+MIPTDS+SEPT22/xblock/block-v1:SkillFactory+MIPTDS+SEPT22+type@lti+block@e4c3af4283ad4381a377dcce99424205/handler_noauth/grade_handler	False	submit	2026-08-14 10:44:10.318625
d33d5bbc1e01ccd276c5442af3300152		course-v1:SkillFactory+MIPTDS+SEPT22:lms.skillfactory.ru-e4c3af4283ad4381a377dcce99424205:d33d5bbc1e01ccd276c5442af3300152	https://lms.skillfactory.ru/courses/course-v1:SkillFactory+MIPTDS+SEPT22/xblock/block-v1:SkillFactory+MIPTDS+SEPT22+type@lti+block@e4c3af4283ad4381a377dcce99424205/handler_noauth/grade_handler	False	submit	2026-08-14 10:44:20.242610
c865fb05433b70f6a93585fe6d47ab37		course-v1:SkillFactory+DAPR-2.0+MAR2021:lms.skillfactory.ru-1f76ceae16034726b2f5530a3e0bd31c:c865fb05433b70f6a93585fe6d47ab37	https://lms.skillfactory.ru/courses/course-v1:SkillFactory+DAPR-2.0+MAR2021/xblock/block-v1:SkillFactory+DAPR-2.0+MAR2021+type@lti+block@1f76ceae16034726b2f5530a3e0bd31c/handler_noauth/grade_handler	True	submit	2026-08-14 10:44:54.124485
d33d5bbc1e01ccd276c5442af3300152		course-v1:SkillFactory+MIPTDS+SEPT22:lms.skillfactory.ru-e4c3af4283ad4381a377dcce99424205:d33d5bbc1e01ccd276c5442af3300152	https://lms.skillfactory.ru/courses/course-v1:SkillFactory+MIPTDS+SEPT22/xblock/block-v1:SkillFactory+MIPTDS+SEPT22+type@lti+block@e4c3af4283ad4381a377dcce99424205/handler_noauth/grade_handler	False	submit	2026-08-14 10:44:54.463782
d33d5bbc1e01ccd276c5442af3300152		course-v1:SkillFactory+MIPTDS+SEPT22:lms.skillfactory.ru-e4c3af4283ad4381a377dcce99424205:d33d5bbc1e01ccd276c5442af3300152	https://lms.skillfactory.ru/courses/course-v1:SkillFactory+MIPTDS+SEPT22/xblock/block-v1:SkillFactory+MIPTDS+SEPT22+type@lti+block@e4c3af4283ad4381a377dcce99424205/handler_noauth/grade_handler	True	submit	2026-08-14 10:48:54.798180
b06e2f9b2f52aa47a56ebb333ef85eee		course-v1:SkillFactory+SQL-FREE+16JUN2021:lms.skillfactory.ru-59fedbfbe70c4ebd833dc1e1e301f9e0:b06e2f9b2f52aa47a56ebb333ef85eee	https://lms.skillfactory.ru/courses/course-v1:SkillFactory+SQL-FREE+16JUN2021/xblock/block-v1:SkillFactory+SQL-FREE+16JUN2021+type@lti+block@59fedbfbe70c4ebd833dc1e1e301f9e0/handler_noauth/grade_handler	True	submit	2026-08-14 11:08:05.004833
b06e2f9b2f52aa47a56ebb333ef85eee		course-v1:SkillFactory+SQL-FREE+16JUN2021:lms.skillfactory.ru-59fedbfbe70c4ebd833dc1e1e301f9e0:b06e2f9b2f52aa47a56ebb333ef85eee	https://lms.skillfactory.ru/courses/course-v1:SkillFactory+SQL-FREE+16JUN2021/xblock/block-v1:SkillFactory+SQL-FREE+16JUN2021+type@lti+block@59fedbfbe70c4ebd833dc1e1e301f9e0/handler_noauth/grade_handler	True	submit	2026-08-14 11:21:21.861830
ed0a0fec589664862c75c49979adf63d		course-v1:SkillFactory+SDA-3.0+FEB2021:lms.skillfactory.ru-96cf9784b58147f9ba373aa59e2d853e:ed0a0fec589664862c75c49979adf63d	https://lms.skillfactory.ru/courses/course-v1:SkillFactory+SDA-3.0+FEB2021/xblock/block-v1:SkillFactory+SDA-3.0+FEB2021+type@lti+block@96cf9784b58147f9ba373aa59e2d853e/handler_noauth/grade_handler	True	submit	2026-08-14 11:24:13.393772
95a377dfe1ea48eb9ecf00707aadab35		course-v1:SkillFactory+DAPR-2.0+MAR2021:lms.skillfactory.ru-a818c631e7024a34b520a42b1fb75e4e:95a377dfe1ea48eb9ecf00707aadab35		True	submit	2026-08-14 11:25:08.725995
ed0a0fec589664862c75c49979adf63d		course-v1:SkillFactory+SDA-3.0+FEB2021:lms.skillfactory.ru-098e7ab9dd68469f9e81592b542b2434:ed0a0fec589664862c75c49979adf63d	https://lms.skillfactory.ru/courses/course-v1:SkillFactory+SDA-3.0+FEB2021/xblock/block-v1:SkillFactory+SDA-3.0+FEB2021+type@lti+block@098e7ab9dd68469f9e81592b542b2434/handler_noauth/grade_handler	True	submit	2026-08-14 11:29:02.316839
d33d5bbc1e01ccd276c5442af3300152		course-v1:SkillFactory+MIPTDS+SEPT22:lms.skillfactory.ru-a01b3cad49fb41b091b84b269ea71172:d33d5bbc1e01ccd276c5442af3300152		False	submit	2026-08-14 12:36:38.152854
0824a3cf8c4a5ce883221108cf3f8475		course-v1:skillfactory+MIFIML-1sem+2025:lms.skillfactory.ru-50338f1010b4451a86ea924efe3d428e:0824a3cf8c4a5ce883221108cf3f8475	https://lms.skillfactory.ru/courses/course-v1:skillfactory+MIFIML-1sem+2025/xblock/block-v1:skillfactory+MIFIML-1sem+2025+type@lti+block@50338f1010b4451a86ea924efe3d428e/handler_noauth/grade_handler	True	submit	2026-08-14 12:41:33.347424
95a377dfe1ea48eb9ecf00707aadab35		course-v1:SkillFactory+DAPR-2.0+MAR2021:lms.skillfactory.ru-dc3d23cf5b224fd9a9edb4f59ceac192:95a377dfe1ea48eb9ecf00707aadab35		False	submit	2026-08-14 12:52:22.188239
95a377dfe1ea48eb9ecf00707aadab35		course-v1:SkillFactory+DAPR-2.0+MAR2021:lms.skillfactory.ru-dc3d23cf5b224fd9a9edb4f59ceac192:95a377dfe1ea48eb9ecf00707aadab35		True	submit	2026-08-14 12:54:22.655392
0824a3cf8c4a5ce883221108cf3f8475		course-v1:skillfactory+MIFIML-1sem+2025:lms.skillfactory.ru-50338f1010b4451a86ea924efe3d428e:0824a3cf8c4a5ce883221108cf3f8475	https://lms.skillfactory.ru/courses/course-v1:skillfactory+MIFIML-1sem+2025/xblock/block-v1:skillfactory+MIFIML-1sem+2025+type@lti+block@50338f1010b4451a86ea924efe3d428e/handler_noauth/grade_handler	True	submit	2026-08-14 12:56:46.987967
b06e2f9b2f52aa47a56ebb333ef85eee		course-v1:SkillFactory+SQL-FREE+16JUN2021:lms.skillfactory.ru-f39fd5997dcc4c2c93b1e418a2f766dc:b06e2f9b2f52aa47a56ebb333ef85eee	https://lms.skillfactory.ru/courses/course-v1:SkillFactory+SQL-FREE+16JUN2021/xblock/block-v1:SkillFactory+SQL-FREE+16JUN2021+type@lti+block@f39fd5997dcc4c2c93b1e418a2f766dc/handler_noauth/grade_handler	False	submit	2026-08-14 13:08:26.059045
b06e2f9b2f52aa47a56ebb333ef85eee		course-v1:SkillFactory+SQL-FREE+16JUN2021:lms.skillfactory.ru-f39fd5997dcc4c2c93b1e418a2f766dc:b06e2f9b2f52aa47a56ebb333ef85eee	https://lms.skillfactory.ru/courses/course-v1:SkillFactory+SQL-FREE+16JUN2021/xblock/block-v1:SkillFactory+SQL-FREE+16JUN2021+type@lti+block@f39fd5997dcc4c2c93b1e418a2f766dc/handler_noauth/grade_handler	False	submit	2026-08-14 13:10:40.890342
b06e2f9b2f52aa47a56ebb333ef85eee		course-v1:SkillFactory+SQL-FREE+16JUN2021:lms.skillfactory.ru-f39fd5997dcc4c2c93b1e418a2f766dc:b06e2f9b2f52aa47a56ebb333ef85eee	https://lms.skillfactory.ru/courses/course-v1:SkillFactory+SQL-FREE+16JUN2021/xblock/block-v1:SkillFactory+SQL-FREE+16JUN2021+type@lti+block@f39fd5997dcc4c2c93b1e418a2f766dc/handler_noauth/grade_handler	True	submit	2026-08-14 13:11:50.620909
95a377dfe1ea48eb9ecf00707aadab35		course-v1:SkillFactory+DAPR-2.0+MAR2021:lms.skillfactory.ru-9db9075f64d449c6b2d282bec64a8c45:95a377dfe1ea48eb9ecf00707aadab35		True	submit	2026-08-14 14:51:06.309006
f15d790a25227944029a87ae683a5d66		course-v1:SkillFactory+PDEV+2021:lms.skillfactory.ru-d8bc26d2b7a8465b897546d5764025db:f15d790a25227944029a87ae683a5d66	https://lms.skillfactory.ru/courses/course-v1:SkillFactory+PDEV+2021/xblock/block-v1:SkillFactory+PDEV+2021+type@lti+block@d8bc26d2b7a8465b897546d5764025db/handler_noauth/grade_handler	False	submit	2026-08-15 07:46:05.340287
f15d790a25227944029a87ae683a5d66		course-v1:SkillFactory+PDEV+2021:lms.skillfactory.ru-d8bc26d2b7a8465b897546d5764025db:f15d790a25227944029a87ae683a5d66	https://lms.skillfactory.ru/courses/course-v1:SkillFactory+PDEV+2021/xblock/block-v1:SkillFactory+PDEV+2021+type@lti+block@d8bc26d2b7a8465b897546d5764025db/handler_noauth/grade_handler	False	submit	2026-08-15 07:54:55.608068
f15d790a25227944029a87ae683a5d66		course-v1:SkillFactory+PDEV+2021:lms.skillfactory.ru-d8bc26d2b7a8465b897546d5764025db:f15d790a25227944029a87ae683a5d66	https://lms.skillfactory.ru/courses/course-v1:SkillFactory+PDEV+2021/xblock/block-v1:SkillFactory+PDEV+2021+type@lti+block@d8bc26d2b7a8465b897546d5764025db/handler_noauth/grade_handler	False	submit	2026-08-15 07:55:06.779321
f15d790a25227944029a87ae683a5d66		course-v1:SkillFactory+PDEV+2021:lms.skillfactory.ru-d8bc26d2b7a8465b897546d5764025db:f15d790a25227944029a87ae683a5d66	https://lms.skillfactory.ru/courses/course-v1:SkillFactory+PDEV+2021/xblock/block-v1:SkillFactory+PDEV+2021+type@lti+block@d8bc26d2b7a8465b897546d5764025db/handler_noauth/grade_handler	True	submit	2026-08-15 07:56:08.139500
f15d790a25227944029a87ae683a5d66		course-v1:SkillFactory+PDEV+2021:lms.skillfactory.ru-49dfe9a91c40428f97bf2dae761f669f:f15d790a25227944029a87ae683a5d66	https://lms.skillfactory.ru/courses/course-v1:SkillFactory+PDEV+2021/xblock/block-v1:SkillFactory+PDEV+2021+type@lti+block@49dfe9a91c40428f97bf2dae761f669f/handler_noauth/grade_handler	True	submit	2026-08-15 07:59:05.148305
f15d790a25227944029a87ae683a5d66		course-v1:SkillFactory+PDEV+2021:lms.skillfactory.ru-696b8c9d683c43ff81ee7b1c268ff3e6:f15d790a25227944029a87ae683a5d66	https://lms.skillfactory.ru/courses/course-v1:SkillFactory+PDEV+2021/xblock/block-v1:SkillFactory+PDEV+2021+type@lti+block@696b8c9d683c43ff81ee7b1c268ff3e6/handler_noauth/grade_handler	False	submit	2026-08-15 08:07:05.647841
f15d790a25227944029a87ae683a5d66		course-v1:SkillFactory+PDEV+2021:lms.skillfactory.ru-696b8c9d683c43ff81ee7b1c268ff3e6:f15d790a25227944029a87ae683a5d66	https://lms.skillfactory.ru/courses/course-v1:SkillFactory+PDEV+2021/xblock/block-v1:SkillFactory+PDEV+2021+type@lti+block@696b8c9d683c43ff81ee7b1c268ff3e6/handler_noauth/grade_handler	False	submit	2026-08-15 08:07:41.001096
f15d790a25227944029a87ae683a5d66		course-v1:SkillFactory+PDEV+2021:lms.skillfactory.ru-696b8c9d683c43ff81ee7b1c268ff3e6:f15d790a25227944029a87ae683a5d66	https://lms.skillfactory.ru/courses/course-v1:SkillFactory+PDEV+2021/xblock/block-v1:SkillFactory+PDEV+2021+type@lti+block@696b8c9d683c43ff81ee7b1c268ff3e6/handler_noauth/grade_handler	False	submit	2026-08-15 08:16:40.755016
f15d790a25227944029a87ae683a5d66		course-v1:SkillFactory+PDEV+2021:lms.skillfactory.ru-696b8c9d683c43ff81ee7b1c268ff3e6:f15d790a25227944029a87ae683a5d66	https://lms.skillfactory.ru/courses/course-v1:SkillFactory+PDEV+2021/xblock/block-v1:SkillFactory+PDEV+2021+type@lti+block@696b8c9d683c43ff81ee7b1c268ff3e6/handler_noauth/grade_handler	False	submit	2026-08-15 08:16:46.300522
f15d790a25227944029a87ae683a5d66		course-v1:SkillFactory+PDEV+2021:lms.skillfactory.ru-696b8c9d683c43ff81ee7b1c268ff3e6:f15d790a25227944029a87ae683a5d66	https://lms.skillfactory.ru/courses/course-v1:SkillFactory+PDEV+2021/xblock/block-v1:SkillFactory+PDEV+2021+type@lti+block@696b8c9d683c43ff81ee7b1c268ff3e6/handler_noauth/grade_handler	False	submit	2026-08-15 08:16:50.446043
f15d790a25227944029a87ae683a5d66		course-v1:SkillFactory+PDEV+2021:lms.skillfactory.ru-696b8c9d683c43ff81ee7b1c268ff3e6:f15d790a25227944029a87ae683a5d66	https://lms.skillfactory.ru/courses/course-v1:SkillFactory+PDEV+2021/xblock/block-v1:SkillFactory+PDEV+2021+type@lti+block@696b8c9d683c43ff81ee7b1c268ff3e6/handler_noauth/grade_handler	False	submit	2026-08-15 08:16:54.684863
f15d790a25227944029a87ae683a5d66		course-v1:SkillFactory+PDEV+2021:lms.skillfactory.ru-696b8c9d683c43ff81ee7b1c268ff3e6:f15d790a25227944029a87ae683a5d66	https://lms.skillfactory.ru/courses/course-v1:SkillFactory+PDEV+2021/xblock/block-v1:SkillFactory+PDEV+2021+type@lti+block@696b8c9d683c43ff81ee7b1c268ff3e6/handler_noauth/grade_handler	False	submit	2026-08-15 08:16:58.829894
f15d790a25227944029a87ae683a5d66		course-v1:SkillFactory+PDEV+2021:lms.skillfactory.ru-696b8c9d683c43ff81ee7b1c268ff3e6:f15d790a25227944029a87ae683a5d66	https://lms.skillfactory.ru/courses/course-v1:SkillFactory+PDEV+2021/xblock/block-v1:SkillFactory+PDEV+2021+type@lti+block@696b8c9d683c43ff81ee7b1c268ff3e6/handler_noauth/grade_handler	False	submit	2026-08-15 08:17:03.274597
f15d790a25227944029a87ae683a5d66		course-v1:SkillFactory+PDEV+2021:lms.skillfactory.ru-696b8c9d683c43ff81ee7b1c268ff3e6:f15d790a25227944029a87ae683a5d66	https://lms.skillfactory.ru/courses/course-v1:SkillFactory+PDEV+2021/xblock/block-v1:SkillFactory+PDEV+2021+type@lti+block@696b8c9d683c43ff81ee7b1c268ff3e6/handler_noauth/grade_handler	False	submit	2026-08-15 08:17:07.599561
f15d790a25227944029a87ae683a5d66		course-v1:SkillFactory+PDEV+2021:lms.skillfactory.ru-696b8c9d683c43ff81ee7b1c268ff3e6:f15d790a25227944029a87ae683a5d66	https://lms.skillfactory.ru/courses/course-v1:SkillFactory+PDEV+2021/xblock/block-v1:SkillFactory+PDEV+2021+type@lti+block@696b8c9d683c43ff81ee7b1c268ff3e6/handler_noauth/grade_handler	False	submit	2026-08-15 08:17:12.331562
f15d790a25227944029a87ae683a5d66		course-v1:SkillFactory+PDEV+2021:lms.skillfactory.ru-696b8c9d683c43ff81ee7b1c268ff3e6:f15d790a25227944029a87ae683a5d66	https://lms.skillfactory.ru/courses/course-v1:SkillFactory+PDEV+2021/xblock/block-v1:SkillFactory+PDEV+2021+type@lti+block@696b8c9d683c43ff81ee7b1c268ff3e6/handler_noauth/grade_handler	True	submit	2026-08-15 08:24:17.520116
f15d790a25227944029a87ae683a5d66		course-v1:SkillFactory+PDEV+2021:lms.skillfactory.ru-e0dbd2e376e74b4891782d0e40e240fc:f15d790a25227944029a87ae683a5d66	https://lms.skillfactory.ru/courses/course-v1:SkillFactory+PDEV+2021/xblock/block-v1:SkillFactory+PDEV+2021+type@lti+block@e0dbd2e376e74b4891782d0e40e240fc/handler_noauth/grade_handler	True	submit	2026-08-15 08:36:26.513420
f15d790a25227944029a87ae683a5d66		course-v1:SkillFactory+PDEV+2021:lms.skillfactory.ru-e0dbd2e376e74b4891782d0e40e240fc:f15d790a25227944029a87ae683a5d66	https://lms.skillfactory.ru/courses/course-v1:SkillFactory+PDEV+2021/xblock/block-v1:SkillFactory+PDEV+2021+type@lti+block@e0dbd2e376e74b4891782d0e40e240fc/handler_noauth/grade_handler	True	submit	2026-08-15 08:38:46.371518
f15d790a25227944029a87ae683a5d66		course-v1:SkillFactory+PDEV+2021:lms.skillfactory.ru-2c2b2bb8e571421588b0a0b5ebb52e41:f15d790a25227944029a87ae683a5d66	https://lms.skillfactory.ru/courses/course-v1:SkillFactory+PDEV+2021/xblock/block-v1:SkillFactory+PDEV+2021+type@lti+block@2c2b2bb8e571421588b0a0b5ebb52e41/handler_noauth/grade_handler	True	submit	2026-08-15 08:49:03.609793
d33d5bbc1e01ccd276c5442af3300152		course-v1:SkillFactory+MIPTDS+SEPT22:lms.skillfactory.ru-303d6e4f88ae48dd9f4f21f1facb1d85:d33d5bbc1e01ccd276c5442af3300152	https://lms.skillfactory.ru/courses/course-v1:SkillFactory+MIPTDS+SEPT22/xblock/block-v1:SkillFactory+MIPTDS+SEPT22+type@lti+block@303d6e4f88ae48dd9f4f21f1facb1d85/handler_noauth/grade_handler	True	submit	2026-08-15 08:50:45.452700
f15d790a25227944029a87ae683a5d66		course-v1:SkillFactory+PDEV+2021:lms.skillfactory.ru-9d07c757c98349b390e1fb4328ed45ad:f15d790a25227944029a87ae683a5d66	https://lms.skillfactory.ru/courses/course-v1:SkillFactory+PDEV+2021/xblock/block-v1:SkillFactory+PDEV+2021+type@lti+block@9d07c757c98349b390e1fb4328ed45ad/handler_noauth/grade_handler	True	submit	2026-08-15 08:56:21.747344
f15d790a25227944029a87ae683a5d66		course-v1:SkillFactory+PDEV+2021:lms.skillfactory.ru-bbd225c0097c475cbf7fa846c372157c:f15d790a25227944029a87ae683a5d66	https://lms.skillfactory.ru/courses/course-v1:SkillFactory+PDEV+2021/xblock/block-v1:SkillFactory+PDEV+2021+type@lti+block@bbd225c0097c475cbf7fa846c372157c/handler_noauth/grade_handler	False	submit	2026-08-15 09:05:22.339945
f15d790a25227944029a87ae683a5d66		course-v1:SkillFactory+PDEV+2021:lms.skillfactory.ru-bbd225c0097c475cbf7fa846c372157c:f15d790a25227944029a87ae683a5d66	https://lms.skillfactory.ru/courses/course-v1:SkillFactory+PDEV+2021/xblock/block-v1:SkillFactory+PDEV+2021+type@lti+block@bbd225c0097c475cbf7fa846c372157c/handler_noauth/grade_handler	False	submit	2026-08-15 09:05:58.863273
f15d790a25227944029a87ae683a5d66		course-v1:SkillFactory+PDEV+2021:lms.skillfactory.ru-bbd225c0097c475cbf7fa846c372157c:f15d790a25227944029a87ae683a5d66	https://lms.skillfactory.ru/courses/course-v1:SkillFactory+PDEV+2021/xblock/block-v1:SkillFactory+PDEV+2021+type@lti+block@bbd225c0097c475cbf7fa846c372157c/handler_noauth/grade_handler	False	submit	2026-08-15 09:06:06.196133
f15d790a25227944029a87ae683a5d66		course-v1:SkillFactory+PDEV+2021:lms.skillfactory.ru-bbd225c0097c475cbf7fa846c372157c:f15d790a25227944029a87ae683a5d66	https://lms.skillfactory.ru/courses/course-v1:SkillFactory+PDEV+2021/xblock/block-v1:SkillFactory+PDEV+2021+type@lti+block@bbd225c0097c475cbf7fa846c372157c/handler_noauth/grade_handler	False	submit	2026-08-15 09:06:28.353697
f15d790a25227944029a87ae683a5d66		course-v1:SkillFactory+PDEV+2021:lms.skillfactory.ru-bbd225c0097c475cbf7fa846c372157c:f15d790a25227944029a87ae683a5d66	https://lms.skillfactory.ru/courses/course-v1:SkillFactory+PDEV+2021/xblock/block-v1:SkillFactory+PDEV+2021+type@lti+block@bbd225c0097c475cbf7fa846c372157c/handler_noauth/grade_handler	False	submit	2026-08-15 09:08:52.676208
f15d790a25227944029a87ae683a5d66		course-v1:SkillFactory+PDEV+2021:lms.skillfactory.ru-2c2b2bb8e571421588b0a0b5ebb52e41:f15d790a25227944029a87ae683a5d66	https://lms.skillfactory.ru/courses/course-v1:SkillFactory+PDEV+2021/xblock/block-v1:SkillFactory+PDEV+2021+type@lti+block@2c2b2bb8e571421588b0a0b5ebb52e41/handler_noauth/grade_handler	False	submit	2026-08-15 09:14:40.766063
f15d790a25227944029a87ae683a5d66		course-v1:SkillFactory+PDEV+2021:lms.skillfactory.ru-bbd225c0097c475cbf7fa846c372157c:f15d790a25227944029a87ae683a5d66	https://lms.skillfactory.ru/courses/course-v1:SkillFactory+PDEV+2021/xblock/block-v1:SkillFactory+PDEV+2021+type@lti+block@bbd225c0097c475cbf7fa846c372157c/handler_noauth/grade_handler	True	submit	2026-08-15 09:14:56.994738
f15d790a25227944029a87ae683a5d66		course-v1:SkillFactory+PDEV+2021:lms.skillfactory.ru-eeeea77bd90f4f149c1d2a119a9c8a8b:f15d790a25227944029a87ae683a5d66	https://lms.skillfactory.ru/courses/course-v1:SkillFactory+PDEV+2021/xblock/block-v1:SkillFactory+PDEV+2021+type@lti+block@eeeea77bd90f4f149c1d2a119a9c8a8b/handler_noauth/grade_handler	True	submit	2026-08-15 09:44:18.738153
f15d790a25227944029a87ae683a5d66		course-v1:SkillFactory+PDEV+2021:lms.skillfactory.ru-01c49d0807e240f09d3fa07a51527ed7:f15d790a25227944029a87ae683a5d66	https://lms.skillfactory.ru/courses/course-v1:SkillFactory+PDEV+2021/xblock/block-v1:SkillFactory+PDEV+2021+type@lti+block@01c49d0807e240f09d3fa07a51527ed7/handler_noauth/grade_handler	False	submit	2026-08-15 09:55:42.421349
f15d790a25227944029a87ae683a5d66		course-v1:SkillFactory+PDEV+2021:lms.skillfactory.ru-01c49d0807e240f09d3fa07a51527ed7:f15d790a25227944029a87ae683a5d66	https://lms.skillfactory.ru/courses/course-v1:SkillFactory+PDEV+2021/xblock/block-v1:SkillFactory+PDEV+2021+type@lti+block@01c49d0807e240f09d3fa07a51527ed7/handler_noauth/grade_handler	False	submit	2026-08-15 10:02:28.541263
f15d790a25227944029a87ae683a5d66		course-v1:SkillFactory+PDEV+2021:lms.skillfactory.ru-01c49d0807e240f09d3fa07a51527ed7:f15d790a25227944029a87ae683a5d66	https://lms.skillfactory.ru/courses/course-v1:SkillFactory+PDEV+2021/xblock/block-v1:SkillFactory+PDEV+2021+type@lti+block@01c49d0807e240f09d3fa07a51527ed7/handler_noauth/grade_handler	False	submit	2026-08-15 11:18:26.660291
f15d790a25227944029a87ae683a5d66		course-v1:SkillFactory+PDEV+2021:lms.skillfactory.ru-01c49d0807e240f09d3fa07a51527ed7:f15d790a25227944029a87ae683a5d66	https://lms.skillfactory.ru/courses/course-v1:SkillFactory+PDEV+2021/xblock/block-v1:SkillFactory+PDEV+2021+type@lti+block@01c49d0807e240f09d3fa07a51527ed7/handler_noauth/grade_handler	False	submit	2026-08-15 11:18:39.366490
f15d790a25227944029a87ae683a5d66		course-v1:SkillFactory+PDEV+2021:lms.skillfactory.ru-01c49d0807e240f09d3fa07a51527ed7:f15d790a25227944029a87ae683a5d66	https://lms.skillfactory.ru/courses/course-v1:SkillFactory+PDEV+2021/xblock/block-v1:SkillFactory+PDEV+2021+type@lti+block@01c49d0807e240f09d3fa07a51527ed7/handler_noauth/grade_handler	False	submit	2026-08-15 11:18:58.246604
f15d790a25227944029a87ae683a5d66		course-v1:SkillFactory+PDEV+2021:lms.skillfactory.ru-01c49d0807e240f09d3fa07a51527ed7:f15d790a25227944029a87ae683a5d66	https://lms.skillfactory.ru/courses/course-v1:SkillFactory+PDEV+2021/xblock/block-v1:SkillFactory+PDEV+2021+type@lti+block@01c49d0807e240f09d3fa07a51527ed7/handler_noauth/grade_handler	False	submit	2026-08-15 11:19:02.904255
f15d790a25227944029a87ae683a5d66		course-v1:SkillFactory+PDEV+2021:lms.skillfactory.ru-01c49d0807e240f09d3fa07a51527ed7:f15d790a25227944029a87ae683a5d66	https://lms.skillfactory.ru/courses/course-v1:SkillFactory+PDEV+2021/xblock/block-v1:SkillFactory+PDEV+2021+type@lti+block@01c49d0807e240f09d3fa07a51527ed7/handler_noauth/grade_handler	False	submit	2026-08-15 11:19:08.335668
f15d790a25227944029a87ae683a5d66		course-v1:SkillFactory+PDEV+2021:lms.skillfactory.ru-01c49d0807e240f09d3fa07a51527ed7:f15d790a25227944029a87ae683a5d66	https://lms.skillfactory.ru/courses/course-v1:SkillFactory+PDEV+2021/xblock/block-v1:SkillFactory+PDEV+2021+type@lti+block@01c49d0807e240f09d3fa07a51527ed7/handler_noauth/grade_handler	False	submit	2026-08-15 11:19:14.443305
f15d790a25227944029a87ae683a5d66		course-v1:SkillFactory+PDEV+2021:lms.skillfactory.ru-01c49d0807e240f09d3fa07a51527ed7:f15d790a25227944029a87ae683a5d66	https://lms.skillfactory.ru/courses/course-v1:SkillFactory+PDEV+2021/xblock/block-v1:SkillFactory+PDEV+2021+type@lti+block@01c49d0807e240f09d3fa07a51527ed7/handler_noauth/grade_handler	False	submit	2026-08-15 11:19:19.712215
f15d790a25227944029a87ae683a5d66		course-v1:SkillFactory+PDEV+2021:lms.skillfactory.ru-01c49d0807e240f09d3fa07a51527ed7:f15d790a25227944029a87ae683a5d66	https://lms.skillfactory.ru/courses/course-v1:SkillFactory+PDEV+2021/xblock/block-v1:SkillFactory+PDEV+2021+type@lti+block@01c49d0807e240f09d3fa07a51527ed7/handler_noauth/grade_handler	False	submit	2026-08-15 11:19:25.342599
f15d790a25227944029a87ae683a5d66		course-v1:SkillFactory+PDEV+2021:lms.skillfactory.ru-ba497edc2e8d4eb687a2a6802e20133c:f15d790a25227944029a87ae683a5d66	https://lms.skillfactory.ru/courses/course-v1:SkillFactory+PDEV+2021/xblock/block-v1:SkillFactory+PDEV+2021+type@lti+block@ba497edc2e8d4eb687a2a6802e20133c/handler_noauth/grade_handler	False	submit	2026-08-15 11:36:40.690835
ba6d1a93f80371b95237c0fddc9f2a41		course-v1:SkillFactory+DAPR-2.0+MAR2021:lms.skillfactory.ru-c60819cdda9d4950954f56af2bc7fa68:ba6d1a93f80371b95237c0fddc9f2a41	https://lms.skillfactory.ru/courses/course-v1:SkillFactory+DAPR-2.0+MAR2021/xblock/block-v1:SkillFactory+DAPR-2.0+MAR2021+type@lti+block@c60819cdda9d4950954f56af2bc7fa68/handler_noauth/grade_handler	False	submit	2026-08-15 13:14:52.502326
ba6d1a93f80371b95237c0fddc9f2a41		course-v1:SkillFactory+DAPR-2.0+MAR2021:lms.skillfactory.ru-c60819cdda9d4950954f56af2bc7fa68:ba6d1a93f80371b95237c0fddc9f2a41	https://lms.skillfactory.ru/courses/course-v1:SkillFactory+DAPR-2.0+MAR2021/xblock/block-v1:SkillFactory+DAPR-2.0+MAR2021+type@lti+block@c60819cdda9d4950954f56af2bc7fa68/handler_noauth/grade_handler	True	submit	2026-08-15 13:16:15.434210
9ec018dba24122666ea01391b74bc69e		course-v1:SkillFactory+DSPR-2.0+14JULY2021:lms.skillfactory.ru-c3b3052bb06845df91e33e95e92cfee3:9ec018dba24122666ea01391b74bc69e	https://lms.skillfactory.ru/courses/course-v1:SkillFactory+DSPR-2.0+14JULY2021/xblock/block-v1:SkillFactory+DSPR-2.0+14JULY2021+type@lti+block@c3b3052bb06845df91e33e95e92cfee3/handler_noauth/grade_handler	False	submit	2026-08-15 13:34:29.694819
9ec018dba24122666ea01391b74bc69e		course-v1:SkillFactory+DSPR-2.0+14JULY2021:lms.skillfactory.ru-c3b3052bb06845df91e33e95e92cfee3:9ec018dba24122666ea01391b74bc69e	https://lms.skillfactory.ru/courses/course-v1:SkillFactory+DSPR-2.0+14JULY2021/xblock/block-v1:SkillFactory+DSPR-2.0+14JULY2021+type@lti+block@c3b3052bb06845df91e33e95e92cfee3/handler_noauth/grade_handler	False	submit	2026-08-15 13:35:35.542733
9ec018dba24122666ea01391b74bc69e		course-v1:SkillFactory+DSPR-2.0+14JULY2021:lms.skillfactory.ru-c3b3052bb06845df91e33e95e92cfee3:9ec018dba24122666ea01391b74bc69e	https://lms.skillfactory.ru/courses/course-v1:SkillFactory+DSPR-2.0+14JULY2021/xblock/block-v1:SkillFactory+DSPR-2.0+14JULY2021+type@lti+block@c3b3052bb06845df91e33e95e92cfee3/handler_noauth/grade_handler	False	submit	2026-08-15 13:36:07.087811
9ec018dba24122666ea01391b74bc69e		course-v1:SkillFactory+DSPR-2.0+14JULY2021:lms.skillfactory.ru-c3b3052bb06845df91e33e95e92cfee3:9ec018dba24122666ea01391b74bc69e	https://lms.skillfactory.ru/courses/course-v1:SkillFactory+DSPR-2.0+14JULY2021/xblock/block-v1:SkillFactory+DSPR-2.0+14JULY2021+type@lti+block@c3b3052bb06845df91e33e95e92cfee3/handler_noauth/grade_handler	False	submit	2026-08-15 13:36:49.634953
9ec018dba24122666ea01391b74bc69e		course-v1:SkillFactory+DSPR-2.0+14JULY2021:lms.skillfactory.ru-c3b3052bb06845df91e33e95e92cfee3:9ec018dba24122666ea01391b74bc69e	https://lms.skillfactory.ru/courses/course-v1:SkillFactory+DSPR-2.0+14JULY2021/xblock/block-v1:SkillFactory+DSPR-2.0+14JULY2021+type@lti+block@c3b3052bb06845df91e33e95e92cfee3/handler_noauth/grade_handler	False	submit	2026-08-15 13:36:57.033696
9ec018dba24122666ea01391b74bc69e		course-v1:SkillFactory+DSPR-2.0+14JULY2021:lms.skillfactory.ru-c3b3052bb06845df91e33e95e92cfee3:9ec018dba24122666ea01391b74bc69e	https://lms.skillfactory.ru/courses/course-v1:SkillFactory+DSPR-2.0+14JULY2021/xblock/block-v1:SkillFactory+DSPR-2.0+14JULY2021+type@lti+block@c3b3052bb06845df91e33e95e92cfee3/handler_noauth/grade_handler	False	submit	2026-08-15 13:37:04.259112
9ec018dba24122666ea01391b74bc69e		course-v1:SkillFactory+DSPR-2.0+14JULY2021:lms.skillfactory.ru-c3b3052bb06845df91e33e95e92cfee3:9ec018dba24122666ea01391b74bc69e	https://lms.skillfactory.ru/courses/course-v1:SkillFactory+DSPR-2.0+14JULY2021/xblock/block-v1:SkillFactory+DSPR-2.0+14JULY2021+type@lti+block@c3b3052bb06845df91e33e95e92cfee3/handler_noauth/grade_handler	False	submit	2026-08-15 13:37:11.724701
9ec018dba24122666ea01391b74bc69e		course-v1:SkillFactory+DSPR-2.0+14JULY2021:lms.skillfactory.ru-c3b3052bb06845df91e33e95e92cfee3:9ec018dba24122666ea01391b74bc69e	https://lms.skillfactory.ru/courses/course-v1:SkillFactory+DSPR-2.0+14JULY2021/xblock/block-v1:SkillFactory+DSPR-2.0+14JULY2021+type@lti+block@c3b3052bb06845df91e33e95e92cfee3/handler_noauth/grade_handler	False	submit	2026-08-15 13:37:19.122521
9ec018dba24122666ea01391b74bc69e		course-v1:SkillFactory+DSPR-2.0+14JULY2021:lms.skillfactory.ru-c3b3052bb06845df91e33e95e92cfee3:9ec018dba24122666ea01391b74bc69e	https://lms.skillfactory.ru/courses/course-v1:SkillFactory+DSPR-2.0+14JULY2021/xblock/block-v1:SkillFactory+DSPR-2.0+14JULY2021+type@lti+block@c3b3052bb06845df91e33e95e92cfee3/handler_noauth/grade_handler	False	submit	2026-08-15 13:37:26.606554
9ec018dba24122666ea01391b74bc69e		course-v1:SkillFactory+DSPR-2.0+14JULY2021:lms.skillfactory.ru-c3b3052bb06845df91e33e95e92cfee3:9ec018dba24122666ea01391b74bc69e	https://lms.skillfactory.ru/courses/course-v1:SkillFactory+DSPR-2.0+14JULY2021/xblock/block-v1:SkillFactory+DSPR-2.0+14JULY2021+type@lti+block@c3b3052bb06845df91e33e95e92cfee3/handler_noauth/grade_handler	False	submit	2026-08-15 13:37:34.432811
9ec018dba24122666ea01391b74bc69e		course-v1:SkillFactory+DSPR-2.0+14JULY2021:lms.skillfactory.ru-c3b3052bb06845df91e33e95e92cfee3:9ec018dba24122666ea01391b74bc69e	https://lms.skillfactory.ru/courses/course-v1:SkillFactory+DSPR-2.0+14JULY2021/xblock/block-v1:SkillFactory+DSPR-2.0+14JULY2021+type@lti+block@c3b3052bb06845df91e33e95e92cfee3/handler_noauth/grade_handler	False	submit	2026-08-15 13:37:43.114104
9ec018dba24122666ea01391b74bc69e		course-v1:SkillFactory+DSPR-2.0+14JULY2021:lms.skillfactory.ru-c3b3052bb06845df91e33e95e92cfee3:9ec018dba24122666ea01391b74bc69e	https://lms.skillfactory.ru/courses/course-v1:SkillFactory+DSPR-2.0+14JULY2021/xblock/block-v1:SkillFactory+DSPR-2.0+14JULY2021+type@lti+block@c3b3052bb06845df91e33e95e92cfee3/handler_noauth/grade_handler	False	submit	2026-08-15 13:37:50.648840
9ec018dba24122666ea01391b74bc69e		course-v1:SkillFactory+DSPR-2.0+14JULY2021:lms.skillfactory.ru-c3b3052bb06845df91e33e95e92cfee3:9ec018dba24122666ea01391b74bc69e	https://lms.skillfactory.ru/courses/course-v1:SkillFactory+DSPR-2.0+14JULY2021/xblock/block-v1:SkillFactory+DSPR-2.0+14JULY2021+type@lti+block@c3b3052bb06845df91e33e95e92cfee3/handler_noauth/grade_handler	True	submit	2026-08-15 13:38:42.656705
ba6d1a93f80371b95237c0fddc9f2a41		course-v1:SkillFactory+DAPR-2.0+MAR2021:lms.skillfactory.ru-f1bb8a32a1354dd0b36ee476145ee02f:ba6d1a93f80371b95237c0fddc9f2a41	https://lms.skillfactory.ru/courses/course-v1:SkillFactory+DAPR-2.0+MAR2021/xblock/block-v1:SkillFactory+DAPR-2.0+MAR2021+type@lti+block@f1bb8a32a1354dd0b36ee476145ee02f/handler_noauth/grade_handler	False	submit	2026-08-15 14:18:02.276094
ba6d1a93f80371b95237c0fddc9f2a41		course-v1:SkillFactory+DAPR-2.0+MAR2021:lms.skillfactory.ru-f1bb8a32a1354dd0b36ee476145ee02f:ba6d1a93f80371b95237c0fddc9f2a41	https://lms.skillfactory.ru/courses/course-v1:SkillFactory+DAPR-2.0+MAR2021/xblock/block-v1:SkillFactory+DAPR-2.0+MAR2021+type@lti+block@f1bb8a32a1354dd0b36ee476145ee02f/handler_noauth/grade_handler	True	submit	2026-08-15 14:19:18.184233
ba6d1a93f80371b95237c0fddc9f2a41		course-v1:SkillFactory+DAPR-2.0+MAR2021:lms.skillfactory.ru-a300b2e6dec342648ee9bf08e3bcc20d:ba6d1a93f80371b95237c0fddc9f2a41	https://lms.skillfactory.ru/courses/course-v1:SkillFactory+DAPR-2.0+MAR2021/xblock/block-v1:SkillFactory+DAPR-2.0+MAR2021+type@lti+block@a300b2e6dec342648ee9bf08e3bcc20d/handler_noauth/grade_handler	False	submit	2026-08-15 14:35:20.960934
ba6d1a93f80371b95237c0fddc9f2a41		course-v1:SkillFactory+DAPR-2.0+MAR2021:lms.skillfactory.ru-a300b2e6dec342648ee9bf08e3bcc20d:ba6d1a93f80371b95237c0fddc9f2a41	https://lms.skillfactory.ru/courses/course-v1:SkillFactory+DAPR-2.0+MAR2021/xblock/block-v1:SkillFactory+DAPR-2.0+MAR2021+type@lti+block@a300b2e6dec342648ee9bf08e3bcc20d/handler_noauth/grade_handler	False	submit	2026-08-15 14:39:19.009129
ba6d1a93f80371b95237c0fddc9f2a41		course-v1:SkillFactory+DAPR-2.0+MAR2021:lms.skillfactory.ru-a300b2e6dec342648ee9bf08e3bcc20d:ba6d1a93f80371b95237c0fddc9f2a41	https://lms.skillfactory.ru/courses/course-v1:SkillFactory+DAPR-2.0+MAR2021/xblock/block-v1:SkillFactory+DAPR-2.0+MAR2021+type@lti+block@a300b2e6dec342648ee9bf08e3bcc20d/handler_noauth/grade_handler	True	submit	2026-08-15 14:43:43.795784
d33d5bbc1e01ccd276c5442af3300152		course-v1:SkillFactory+MIPTDS+SEPT22:lms.skillfactory.ru-b5be5360c0b14c1eb240749abdfc1a7f:d33d5bbc1e01ccd276c5442af3300152	https://lms.skillfactory.ru/courses/course-v1:SkillFactory+MIPTDS+SEPT22/xblock/block-v1:SkillFactory+MIPTDS+SEPT22+type@lti+block@b5be5360c0b14c1eb240749abdfc1a7f/handler_noauth/grade_handler	False	submit	2026-08-15 15:36:39.911278
d33d5bbc1e01ccd276c5442af3300152		course-v1:SkillFactory+MIPTDS+SEPT22:lms.skillfactory.ru-b5be5360c0b14c1eb240749abdfc1a7f:d33d5bbc1e01ccd276c5442af3300152	https://lms.skillfactory.ru/courses/course-v1:SkillFactory+MIPTDS+SEPT22/xblock/block-v1:SkillFactory+MIPTDS+SEPT22+type@lti+block@b5be5360c0b14c1eb240749abdfc1a7f/handler_noauth/grade_handler	False	submit	2026-08-15 15:37:31.536112
d33d5bbc1e01ccd276c5442af3300152		course-v1:SkillFactory+MIPTDS+SEPT22:lms.skillfactory.ru-b5be5360c0b14c1eb240749abdfc1a7f:d33d5bbc1e01ccd276c5442af3300152	https://lms.skillfactory.ru/courses/course-v1:SkillFactory+MIPTDS+SEPT22/xblock/block-v1:SkillFactory+MIPTDS+SEPT22+type@lti+block@b5be5360c0b14c1eb240749abdfc1a7f/handler_noauth/grade_handler	True	submit	2026-08-15 15:38:27.868546
99a607f040762d5b8ff8c7f2712b7a45		course-v1:SkillFactory+SDA-3.0+FEB2021:lms.skillfactory.ru-fbac7abc644c4235b5e4a8cd22082075:99a607f040762d5b8ff8c7f2712b7a45	https://lms.skillfactory.ru/courses/course-v1:SkillFactory+SDA-3.0+FEB2021/xblock/block-v1:SkillFactory+SDA-3.0+FEB2021+type@lti+block@fbac7abc644c4235b5e4a8cd22082075/handler_noauth/grade_handler	False	submit	2026-08-15 16:38:33.975989
99a607f040762d5b8ff8c7f2712b7a45		course-v1:SkillFactory+SDA-3.0+FEB2021:lms.skillfactory.ru-fbac7abc644c4235b5e4a8cd22082075:99a607f040762d5b8ff8c7f2712b7a45	https://lms.skillfactory.ru/courses/course-v1:SkillFactory+SDA-3.0+FEB2021/xblock/block-v1:SkillFactory+SDA-3.0+FEB2021+type@lti+block@fbac7abc644c4235b5e4a8cd22082075/handler_noauth/grade_handler	False	submit	2026-08-15 16:44:05.600397
99a607f040762d5b8ff8c7f2712b7a45		course-v1:SkillFactory+SDA-3.0+FEB2021:lms.skillfactory.ru-fbac7abc644c4235b5e4a8cd22082075:99a607f040762d5b8ff8c7f2712b7a45	https://lms.skillfactory.ru/courses/course-v1:SkillFactory+SDA-3.0+FEB2021/xblock/block-v1:SkillFactory+SDA-3.0+FEB2021+type@lti+block@fbac7abc644c4235b5e4a8cd22082075/handler_noauth/grade_handler	False	submit	2026-08-15 16:49:32.369764
99a607f040762d5b8ff8c7f2712b7a45		course-v1:SkillFactory+SDA-3.0+FEB2021:lms.skillfactory.ru-fbac7abc644c4235b5e4a8cd22082075:99a607f040762d5b8ff8c7f2712b7a45	https://lms.skillfactory.ru/courses/course-v1:SkillFactory+SDA-3.0+FEB2021/xblock/block-v1:SkillFactory+SDA-3.0+FEB2021+type@lti+block@fbac7abc644c4235b5e4a8cd22082075/handler_noauth/grade_handler	True	submit	2026-08-15 17:10:25.002530
99a607f040762d5b8ff8c7f2712b7a45		course-v1:SkillFactory+SDA-3.0+FEB2021:lms.skillfactory.ru-0bccf83c0e7244bfb26da676f41d59f0:99a607f040762d5b8ff8c7f2712b7a45	https://lms.skillfactory.ru/courses/course-v1:SkillFactory+SDA-3.0+FEB2021/xblock/block-v1:SkillFactory+SDA-3.0+FEB2021+type@lti+block@0bccf83c0e7244bfb26da676f41d59f0/handler_noauth/grade_handler	True	submit	2026-08-15 17:18:48.005880
99a607f040762d5b8ff8c7f2712b7a45		course-v1:SkillFactory+SDA-3.0+FEB2021:lms.skillfactory.ru-6969a494d07f456c948ed1f443e870e5:99a607f040762d5b8ff8c7f2712b7a45	https://lms.skillfactory.ru/courses/course-v1:SkillFactory+SDA-3.0+FEB2021/xblock/block-v1:SkillFactory+SDA-3.0+FEB2021+type@lti+block@6969a494d07f456c948ed1f443e870e5/handler_noauth/grade_handler	True	submit	2026-08-15 17:27:57.560660
99a607f040762d5b8ff8c7f2712b7a45		course-v1:SkillFactory+SDA-3.0+FEB2021:lms.skillfactory.ru-6b993d07374f412aba61dc2d9a87ece5:99a607f040762d5b8ff8c7f2712b7a45	https://lms.skillfactory.ru/courses/course-v1:SkillFactory+SDA-3.0+FEB2021/xblock/block-v1:SkillFactory+SDA-3.0+FEB2021+type@lti+block@6b993d07374f412aba61dc2d9a87ece5/handler_noauth/grade_handler	False	submit	2026-08-15 18:11:53.380401
99a607f040762d5b8ff8c7f2712b7a45		course-v1:SkillFactory+SDA-3.0+FEB2021:lms.skillfactory.ru-6b993d07374f412aba61dc2d9a87ece5:99a607f040762d5b8ff8c7f2712b7a45	https://lms.skillfactory.ru/courses/course-v1:SkillFactory+SDA-3.0+FEB2021/xblock/block-v1:SkillFactory+SDA-3.0+FEB2021+type@lti+block@6b993d07374f412aba61dc2d9a87ece5/handler_noauth/grade_handler	False	submit	2026-08-15 18:14:06.616069
99a607f040762d5b8ff8c7f2712b7a45		course-v1:SkillFactory+SDA-3.0+FEB2021:lms.skillfactory.ru-6b993d07374f412aba61dc2d9a87ece5:99a607f040762d5b8ff8c7f2712b7a45	https://lms.skillfactory.ru/courses/course-v1:SkillFactory+SDA-3.0+FEB2021/xblock/block-v1:SkillFactory+SDA-3.0+FEB2021+type@lti+block@6b993d07374f412aba61dc2d9a87ece5/handler_noauth/grade_handler	True	submit	2026-08-15 18:14:56.339768
d17982fdf1a034ef99c2e397f0666066		course-v1:SkillFactory+SQL2.0+31AUG2020:lms.skillfactory.ru-85de65152c69453eafe60611a7e5f4a1:d17982fdf1a034ef99c2e397f0666066	https://lms.skillfactory.ru/courses/course-v1:SkillFactory+SQL2.0+31AUG2020/xblock/block-v1:SkillFactory+SQL2.0+31AUG2020+type@lti+block@85de65152c69453eafe60611a7e5f4a1/handler_noauth/grade_handler	True	submit	2026-08-15 23:00:32.491830
625c735c10d61b74cc20943d2a6cb3cc		course-v1:skillfactory+MIFIDEV-2_session_2_retake+2026:lms.skillfactory.ru-b23711bdd31441ebb98bf54ea7c16974:625c735c10d61b74cc20943d2a6cb3cc	https://lms.skillfactory.ru/courses/course-v1:skillfactory+MIFIDEV-2_session_2_retake+2026/xblock/block-v1:skillfactory+MIFIDEV-2_session_2_retake+2026+type@lti+block@b23711bdd31441ebb98bf54ea7c16974/handler_noauth/grade_handler	True	submit	2026-08-15 18:48:02.836720
625c735c10d61b74cc20943d2a6cb3cc		course-v1:skillfactory+MIFIDEV-2_session_2_retake+2026:lms.skillfactory.ru-f877c270a475466f9b5a3fd2f202d82d:625c735c10d61b74cc20943d2a6cb3cc	https://lms.skillfactory.ru/courses/course-v1:skillfactory+MIFIDEV-2_session_2_retake+2026/xblock/block-v1:skillfactory+MIFIDEV-2_session_2_retake+2026+type@lti+block@f877c270a475466f9b5a3fd2f202d82d/handler_noauth/grade_handler	True	submit	2026-08-15 19:02:51.542752
625c735c10d61b74cc20943d2a6cb3cc		course-v1:skillfactory+MIFIDEV-2_session_2_retake+2026:lms.skillfactory.ru-136016594c3544fe97231d75be00e586:625c735c10d61b74cc20943d2a6cb3cc	https://lms.skillfactory.ru/courses/course-v1:skillfactory+MIFIDEV-2_session_2_retake+2026/xblock/block-v1:skillfactory+MIFIDEV-2_session_2_retake+2026+type@lti+block@136016594c3544fe97231d75be00e586/handler_noauth/grade_handler	False	submit	2026-08-15 19:12:37.850100
d17982fdf1a034ef99c2e397f0666066		course-v1:SkillFactory+SQL2.0+31AUG2020:lms.skillfactory.ru-47d86408f3fa408baf2012da1278f993:d17982fdf1a034ef99c2e397f0666066	https://lms.skillfactory.ru/courses/course-v1:SkillFactory+SQL2.0+31AUG2020/xblock/block-v1:SkillFactory+SQL2.0+31AUG2020+type@lti+block@47d86408f3fa408baf2012da1278f993/handler_noauth/grade_handler	False	submit	2026-08-15 21:26:07.609596
d17982fdf1a034ef99c2e397f0666066		course-v1:SkillFactory+SQL2.0+31AUG2020:lms.skillfactory.ru-47d86408f3fa408baf2012da1278f993:d17982fdf1a034ef99c2e397f0666066	https://lms.skillfactory.ru/courses/course-v1:SkillFactory+SQL2.0+31AUG2020/xblock/block-v1:SkillFactory+SQL2.0+31AUG2020+type@lti+block@47d86408f3fa408baf2012da1278f993/handler_noauth/grade_handler	True	submit	2026-08-15 21:28:35.061570
d17982fdf1a034ef99c2e397f0666066		course-v1:SkillFactory+SQL2.0+31AUG2020:lms.skillfactory.ru-e7b46edeb0de444da0b6bb8918ece0c3:d17982fdf1a034ef99c2e397f0666066	https://lms.skillfactory.ru/courses/course-v1:SkillFactory+SQL2.0+31AUG2020/xblock/block-v1:SkillFactory+SQL2.0+31AUG2020+type@lti+block@e7b46edeb0de444da0b6bb8918ece0c3/handler_noauth/grade_handler	False	submit	2026-08-15 21:42:43.493628
d17982fdf1a034ef99c2e397f0666066		course-v1:SkillFactory+SQL2.0+31AUG2020:lms.skillfactory.ru-e7b46edeb0de444da0b6bb8918ece0c3:d17982fdf1a034ef99c2e397f0666066	https://lms.skillfactory.ru/courses/course-v1:SkillFactory+SQL2.0+31AUG2020/xblock/block-v1:SkillFactory+SQL2.0+31AUG2020+type@lti+block@e7b46edeb0de444da0b6bb8918ece0c3/handler_noauth/grade_handler	False	submit	2026-08-15 21:43:48.820657
d17982fdf1a034ef99c2e397f0666066		course-v1:SkillFactory+SQL2.0+31AUG2020:lms.skillfactory.ru-e7b46edeb0de444da0b6bb8918ece0c3:d17982fdf1a034ef99c2e397f0666066	https://lms.skillfactory.ru/courses/course-v1:SkillFactory+SQL2.0+31AUG2020/xblock/block-v1:SkillFactory+SQL2.0+31AUG2020+type@lti+block@e7b46edeb0de444da0b6bb8918ece0c3/handler_noauth/grade_handler	True	submit	2026-08-15 21:45:44.473503
d17982fdf1a034ef99c2e397f0666066		course-v1:SkillFactory+SQL2.0+31AUG2020:lms.skillfactory.ru-b848ae88cb7f4683aa365d17cc83e864:d17982fdf1a034ef99c2e397f0666066	https://lms.skillfactory.ru/courses/course-v1:SkillFactory+SQL2.0+31AUG2020/xblock/block-v1:SkillFactory+SQL2.0+31AUG2020+type@lti+block@b848ae88cb7f4683aa365d17cc83e864/handler_noauth/grade_handler	False	submit	2026-08-15 22:13:24.769381
d17982fdf1a034ef99c2e397f0666066		course-v1:SkillFactory+SQL2.0+31AUG2020:lms.skillfactory.ru-b848ae88cb7f4683aa365d17cc83e864:d17982fdf1a034ef99c2e397f0666066	https://lms.skillfactory.ru/courses/course-v1:SkillFactory+SQL2.0+31AUG2020/xblock/block-v1:SkillFactory+SQL2.0+31AUG2020+type@lti+block@b848ae88cb7f4683aa365d17cc83e864/handler_noauth/grade_handler	False	submit	2026-08-15 22:16:47.214922
d17982fdf1a034ef99c2e397f0666066		course-v1:SkillFactory+SQL2.0+31AUG2020:lms.skillfactory.ru-b848ae88cb7f4683aa365d17cc83e864:d17982fdf1a034ef99c2e397f0666066	https://lms.skillfactory.ru/courses/course-v1:SkillFactory+SQL2.0+31AUG2020/xblock/block-v1:SkillFactory+SQL2.0+31AUG2020+type@lti+block@b848ae88cb7f4683aa365d17cc83e864/handler_noauth/grade_handler	False	submit	2026-08-15 22:21:17.050292
d17982fdf1a034ef99c2e397f0666066		course-v1:SkillFactory+SQL2.0+31AUG2020:lms.skillfactory.ru-b848ae88cb7f4683aa365d17cc83e864:d17982fdf1a034ef99c2e397f0666066	https://lms.skillfactory.ru/courses/course-v1:SkillFactory+SQL2.0+31AUG2020/xblock/block-v1:SkillFactory+SQL2.0+31AUG2020+type@lti+block@b848ae88cb7f4683aa365d17cc83e864/handler_noauth/grade_handler	True	submit	2026-08-15 22:22:04.433534
d17982fdf1a034ef99c2e397f0666066		course-v1:SkillFactory+SQL2.0+31AUG2020:lms.skillfactory.ru-fa52ccb498fa4d7dbf7d21b18ec42ea7:d17982fdf1a034ef99c2e397f0666066	https://lms.skillfactory.ru/courses/course-v1:SkillFactory+SQL2.0+31AUG2020/xblock/block-v1:SkillFactory+SQL2.0+31AUG2020+type@lti+block@fa52ccb498fa4d7dbf7d21b18ec42ea7/handler_noauth/grade_handler	False	submit	2026-08-15 22:27:53.374393
d17982fdf1a034ef99c2e397f0666066		course-v1:SkillFactory+SQL2.0+31AUG2020:lms.skillfactory.ru-fa52ccb498fa4d7dbf7d21b18ec42ea7:d17982fdf1a034ef99c2e397f0666066	https://lms.skillfactory.ru/courses/course-v1:SkillFactory+SQL2.0+31AUG2020/xblock/block-v1:SkillFactory+SQL2.0+31AUG2020+type@lti+block@fa52ccb498fa4d7dbf7d21b18ec42ea7/handler_noauth/grade_handler	True	submit	2026-08-15 22:29:44.130027
d17982fdf1a034ef99c2e397f0666066		course-v1:SkillFactory+SQL2.0+31AUG2020:lms.skillfactory.ru-d822ec8fddc549a5abb966e45de687ce:d17982fdf1a034ef99c2e397f0666066	https://lms.skillfactory.ru/courses/course-v1:SkillFactory+SQL2.0+31AUG2020/xblock/block-v1:SkillFactory+SQL2.0+31AUG2020+type@lti+block@d822ec8fddc549a5abb966e45de687ce/handler_noauth/grade_handler	True	submit	2026-08-15 22:34:18.486229
d17982fdf1a034ef99c2e397f0666066		course-v1:SkillFactory+SQL2.0+31AUG2020:lms.skillfactory.ru-ae75f6063dce422fb96949e2bd420f30:d17982fdf1a034ef99c2e397f0666066	https://lms.skillfactory.ru/courses/course-v1:SkillFactory+SQL2.0+31AUG2020/xblock/block-v1:SkillFactory+SQL2.0+31AUG2020+type@lti+block@ae75f6063dce422fb96949e2bd420f30/handler_noauth/grade_handler	True	submit	2026-08-15 22:40:05.859978
d17982fdf1a034ef99c2e397f0666066		course-v1:SkillFactory+SQL2.0+31AUG2020:lms.skillfactory.ru-64b4ecc56401422883fbd5311a59014e:d17982fdf1a034ef99c2e397f0666066	https://lms.skillfactory.ru/courses/course-v1:SkillFactory+SQL2.0+31AUG2020/xblock/block-v1:SkillFactory+SQL2.0+31AUG2020+type@lti+block@64b4ecc56401422883fbd5311a59014e/handler_noauth/grade_handler	True	submit	2026-08-15 22:41:05.447791
d17982fdf1a034ef99c2e397f0666066		course-v1:SkillFactory+SQL2.0+31AUG2020:lms.skillfactory.ru-c00a424a80d042a69176c45bf2dc8064:d17982fdf1a034ef99c2e397f0666066	https://lms.skillfactory.ru/courses/course-v1:SkillFactory+SQL2.0+31AUG2020/xblock/block-v1:SkillFactory+SQL2.0+31AUG2020+type@lti+block@c00a424a80d042a69176c45bf2dc8064/handler_noauth/grade_handler	False	submit	2026-08-15 22:57:56.883628
d17982fdf1a034ef99c2e397f0666066		course-v1:SkillFactory+SQL2.0+31AUG2020:lms.skillfactory.ru-c00a424a80d042a69176c45bf2dc8064:d17982fdf1a034ef99c2e397f0666066	https://lms.skillfactory.ru/courses/course-v1:SkillFactory+SQL2.0+31AUG2020/xblock/block-v1:SkillFactory+SQL2.0+31AUG2020+type@lti+block@c00a424a80d042a69176c45bf2dc8064/handler_noauth/grade_handler	True	submit	2026-08-15 22:58:22.996659
d17982fdf1a034ef99c2e397f0666066		course-v1:SkillFactory+SQL2.0+31AUG2020:lms.skillfactory.ru-e6a750b99d924e0faa5370ad208ba906:d17982fdf1a034ef99c2e397f0666066	https://lms.skillfactory.ru/courses/course-v1:SkillFactory+SQL2.0+31AUG2020/xblock/block-v1:SkillFactory+SQL2.0+31AUG2020+type@lti+block@e6a750b99d924e0faa5370ad208ba906/handler_noauth/grade_handler	False	submit	2026-08-15 23:08:06.352784
d17982fdf1a034ef99c2e397f0666066		course-v1:SkillFactory+SQL2.0+31AUG2020:lms.skillfactory.ru-e6a750b99d924e0faa5370ad208ba906:d17982fdf1a034ef99c2e397f0666066	https://lms.skillfactory.ru/courses/course-v1:SkillFactory+SQL2.0+31AUG2020/xblock/block-v1:SkillFactory+SQL2.0+31AUG2020+type@lti+block@e6a750b99d924e0faa5370ad208ba906/handler_noauth/grade_handler	True	submit	2026-08-15 23:09:50.054240
